"Trigger time","No1 Average Ch1"
"","A"
"26-09-12 11:55:35.136","-4.6410891E-04"
"26-09-12 11:55:36.186","-1.5470297E-04"
"26-09-12 11:55:36.901","-5.0123762E-04"
"26-09-12 11:55:37.810","-8.3539604E-04"
"26-09-12 11:55:38.525","+6.1881188E-06"
"26-09-12 11:55:39.427","-8.2301980E-04"
"26-09-12 11:55:40.143","+1.4851485E-04"
"26-09-12 11:55:41.044","-1.9801980E-04"
"26-09-12 11:55:41.758","-6.9925743E-04"
"26-09-12 11:55:42.654","-8.2301980E-04"
"26-09-12 11:55:43.369","-4.8267327E-04"
"26-09-12 11:55:44.263","-5.5074257E-04"
"26-09-12 11:55:44.978","-4.0841584E-04"
"26-09-12 11:55:45.884","+1.8564356E-05"
"26-09-12 11:55:46.575","-2.0420792E-04"
"26-09-12 11:55:47.266","-3.9603960E-04"
"26-09-12 11:55:47.989","-4.2698020E-04"
"26-09-12 11:55:48.882","-7.3019802E-04"
"26-09-12 11:55:49.596","-4.9504950E-04"
"26-09-12 11:55:50.493","-6.9925743E-04"
"26-09-12 11:55:51.208","+2.1658416E-04"
"26-09-12 11:55:52.106","+1.3613861E-04"
"26-09-12 11:55:52.820","-5.0742574E-04"
"26-09-12 11:55:53.714","-8.3539604E-04"
"26-09-12 11:55:54.428","-7.3019802E-04"
"26-09-12 11:55:55.335","-5.4455446E-04"
"26-09-12 11:55:56.050","-5.8168317E-04"
"26-09-12 11:55:56.946","-8.2920792E-04"
"26-09-12 11:55:57.659","-6.6831683E-04"
"26-09-12 11:55:58.556","-2.9084158E-04"
"26-09-12 11:55:59.272","-1.7945545E-04"
"26-09-12 11:56:00.167","-3.4653465E-04"
"26-09-12 11:56:00.882","-6.4356436E-04"
"26-09-12 11:56:01.795","-2.8465347E-04"
"26-09-12 11:56:02.510","+6.1881188E-06"
"26-09-12 11:56:03.407","-4.1460396E-04"
"26-09-12 11:56:04.122","+3.3415842E-04"
"26-09-12 11:56:05.028","-4.4554455E-04"
"26-09-12 11:56:05.741","-5.7549505E-04"
"26-09-12 11:56:06.637","-4.3935644E-04"
"26-09-12 11:56:07.351","+3.7747525E-04"
"26-09-12 11:56:08.249","-4.7029703E-04"
"26-09-12 11:56:08.964","+4.6410891E-04"
"26-09-12 11:56:09.859","-8.5396040E-04"
"26-09-12 11:56:10.572","-5.0742574E-04"
"26-09-12 11:56:11.470","-5.5074257E-04"
"26-09-12 11:56:12.184","-1.0519802E-04"
"26-09-12 11:56:13.089","-6.9306931E-04"
"26-09-12 11:56:13.803","-1.6707921E-04"
"26-09-12 11:56:14.708","+9.2821782E-05"
"26-09-12 11:56:15.424","-5.5693069E-04"
"26-09-12 11:56:16.332","-4.0841584E-04"
"26-09-12 11:56:17.047","-3.9603960E-04"
"26-09-12 11:56:17.949","-6.1262376E-04"
"26-09-12 11:56:18.666","-1.4851485E-04"
"26-09-12 11:56:19.559","+1.1138614E-04"
"26-09-12 11:56:20.274","-1.9183168E-04"
"26-09-12 11:56:21.168","-1.0705446E-03"
"26-09-12 11:56:21.881","-1.5470297E-04"
"26-09-12 11:56:22.781","-1.0643564E-03"
"26-09-12 11:56:23.498","-2.1039604E-04"
"26-09-12 11:56:24.399","-5.6311881E-04"
"26-09-12 11:56:25.113","-5.5074257E-04"
"26-09-12 11:56:26.010","-8.2920792E-04"
"26-09-12 11:56:26.727","-3.7128713E-05"
"26-09-12 11:56:27.623","+2.1039604E-04"
"26-09-12 11:56:28.338","-1.9183168E-04"
"26-09-12 11:56:29.239","-3.3415842E-04"
"26-09-12 11:56:29.953","-6.0024752E-04"
"26-09-12 11:56:30.851","-6.3737624E-04"
"26-09-12 11:56:31.566","-7.0544554E-04"
"26-09-12 11:56:32.462","+2.2896040E-04"
"26-09-12 11:56:33.176","-2.7227723E-04"
"26-09-12 11:56:34.075","-5.6311881E-04"
"26-09-12 11:56:34.789","-4.9504950E-04"
"26-09-12 11:56:35.692","-6.0643564E-04"
"26-09-12 11:56:36.406","-1.1757426E-04"
"26-09-12 11:56:37.301","-5.8168317E-04"
"26-09-12 11:56:38.016","+2.8465347E-04"
"26-09-12 11:56:38.914","-1.1757426E-04"
"26-09-12 11:56:39.628","-2.5990099E-04"
"26-09-12 11:56:40.534","-8.2920792E-04"
"26-09-12 11:56:41.248","-1.4232673E-04"
"26-09-12 11:56:42.396","-7.9207921E-04"
"26-09-12 11:56:43.111","-3.8366337E-04"
"26-09-12 11:56:44.027","-6.8688119E-04"
"26-09-12 11:56:44.742","+1.2995050E-04"
"26-09-12 11:56:45.641","-1.4851485E-04"
"26-09-12 11:56:46.360","-2.2277228E-04"
"26-09-12 11:56:47.255","-2.1658416E-04"
"26-09-12 11:56:47.970","-6.6212871E-04"
"26-09-12 11:56:48.865","-1.8564356E-04"
"26-09-12 11:56:49.583","-3.2178218E-04"
"26-09-12 11:56:50.477","-3.0940594E-05"
"26-09-12 11:56:51.191","-8.0445545E-04"
"26-09-12 11:56:52.096","-3.4653465E-04"
"26-09-12 11:56:52.811","+1.7945545E-04"
"26-09-12 11:56:53.742","-5.4455446E-04"
"26-09-12 11:56:54.455","-8.5396040E-04"
"26-09-12 11:56:55.356","-1.2995050E-04"
"26-09-12 11:56:56.071","-2.0420792E-04"
"26-09-12 11:56:56.977","-1.6089109E-04"
"26-09-12 11:56:57.692","+5.1361386E-04"
"26-09-12 11:56:58.587","-1.7326733E-04"
"26-09-12 11:56:59.300","-2.5990099E-04"
"26-09-12 11:57:00.197","-2.5990099E-04"
"26-09-12 11:57:00.912","-9.0965347E-04"
"26-09-12 11:57:01.806","+9.9009901E-05"
"26-09-12 11:57:02.520","-1.3613861E-04"
"26-09-12 11:57:03.421","-9.2202970E-04"
"26-09-12 11:57:04.140","-3.0940594E-04"
"26-09-12 11:57:05.037","-9.2821782E-05"
"26-09-12 11:57:05.752","-1.9183168E-04"
"26-09-12 11:57:06.657","+1.1757426E-04"
"26-09-12 11:57:07.372","-1.8564356E-05"
"26-09-12 11:57:08.266","-8.2920792E-04"
"26-09-12 11:57:08.980","-5.0742574E-04"
"26-09-12 11:57:09.877","+6.8069307E-04"
"26-09-12 11:57:10.591","-3.1559406E-04"
"26-09-12 11:57:11.499","-7.4257426E-05"
"26-09-12 11:57:12.215","+1.2376238E-04"
"26-09-12 11:57:13.112","-6.3737624E-04"
"26-09-12 11:57:13.825","-1.0519802E-04"
"26-09-12 11:57:14.729","-5.6311881E-04"
"26-09-12 11:57:15.444","-1.7326733E-04"
"26-09-12 11:57:16.349","-5.1361386E-04"
"26-09-12 11:57:17.063","+2.0420792E-04"
"26-09-12 11:57:17.959","-1.0457921E-03"
"26-09-12 11:57:18.673","+7.4257426E-05"
"26-09-12 11:57:19.570","-5.6930693E-04"
"26-09-12 11:57:20.284","-2.5990099E-04"
"26-09-12 11:57:21.178","-2.5990099E-04"
"26-09-12 11:57:21.893","+2.2277228E-04"
"26-09-12 11:57:22.791","+6.1881188E-05"
"26-09-12 11:57:23.506","+2.6608911E-04"
"26-09-12 11:57:24.421","-3.6509901E-04"
"26-09-12 11:57:25.134","-1.0210396E-03"
"26-09-12 11:57:26.032","+3.0940594E-05"
"26-09-12 11:57:26.747","-4.5173267E-04"
"26-09-12 11:57:27.652","-1.0148515E-03"
"26-09-12 11:57:28.367","-6.1881188E-04"
"26-09-12 11:57:29.261","-6.0024752E-04"
"26-09-12 11:57:29.976","-2.0420792E-04"
"26-09-12 11:57:30.870","-2.4133663E-04"
"26-09-12 11:57:31.585","-4.8886139E-04"
"26-09-12 11:57:32.481","-1.6089109E-04"
"26-09-12 11:57:33.196","+1.3613861E-04"
"26-09-12 11:57:34.091","-2.9702970E-04"
"26-09-12 11:57:34.805","-1.9801980E-04"
"26-09-12 11:57:35.703","+9.9009901E-05"
"26-09-12 11:57:36.420","-4.3935644E-04"
"26-09-12 11:57:37.312","-2.6608911E-04"
"26-09-12 11:57:38.026","-4.3316832E-04"
"26-09-12 11:57:38.935","+1.9801980E-04"
"26-09-12 11:57:39.649","+2.1658416E-04"
"26-09-12 11:57:40.554","-8.0445545E-05"
"26-09-12 11:57:41.268","-4.7648515E-04"
"26-09-12 11:57:42.163","-4.2079208E-04"
"26-09-12 11:57:42.876","-8.9727723E-04"
"26-09-12 11:57:43.784","-8.0445545E-05"
"26-09-12 11:57:44.500","-2.4752475E-05"
"26-09-12 11:57:45.394","-8.0445545E-05"
"26-09-12 11:57:46.107","-4.0222772E-04"
"26-09-12 11:57:47.007","-6.4356436E-04"
"26-09-12 11:57:47.723","-3.0940594E-05"
"26-09-12 11:57:48.868","-6.0024752E-04"
"26-09-12 11:57:49.583","+4.3316832E-05"
"26-09-12 11:57:50.483","-1.7326733E-04"
"26-09-12 11:57:51.198","+1.9183168E-04"
"26-09-12 11:57:52.101","-8.3539604E-04"
"26-09-12 11:57:52.816","-1.8564356E-05"
"26-09-12 11:57:53.713","-6.0643564E-04"
"26-09-12 11:57:54.432","-4.1460396E-04"
"26-09-12 11:57:55.328","-3.8985149E-04"
"26-09-12 11:57:56.042","-4.6410891E-04"
"26-09-12 11:57:56.946","-5.4455446E-04"
"26-09-12 11:57:57.661","-7.6732673E-04"
"26-09-12 11:57:58.557","+1.7945545E-04"
"26-09-12 11:57:59.271","+0.0000000E+00"
"26-09-12 11:58:00.165","-8.5396040E-04"
"26-09-12 11:58:00.879","-6.1881188E-05"
"26-09-12 11:58:01.776","-3.4653465E-04"
"26-09-12 11:58:02.490","+3.0321782E-04"
"26-09-12 11:58:03.399","+6.1881188E-05"
"26-09-12 11:58:04.114","-2.8465347E-04"
"26-09-12 11:58:05.017","-3.4653465E-04"
"26-09-12 11:58:05.736","-2.1658416E-04"
"26-09-12 11:58:06.639","+1.9183168E-04"
"26-09-12 11:58:07.352","-2.5371287E-04"
"26-09-12 11:58:08.248","-3.8366337E-04"
"26-09-12 11:58:08.965","-6.9925743E-04"
"26-09-12 11:58:09.860","-7.3638614E-04"
"26-09-12 11:58:10.575","-1.9183168E-04"
"26-09-12 11:58:11.468","-6.1262376E-04"
"26-09-12 11:58:12.183","-3.9603960E-04"
"26-09-12 11:58:13.108","+5.1361386E-04"
"26-09-12 11:58:13.822","-2.4752475E-04"
"26-09-12 11:58:14.720","-1.0519802E-04"
"26-09-12 11:58:15.439","-6.4356436E-04"
"26-09-12 11:58:16.331","-9.4059406E-04"
"26-09-12 11:58:17.044","-4.2079208E-04"
"26-09-12 11:58:17.950","-9.2202970E-04"
"26-09-12 11:58:18.665","+3.0940594E-05"
"26-09-12 11:58:19.570","-2.6608911E-04"
"26-09-12 11:58:20.285","-4.6410891E-04"
"26-09-12 11:58:21.180","-3.4034653E-04"
"26-09-12 11:58:21.894","-1.0519802E-04"
"26-09-12 11:58:22.794","-6.8688119E-04"
"26-09-12 11:58:23.509","-3.5891089E-04"
"26-09-12 11:58:24.410","-4.8886139E-04"
"26-09-12 11:58:25.124","+3.8985149E-04"
"26-09-12 11:58:26.020","-1.2995050E-04"
"26-09-12 11:58:26.735","-1.2376238E-04"
"26-09-12 11:58:27.631","+4.2079208E-04"
"26-09-12 11:58:28.344","-4.5173267E-04"
"26-09-12 11:58:29.252","-3.4653465E-04"
"26-09-12 11:58:29.966","-1.6089109E-04"
"26-09-12 11:58:30.861","-4.0841584E-04"
"26-09-12 11:58:31.576","+2.4752475E-04"
"26-09-12 11:58:32.483","-4.7029703E-04"
"26-09-12 11:58:33.197","-8.2920792E-04"
"26-09-12 11:58:34.092","-4.0222772E-04"
"26-09-12 11:58:34.805","-2.2896040E-04"
"26-09-12 11:58:35.700","-5.0742574E-04"
"26-09-12 11:58:36.417","+0.0000000E+00"
"26-09-12 11:58:37.311","+5.5693069E-05"
"26-09-12 11:58:38.026","+1.4851485E-04"
"26-09-12 11:58:38.925","-3.3415842E-04"
"26-09-12 11:58:39.642","+1.7326733E-04"
"26-09-12 11:58:40.540","-3.5272277E-04"
"26-09-12 11:58:41.254","-1.2128713E-03"
"26-09-12 11:58:42.157","-2.1658416E-04"
"26-09-12 11:58:42.873","+1.2376238E-04"
"26-09-12 11:58:43.773","-1.2376238E-05"
"26-09-12 11:58:44.488","-3.7128713E-04"
"26-09-12 11:58:45.383","-9.7772277E-04"
"26-09-12 11:58:46.096","-4.4554455E-04"
"26-09-12 11:58:47.004","-4.9504950E-05"
"26-09-12 11:58:47.720","-8.9108911E-04"
"26-09-12 11:58:48.615","-4.7029703E-04"
"26-09-12 11:58:49.330","+1.6707921E-04"
"26-09-12 11:58:50.225","-8.2301980E-04"
"26-09-12 11:58:50.940","-1.0519802E-04"
"26-09-12 11:58:51.840","-6.7450495E-04"
"26-09-12 11:58:52.555","+6.1881188E-05"
"26-09-12 11:58:53.456","-1.2376238E-04"
"26-09-12 11:58:54.174","+2.1039604E-04"
"26-09-12 11:58:55.321","-4.8886139E-04"
"26-09-12 11:58:56.034","-6.1881188E-04"
"26-09-12 11:58:56.935","-2.0420792E-04"
"26-09-12 11:58:57.650","+3.4653465E-04"
"26-09-12 11:58:58.545","-7.9207921E-04"
"26-09-12 11:58:59.260","-3.3415842E-04"
"26-09-12 11:59:00.165","+7.4257426E-05"
"26-09-12 11:59:00.882","-1.2376238E-05"
"26-09-12 11:59:01.779","-1.1757426E-03"
"26-09-12 11:59:02.493","-2.4752475E-05"
"26-09-12 11:59:03.399","-8.6014851E-04"
"26-09-12 11:59:04.114","+1.8564356E-05"
"26-09-12 11:59:05.017","-8.5396040E-04"
"26-09-12 11:59:05.733","-7.3638614E-04"
"26-09-12 11:59:06.628","-6.5594059E-04"
"26-09-12 11:59:07.342","+8.6633663E-05"
"26-09-12 11:59:08.238","-1.7326733E-04"
"26-09-12 11:59:08.952","-1.2376238E-05"
"26-09-12 11:59:09.850","-7.1782178E-04"
"26-09-12 11:59:10.564","-4.7029703E-04"
"26-09-12 11:59:11.470","+1.4851485E-04"
"26-09-12 11:59:12.185","-3.8985149E-04"
"26-09-12 11:59:13.088","-3.3415842E-04"
"26-09-12 11:59:13.805","-4.2079208E-04"
"26-09-12 11:59:14.707","-8.0445545E-05"
"26-09-12 11:59:15.422","-1.8564356E-05"
"26-09-12 11:59:16.319","-4.5173267E-04"
"26-09-12 11:59:17.036","-7.8589109E-04"
"26-09-12 11:59:17.927","-1.2995050E-04"
"26-09-12 11:59:18.642","-7.4257426E-05"
"26-09-12 11:59:19.538","-3.7747525E-04"
"26-09-12 11:59:20.253","-4.1460396E-04"
"26-09-12 11:59:21.149","-1.6089109E-04"
"26-09-12 11:59:21.864","-3.8985149E-04"
"26-09-12 11:59:22.772","-1.0519802E-04"
"26-09-12 11:59:23.488","-1.3613861E-04"
"26-09-12 11:59:24.391","+5.5074257E-04"
"26-09-12 11:59:25.106","-4.1460396E-04"
"26-09-12 11:59:26.000","-4.7648515E-04"
"26-09-12 11:59:26.713","-8.2301980E-04"
"26-09-12 11:59:27.619","-3.7128713E-04"
"26-09-12 11:59:28.338","-9.2821782E-05"
"26-09-12 11:59:29.229","-1.4232673E-04"
"26-09-12 11:59:29.944","+6.1881188E-05"
"26-09-12 11:59:30.840","-3.2178218E-04"
"26-09-12 11:59:31.555","-5.3836634E-04"
"26-09-12 11:59:32.275","-2.2896040E-04"
"26-09-12 11:59:33.175","-3.6509901E-04"
"26-09-12 11:59:33.888","-9.4059406E-04"
"26-09-12 11:59:34.792","-1.6089109E-04"
"26-09-12 11:59:35.508","-8.2301980E-04"
"26-09-12 11:59:36.403","+5.7549505E-04"
"26-09-12 11:59:37.118","-5.2599010E-04"
"26-09-12 11:59:38.013","-2.4752475E-04"
"26-09-12 11:59:38.729","+3.0940594E-05"
"26-09-12 11:59:39.623","-5.6930693E-04"
"26-09-12 11:59:40.337","-4.0841584E-04"
"26-09-12 11:59:41.248","-7.1163366E-04"
"26-09-12 11:59:41.962","-7.2400990E-04"
"26-09-12 11:59:42.862","-8.9727723E-04"
"26-09-12 11:59:43.579","-3.7128713E-05"
"26-09-12 11:59:44.474","+2.7227723E-04"
"26-09-12 11:59:45.188","-4.3935644E-04"
"26-09-12 11:59:46.086","+2.3514851E-04"
"26-09-12 11:59:46.800","-3.7747525E-04"
"26-09-12 11:59:47.705","-1.0519802E-04"
"26-09-12 11:59:48.419","-2.9702970E-04"
"26-09-12 11:59:49.316","-3.0940594E-05"
"26-09-12 11:59:50.031","-4.1460396E-04"
"26-09-12 11:59:50.927","-1.8564356E-05"
"26-09-12 11:59:51.641","+7.4257426E-05"
"26-09-12 11:59:52.545","-2.4133663E-04"
"26-09-12 11:59:53.260","-7.4257426E-05"
"26-09-12 11:59:54.166","+1.1138614E-04"
"26-09-12 11:59:54.883","-3.7747525E-04"
"26-09-12 11:59:55.776","-7.4876238E-04"
"26-09-12 11:59:56.491","-5.2599010E-04"
"26-09-12 11:59:57.385","-6.0643564E-04"
"26-09-12 11:59:58.099","+2.2277228E-04"
"26-09-12 11:59:58.997","-2.2896040E-04"
"26-09-12 11:59:59.711","+8.6633663E-05"
"26-09-12 12:00:00.606","+3.2797030E-04"
"26-09-12 12:00:01.541","+2.4752475E-05"
"26-09-12 12:00:02.255","+1.9183168E-04"
"26-09-12 12:00:03.159","+2.1658416E-04"
"26-09-12 12:00:03.875","-9.9009901E-05"
"26-09-12 12:00:04.776","-3.4034653E-04"
"26-09-12 12:00:05.489","-5.9405941E-04"
"26-09-12 12:00:06.386","-1.2995050E-04"
"26-09-12 12:00:07.101","-4.5792079E-04"
"26-09-12 12:00:08.006","-3.9603960E-04"
"26-09-12 12:00:08.725","-7.1782178E-04"
"26-09-12 12:00:09.618","-7.8589109E-04"
"26-09-12 12:00:10.331","+3.0940594E-05"
"26-09-12 12:00:11.240","-9.1584158E-04"
"26-09-12 12:00:11.954","+3.0940594E-04"
"26-09-12 12:00:12.848","-8.0445545E-05"
"26-09-12 12:00:13.562","-3.9603960E-04"
"26-09-12 12:00:14.459","-4.5792079E-04"
"26-09-12 12:00:15.172","-2.4752475E-04"
"26-09-12 12:00:16.068","-7.3019802E-04"
"26-09-12 12:00:16.782","-7.3019802E-04"
"26-09-12 12:00:17.689","-1.9801980E-04"
"26-09-12 12:00:18.403","-8.3539604E-04"
"26-09-12 12:00:19.298","+1.1138614E-04"
"26-09-12 12:00:20.012","+1.9801980E-04"
"26-09-12 12:00:20.913","-3.0940594E-04"
"26-09-12 12:00:21.630","-8.0445545E-05"
"26-09-12 12:00:22.540","+5.5693069E-05"
"26-09-12 12:00:23.255","-5.7549505E-04"
"26-09-12 12:00:24.161","+9.0965347E-04"
"26-09-12 12:00:24.878","-6.6212871E-04"
"26-09-12 12:00:25.770","+1.5470297E-04"
"26-09-12 12:00:26.484","-8.0445545E-05"
"26-09-12 12:00:27.382","-6.4356436E-04"
"26-09-12 12:00:28.095","+6.1881188E-06"
"26-09-12 12:00:28.991","-6.5594059E-04"
"26-09-12 12:00:29.705","+2.6608911E-04"
"26-09-12 12:00:30.608","-7.7970297E-04"
"26-09-12 12:00:31.321","+6.1881188E-04"
"26-09-12 12:00:32.225","-2.9702970E-04"
"26-09-12 12:00:32.938","-3.2178218E-04"
"26-09-12 12:00:33.843","-9.2821782E-05"
"26-09-12 12:00:34.558","-4.8886139E-04"
"26-09-12 12:00:35.462","-9.9009901E-05"
"26-09-12 12:00:36.177","-1.9801980E-04"
"26-09-12 12:00:37.074","+2.4752475E-05"
"26-09-12 12:00:37.788","-3.8366337E-04"
"26-09-12 12:00:38.695","+1.6089109E-04"
"26-09-12 12:00:39.410","-4.9504950E-05"
"26-09-12 12:00:40.318","+3.7128713E-05"
"26-09-12 12:00:41.035","-4.8886139E-04"
"26-09-12 12:00:41.933","-2.3514851E-04"
"26-09-12 12:00:42.648","-4.3935644E-04"
"26-09-12 12:00:43.546","-1.0519802E-04"
"26-09-12 12:00:44.261","+5.0123762E-04"
"26-09-12 12:00:45.164","-4.1460396E-04"
"26-09-12 12:00:45.880","-3.3415842E-04"
"26-09-12 12:00:46.775","-1.1324257E-03"
"26-09-12 12:00:47.489","-4.7648515E-04"
"26-09-12 12:00:48.385","-9.2821782E-05"
"26-09-12 12:00:49.098","-7.3638614E-04"
"26-09-12 12:00:50.005","-2.4133663E-04"
"26-09-12 12:00:50.720","-5.5693069E-05"
"26-09-12 12:00:51.433","-9.0965347E-04"
"26-09-12 12:00:52.336","-4.5792079E-04"
"26-09-12 12:00:53.052","-9.5297030E-04"
"26-09-12 12:00:53.957","-3.6509901E-04"
"26-09-12 12:00:54.671","-2.5371287E-04"
"26-09-12 12:00:55.575","-1.7945545E-04"
"26-09-12 12:00:56.290","-3.4034653E-04"
"26-09-12 12:00:57.195","-1.4232673E-04"
"26-09-12 12:00:57.909","-8.6633663E-05"
"26-09-12 12:00:58.807","-4.2079208E-04"
"26-09-12 12:00:59.526","-1.8564356E-04"
"26-09-12 12:01:00.430","-7.3019802E-04"
"26-09-12 12:01:01.148","-5.5693069E-05"
"26-09-12 12:01:02.047","-8.6633663E-05"
"26-09-12 12:01:02.762","-1.9183168E-04"
"26-09-12 12:01:03.656","-3.0321782E-04"
"26-09-12 12:01:04.371","+1.1757426E-04"
"26-09-12 12:01:05.269","-6.3737624E-04"
"26-09-12 12:01:05.984","-4.3316832E-04"
"26-09-12 12:01:06.888","-2.1039604E-04"
"26-09-12 12:01:07.822","-3.8366337E-04"
"26-09-12 12:01:08.537","-7.0544554E-04"
"26-09-12 12:01:09.437","+6.3118812E-04"
"26-09-12 12:01:10.152","+5.3217822E-04"
"26-09-12 12:01:11.057","-3.2178218E-04"
"26-09-12 12:01:11.770","-2.1039604E-04"
"26-09-12 12:01:12.666","-2.4752475E-04"
"26-09-12 12:01:13.379","+2.1039604E-04"
"26-09-12 12:01:14.278","-3.8985149E-04"
"26-09-12 12:01:14.993","-4.1460396E-04"
"26-09-12 12:01:15.898","-1.9183168E-04"
"26-09-12 12:01:16.614","+8.0445545E-05"
"26-09-12 12:01:17.510","+0.0000000E+00"
"26-09-12 12:01:18.224","-3.5272277E-04"
"26-09-12 12:01:19.118","-4.1460396E-04"
"26-09-12 12:01:19.833","+3.0940594E-05"
"26-09-12 12:01:20.738","-6.1881188E-05"
"26-09-12 12:01:21.453","-2.5990099E-04"
"26-09-12 12:01:22.352","-2.5990099E-04"
"26-09-12 12:01:23.066","-6.9925743E-04"
"26-09-12 12:01:23.960","-1.0519802E-04"
"26-09-12 12:01:24.676","-1.2995050E-04"
"26-09-12 12:01:25.571","-9.0346535E-04"
"26-09-12 12:01:26.286","+1.8564356E-04"
"26-09-12 12:01:27.179","-4.4554455E-04"
"26-09-12 12:01:27.892","-1.4851485E-04"
"26-09-12 12:01:28.790","-5.1980198E-04"
"26-09-12 12:01:29.504","-5.5693069E-05"
"26-09-12 12:01:30.420","-3.4034653E-04"
"26-09-12 12:01:31.134","-1.6089109E-04"
"26-09-12 12:01:32.031","+1.7326733E-04"
"26-09-12 12:01:32.750","-4.3316832E-04"
"26-09-12 12:01:33.652","+4.9504950E-05"
"26-09-12 12:01:34.366","+9.9009901E-05"
"26-09-12 12:01:35.262","-1.1757426E-04"
"26-09-12 12:01:35.978","+4.8886139E-04"
"26-09-12 12:01:36.871","+3.5272277E-04"
"26-09-12 12:01:37.586","-3.8985149E-04"
"26-09-12 12:01:38.479","-3.4034653E-04"
"26-09-12 12:01:39.194","+3.0940594E-05"
"26-09-12 12:01:40.095","-4.7029703E-04"
"26-09-12 12:01:40.810","-1.6089109E-04"
"26-09-12 12:01:41.713","-3.4653465E-04"
"26-09-12 12:01:42.429","-4.9504950E-04"
"26-09-12 12:01:43.331","-4.2079208E-04"
"26-09-12 12:01:44.046","-1.1200495E-03"
"26-09-12 12:01:44.943","-7.6732673E-04"
"26-09-12 12:01:45.656","+7.4257426E-05"
"26-09-12 12:01:46.552","-4.5792079E-04"
"26-09-12 12:01:47.266","-9.6534653E-04"
"26-09-12 12:01:48.165","+2.2277228E-04"
"26-09-12 12:01:48.880","+6.1881188E-06"
"26-09-12 12:01:49.787","+1.6707921E-04"
"26-09-12 12:01:50.505","-4.0841584E-04"
"26-09-12 12:01:51.404","-3.9603960E-04"
"26-09-12 12:01:52.118","-2.9084158E-04"
"26-09-12 12:01:53.017","+1.2376238E-05"
"26-09-12 12:01:53.732","-5.6311881E-04"
"26-09-12 12:01:54.636","-6.4975248E-04"
"26-09-12 12:01:55.352","-1.9801980E-04"
"26-09-12 12:01:56.246","+1.4851485E-04"
"26-09-12 12:01:56.961","-9.9009901E-05"
"26-09-12 12:01:57.864","+7.0544554E-04"
"26-09-12 12:01:58.583","-7.3638614E-04"
"26-09-12 12:01:59.480","+2.2896040E-04"
"26-09-12 12:02:00.194","+2.9084158E-04"
"26-09-12 12:02:01.095","-7.6732673E-04"
"26-09-12 12:02:01.809","+1.2995050E-04"
"26-09-12 12:02:02.706","-7.3019802E-04"
"26-09-12 12:02:03.421","-1.9183168E-04"
"26-09-12 12:02:04.316","+2.4133663E-04"
"26-09-12 12:02:05.031","-3.4034653E-04"
"26-09-12 12:02:05.925","-1.0519802E-04"
"26-09-12 12:02:06.640","+2.4752475E-05"
"26-09-12 12:02:07.538","-3.1559406E-04"
"26-09-12 12:02:08.253","-4.7029703E-04"
"26-09-12 12:02:09.179","+4.9504950E-05"
"26-09-12 12:02:09.892","-7.4876238E-04"
"26-09-12 12:02:10.808","+4.7029703E-04"
"26-09-12 12:02:11.524","+1.2376238E-04"
"26-09-12 12:02:12.419","-1.1138614E-04"
"26-09-12 12:02:13.138","-8.8490099E-04"
"26-09-12 12:02:14.293","-1.9183168E-04"
"26-09-12 12:02:15.006","-6.1881188E-04"
"26-09-12 12:02:15.909","-8.0445545E-04"
"26-09-12 12:02:16.623","-2.1039604E-04"
"26-09-12 12:02:17.519","-6.4356436E-04"
"26-09-12 12:02:18.234","-4.5173267E-04"
"26-09-12 12:02:19.132","-3.7128713E-05"
"26-09-12 12:02:19.846","+2.8465347E-04"
"26-09-12 12:02:20.749","+5.5693069E-05"
"26-09-12 12:02:21.462","+4.9504950E-05"
"26-09-12 12:02:22.360","-2.6608911E-04"
"26-09-12 12:02:23.073","-6.4356436E-04"
"26-09-12 12:02:23.980","-2.8465347E-04"
"26-09-12 12:02:24.695","+3.5891089E-04"
"26-09-12 12:02:25.599","+4.3316832E-05"
"26-09-12 12:02:26.314","-7.2400990E-04"
"26-09-12 12:02:27.209","-1.4851485E-04"
"26-09-12 12:02:27.924","-5.1980198E-04"
"26-09-12 12:02:28.822","-2.3514851E-04"
"26-09-12 12:02:29.537","-4.3316832E-05"
"26-09-12 12:02:30.442","-1.8564356E-05"
"26-09-12 12:02:31.155","+4.3316832E-05"
"26-09-12 12:02:32.062","-6.8688119E-04"
"26-09-12 12:02:32.775","+6.1881188E-06"
"26-09-12 12:02:33.670","-4.9504950E-05"
"26-09-12 12:02:34.384","+4.5792079E-04"
"26-09-12 12:02:35.281","-6.4975248E-04"
"26-09-12 12:02:35.997","-3.3415842E-04"
"26-09-12 12:02:36.893","+1.2376238E-04"
"26-09-12 12:02:37.608","+1.9801980E-04"
"26-09-12 12:02:38.523","+2.4752475E-04"
"26-09-12 12:02:39.237","-1.3613861E-04"
"26-09-12 12:02:40.143","-1.0519802E-04"
"26-09-12 12:02:40.857","-1.1138614E-04"
"26-09-12 12:02:41.763","-5.0742574E-04"
"26-09-12 12:02:42.477","-5.7549505E-04"
"26-09-12 12:02:43.383","-5.7549505E-04"
"26-09-12 12:02:44.097","-4.7029703E-04"
"26-09-12 12:02:44.993","-6.8069307E-04"
"26-09-12 12:02:45.707","-5.1361386E-04"
"26-09-12 12:02:46.607","+2.8465347E-04"
"26-09-12 12:02:47.323","-4.7648515E-04"
"26-09-12 12:02:48.224","-4.2698020E-04"
"26-09-12 12:02:48.939","-9.9009901E-05"
"26-09-12 12:02:49.845","-6.0024752E-04"
"26-09-12 12:02:50.558","+2.4752475E-04"
"26-09-12 12:02:51.463","-8.0445545E-05"
"26-09-12 12:02:52.179","-8.0445545E-04"
"26-09-12 12:02:53.076","+4.4554455E-04"
"26-09-12 12:02:53.791","+9.9009901E-05"
"26-09-12 12:02:54.695","-1.7326733E-04"
"26-09-12 12:02:55.410","-8.0445545E-05"
"26-09-12 12:02:56.315","-3.3415842E-04"
"26-09-12 12:02:57.030","-2.4133663E-04"
"26-09-12 12:02:57.926","+1.6089109E-04"
"26-09-12 12:02:58.640","-6.7450495E-04"
"26-09-12 12:02:59.547","+2.2277228E-04"
"26-09-12 12:03:00.260","-1.6089109E-04"
"26-09-12 12:03:01.166","-9.2821782E-05"
"26-09-12 12:03:01.881","+1.9801980E-04"
"26-09-12 12:03:02.776","-2.8465347E-04"
"26-09-12 12:03:03.490","-2.6608911E-04"
"26-09-12 12:03:04.387","+2.4752475E-05"
"26-09-12 12:03:05.103","-2.1039604E-04"
"26-09-12 12:03:06.006","+5.1361386E-04"
"26-09-12 12:03:06.721","-3.0940594E-05"
"26-09-12 12:03:07.617","-3.4034653E-04"
"26-09-12 12:03:08.331","+5.5693069E-05"
"26-09-12 12:03:09.235","-2.9084158E-04"
"26-09-12 12:03:09.949","-4.9504950E-05"
"26-09-12 12:03:10.850","-4.9504950E-04"
"26-09-12 12:03:11.564","-3.2178218E-04"
"26-09-12 12:03:12.468","-2.4133663E-04"
"26-09-12 12:03:13.183","-7.9826733E-04"
"26-09-12 12:03:14.076","+6.1881188E-05"
"26-09-12 12:03:14.790","-5.3217822E-04"
"26-09-12 12:03:15.690","-4.9504950E-05"
"26-09-12 12:03:16.406","-3.1559406E-04"
"26-09-12 12:03:17.307","-5.0742574E-04"
"26-09-12 12:03:18.022","-2.7227723E-04"
"26-09-12 12:03:18.939","-2.2896040E-04"
"26-09-12 12:03:19.652","-5.0742574E-04"
"26-09-12 12:03:20.799","-1.1757426E-04"
"26-09-12 12:03:21.515","-5.6930693E-04"
"26-09-12 12:03:22.408","+3.5272277E-04"
"26-09-12 12:03:23.121","+1.2995050E-04"
"26-09-12 12:03:24.019","-1.3613861E-04"
"26-09-12 12:03:24.733","-6.8069307E-05"
"26-09-12 12:03:25.628","-3.5272277E-04"
"26-09-12 12:03:26.344","+1.4851485E-04"
"26-09-12 12:03:27.240","-1.1138614E-04"
"26-09-12 12:03:27.953","-2.1658416E-04"
"26-09-12 12:03:28.878","-1.1138614E-04"
"26-09-12 12:03:29.593","+4.8267327E-04"
"26-09-12 12:03:30.490","-2.2277228E-04"
"26-09-12 12:03:31.206","-5.1980198E-04"
"26-09-12 12:03:32.111","+2.3514851E-04"
"26-09-12 12:03:32.825","-8.6014851E-04"
"26-09-12 12:03:33.721","-6.6831683E-04"
"26-09-12 12:03:34.435","-8.6633663E-05"
"26-09-12 12:03:35.332","-1.2376238E-05"
"26-09-12 12:03:36.046","-4.4554455E-04"
"26-09-12 12:03:36.942","+2.4752475E-04"
"26-09-12 12:03:37.656","+2.1658416E-04"
"26-09-12 12:03:38.556","-1.7945545E-04"
"26-09-12 12:03:39.272","-5.4455446E-04"
"26-09-12 12:03:40.173","+1.6707921E-04"
"26-09-12 12:03:40.886","-2.5371287E-04"
"26-09-12 12:03:41.782","+1.7326733E-04"
"26-09-12 12:03:42.496","-3.7128713E-04"
"26-09-12 12:03:43.394","-5.6311881E-04"
"26-09-12 12:03:44.109","-1.5470297E-04"
"26-09-12 12:03:45.004","-3.7747525E-04"
"26-09-12 12:03:45.722","-6.3737624E-04"
"26-09-12 12:03:46.635","-2.6608911E-04"
"26-09-12 12:03:47.348","+1.2995050E-04"
"26-09-12 12:03:48.256","-4.3316832E-04"
"26-09-12 12:03:48.972","-6.8688119E-04"
"26-09-12 12:03:49.873","-1.0581683E-03"
"26-09-12 12:03:50.588","+4.9504950E-04"
"26-09-12 12:03:51.485","-6.4356436E-04"
"26-09-12 12:03:52.200","-5.3217822E-04"
"26-09-12 12:03:53.105","-2.0420792E-04"
"26-09-12 12:03:53.820","-5.0123762E-04"
"26-09-12 12:03:54.725","-3.1559406E-04"
"26-09-12 12:03:55.440","+9.9009901E-05"
"26-09-12 12:03:56.336","+4.2698020E-04"
"26-09-12 12:03:57.052","+4.8267327E-04"
"26-09-12 12:03:57.959","-2.4133663E-04"
"26-09-12 12:03:58.677","-6.8069307E-05"
"26-09-12 12:03:59.586","-4.0222772E-04"
"26-09-12 12:04:00.302","-2.2896040E-04"
"26-09-12 12:04:01.195","+9.2821782E-05"
"26-09-12 12:04:01.910","-3.1559406E-04"
"26-09-12 12:04:02.805","-5.4455446E-04"
"26-09-12 12:04:03.519","-2.7227723E-04"
"26-09-12 12:04:04.417","+1.1757426E-04"
"26-09-12 12:04:05.131","-1.5470297E-04"
"26-09-12 12:04:06.025","-4.5792079E-04"
"26-09-12 12:04:06.739","-1.4232673E-04"
"26-09-12 12:04:07.642","+2.2277228E-04"
"26-09-12 12:04:08.355","-7.4257426E-05"
"26-09-12 12:04:09.255","-7.7351485E-04"
"26-09-12 12:04:09.970","-4.0222772E-04"
"26-09-12 12:04:10.866","-5.0742574E-04"
"26-09-12 12:04:11.581","+2.4133663E-04"
"26-09-12 12:04:12.478","-1.1757426E-04"
"26-09-12 12:04:13.192","-7.4257426E-05"
"26-09-12 12:04:14.097","+1.6089109E-04"
"26-09-12 12:04:14.812","-6.3737624E-04"
"26-09-12 12:04:15.706","-5.1361386E-04"
"26-09-12 12:04:16.421","-1.9183168E-04"
"26-09-12 12:04:17.318","-2.1039604E-04"
"26-09-12 12:04:18.034","-2.2277228E-04"
"26-09-12 12:04:18.938","-1.1571782E-03"
"26-09-12 12:04:19.653","-3.9603960E-04"
"26-09-12 12:04:20.549","-8.0445545E-04"
"26-09-12 12:04:21.265","-2.4133663E-04"
"26-09-12 12:04:22.169","-6.0024752E-04"
"26-09-12 12:04:22.883","-4.1460396E-04"
"26-09-12 12:04:23.780","-3.8985149E-04"
"26-09-12 12:04:24.494","+1.1138614E-04"
"26-09-12 12:04:25.390","-5.3217822E-04"
"26-09-12 12:04:26.109","-2.1039604E-04"
"26-09-12 12:04:27.270","-1.8564356E-04"
"26-09-12 12:04:27.985","-2.7227723E-04"
"26-09-12 12:04:28.889","-2.5990099E-04"
"26-09-12 12:04:29.604","+2.1039604E-04"
"26-09-12 12:04:30.501","+6.8069307E-05"
"26-09-12 12:04:31.215","-9.6534653E-04"
"26-09-12 12:04:32.109","+2.4752475E-05"
"26-09-12 12:04:32.824","-4.8267327E-04"
"26-09-12 12:04:33.722","-6.1881188E-06"
"26-09-12 12:04:34.438","-2.4752475E-04"
"26-09-12 12:04:35.331","-6.8069307E-04"
"26-09-12 12:04:36.045","+6.6831683E-04"
"26-09-12 12:04:36.943","-6.8069307E-05"
"26-09-12 12:04:37.660","-7.6113861E-04"
"26-09-12 12:04:38.561","+3.7128713E-05"
"26-09-12 12:04:39.276","+1.6707921E-04"
"26-09-12 12:04:40.172","-4.2698020E-04"
"26-09-12 12:04:40.886","+5.5693069E-05"
"26-09-12 12:04:41.791","+8.0445545E-05"
"26-09-12 12:04:42.506","-5.1980198E-04"
"26-09-12 12:04:43.403","+1.7326733E-04"
"26-09-12 12:04:44.116","-1.0519802E-04"
"26-09-12 12:04:45.014","-3.0940594E-05"
"26-09-12 12:04:45.727","+1.6707921E-04"
"26-09-12 12:04:46.634","-6.1881188E-04"
"26-09-12 12:04:47.348","+1.2376238E-05"
"26-09-12 12:04:48.062","+2.8465347E-04"
"26-09-12 12:04:48.965","+3.7128713E-05"
"26-09-12 12:04:49.679","-3.1559406E-04"
"26-09-12 12:04:50.583","-2.9702970E-04"
"26-09-12 12:04:51.298","-5.4455446E-04"
"26-09-12 12:04:52.194","+3.4034653E-04"
"26-09-12 12:04:52.908","-2.0420792E-04"
"26-09-12 12:04:53.814","-8.0445545E-05"
"26-09-12 12:04:54.528","-3.7128713E-05"
"26-09-12 12:04:55.425","-3.2178218E-04"
"26-09-12 12:04:56.138","-2.3514851E-04"
"26-09-12 12:04:57.040","+6.1881188E-05"
"26-09-12 12:04:57.754","-3.2797030E-04"
"26-09-12 12:04:58.654","+1.1757426E-04"
"26-09-12 12:04:59.369","-1.8564356E-04"
"26-09-12 12:05:00.274","-3.0940594E-05"
"26-09-12 12:05:00.988","-1.3613861E-04"
"26-09-12 12:05:01.885","-2.8465347E-04"
"26-09-12 12:05:02.599","-1.4232673E-04"
"26-09-12 12:05:03.495","-4.5792079E-04"
"26-09-12 12:05:04.210","+1.4232673E-04"
"26-09-12 12:05:05.106","+3.2178218E-04"
"26-09-12 12:05:05.820","-9.9009901E-05"
"26-09-12 12:05:06.716","-1.8564356E-04"
"26-09-12 12:05:07.435","+8.6633663E-05"
"26-09-12 12:05:08.347","-3.0321782E-04"
"26-09-12 12:05:09.062","-8.8490099E-04"
"26-09-12 12:05:09.966","-5.1361386E-04"
"26-09-12 12:05:10.683","+4.9504950E-05"
"26-09-12 12:05:11.576","-4.2079208E-04"
"26-09-12 12:05:12.290","-6.8688119E-04"
"26-09-12 12:05:13.188","+5.5693069E-05"
"26-09-12 12:05:13.903","+6.8069307E-05"
"26-09-12 12:05:14.799","-2.4133663E-04"
"26-09-12 12:05:15.514","-9.2821782E-05"
"26-09-12 12:05:16.419","+4.3316832E-05"
"26-09-12 12:05:17.133","-5.1361386E-04"
"26-09-12 12:05:18.037","-3.3415842E-04"
"26-09-12 12:05:18.752","-3.8985149E-04"
"26-09-12 12:05:19.646","+9.2821782E-05"
"26-09-12 12:05:20.361","+1.7326733E-04"
"26-09-12 12:05:21.269","+5.5074257E-04"
"26-09-12 12:05:21.986","+1.0519802E-04"
"26-09-12 12:05:22.880","-3.0321782E-04"
"26-09-12 12:05:23.593","-3.7747525E-04"
"26-09-12 12:05:24.489","-4.7029703E-04"
"26-09-12 12:05:25.202","-2.0420792E-04"
"26-09-12 12:05:26.099","+5.6930693E-04"
"26-09-12 12:05:26.817","-2.2896040E-04"
"26-09-12 12:05:27.721","-4.9504950E-05"
"26-09-12 12:05:28.434","+1.7945545E-04"
"26-09-12 12:05:29.341","-3.6509901E-04"
"26-09-12 12:05:30.055","-4.3935644E-04"
"26-09-12 12:05:30.953","-3.5891089E-04"
"26-09-12 12:05:31.669","+1.9183168E-04"
"26-09-12 12:05:32.570","-3.2797030E-04"
"26-09-12 12:05:33.502","+6.1881188E-05"
"26-09-12 12:05:34.216","-3.1559406E-04"
"26-09-12 12:05:35.131","-1.0210396E-03"
"26-09-12 12:05:35.846","-1.5470297E-04"
"26-09-12 12:05:36.744","-6.3118812E-04"
"26-09-12 12:05:37.459","-5.3836634E-04"
"26-09-12 12:05:38.360","-9.7153465E-04"
"26-09-12 12:05:39.074","-7.3638614E-04"
"26-09-12 12:05:39.974","-4.7029703E-04"
"26-09-12 12:05:40.688","+8.3539604E-04"
"26-09-12 12:05:41.582","-5.4455446E-04"
"26-09-12 12:05:42.297","-9.7772277E-04"
"26-09-12 12:05:43.202","+3.5891089E-04"
"26-09-12 12:05:43.917","+2.4752475E-04"
"26-09-12 12:05:44.813","-9.2821782E-05"
"26-09-12 12:05:45.526","+1.9183168E-04"
"26-09-12 12:05:46.428","-2.9084158E-04"
"26-09-12 12:05:47.141","-1.6089109E-04"
"26-09-12 12:05:48.045","-3.2178218E-04"
"26-09-12 12:05:48.762","+6.1881188E-06"
"26-09-12 12:05:49.662","-5.5074257E-04"
"26-09-12 12:05:50.377","-3.2797030E-04"
"26-09-12 12:05:51.273","-1.9183168E-04"
"26-09-12 12:05:51.989","+9.2821782E-05"
"26-09-12 12:05:52.883","-1.2376238E-05"
"26-09-12 12:05:53.598","+6.6831683E-04"
"26-09-12 12:05:54.493","-1.2995050E-04"
"26-09-12 12:05:55.207","+1.9183168E-04"
"26-09-12 12:05:56.105","-1.2376238E-05"
"26-09-12 12:05:56.819","+6.1262376E-04"
"26-09-12 12:05:57.723","-6.8069307E-05"
"26-09-12 12:05:58.440","-3.1559406E-04"
"26-09-12 12:05:59.344","-1.2376238E-05"
"26-09-12 12:06:00.059","+2.7227723E-04"
"26-09-12 12:06:00.965","-4.3316832E-04"
"26-09-12 12:06:01.678","-2.9084158E-04"
"26-09-12 12:06:02.582","+1.2376238E-04"
"26-09-12 12:06:03.296","+2.2277228E-04"
"26-09-12 12:06:04.196","+6.1881188E-05"
"26-09-12 12:06:04.913","-3.0940594E-04"
"26-09-12 12:06:05.806","+6.6212871E-04"
"26-09-12 12:06:06.521","+1.8564356E-05"
"26-09-12 12:06:07.234","-4.7029703E-04"
"26-09-12 12:06:08.135","-1.9801980E-04"
"26-09-12 12:06:08.854","+6.1881188E-06"
"26-09-12 12:06:09.747","+1.9183168E-04"
"26-09-12 12:06:10.461","-6.1881188E-05"
"26-09-12 12:06:11.358","-6.6831683E-04"
"26-09-12 12:06:12.072","-3.4034653E-04"
"26-09-12 12:06:12.966","-5.8787129E-04"
"26-09-12 12:06:13.681","+8.6633663E-05"
"26-09-12 12:06:14.577","+5.5693069E-05"
"26-09-12 12:06:15.292","-3.3415842E-04"
"26-09-12 12:06:16.200","-2.7846535E-04"
"26-09-12 12:06:16.913","-8.0445545E-04"
"26-09-12 12:06:17.818","+4.5173267E-04"
"26-09-12 12:06:18.533","-3.3415842E-04"
"26-09-12 12:06:19.428","-1.3613861E-04"
"26-09-12 12:06:20.143","+2.1039604E-04"
"26-09-12 12:06:21.048","-9.9009901E-05"
"26-09-12 12:06:21.763","-5.0123762E-04"
"26-09-12 12:06:22.657","-8.0445545E-04"
"26-09-12 12:06:23.372","+3.7128713E-04"
"26-09-12 12:06:24.269","+6.4356436E-04"
"26-09-12 12:06:24.984","-1.0519802E-04"
"26-09-12 12:06:25.892","-8.0445545E-05"
"26-09-12 12:06:26.609","-5.3217822E-04"
"26-09-12 12:06:27.510","-3.7128713E-05"
"26-09-12 12:06:28.223","-4.5173267E-04"
"26-09-12 12:06:29.129","-4.9504950E-04"
"26-09-12 12:06:29.844","+4.7648515E-04"
"26-09-12 12:06:30.740","-2.8465347E-04"
"26-09-12 12:06:31.456","-8.1683168E-04"
"26-09-12 12:06:32.350","+5.5693069E-05"
"26-09-12 12:06:33.065","-3.7128713E-04"
"26-09-12 12:06:33.960","+2.5990099E-04"
"26-09-12 12:06:34.675","-3.8985149E-04"
"26-09-12 12:06:35.575","-1.4851485E-04"
"26-09-12 12:06:36.289","+2.9702970E-04"
"26-09-12 12:06:37.190","-1.7945545E-04"
"26-09-12 12:06:37.905","+1.7945545E-04"
"26-09-12 12:06:38.799","+1.2995050E-04"
"26-09-12 12:06:39.733","+4.5792079E-04"
"26-09-12 12:06:40.447","-2.9702970E-04"
"26-09-12 12:06:41.350","-3.4034653E-04"
"26-09-12 12:06:42.065","-8.6633663E-05"
"26-09-12 12:06:42.972","-2.4752475E-05"
"26-09-12 12:06:43.686","+2.5990099E-04"
"26-09-12 12:06:44.582","-7.7970297E-04"
"26-09-12 12:06:45.297","-1.9183168E-04"
"26-09-12 12:06:46.193","-2.8465347E-04"
"26-09-12 12:06:46.907","+1.2376238E-05"
"26-09-12 12:06:47.801","-6.8069307E-04"
"26-09-12 12:06:48.516","-9.9628713E-04"
"26-09-12 12:06:49.415","-3.1559406E-04"
"26-09-12 12:06:50.130","+2.3514851E-04"
"26-09-12 12:06:51.031","+4.1460396E-04"
"26-09-12 12:06:51.746","-3.1559406E-04"
"26-09-12 12:06:52.642","-7.5495050E-04"
"26-09-12 12:06:53.358","+2.5990099E-04"
"26-09-12 12:06:54.255","-3.7747525E-04"
"26-09-12 12:06:54.969","-1.7945545E-04"
"26-09-12 12:06:55.865","-2.1039604E-04"
"26-09-12 12:06:56.581","-4.3935644E-04"
"26-09-12 12:06:57.494","-2.0420792E-04"
"26-09-12 12:06:58.208","-3.7128713E-04"
"26-09-12 12:06:59.104","+4.6410891E-04"
"26-09-12 12:06:59.818","-2.5371287E-04"
"26-09-12 12:07:00.714","-3.0321782E-04"
"26-09-12 12:07:01.433","-5.2599010E-04"
"26-09-12 12:07:02.326","-3.4653465E-04"
"26-09-12 12:07:03.040","-1.8564356E-04"
"26-09-12 12:07:03.934","-8.1064356E-04"
"26-09-12 12:07:04.649","+5.5693069E-05"
"26-09-12 12:07:05.551","-6.3737624E-04"
"26-09-12 12:07:06.264","-7.4257426E-05"
"26-09-12 12:07:07.164","+7.4257426E-05"
"26-09-12 12:07:07.877","-1.8564356E-04"
"26-09-12 12:07:08.775","-2.9702970E-04"
"26-09-12 12:07:09.489","-5.8168317E-04"
"26-09-12 12:07:10.397","-1.1138614E-04"
"26-09-12 12:07:11.112","-3.7128713E-05"
"26-09-12 12:07:12.007","+3.0940594E-05"
"26-09-12 12:07:12.722","-1.9183168E-04"
"26-09-12 12:07:13.626","+2.4752475E-05"
"26-09-12 12:07:14.341","-3.2797030E-04"
"26-09-12 12:07:15.238","-2.7227723E-04"
"26-09-12 12:07:15.952","-4.5173267E-04"
"26-09-12 12:07:16.848","-3.5891089E-04"
"26-09-12 12:07:17.563","+3.3415842E-04"
"26-09-12 12:07:18.468","+1.9183168E-04"
"26-09-12 12:07:19.183","-2.7227723E-04"
"26-09-12 12:07:20.087","+3.8366337E-04"
"26-09-12 12:07:20.800","-4.9504950E-05"
"26-09-12 12:07:21.699","-2.9702970E-04"
"26-09-12 12:07:22.415","-6.4975248E-04"
"26-09-12 12:07:23.307","-4.0222772E-04"
"26-09-12 12:07:24.022","+5.2599010E-04"
"26-09-12 12:07:24.960","-3.1559406E-04"
"26-09-12 12:07:25.674","-1.8564356E-04"
"26-09-12 12:07:26.579","-7.1163366E-04"
"26-09-12 12:07:27.292","+1.6089109E-04"
"26-09-12 12:07:28.188","+1.5470297E-04"
"26-09-12 12:07:28.903","-8.7871287E-04"
"26-09-12 12:07:29.800","-3.4653465E-04"
"26-09-12 12:07:30.516","-4.2698020E-04"
"26-09-12 12:07:31.417","-2.2277228E-04"
"26-09-12 12:07:32.132","-7.4257426E-04"
"26-09-12 12:07:33.029","-2.1039604E-04"
"26-09-12 12:07:33.745","-5.2599010E-04"
"26-09-12 12:07:34.645","+9.4678218E-04"
"26-09-12 12:07:35.359","-9.9009901E-05"
"26-09-12 12:07:36.259","+4.9504950E-05"
"26-09-12 12:07:36.974","+2.9084158E-04"
"26-09-12 12:07:37.880","-1.7326733E-04"
"26-09-12 12:07:38.594","+6.1881188E-04"
"26-09-12 12:07:39.491","-4.2079208E-04"
"26-09-12 12:07:40.205","-2.4133663E-04"
"26-09-12 12:07:41.098","+3.7128713E-05"
"26-09-12 12:07:41.815","-8.7252475E-04"
"26-09-12 12:07:42.711","-4.8886139E-04"
"26-09-12 12:07:43.426","+4.7029703E-04"
"26-09-12 12:07:44.319","-1.0519802E-04"
"26-09-12 12:07:45.033","-2.4752475E-05"
"26-09-12 12:07:46.185","+6.8069307E-05"
"26-09-12 12:07:46.900","+4.0222772E-04"
"26-09-12 12:07:47.801","-2.4752475E-04"
"26-09-12 12:07:48.515","-4.7029703E-04"
"26-09-12 12:07:49.410","+1.7945545E-04"
"26-09-12 12:07:50.127","-4.3316832E-05"
"26-09-12 12:07:51.034","-3.1559406E-04"
"26-09-12 12:07:51.748","-4.2079208E-04"
"26-09-12 12:07:52.645","-1.6707921E-04"
"26-09-12 12:07:53.358","-4.3316832E-04"
"26-09-12 12:07:54.264","+2.8465347E-04"
"26-09-12 12:07:54.979","-1.7945545E-04"
"26-09-12 12:07:55.885","-1.3613861E-04"
"26-09-12 12:07:56.603","+2.7227723E-04"
"26-09-12 12:07:57.495","-1.1757426E-03"
"26-09-12 12:07:58.209","-4.0222772E-04"
"26-09-12 12:07:59.112","-3.8985149E-04"
"26-09-12 12:07:59.829","-5.8168317E-04"
"26-09-12 12:08:00.726","-1.9183168E-04"
"26-09-12 12:08:01.441","-3.9603960E-04"
"26-09-12 12:08:02.345","-5.0742574E-04"
"26-09-12 12:08:03.059","-3.1559406E-04"
"26-09-12 12:08:03.956","-3.0940594E-04"
"26-09-12 12:08:04.670","-2.6608911E-04"
"26-09-12 12:08:05.584","+0.0000000E+00"
"26-09-12 12:08:06.298","-5.5074257E-04"
"26-09-12 12:08:07.195","+3.5272277E-04"
"26-09-12 12:08:07.909","+1.9183168E-04"
"26-09-12 12:08:08.804","-5.5693069E-05"
"26-09-12 12:08:09.519","+4.3316832E-05"
"26-09-12 12:08:10.414","+3.3415842E-04"
"26-09-12 12:08:11.132","-6.6212871E-04"
"26-09-12 12:08:12.027","-5.5693069E-05"
"26-09-12 12:08:12.742","-1.8564356E-04"
"26-09-12 12:08:13.647","+2.7227723E-04"
"26-09-12 12:08:14.361","+3.7128713E-05"
"26-09-12 12:08:15.265","-4.3316832E-05"
"26-09-12 12:08:15.983","-6.0024752E-04"
"26-09-12 12:08:16.876","-9.1584158E-04"
"26-09-12 12:08:17.589","-6.8069307E-05"
"26-09-12 12:08:18.497","-2.3514851E-04"
"26-09-12 12:08:19.212","+1.2376238E-05"
"26-09-12 12:08:20.108","-5.5074257E-04"
"26-09-12 12:08:20.822","+2.7227723E-04"
"26-09-12 12:08:21.716","-3.3415842E-04"
"26-09-12 12:08:22.429","-2.7227723E-04"
"26-09-12 12:08:23.329","+3.7128713E-05"
"26-09-12 12:08:24.043","+3.4653465E-04"
"26-09-12 12:08:24.950","-4.1460396E-04"
"26-09-12 12:08:25.664","-1.6089109E-04"
"26-09-12 12:08:26.559","-6.5594059E-04"
"26-09-12 12:08:27.273","-7.5495050E-04"
"26-09-12 12:08:28.179","-2.4752475E-04"
"26-09-12 12:08:28.893","+4.5173267E-04"
"26-09-12 12:08:29.788","-4.0841584E-04"
"26-09-12 12:08:30.503","-1.9801980E-04"
"26-09-12 12:08:31.400","-1.6089109E-04"
"26-09-12 12:08:32.114","+4.9504950E-04"
"26-09-12 12:08:33.028","+6.8688119E-04"
"26-09-12 12:08:33.742","-5.1361386E-04"
"26-09-12 12:08:34.642","-5.8787129E-04"
"26-09-12 12:08:35.356","-1.4851485E-04"
"26-09-12 12:08:36.260","-4.7029703E-04"
"26-09-12 12:08:36.975","+9.2821782E-05"
"26-09-12 12:08:37.870","+2.5371287E-04"
"26-09-12 12:08:38.589","-7.7970297E-04"
"26-09-12 12:08:39.491","+1.6707921E-04"
"26-09-12 12:08:40.206","+1.2376238E-04"
"26-09-12 12:08:41.108","+1.4232673E-04"
"26-09-12 12:08:41.823","-3.7747525E-04"
"26-09-12 12:08:42.721","+5.1361386E-04"
"26-09-12 12:08:43.437","+9.2821782E-05"
"26-09-12 12:08:44.363","-3.4653465E-04"
"26-09-12 12:08:45.078","-5.0742574E-04"
"26-09-12 12:08:45.992","+7.3019802E-04"
"26-09-12 12:08:46.705","+2.1658416E-04"
"26-09-12 12:08:47.602","-3.7128713E-04"
"26-09-12 12:08:48.317","+1.2376238E-04"
"26-09-12 12:08:49.214","-2.2277228E-04"
"26-09-12 12:08:49.928","-4.8886139E-04"
"26-09-12 12:08:50.824","-2.5990099E-04"
"26-09-12 12:08:51.541","+3.9603960E-04"
"26-09-12 12:08:52.698","-2.6608911E-04"
"26-09-12 12:08:53.412","+1.8564356E-05"
"26-09-12 12:08:54.315","-2.4133663E-04"
"26-09-12 12:08:55.029","+2.4752475E-04"
"26-09-12 12:08:55.924","-3.7128713E-05"
"26-09-12 12:08:56.637","-6.3118812E-04"
"26-09-12 12:08:57.541","-5.8168317E-04"
"26-09-12 12:08:58.256","-3.1559406E-04"
"26-09-12 12:08:59.162","+4.9504950E-04"
"26-09-12 12:08:59.877","-8.0445545E-05"
"26-09-12 12:09:00.773","+2.9702970E-04"
"26-09-12 12:09:01.488","+3.4034653E-04"
"26-09-12 12:09:02.384","-9.6534653E-04"
"26-09-12 12:09:03.102","-4.8267327E-04"
"26-09-12 12:09:04.009","-1.2376238E-05"
"26-09-12 12:09:04.727","-3.5891089E-04"
"26-09-12 12:09:05.623","-7.1163366E-04"
"26-09-12 12:09:06.338","-3.0321782E-04"
"26-09-12 12:09:07.232","-2.2896040E-04"
"26-09-12 12:09:07.948","-6.0643564E-04"
"26-09-12 12:09:08.844","-3.5272277E-04"
"26-09-12 12:09:09.559","-2.4752475E-04"
"26-09-12 12:09:10.464","-3.3415842E-04"
"26-09-12 12:09:11.179","-1.5470297E-04"
"26-09-12 12:09:12.076","-2.4133663E-04"
"26-09-12 12:09:12.790","-1.0519802E-04"
"26-09-12 12:09:13.700","-1.7945545E-04"
"26-09-12 12:09:14.415","+5.5693069E-05"
"26-09-12 12:09:15.316","+1.2376238E-05"
"26-09-12 12:09:16.029","-4.3316832E-05"
"26-09-12 12:09:16.936","-1.2995050E-04"
"26-09-12 12:09:17.653","+3.7128713E-04"
"26-09-12 12:09:18.547","-2.1039604E-04"
"26-09-12 12:09:19.261","-1.9183168E-04"
"26-09-12 12:09:20.157","-6.3118812E-04"
"26-09-12 12:09:20.872","-2.5371287E-04"
"26-09-12 12:09:21.777","+0.0000000E+00"
"26-09-12 12:09:22.490","-3.3415842E-04"
"26-09-12 12:09:23.386","-6.8069307E-05"
"26-09-12 12:09:24.101","+3.0940594E-05"
"26-09-12 12:09:24.999","-5.6930693E-04"
"26-09-12 12:09:25.712","+1.4851485E-04"
"26-09-12 12:09:26.627","-1.4851485E-04"
"26-09-12 12:09:27.342","+4.9504950E-05"
"26-09-12 12:09:28.238","-3.5891089E-04"
"26-09-12 12:09:28.951","-4.4554455E-04"
"26-09-12 12:09:29.849","-5.5693069E-05"
"26-09-12 12:09:30.564","-5.0742574E-04"
"26-09-12 12:09:31.470","+8.0445545E-05"
"26-09-12 12:09:32.185","-6.4356436E-04"
"26-09-12 12:09:33.088","+2.2277228E-04"
"26-09-12 12:09:33.803","+3.2797030E-04"
"26-09-12 12:09:34.710","-5.1980198E-04"
"26-09-12 12:09:35.423","-1.9183168E-04"
"26-09-12 12:09:36.321","+3.1559406E-04"
"26-09-12 12:09:37.037","+4.1460396E-04"
"26-09-12 12:09:37.939","+3.4653465E-04"
"26-09-12 12:09:38.656","+1.8564356E-04"
"26-09-12 12:09:39.549","-8.8490099E-04"
"26-09-12 12:09:40.265","-4.1460396E-04"
"26-09-12 12:09:41.181","-1.8564356E-05"
"26-09-12 12:09:41.895","-1.9801980E-04"
"26-09-12 12:09:42.791","+1.8564356E-05"
"26-09-12 12:09:43.504","-1.6089109E-04"
"26-09-12 12:09:44.412","+9.9009901E-05"
"26-09-12 12:09:45.126","-6.4356436E-04"
"26-09-12 12:09:46.029","+4.6410891E-04"
"26-09-12 12:09:46.744","+1.2995050E-04"
"26-09-12 12:09:47.642","-2.7227723E-04"
"26-09-12 12:09:48.355","-4.5173267E-04"
"26-09-12 12:09:49.252","-3.2178218E-04"
"26-09-12 12:09:49.966","+1.5470297E-04"
"26-09-12 12:09:50.871","-3.4034653E-04"
"26-09-12 12:09:51.586","+4.9504950E-04"
"26-09-12 12:09:52.482","-2.6608911E-04"
"26-09-12 12:09:53.197","-5.8787129E-04"
"26-09-12 12:09:54.110","-3.9603960E-04"
"26-09-12 12:09:54.824","+1.6089109E-04"
"26-09-12 12:09:55.721","-1.2376238E-04"
"26-09-12 12:09:56.437","-3.4653465E-04"
"26-09-12 12:09:57.332","+1.8564356E-05"
"26-09-12 12:09:58.047","-8.0445545E-04"
"26-09-12 12:09:59.195","+3.2178218E-04"
"26-09-12 12:09:59.909","-3.7128713E-05"
"26-09-12 12:10:00.802","+1.0519802E-04"
"26-09-12 12:10:01.519","+6.3737624E-04"
"26-09-12 12:10:02.412","+1.7945545E-04"
"26-09-12 12:10:03.126","-3.2178218E-04"
"26-09-12 12:10:03.840","+5.1980198E-04"
"26-09-12 12:10:04.741","+3.7128713E-04"
"26-09-12 12:10:05.460","+5.3836634E-04"
"26-09-12 12:10:06.351","-3.9603960E-04"
"26-09-12 12:10:07.066","+1.2376238E-04"
"26-09-12 12:10:07.973","-4.5173267E-04"
"26-09-12 12:10:08.688","-5.8787129E-04"
"26-09-12 12:10:09.584","+5.0742574E-04"
"26-09-12 12:10:10.299","-3.1559406E-04"
"26-09-12 12:10:11.194","+1.5470297E-04"
"26-09-12 12:10:11.911","-4.2698020E-04"
"26-09-12 12:10:12.805","+2.7227723E-04"
"26-09-12 12:10:13.520","-2.1039604E-04"
"26-09-12 12:10:14.416","-1.3613861E-04"
"26-09-12 12:10:15.133","-3.6509901E-04"
"26-09-12 12:10:16.024","+1.6089109E-04"
"26-09-12 12:10:16.738","+2.8465347E-04"
"26-09-12 12:10:17.636","-1.0519802E-04"
"26-09-12 12:10:18.350","-2.9084158E-04"
"26-09-12 12:10:19.247","+3.0940594E-04"
"26-09-12 12:10:19.963","-1.2995050E-04"
"26-09-12 12:10:20.876","+1.1757426E-04"
"26-09-12 12:10:21.591","+5.1361386E-04"
"26-09-12 12:10:22.485","+1.2995050E-04"
"26-09-12 12:10:23.200","-6.5594059E-04"
"26-09-12 12:10:24.107","+1.2376238E-04"
"26-09-12 12:10:24.822","+1.0519802E-04"
"26-09-12 12:10:25.715","-6.1881188E-04"
"26-09-12 12:10:26.430","+1.6707921E-04"
"26-09-12 12:10:27.325","-1.3613861E-04"
"26-09-12 12:10:28.040","-3.7128713E-05"
"26-09-12 12:10:28.937","-4.0222772E-04"
"26-09-12 12:10:29.650","-6.6212871E-04"
"26-09-12 12:10:30.546","-6.4356436E-04"
"26-09-12 12:10:31.262","-6.4356436E-04"
"26-09-12 12:10:32.158","+1.0519802E-04"
"26-09-12 12:10:32.871","+5.9405941E-04"
"26-09-12 12:10:33.778","-2.4752475E-05"
"26-09-12 12:10:34.492","+1.1757426E-04"
"26-09-12 12:10:35.398","+1.3613861E-04"
"26-09-12 12:10:36.118","-1.1757426E-04"
"26-09-12 12:10:37.011","-7.4257426E-05"
"26-09-12 12:10:37.726","-3.2797030E-04"
"26-09-12 12:10:38.630","+4.5173267E-04"
"26-09-12 12:10:39.344","-2.1658416E-04"
"26-09-12 12:10:40.249","+2.6608911E-04"
"26-09-12 12:10:40.964","-2.4752475E-05"
"26-09-12 12:10:41.860","-6.8069307E-05"
"26-09-12 12:10:42.574","-3.8366337E-04"
"26-09-12 12:10:43.482","+7.1782178E-04"
"26-09-12 12:10:44.196","-3.0940594E-04"
"26-09-12 12:10:45.102","-3.5891089E-04"
"26-09-12 12:10:45.815","-2.5990099E-04"
"26-09-12 12:10:46.721","+0.0000000E+00"
"26-09-12 12:10:47.435","+4.3935644E-04"
"26-09-12 12:10:48.341","-6.1881188E-05"
"26-09-12 12:10:49.055","-1.5470297E-04"
"26-09-12 12:10:49.950","-2.0420792E-04"
"26-09-12 12:10:50.667","+3.2178218E-04"
"26-09-12 12:10:51.562","-4.3316832E-04"
"26-09-12 12:10:52.276","+3.2178218E-04"
"26-09-12 12:10:53.180","-4.4554455E-04"
"26-09-12 12:10:53.898","-6.4356436E-04"
"26-09-12 12:10:54.789","-1.1138614E-04"
"26-09-12 12:10:55.504","-2.5371287E-04"
"26-09-12 12:10:56.401","+2.1658416E-04"
"26-09-12 12:10:57.116","-2.9702970E-04"
"26-09-12 12:10:58.012","-6.1881188E-06"
"26-09-12 12:10:58.727","+3.8366337E-04"
"26-09-12 12:10:59.623","-5.5693069E-04"
"26-09-12 12:11:00.336","-3.7747525E-04"
"26-09-12 12:11:01.231","-5.3836634E-04"
"26-09-12 12:11:01.945","-2.7227723E-04"
"26-09-12 12:11:02.862","-4.5792079E-04"
"26-09-12 12:11:03.576","-1.8564356E-04"
"26-09-12 12:11:04.472","-3.1559406E-04"
"26-09-12 12:11:05.406","+3.0940594E-05"
"26-09-12 12:11:06.119","+2.2277228E-04"
"26-09-12 12:11:07.022","-4.9504950E-04"
"26-09-12 12:11:07.741","-5.5693069E-05"
"26-09-12 12:11:08.632","+2.7846535E-04"
"26-09-12 12:11:09.347","+8.6633663E-05"
"26-09-12 12:11:10.243","-4.2698020E-04"
"26-09-12 12:11:10.958","+3.0940594E-04"
"26-09-12 12:11:11.850","-3.0321782E-04"
"26-09-12 12:11:12.567","+4.8267327E-04"
"26-09-12 12:11:13.465","-1.5470297E-04"
"26-09-12 12:11:14.180","+1.9183168E-04"
"26-09-12 12:11:15.073","-1.3613861E-04"
"26-09-12 12:11:15.786","-5.7549505E-04"
"26-09-12 12:11:16.693","-3.5272277E-04"
"26-09-12 12:11:17.407","-2.2896040E-04"
"26-09-12 12:11:18.305","-8.6633663E-05"
"26-09-12 12:11:19.019","-3.4034653E-04"
"26-09-12 12:11:19.915","+4.6410891E-04"
"26-09-12 12:11:20.629","-1.5470297E-04"
"26-09-12 12:11:21.524","+3.0940594E-04"
"26-09-12 12:11:22.238","-4.2698020E-04"
"26-09-12 12:11:22.951","-2.9084158E-04"
"26-09-12 12:11:23.845","+7.1782178E-04"
"26-09-12 12:11:24.559","+3.0940594E-05"
"26-09-12 12:11:25.454","-2.7227723E-04"
"26-09-12 12:11:26.169","+4.7029703E-04"
"26-09-12 12:11:27.063","-2.8465347E-04"
"26-09-12 12:11:27.778","-8.6633663E-05"
"26-09-12 12:11:28.676","-4.8886139E-04"
"26-09-12 12:11:29.389","+2.4752475E-04"
"26-09-12 12:11:30.287","-3.0321782E-04"
"26-09-12 12:11:31.001","+1.4851485E-04"
"26-09-12 12:11:31.900","-5.1361386E-04"
"26-09-12 12:11:32.615","-1.1138614E-04"
"26-09-12 12:11:33.520","+2.4752475E-05"
"26-09-12 12:11:34.235","-7.4876238E-04"
"26-09-12 12:11:35.139","-2.4752475E-05"
"26-09-12 12:11:35.853","-1.1138614E-04"
"26-09-12 12:11:36.756","-2.5990099E-04"
"26-09-12 12:11:37.471","+5.3217822E-04"
"26-09-12 12:11:38.367","-1.7945545E-04"
"26-09-12 12:11:39.082","-1.1200495E-03"
"26-09-12 12:11:39.978","-2.1039604E-04"
"26-09-12 12:11:40.693","-3.8366337E-04"
"26-09-12 12:11:41.594","-2.4133663E-04"
"26-09-12 12:11:42.310","-2.5371287E-04"
"26-09-12 12:11:43.217","-1.1881188E-03"
"26-09-12 12:11:43.937","-1.6707921E-04"
"26-09-12 12:11:44.830","+8.6633663E-05"
"26-09-12 12:11:45.543","-2.4752475E-04"
"26-09-12 12:11:46.449","+1.6707921E-04"
"26-09-12 12:11:47.164","+1.0519802E-04"
"26-09-12 12:11:48.060","-1.1138614E-04"
"26-09-12 12:11:48.774","-1.8564356E-05"
"26-09-12 12:11:49.671","-5.3836634E-04"
"26-09-12 12:11:50.384","-4.3935644E-04"
"26-09-12 12:11:51.285","-2.7227723E-04"
"26-09-12 12:11:51.998","+5.9405941E-04"
"26-09-12 12:11:52.900","+5.6930693E-04"
"26-09-12 12:11:53.615","+2.4752475E-05"
"26-09-12 12:11:54.512","-5.9405941E-04"
"26-09-12 12:11:55.226","+3.7128713E-05"
"26-09-12 12:11:56.140","+1.2995050E-04"
"26-09-12 12:11:56.853","-2.3514851E-04"
"26-09-12 12:11:57.751","-7.4257426E-04"
"26-09-12 12:11:58.466","-6.6212871E-04"
"26-09-12 12:11:59.361","-3.2797030E-04"
"26-09-12 12:12:00.076","+6.4356436E-04"
"26-09-12 12:12:00.972","+4.2079208E-04"
"26-09-12 12:12:01.688","+4.3316832E-05"
"26-09-12 12:12:02.592","+4.1460396E-04"
"26-09-12 12:12:03.307","+1.9801980E-04"
"26-09-12 12:12:04.210","+4.4554455E-04"
"26-09-12 12:12:04.924","-9.0965347E-04"
"26-09-12 12:12:05.821","-1.1138614E-04"
"26-09-12 12:12:06.536","-1.1757426E-04"
"26-09-12 12:12:07.432","-2.8465347E-04"
"26-09-12 12:12:08.145","+1.2995050E-04"
"26-09-12 12:12:09.052","-4.8267327E-04"
"26-09-12 12:12:09.769","+6.1881188E-05"
"26-09-12 12:12:10.674","-2.6608911E-04"
"26-09-12 12:12:11.608","+2.4133663E-04"
"26-09-12 12:12:12.323","-3.9603960E-04"
"26-09-12 12:12:13.222","-4.1460396E-04"
"26-09-12 12:12:13.937","-6.8688119E-04"
"26-09-12 12:12:14.833","-2.7846535E-04"
"26-09-12 12:12:15.547","-8.0445545E-05"
"26-09-12 12:12:16.442","-6.3737624E-04"
"26-09-12 12:12:17.161","+5.4455446E-04"
"26-09-12 12:12:18.052","-4.3316832E-05"
"26-09-12 12:12:18.767","-1.4851485E-04"
"26-09-12 12:12:19.664","+5.6311881E-04"
"26-09-12 12:12:20.379","-6.1881188E-06"
"26-09-12 12:12:21.277","-2.8465347E-04"
"26-09-12 12:12:21.992","-4.5173267E-04"
"26-09-12 12:12:22.896","-1.8564356E-05"
"26-09-12 12:12:23.612","-3.2178218E-04"
"26-09-12 12:12:24.515","-4.4554455E-04"
"26-09-12 12:12:25.229","-4.1460396E-04"
"26-09-12 12:12:26.127","-1.1757426E-04"
"26-09-12 12:12:26.842","-1.7326733E-04"
"26-09-12 12:12:27.734","-4.2698020E-04"
"26-09-12 12:12:28.449","-5.8168317E-04"
"26-09-12 12:12:29.347","-2.2277228E-04"
"26-09-12 12:12:30.062","+5.1361386E-04"
"26-09-12 12:12:30.971","-9.2821782E-05"
"26-09-12 12:12:31.690","-4.2079208E-04"
"26-09-12 12:12:32.589","+2.7227723E-04"
"26-09-12 12:12:33.302","-6.1881188E-06"
"26-09-12 12:12:34.209","+3.0940594E-05"
"26-09-12 12:12:34.922","+2.9084158E-04"
"26-09-12 12:12:35.816","+4.3316832E-05"
"26-09-12 12:12:36.531","-5.2599010E-04"
"26-09-12 12:12:37.437","-2.7227723E-04"
"26-09-12 12:12:38.151","-1.6707921E-04"
"26-09-12 12:12:39.048","-2.4752475E-05"
"26-09-12 12:12:39.767","+0.0000000E+00"
"26-09-12 12:12:40.691","-6.1881188E-04"
"26-09-12 12:12:41.404","-1.2376238E-05"
"26-09-12 12:12:42.309","-1.9183168E-04"
"26-09-12 12:12:43.024","+4.9504950E-05"
"26-09-12 12:12:43.920","+3.5272277E-04"
"26-09-12 12:12:44.634","-7.3019802E-04"
"26-09-12 12:12:45.539","+3.7128713E-04"
"26-09-12 12:12:46.255","-4.9504950E-04"
"26-09-12 12:12:47.149","-1.6707921E-04"
"26-09-12 12:12:47.864","-3.3415842E-04"
"26-09-12 12:12:48.759","-1.6089109E-04"
"26-09-12 12:12:49.473","-9.2202970E-04"
"26-09-12 12:12:50.371","-1.4851485E-04"
"26-09-12 12:12:51.085","+4.9504950E-05"
"26-09-12 12:12:51.988","-1.1138614E-04"
"26-09-12 12:12:52.703","+1.9801980E-04"
"26-09-12 12:12:53.601","+3.0321782E-04"
"26-09-12 12:12:54.315","-2.4752475E-04"
"26-09-12 12:12:55.212","+1.8564356E-04"
"26-09-12 12:12:55.927","-7.1782178E-04"
"26-09-12 12:12:56.833","-1.9801980E-04"
"26-09-12 12:12:57.548","-6.1881188E-04"
"26-09-12 12:12:58.452","-1.4232673E-04"
"26-09-12 12:12:59.166","+2.2896040E-04"
"26-09-12 12:13:00.069","-6.9306931E-04"
"26-09-12 12:13:00.783","+2.1658416E-04"
"26-09-12 12:13:01.680","+2.4133663E-04"
"26-09-12 12:13:02.395","-4.2079208E-04"
"26-09-12 12:13:03.292","-1.1138614E-04"
"26-09-12 12:13:04.007","-6.1881188E-06"
"26-09-12 12:13:04.911","-4.3316832E-05"
"26-09-12 12:13:05.625","+6.1881188E-05"
"26-09-12 12:13:06.521","+5.5693069E-04"
"26-09-12 12:13:07.235","-2.3514851E-04"
"26-09-12 12:13:08.132","+1.7945545E-04"
"26-09-12 12:13:08.850","-3.7747525E-04"
"26-09-12 12:13:09.743","+9.9009901E-05"
"26-09-12 12:13:10.457","-1.6089109E-04"
"26-09-12 12:13:11.362","-3.4653465E-04"
"26-09-12 12:13:12.079","+1.2376238E-04"
"26-09-12 12:13:12.972","+4.8886139E-04"
"26-09-12 12:13:13.686","+3.3415842E-04"
"26-09-12 12:13:14.583","+3.7128713E-04"
"26-09-12 12:13:15.298","-1.9183168E-04"
"26-09-12 12:13:16.194","-2.8465347E-04"
"26-09-12 12:13:16.909","-4.2079208E-04"
"26-09-12 12:13:18.068","-6.1881188E-06"
"26-09-12 12:13:18.783","-3.2797030E-04"
"26-09-12 12:13:19.683","-9.7772277E-04"
"26-09-12 12:13:20.397","-1.9183168E-04"
"26-09-12 12:13:21.303","-7.2400990E-04"
"26-09-12 12:13:22.018","-1.7945545E-04"
"26-09-12 12:13:22.913","+5.2599010E-04"
"26-09-12 12:13:23.632","-1.1138614E-04"
"26-09-12 12:13:24.525","+3.2178218E-04"
"26-09-12 12:13:25.240","-3.0940594E-05"
"26-09-12 12:13:26.146","-1.6089109E-04"
"26-09-12 12:13:26.860","+3.1559406E-04"
"26-09-12 12:13:27.765","-4.3316832E-04"
"26-09-12 12:13:28.479","-8.0445545E-05"
"26-09-12 12:13:29.376","-1.4851485E-04"
"26-09-12 12:13:30.091","+3.6509901E-04"
"26-09-12 12:13:30.997","-5.8168317E-04"
"26-09-12 12:13:31.712","+2.1039604E-04"
"26-09-12 12:13:32.624","+6.1262376E-04"
"26-09-12 12:13:33.338","+6.2500000E-04"
"26-09-12 12:13:34.237","-2.2277228E-04"
"26-09-12 12:13:34.951","+1.9183168E-04"
"26-09-12 12:13:35.848","-2.3514851E-04"
"26-09-12 12:13:36.564","-1.1138614E-04"
"26-09-12 12:13:37.456","+4.0222772E-04"
"26-09-12 12:13:38.170","+9.9009901E-05"
"26-09-12 12:13:39.066","-4.6410891E-04"
"26-09-12 12:13:39.781","+2.4752475E-05"
"26-09-12 12:13:40.675","+2.5371287E-04"
"26-09-12 12:13:41.390","+1.6707921E-04"
"26-09-12 12:13:42.288","-8.1683168E-04"
"26-09-12 12:13:43.003","+3.5272277E-04"
"26-09-12 12:13:43.899","-3.6509901E-04"
"26-09-12 12:13:44.613","+1.1757426E-04"
"26-09-12 12:13:45.519","+5.2599010E-04"
"26-09-12 12:13:46.233","-1.8564356E-05"
"26-09-12 12:13:47.127","-2.7846535E-04"
"26-09-12 12:13:47.841","+4.3316832E-05"
"26-09-12 12:13:48.739","-3.7747525E-04"
"26-09-12 12:13:49.453","-5.5693069E-05"
"26-09-12 12:13:50.363","-7.7970297E-04"
"26-09-12 12:13:51.077","-2.3514851E-04"
"26-09-12 12:13:51.981","+1.1138614E-04"
"26-09-12 12:13:52.695","+3.2797030E-04"
"26-09-12 12:13:53.590","+1.7326733E-04"
"26-09-12 12:13:54.304","+2.1039604E-04"
"26-09-12 12:13:55.199","+1.2995050E-04"
"26-09-12 12:13:55.915","-1.1138614E-03"
"26-09-12 12:13:56.812","+1.8564356E-05"
"26-09-12 12:13:57.527","-4.8886139E-04"
"26-09-12 12:13:58.431","-1.1138614E-04"
"26-09-12 12:13:59.145","-1.5470297E-04"
"26-09-12 12:14:00.091","-3.8366337E-04"
"26-09-12 12:14:00.806","+1.3613861E-04"
"26-09-12 12:14:01.701","+7.8589109E-04"
"26-09-12 12:14:02.415","+2.4752475E-04"
"26-09-12 12:14:03.312","-1.8564356E-05"
"26-09-12 12:14:04.026","-2.5371287E-04"
"26-09-12 12:14:04.931","+3.9603960E-04"
"26-09-12 12:14:05.647","-1.4851485E-04"
"26-09-12 12:14:06.541","+4.4554455E-04"
"26-09-12 12:14:07.256","-1.0581683E-03"
"26-09-12 12:14:08.152","-4.0222772E-04"
"26-09-12 12:14:08.869","-1.2376238E-04"
"26-09-12 12:14:09.765","-4.2698020E-04"
"26-09-12 12:14:10.480","+6.8069307E-05"
"26-09-12 12:14:11.384","+1.9183168E-04"
"26-09-12 12:14:12.098","+3.4653465E-04"
"26-09-12 12:14:13.013","-1.8564356E-05"
"26-09-12 12:14:13.728","+4.0222772E-04"
"26-09-12 12:14:14.623","+5.3217822E-04"
"26-09-12 12:14:15.337","+2.4752475E-05"
"26-09-12 12:14:16.234","-6.8069307E-04"
"26-09-12 12:14:16.950","+6.8069307E-05"
"26-09-12 12:14:17.853","-4.3316832E-05"
"26-09-12 12:14:18.570","-1.4232673E-04"
"26-09-12 12:14:19.468","-5.6311881E-04"
"26-09-12 12:14:20.183","+3.4034653E-04"
"26-09-12 12:14:21.083","-6.1881188E-04"
"26-09-12 12:14:21.800","-5.5693069E-05"
"26-09-12 12:14:22.692","-4.4554455E-04"
"26-09-12 12:14:23.407","-2.4752475E-05"
"26-09-12 12:14:24.551","+2.5990099E-04"
"26-09-12 12:14:25.266","-1.5470297E-04"
"26-09-12 12:14:26.173","-8.4777228E-04"
"26-09-12 12:14:26.888","+2.5371287E-04"
"26-09-12 12:14:27.785","+9.9009901E-05"
"26-09-12 12:14:28.503","-5.8787129E-04"
"26-09-12 12:14:29.399","+3.6509901E-04"
"26-09-12 12:14:30.113","-1.9183168E-04"
"26-09-12 12:14:31.018","+3.5272277E-04"
"26-09-12 12:14:31.732","-4.5173267E-04"
"26-09-12 12:14:32.626","-5.8787129E-04"
"26-09-12 12:14:33.340","-2.2277228E-04"
"26-09-12 12:14:34.236","+5.1980198E-04"
"26-09-12 12:14:34.951","+6.4975248E-04"
"26-09-12 12:14:35.847","-1.2376238E-05"
"26-09-12 12:14:36.562","+3.0940594E-05"
"26-09-12 12:14:37.457","+4.0841584E-04"
"26-09-12 12:14:38.170","+2.8465347E-04"
"26-09-12 12:14:39.067","-5.9405941E-04"
"26-09-12 12:14:39.785","+2.2277228E-04"
"26-09-12 12:14:40.696","-4.2698020E-04"
"26-09-12 12:14:41.410","+9.9009901E-05"
"26-09-12 12:14:42.308","-1.2376238E-04"
"26-09-12 12:14:43.022","-1.4851485E-04"
"26-09-12 12:14:43.917","-7.4257426E-05"
"26-09-12 12:14:44.632","+6.1881188E-06"
"26-09-12 12:14:45.527","-7.0544554E-04"
"26-09-12 12:14:46.241","-4.9504950E-04"
"26-09-12 12:14:47.140","-4.6410891E-04"
"26-09-12 12:14:47.853","+3.4034653E-04"
"26-09-12 12:14:48.757","-3.4653465E-04"
"26-09-12 12:14:49.472","+2.4752475E-04"
"26-09-12 12:14:50.379","-3.9603960E-04"
"26-09-12 12:14:51.093","+4.3935644E-04"
"26-09-12 12:14:52.000","-1.8564356E-04"
"26-09-12 12:14:52.714","-9.9009901E-05"
"26-09-12 12:14:53.628","-5.7549505E-04"
"26-09-12 12:14:54.342","-2.3514851E-04"
"26-09-12 12:14:55.240","-1.1138614E-04"
"26-09-12 12:14:55.954","-6.1881188E-05"
"26-09-12 12:14:56.850","+6.0643564E-04"
"26-09-12 12:14:57.565","-2.0420792E-04"
"26-09-12 12:14:58.471","-3.4034653E-04"
"26-09-12 12:14:59.184","+1.0519802E-04"
"26-09-12 12:15:00.088","+2.6608911E-04"
"26-09-12 12:15:00.802","-2.4752475E-05"
"26-09-12 12:15:01.701","-6.1881188E-05"
"26-09-12 12:15:02.417","+2.6608911E-04"
"26-09-12 12:15:03.311","-2.5371287E-04"
"26-09-12 12:15:04.026","-5.5693069E-05"
"26-09-12 12:15:04.922","+2.4752475E-05"
"26-09-12 12:15:05.636","+2.8465347E-04"
"26-09-12 12:15:06.541","-7.9207921E-04"
"26-09-12 12:15:07.255","+2.1039604E-04"
"26-09-12 12:15:08.161","+4.8886139E-04"
"26-09-12 12:15:08.876","-7.4876238E-04"
"26-09-12 12:15:09.782","+2.4752475E-05"
"26-09-12 12:15:10.497","-4.7029703E-04"
"26-09-12 12:15:11.392","+1.2995050E-04"
"26-09-12 12:15:12.107","+3.4034653E-04"
"26-09-12 12:15:13.001","+3.0940594E-04"
"26-09-12 12:15:13.716","-3.0940594E-05"
"26-09-12 12:15:14.611","+0.0000000E+00"
"26-09-12 12:15:15.326","+4.9504950E-05"
"26-09-12 12:15:16.223","-9.2821782E-05"
"26-09-12 12:15:16.936","-6.4356436E-04"
"26-09-12 12:15:17.835","+1.0519802E-04"
"26-09-12 12:15:18.550","-4.3316832E-05"
"26-09-12 12:15:19.263","-1.2995050E-04"
"26-09-12 12:15:20.163","+2.3514851E-04"
"26-09-12 12:15:20.880","+4.9504950E-05"
"26-09-12 12:15:21.773","+1.5470297E-04"
"26-09-12 12:15:22.487","+1.2376238E-04"
"26-09-12 12:15:23.381","-3.5272277E-04"
"26-09-12 12:15:24.096","-2.5371287E-04"
"26-09-12 12:15:24.993","-6.8688119E-04"
"26-09-12 12:15:25.708","+3.3415842E-04"
"26-09-12 12:15:26.603","-1.3428218E-03"
"26-09-12 12:15:27.319","-1.1138614E-04"
"26-09-12 12:15:28.214","-2.4133663E-04"
"26-09-12 12:15:28.931","-6.0643564E-04"
"26-09-12 12:15:29.835","-3.2797030E-04"
"26-09-12 12:15:30.768","-3.2178218E-04"
"26-09-12 12:15:31.481","-7.6113861E-04"
"26-09-12 12:15:32.384","+8.6633663E-05"
"26-09-12 12:15:33.100","-7.9826733E-04"
"26-09-12 12:15:34.003","-1.9183168E-04"
"26-09-12 12:15:34.717","+3.2797030E-04"
"26-09-12 12:15:35.616","-2.6608911E-04"
"26-09-12 12:15:36.330","-1.7945545E-04"
"26-09-12 12:15:37.227","+6.1881188E-06"
"26-09-12 12:15:37.941","+5.3217822E-04"
"26-09-12 12:15:38.839","-4.4554455E-04"
"26-09-12 12:15:39.554","-3.6509901E-04"
"26-09-12 12:15:40.445","+4.9504950E-05"
"26-09-12 12:15:41.160","+0.0000000E+00"
"26-09-12 12:15:42.056","-1.3613861E-04"
"26-09-12 12:15:42.773","-1.8564356E-05"
"26-09-12 12:15:43.665","-6.6212871E-04"
"26-09-12 12:15:44.380","-5.8787129E-04"
"26-09-12 12:15:45.278","-6.1881188E-06"
"26-09-12 12:15:45.992","-5.6930693E-04"
"26-09-12 12:15:46.889","-8.6633663E-05"
"26-09-12 12:15:47.604","+2.1039604E-04"
"26-09-12 12:15:48.520","+2.5371287E-04"
"26-09-12 12:15:49.235","-1.5470297E-04"
"26-09-12 12:15:50.138","+1.9183168E-04"
"26-09-12 12:15:50.853","-4.9504950E-05"
"26-09-12 12:15:51.749","-1.2995050E-04"
"26-09-12 12:15:52.462","+6.5594059E-04"
"26-09-12 12:15:53.357","-5.6930693E-04"
"26-09-12 12:15:54.074","-6.1881188E-05"
"26-09-12 12:15:54.968","+2.4133663E-04"
"26-09-12 12:15:55.681","+6.1881188E-05"
"26-09-12 12:15:56.580","-2.5990099E-04"
"26-09-12 12:15:57.294","+5.2599010E-04"
"26-09-12 12:15:58.202","+6.4975248E-04"
"26-09-12 12:15:58.917","-3.2797030E-04"
"26-09-12 12:15:59.819","-8.6633663E-05"
"26-09-12 12:16:00.533","-5.5074257E-04"
"26-09-12 12:16:01.437","-8.9108911E-04"
"26-09-12 12:16:02.150","+1.0519802E-04"
"26-09-12 12:16:03.052","-4.5173267E-04"
"26-09-12 12:16:03.766","+2.8465347E-04"
"26-09-12 12:16:04.671","-4.9504950E-05"
"26-09-12 12:16:05.385","+3.7747525E-04"
"26-09-12 12:16:06.290","-4.3935644E-04"
"26-09-12 12:16:07.005","-3.5272277E-04"
"26-09-12 12:16:07.905","+2.7846535E-04"
"26-09-12 12:16:08.620","-4.3316832E-04"
"26-09-12 12:16:09.521","+6.8069307E-05"
"26-09-12 12:16:10.236","-5.5074257E-04"
"26-09-12 12:16:11.132","-5.5074257E-04"
"26-09-12 12:16:11.846","-1.8564356E-05"
"26-09-12 12:16:12.751","-4.5173267E-04"
"26-09-12 12:16:13.466","-3.6509901E-04"
"26-09-12 12:16:14.362","-4.2698020E-04"
"26-09-12 12:16:15.076","-5.4455446E-04"
"26-09-12 12:16:15.981","+8.6633663E-05"
"26-09-12 12:16:16.696","+2.8465347E-04"
"26-09-12 12:16:17.592","-6.6212871E-04"
"26-09-12 12:16:18.307","+0.0000000E+00"
"26-09-12 12:16:19.201","-1.6707921E-04"
"26-09-12 12:16:19.916","+1.1138614E-04"
"26-09-12 12:16:20.813","+2.9084158E-04"
"26-09-12 12:16:21.527","+4.3316832E-05"
"26-09-12 12:16:22.421","+4.8886139E-04"
"26-09-12 12:16:23.138","+3.0321782E-04"
"26-09-12 12:16:24.033","+1.2376238E-05"
"26-09-12 12:16:24.747","-4.2079208E-04"
"26-09-12 12:16:25.644","+5.6311881E-04"
"26-09-12 12:16:26.360","+1.8564356E-05"
"26-09-12 12:16:27.253","+3.5891089E-04"
"26-09-12 12:16:27.967","-2.4133663E-04"
"26-09-12 12:16:28.882","-7.4876238E-04"
"26-09-12 12:16:29.595","-1.5470297E-04"
"26-09-12 12:16:30.495","+5.5074257E-04"
"26-09-12 12:16:31.209","+8.6633663E-05"
"26-09-12 12:16:32.104","+2.3514851E-04"
"26-09-12 12:16:32.819","-2.4752475E-04"
"26-09-12 12:16:33.725","-1.2376238E-05"
"26-09-12 12:16:34.442","-1.2376238E-05"
"26-09-12 12:16:35.336","+2.4752475E-05"
"26-09-12 12:16:36.049","-2.4133663E-04"
"26-09-12 12:16:37.201","+6.8069307E-04"
"26-09-12 12:16:37.918","-2.7846535E-04"
"26-09-12 12:16:38.631","-6.2500000E-04"
"26-09-12 12:16:39.535","-2.5990099E-04"
"26-09-12 12:16:40.248","-1.9801980E-04"
"26-09-12 12:16:41.146","+6.8069307E-05"
"26-09-12 12:16:41.859","+2.1658416E-04"
"26-09-12 12:16:42.764","+5.5693069E-05"
"26-09-12 12:16:43.481","-5.2599010E-04"
"26-09-12 12:16:44.377","+2.8465347E-04"
"26-09-12 12:16:45.091","+3.0940594E-05"
"26-09-12 12:16:45.986","-9.2821782E-05"
"26-09-12 12:16:46.700","-4.2079208E-04"
"26-09-12 12:16:47.602","+8.6633663E-05"
"26-09-12 12:16:48.316","-2.0420792E-04"
"26-09-12 12:16:49.217","-5.3836634E-04"
"26-09-12 12:16:49.932","+4.2698020E-04"
"26-09-12 12:16:50.827","+4.4554455E-04"
"26-09-12 12:16:51.541","-3.3415842E-04"
"26-09-12 12:16:52.437","-2.4752475E-04"
"26-09-12 12:16:53.152","+2.4752475E-04"
"26-09-12 12:16:54.047","-3.7128713E-04"
"26-09-12 12:16:54.762","-2.9084158E-04"
"26-09-12 12:16:55.668","+4.6410891E-04"
"26-09-12 12:16:56.382","-6.8069307E-05"
"26-09-12 12:16:57.283","-2.6608911E-04"
"26-09-12 12:16:57.996","-3.2797030E-04"
"26-09-12 12:16:58.899","-1.1757426E-04"
"26-09-12 12:16:59.614","+4.1460396E-04"
"26-09-12 12:17:00.508","-6.3118812E-04"
"26-09-12 12:17:01.222","-2.7846535E-04"
"26-09-12 12:17:02.120","-1.4851485E-04"
"26-09-12 12:17:02.839","-3.5891089E-04"
"26-09-12 12:17:03.728","+1.4232673E-04"
"26-09-12 12:17:04.442","+5.4455446E-04"
"26-09-12 12:17:05.339","-2.0420792E-04"
"26-09-12 12:17:06.054","-6.4975248E-04"
"26-09-12 12:17:06.952","+2.4133663E-04"
"26-09-12 12:17:07.668","-3.2797030E-04"
"26-09-12 12:17:08.571","+7.0544554E-04"
"26-09-12 12:17:09.287","+0.0000000E+00"
"26-09-12 12:17:10.190","+6.1881188E-05"
"26-09-12 12:17:10.904","-6.3118812E-04"
"26-09-12 12:17:11.800","-4.5792079E-04"
"26-09-12 12:17:12.515","-2.1658416E-04"
"26-09-12 12:17:13.412","-4.7648515E-04"
"26-09-12 12:17:14.127","-1.2376238E-04"
"26-09-12 12:17:15.021","-1.2376238E-05"
"26-09-12 12:17:15.738","+8.5396040E-04"
"26-09-12 12:17:16.631","+2.4133663E-04"
"26-09-12 12:17:17.345","-4.5173267E-04"
"26-09-12 12:17:18.251","-2.9084158E-04"
"26-09-12 12:17:18.968","+3.5891089E-04"
"26-09-12 12:17:19.860","+4.2698020E-04"
"26-09-12 12:17:20.574","+1.9801980E-04"
"26-09-12 12:17:21.472","+3.2797030E-04"
"26-09-12 12:17:22.187","-1.2376238E-04"
"26-09-12 12:17:23.091","-4.4554455E-04"
"26-09-12 12:17:23.806","+8.0445545E-05"
"26-09-12 12:17:24.701","+1.2376238E-04"
"26-09-12 12:17:25.416","-4.9504950E-05"
"26-09-12 12:17:26.310","-1.9183168E-04"
"26-09-12 12:17:27.025","+1.7945545E-04"
"26-09-12 12:17:27.923","-3.5272277E-04"
"26-09-12 12:17:28.637","+1.1138614E-04"
"26-09-12 12:17:29.534","-4.5173267E-04"
"26-09-12 12:17:30.249","-7.1163366E-04"
"26-09-12 12:17:31.145","-1.7945545E-04"
"26-09-12 12:17:31.859","+5.5693069E-04"
"26-09-12 12:17:32.764","-3.2178218E-04"
"26-09-12 12:17:33.479","-5.5074257E-04"
"26-09-12 12:17:34.372","-2.4752475E-04"
"26-09-12 12:17:35.086","-1.0272277E-03"
"26-09-12 12:17:35.987","-3.8366337E-04"
"26-09-12 12:17:36.700","+0.0000000E+00"
"26-09-12 12:17:37.615","-3.1559406E-04"
"26-09-12 12:17:38.329","-3.4653465E-04"
"26-09-12 12:17:39.236","-8.6633663E-05"
"26-09-12 12:17:39.950","+6.8069307E-05"
"26-09-12 12:17:40.845","-4.3316832E-05"
"26-09-12 12:17:41.559","-1.1757426E-04"
"26-09-12 12:17:42.456","+1.4851485E-04"
"26-09-12 12:17:43.385","+2.2896040E-04"
"26-09-12 12:17:44.100","+3.9603960E-04"
"26-09-12 12:17:44.995","+1.4232673E-04"
"26-09-12 12:17:45.710","-2.5990099E-04"
"26-09-12 12:17:46.609","-1.9183168E-04"
"26-09-12 12:17:47.323","-9.2821782E-05"
"26-09-12 12:17:48.214","+1.2995050E-04"
"26-09-12 12:17:48.928","-6.4356436E-04"
"26-09-12 12:17:49.827","+2.9702970E-04"
"26-09-12 12:17:50.542","-1.2376238E-05"
"26-09-12 12:17:51.446","+7.4257426E-05"
"26-09-12 12:17:52.160","+2.2277228E-04"
"26-09-12 12:17:53.056","+6.6212871E-04"
"26-09-12 12:17:53.770","-2.5371287E-04"
"26-09-12 12:17:54.667","+3.5891089E-04"
"26-09-12 12:17:55.381","+1.7945545E-04"
"26-09-12 12:17:56.310","-7.7970297E-04"
"26-09-12 12:17:57.024","-1.2995050E-04"
"26-09-12 12:17:57.927","+2.7227723E-04"
"26-09-12 12:17:58.644","-5.4455446E-04"
"26-09-12 12:17:59.536","-3.0940594E-04"
"26-09-12 12:18:00.250","-1.6707921E-04"
"26-09-12 12:18:01.149","+1.2995050E-04"
"26-09-12 12:18:01.866","-1.8564356E-05"
"26-09-12 12:18:02.758","-3.9603960E-04"
"26-09-12 12:18:03.472","-3.8985149E-04"
"26-09-12 12:18:04.378","-2.5371287E-04"
"26-09-12 12:18:05.094","-3.6509901E-04"
"26-09-12 12:18:05.990","-2.1658416E-04"
"26-09-12 12:18:06.704","-1.0519802E-04"
"26-09-12 12:18:07.608","-2.1039604E-04"
"26-09-12 12:18:08.323","-1.2995050E-04"
"26-09-12 12:18:09.229","+4.9504950E-05"
"26-09-12 12:18:09.947","-2.8465347E-04"
"26-09-12 12:18:10.841","-1.5470297E-04"
"26-09-12 12:18:11.556","+4.9504950E-05"
"26-09-12 12:18:12.449","-3.7128713E-05"
"26-09-12 12:18:13.163","+4.3316832E-04"
"26-09-12 12:18:14.060","-2.3514851E-04"
"26-09-12 12:18:14.773","-7.4257426E-05"
"26-09-12 12:18:15.669","-6.0643564E-04"
"26-09-12 12:18:16.384","-1.0519802E-04"
"26-09-12 12:18:17.303","+3.1559406E-04"
"26-09-12 12:18:18.016","+2.2896040E-04"
"26-09-12 12:18:18.923","-1.0519802E-04"
"26-09-12 12:18:19.637","-6.1262376E-04"
"26-09-12 12:18:20.531","+4.5173267E-04"
"26-09-12 12:18:21.246","-5.6930693E-04"
"26-09-12 12:18:22.141","-6.9925743E-04"
"26-09-12 12:18:22.856","-1.3180693E-03"
"26-09-12 12:18:23.752","-7.4257426E-05"
"26-09-12 12:18:24.466","+3.2797030E-04"
"26-09-12 12:18:25.362","+2.0420792E-04"
"26-09-12 12:18:26.076","-4.1460396E-04"
"26-09-12 12:18:26.982","-6.8688119E-04"
"26-09-12 12:18:27.696","+8.0445545E-05"
"26-09-12 12:18:28.593","-4.3316832E-05"
"26-09-12 12:18:29.309","-1.8564356E-05"
"26-09-12 12:18:30.204","-6.1262376E-04"
"26-09-12 12:18:30.919","+1.7326733E-04"
"26-09-12 12:18:31.833","-1.9183168E-04"
"26-09-12 12:18:32.546","-1.4851485E-04"
"26-09-12 12:18:33.443","-2.0420792E-04"
"26-09-12 12:18:34.158","+4.2698020E-04"
"26-09-12 12:18:35.054","-1.8564356E-05"
"26-09-12 12:18:35.767","+2.1658416E-04"
"26-09-12 12:18:36.673","+1.6707921E-04"
"26-09-12 12:18:37.388","+1.1138614E-04"
"26-09-12 12:18:38.285","-3.7128713E-05"
"26-09-12 12:18:38.999","-3.3415842E-04"
"26-09-12 12:18:39.895","-4.1460396E-04"
"26-09-12 12:18:40.609","+3.4653465E-04"
"26-09-12 12:18:41.503","+7.4257426E-05"
"26-09-12 12:18:42.216","-6.1881188E-05"
"26-09-12 12:18:43.115","+1.9801980E-04"
"26-09-12 12:18:43.830","+2.7846535E-04"
"26-09-12 12:18:44.736","+2.8465347E-04"
"26-09-12 12:18:45.450","-8.2301980E-04"
"26-09-12 12:18:46.356","-6.8069307E-05"
"26-09-12 12:18:47.070","-2.6608911E-04"
"26-09-12 12:18:47.964","+4.1460396E-04"
"26-09-12 12:18:48.679","-2.5371287E-04"
"26-09-12 12:18:49.832","+0.0000000E+00"
"26-09-12 12:18:50.545","-2.9084158E-04"
"26-09-12 12:18:51.447","+9.2821782E-05"
"26-09-12 12:18:52.164","+2.5990099E-04"
"26-09-12 12:18:53.055","-1.8564356E-04"
"26-09-12 12:18:53.768","-3.9603960E-04"
"26-09-12 12:18:54.665","+1.2995050E-04"
"26-09-12 12:18:55.379","-4.7029703E-04"
"26-09-12 12:18:56.282","+8.0445545E-05"
"26-09-12 12:18:56.995","-5.6311881E-04"
"26-09-12 12:18:57.897","+2.7227723E-04"
"26-09-12 12:18:58.615","-1.2376238E-04"
"26-09-12 12:18:59.527","-1.1757426E-04"
"26-09-12 12:19:00.241","-6.1881188E-05"
"26-09-12 12:19:01.138","-4.9504950E-04"
"26-09-12 12:19:01.852","-8.6633663E-05"
"26-09-12 12:19:02.748","-4.5173267E-04"
"26-09-12 12:19:03.461","-4.8886139E-04"
"26-09-12 12:19:04.357","-7.9207921E-04"
"26-09-12 12:19:05.072","-6.1881188E-06"
"26-09-12 12:19:05.972","-3.5891089E-04"
"26-09-12 12:19:06.686","-4.9504950E-05"
"26-09-12 12:19:07.587","-1.0519802E-04"
"26-09-12 12:19:08.301","-1.3613861E-04"
"26-09-12 12:19:09.197","-2.4752475E-04"
"26-09-12 12:19:09.914","+3.7128713E-05"
"26-09-12 12:19:10.809","-5.5693069E-05"
"26-09-12 12:19:11.524","-3.2797030E-04"
"26-09-12 12:19:12.428","+3.5891089E-04"
"26-09-12 12:19:13.145","-6.4356436E-04"
"26-09-12 12:19:14.038","-1.2376238E-04"
"26-09-12 12:19:14.752","+2.7846535E-04"
"26-09-12 12:19:15.680","-2.7227723E-04"
"26-09-12 12:19:16.395","-2.9084158E-04"
"26-09-12 12:19:17.300","+2.9702970E-04"
"26-09-12 12:19:18.015","-4.1460396E-04"
"26-09-12 12:19:18.908","-3.0321782E-04"
"26-09-12 12:19:19.623","-8.0445545E-05"
"26-09-12 12:19:20.521","-2.1039604E-04"
"26-09-12 12:19:21.234","-3.4653465E-04"
"26-09-12 12:19:22.129","+2.3514851E-04"
"26-09-12 12:19:22.846","+2.9702970E-04"
"26-09-12 12:19:23.741","+9.8391089E-04"
"26-09-12 12:19:24.455","-3.0321782E-04"
"26-09-12 12:19:25.356","+3.5272277E-04"
"26-09-12 12:19:26.070","-2.7846535E-04"
"26-09-12 12:19:26.970","-4.1460396E-04"
"26-09-12 12:19:27.685","-3.7128713E-04"
"26-09-12 12:19:28.582","-4.9504950E-05"
"26-09-12 12:19:29.297","+1.2376238E-04"
"26-09-12 12:19:30.194","-1.7945545E-04"
"26-09-12 12:19:30.907","+2.7846535E-04"
"26-09-12 12:19:31.803","+6.8688119E-04"
"26-09-12 12:19:32.520","-3.7747525E-04"
"26-09-12 12:19:33.414","-2.6608911E-04"
"26-09-12 12:19:34.127","-4.0222772E-04"
"26-09-12 12:19:35.028","-1.3613861E-04"
"26-09-12 12:19:35.743","+2.7227723E-04"
"26-09-12 12:19:36.644","+5.6311881E-04"
"26-09-12 12:19:37.359","-2.2896040E-04"
"26-09-12 12:19:38.255","-8.6633663E-05"
"26-09-12 12:19:38.968","+5.5693069E-05"
"26-09-12 12:19:39.885","+1.4851485E-04"
"26-09-12 12:19:40.600","+8.6633663E-05"
"26-09-12 12:19:41.496","-2.5990099E-04"
"26-09-12 12:19:42.211","-1.0519802E-04"
"26-09-12 12:19:43.115","-4.7029703E-04"
"26-09-12 12:19:43.829","-3.2178218E-04"
"26-09-12 12:19:44.735","+3.8366337E-04"
"26-09-12 12:19:45.449","-4.3316832E-04"
"26-09-12 12:19:46.356","-6.7450495E-04"
"26-09-12 12:19:47.070","-1.4232673E-04"
"26-09-12 12:19:47.975","-4.3935644E-04"
"26-09-12 12:19:48.688","-1.1138614E-04"
"26-09-12 12:19:49.586","-4.0222772E-04"
"26-09-12 12:19:50.305","-2.9702970E-04"
"26-09-12 12:19:51.206","-5.6930693E-04"
"26-09-12 12:19:51.921","-1.8564356E-04"
"26-09-12 12:19:52.826","+8.0445545E-05"
"26-09-12 12:19:53.540","-3.5891089E-04"
"26-09-12 12:19:54.435","-7.0544554E-04"
"26-09-12 12:19:55.152","-2.0420792E-04"
"26-09-12 12:19:56.295","-4.0841584E-04"
"26-09-12 12:19:57.010","-6.0643564E-04"
"26-09-12 12:19:57.916","+2.2277228E-04"
"26-09-12 12:19:58.630","+1.9183168E-04"
"26-09-12 12:19:59.525","+1.8564356E-04"
"26-09-12 12:20:00.240","-9.2821782E-05"
"26-09-12 12:20:01.137","+2.5990099E-04"
"26-09-12 12:20:01.852","+1.8564356E-04"
"26-09-12 12:20:02.758","+4.1460396E-04"
"26-09-12 12:20:03.471","-9.2821782E-05"
"26-09-12 12:20:04.369","-9.3440594E-04"
"26-09-12 12:20:05.087","-2.7227723E-04"
"26-09-12 12:20:05.987","+2.2277228E-04"
"26-09-12 12:20:06.702","+1.1138614E-04"
"26-09-12 12:20:07.609","-2.2277228E-04"
"26-09-12 12:20:08.323","-1.2995050E-04"
"26-09-12 12:20:09.229","+4.9504950E-04"
"26-09-12 12:20:09.943","-9.2821782E-05"
"26-09-12 12:20:10.838","-2.6608911E-04"
"26-09-12 12:20:11.552","-1.6089109E-04"
"26-09-12 12:20:12.448","-3.8366337E-04"
"26-09-12 12:20:13.165","+1.1138614E-04"
"26-09-12 12:20:14.058","-9.9009901E-05"
"26-09-12 12:20:14.772","+3.5272277E-04"
"26-09-12 12:20:15.678","-5.3217822E-04"
"26-09-12 12:20:16.393","-3.3415842E-04"
"26-09-12 12:20:17.290","+1.5470297E-04"
"26-09-12 12:20:18.003","-1.7945545E-04"
"26-09-12 12:20:18.900","+5.5693069E-04"
"26-09-12 12:20:19.616","+8.6633663E-05"
"26-09-12 12:20:20.518","+3.8985149E-04"
"26-09-12 12:20:21.233","+5.3836634E-04"
"26-09-12 12:20:22.132","+3.7128713E-05"
"26-09-12 12:20:22.847","-1.9183168E-04"
"26-09-12 12:20:23.753","-1.8564356E-05"
"26-09-12 12:20:24.468","-8.3539604E-04"
"26-09-12 12:20:25.368","+4.3316832E-05"
"26-09-12 12:20:26.083","-3.0940594E-05"
"26-09-12 12:20:26.980","-4.9504950E-05"
"26-09-12 12:20:27.696","-9.9009901E-04"
"26-09-12 12:20:28.592","-2.9084158E-04"
"26-09-12 12:20:29.305","-8.9108911E-04"
"26-09-12 12:20:30.202","-4.1460396E-04"
"26-09-12 12:20:30.918","+8.0445545E-05"
"26-09-12 12:20:31.812","-1.3613861E-04"
"26-09-12 12:20:32.528","+8.0445545E-05"
"26-09-12 12:20:33.423","-1.6707921E-04"
"26-09-12 12:20:34.142","+6.8069307E-05"
"26-09-12 12:20:34.857","-4.5792079E-04"
"26-09-12 12:20:35.754","+6.1881188E-05"
"26-09-12 12:20:36.467","+5.6311881E-04"
"26-09-12 12:20:37.364","-2.4133663E-04"
"26-09-12 12:20:38.079","-2.9084158E-04"
"26-09-12 12:20:38.972","+6.1881188E-06"
"26-09-12 12:20:39.686","-1.0519802E-04"
"26-09-12 12:20:40.582","+1.7945545E-04"
"26-09-12 12:20:41.297","-2.1039604E-04"
"26-09-12 12:20:42.194","-4.3316832E-04"
"26-09-12 12:20:42.910","+5.5693069E-05"
"26-09-12 12:20:43.804","-6.1881188E-05"
"26-09-12 12:20:44.519","-1.0519802E-04"
"26-09-12 12:20:45.425","-9.2821782E-05"
"26-09-12 12:20:46.139","+6.1881188E-06"
"26-09-12 12:20:47.035","-3.3415842E-04"
"26-09-12 12:20:47.748","+5.5074257E-04"
"26-09-12 12:20:48.646","-3.5272277E-04"
"26-09-12 12:20:49.361","-1.1262376E-03"
"26-09-12 12:20:50.265","-3.2797030E-04"
"26-09-12 12:20:50.979","+4.2698020E-04"
"26-09-12 12:20:51.876","+5.5693069E-05"
"26-09-12 12:20:52.589","-1.3613861E-04"
"26-09-12 12:20:53.485","+7.4257426E-05"
"26-09-12 12:20:54.199","-7.4876238E-04"
"26-09-12 12:20:55.106","-4.0841584E-04"
"26-09-12 12:20:55.821","-2.2277228E-04"
"26-09-12 12:20:56.716","+5.2599010E-04"
"26-09-12 12:20:57.431","-1.1757426E-04"
"26-09-12 12:20:58.328","-2.2896040E-04"
"26-09-12 12:20:59.042","+8.6633663E-05"
"26-09-12 12:20:59.937","+4.9504950E-05"
"26-09-12 12:21:00.651","-2.9702970E-04"
"26-09-12 12:21:01.557","+1.8564356E-04"
"26-09-12 12:21:02.483","-1.6089109E-04"
"26-09-12 12:21:03.200","+2.3514851E-04"
"26-09-12 12:21:04.098","-3.6509901E-04"
"26-09-12 12:21:04.813","-6.1262376E-04"
"26-09-12 12:21:05.717","-1.9801980E-04"
"26-09-12 12:21:06.432","-3.7128713E-05"
"26-09-12 12:21:07.327","-6.1881188E-06"
"26-09-12 12:21:08.042","-5.6311881E-04"
"26-09-12 12:21:08.938","-1.0519802E-04"
"26-09-12 12:21:09.655","+2.0420792E-04"
"26-09-12 12:21:10.547","-1.5470297E-04"
"26-09-12 12:21:11.261","-1.6707921E-04"
"26-09-12 12:21:12.160","-1.2376238E-05"
"26-09-12 12:21:12.877","+4.5792079E-04"
"26-09-12 12:21:13.782","-4.9504950E-05"
"26-09-12 12:21:14.495","+3.9603960E-04"
"26-09-12 12:21:15.408","+3.6509901E-04"
"26-09-12 12:21:16.123","+3.9603960E-04"
"26-09-12 12:21:17.019","-9.9628713E-04"
"26-09-12 12:21:17.735","+8.6633663E-05"
"26-09-12 12:21:18.630","-2.8465347E-04"
"26-09-12 12:21:19.345","-2.5371287E-04"
"26-09-12 12:21:20.239","+5.7549505E-04"
"26-09-12 12:21:20.953","-5.1980198E-04"
"26-09-12 12:21:21.848","-2.4752475E-05"
"26-09-12 12:21:22.562","-1.9801980E-04"
"26-09-12 12:21:23.466","+5.6311881E-04"
"26-09-12 12:21:24.180","-5.5693069E-04"
"26-09-12 12:21:25.080","-2.1658416E-04"
"26-09-12 12:21:25.795","-2.1039604E-04"
"26-09-12 12:21:26.701","-1.2376238E-05"
"26-09-12 12:21:27.416","+8.0445545E-05"
"26-09-12 12:21:28.318","-3.1559406E-04"
"26-09-12 12:21:29.035","-5.4455446E-04"
"26-09-12 12:21:29.931","-2.1039604E-04"
"26-09-12 12:21:30.645","+8.0445545E-05"
"26-09-12 12:21:31.541","+6.1881188E-05"
"26-09-12 12:21:32.255","+8.0445545E-05"
"26-09-12 12:21:33.151","-3.5272277E-04"
"26-09-12 12:21:33.864","-7.5495050E-04"
"26-09-12 12:21:34.763","+5.4455446E-04"
"26-09-12 12:21:35.476","+2.2896040E-04"
"26-09-12 12:21:36.372","-1.3613861E-04"
"26-09-12 12:21:37.088","+1.1138614E-04"
"26-09-12 12:21:37.983","+4.7029703E-04"
"26-09-12 12:21:38.698","+2.4752475E-05"
"26-09-12 12:21:39.593","-6.1881188E-06"
"26-09-12 12:21:40.310","+2.4752475E-04"
"26-09-12 12:21:41.202","-9.0346535E-04"
"26-09-12 12:21:41.916","-2.4752475E-05"
"26-09-12 12:21:42.823","-3.2178218E-04"
"26-09-12 12:21:43.538","+2.4752475E-04"
"26-09-12 12:21:44.444","+1.9801980E-04"
"26-09-12 12:21:45.159","-7.8589109E-04"
"26-09-12 12:21:46.054","-1.2995050E-04"
"26-09-12 12:21:46.769","+4.0841584E-04"
"26-09-12 12:21:47.665","+3.5272277E-04"
"26-09-12 12:21:48.379","+2.1039604E-04"
"26-09-12 12:21:49.272","+1.3613861E-04"
"26-09-12 12:21:49.991","-8.2920792E-04"
"26-09-12 12:21:50.885","-1.4232673E-04"
"26-09-12 12:21:51.599","-2.5371287E-04"
"26-09-12 12:21:52.495","-3.7128713E-05"
"26-09-12 12:21:53.211","+3.0940594E-05"
"26-09-12 12:21:53.928","-5.5693069E-04"
"26-09-12 12:21:54.827","+0.0000000E+00"
"26-09-12 12:21:55.540","+2.3514851E-04"
"26-09-12 12:21:56.446","+2.2896040E-04"
"26-09-12 12:21:57.159","+5.0742574E-04"
"26-09-12 12:21:58.056","+2.4752475E-04"
"26-09-12 12:21:58.771","-1.2376238E-04"
"26-09-12 12:21:59.666","-1.8564356E-04"
"26-09-12 12:22:00.381","-2.9702970E-04"
"26-09-12 12:22:01.277","+4.9504950E-05"
"26-09-12 12:22:01.990","-4.5792079E-04"
"26-09-12 12:22:02.900","-5.5693069E-04"
"26-09-12 12:22:03.615","-4.9504950E-04"
"26-09-12 12:22:04.517","+5.3836634E-04"
"26-09-12 12:22:05.234","-5.5074257E-04"
"26-09-12 12:22:06.126","+3.2178218E-04"
"26-09-12 12:22:06.840","-5.8787129E-04"
"26-09-12 12:22:07.737","-1.6089109E-04"
"26-09-12 12:22:08.452","-4.5173267E-04"
"26-09-12 12:22:09.605","-4.5792079E-04"
"26-09-12 12:22:10.319","+4.3316832E-05"
"26-09-12 12:22:11.216","+2.1039604E-04"
"26-09-12 12:22:11.933","-8.4777228E-04"
"26-09-12 12:22:12.831","+5.0123762E-04"
"26-09-12 12:22:13.545","-1.3613861E-04"
"26-09-12 12:22:14.448","+4.9504950E-05"
"26-09-12 12:22:15.162","-6.8069307E-05"
"26-09-12 12:22:16.058","+2.8465347E-04"
"26-09-12 12:22:16.773","-3.8366337E-04"
"26-09-12 12:22:17.670","-4.2698020E-04"
"26-09-12 12:22:18.388","+4.5173267E-04"
"26-09-12 12:22:19.289","-2.3514851E-04"
"26-09-12 12:22:20.003","+1.5470297E-04"
"26-09-12 12:22:20.899","+8.7871287E-04"
"26-09-12 12:22:21.615","-2.7227723E-04"
"26-09-12 12:22:22.519","+4.9504950E-04"
"26-09-12 12:22:23.236","-7.4257426E-05"
"26-09-12 12:22:24.140","-4.7648515E-04"
"26-09-12 12:22:24.855","-3.2178218E-04"
"26-09-12 12:22:25.758","+3.0321782E-04"
"26-09-12 12:22:26.472","-4.2698020E-04"
"26-09-12 12:22:27.369","-1.9801980E-04"
"26-09-12 12:22:28.083","+6.8069307E-05"
"26-09-12 12:22:28.979","-1.5470297E-04"
"26-09-12 12:22:29.694","+9.9009901E-05"
"26-09-12 12:22:30.600","-3.7128713E-04"
"26-09-12 12:22:31.317","-1.2995050E-04"
"26-09-12 12:22:32.210","+1.2995050E-04"
"26-09-12 12:22:32.925","+5.3217822E-04"
"26-09-12 12:22:33.833","+2.8465347E-04"
"26-09-12 12:22:34.547","+4.5173267E-04"
"26-09-12 12:22:35.440","-1.7326733E-04"
"26-09-12 12:22:36.154","-3.7128713E-05"
"26-09-12 12:22:37.062","-1.6089109E-04"
"26-09-12 12:22:37.776","+2.5371287E-04"
"26-09-12 12:22:38.672","-4.9504950E-05"
"26-09-12 12:22:39.387","-4.0841584E-04"
"26-09-12 12:22:40.282","+1.8564356E-04"
"26-09-12 12:22:40.996","-1.9183168E-04"
"26-09-12 12:22:41.892","-1.9183168E-04"
"26-09-12 12:22:42.606","-8.4777228E-04"
"26-09-12 12:22:43.512","-4.7029703E-04"
"26-09-12 12:22:44.226","+8.0445545E-05"
"26-09-12 12:22:45.126","+1.1138614E-04"
"26-09-12 12:22:45.843","-4.9504950E-05"
"26-09-12 12:22:46.744","-4.5792079E-04"
"26-09-12 12:22:47.458","+3.0940594E-05"
"26-09-12 12:22:48.352","+6.8069307E-05"
"26-09-12 12:22:49.066","+4.0222772E-04"
"26-09-12 12:22:49.973","+1.6089109E-04"
"26-09-12 12:22:50.688","-2.4133663E-04"
"26-09-12 12:22:51.585","-4.5173267E-04"
"26-09-12 12:22:52.299","-2.2896040E-04"
"26-09-12 12:22:53.204","-3.1559406E-04"
"26-09-12 12:22:53.918","-2.1658416E-04"
"26-09-12 12:22:54.814","+2.9702970E-04"
"26-09-12 12:22:55.529","+3.7128713E-04"
"26-09-12 12:22:56.425","-1.4232673E-04"
"26-09-12 12:22:57.139","+5.5693069E-05"
"26-09-12 12:22:58.036","+3.2797030E-04"
"26-09-12 12:22:58.750","+2.0420792E-04"
"26-09-12 12:22:59.655","-8.0445545E-05"
"26-09-12 12:23:00.369","-2.5371287E-04"
"26-09-12 12:23:01.265","-2.6608911E-04"
"26-09-12 12:23:01.979","+6.1881188E-05"
"26-09-12 12:23:02.887","-3.4034653E-04"
"26-09-12 12:23:03.602","+1.2376238E-05"
"26-09-12 12:23:04.514","+1.2376238E-05"
"26-09-12 12:23:05.229","-1.3613861E-04"
"26-09-12 12:23:06.125","-3.6509901E-04"
"26-09-12 12:23:06.838","-3.2797030E-04"
"26-09-12 12:23:07.737","-8.6633663E-05"
"26-09-12 12:23:08.450","+1.2995050E-04"
"26-09-12 12:23:09.347","+2.1658416E-04"
"26-09-12 12:23:10.060","-6.0024752E-04"
"26-09-12 12:23:10.956","+1.7326733E-04"
"26-09-12 12:23:11.671","-1.9183168E-04"
"26-09-12 12:23:12.597","+3.2178218E-04"
"26-09-12 12:23:13.312","+2.7846535E-04"
"26-09-12 12:23:14.205","-2.9084158E-04"
"26-09-12 12:23:14.920","-1.2995050E-04"
"26-09-12 12:23:16.067","-6.1881188E-05"
"26-09-12 12:23:16.784","+1.6707921E-04"
"26-09-12 12:23:17.686","+9.9009901E-05"
"26-09-12 12:23:18.401","+5.5074257E-04"
"26-09-12 12:23:19.299","+2.3514851E-04"
"26-09-12 12:23:20.013","+6.8069307E-05"
"26-09-12 12:23:20.907","-2.4752475E-04"
"26-09-12 12:23:21.620","+6.1881188E-05"
"26-09-12 12:23:22.522","-2.5371287E-04"
"26-09-12 12:23:23.236","+4.5173267E-04"
"26-09-12 12:23:24.139","-3.7128713E-04"
"26-09-12 12:23:24.854","-1.4232673E-04"
"26-09-12 12:23:25.750","+4.2698020E-04"
"26-09-12 12:23:26.464","-4.3316832E-05"
"26-09-12 12:23:27.368","-4.2698020E-04"
"26-09-12 12:23:28.083","+2.2896040E-04"
"26-09-12 12:23:28.979","-1.7945545E-04"
"26-09-12 12:23:29.693","+1.7945545E-04"
"26-09-12 12:23:30.599","+4.0222772E-04"
"26-09-12 12:23:31.314","+1.7945545E-04"
"26-09-12 12:23:32.212","-2.3514851E-04"
"26-09-12 12:23:32.926","-2.7227723E-04"
"26-09-12 12:23:33.819","+4.8267327E-04"
"26-09-12 12:23:34.533","+1.3613861E-04"
"26-09-12 12:23:35.429","+2.4133663E-04"
"26-09-12 12:23:36.143","+1.1757426E-04"
"26-09-12 12:23:37.040","+1.5470297E-04"
"26-09-12 12:23:37.755","-2.4752475E-05"
"26-09-12 12:23:38.651","-8.0445545E-05"
"26-09-12 12:23:39.365","-5.6930693E-04"
"26-09-12 12:23:40.262","-6.8069307E-04"
"26-09-12 12:23:40.977","+1.7326733E-04"
"26-09-12 12:23:41.877","-1.4232673E-04"
"26-09-12 12:23:42.592","-4.2698020E-04"
"26-09-12 12:23:43.492","-2.0420792E-04"
"26-09-12 12:23:44.207","-4.9504950E-05"
"26-09-12 12:23:45.112","-2.1039604E-04"
"26-09-12 12:23:45.825","-8.0445545E-05"
"26-09-12 12:23:46.723","+2.7846535E-04"
"26-09-12 12:23:47.439","+1.6089109E-04"
"26-09-12 12:23:48.332","-2.4133663E-04"
"26-09-12 12:23:49.046","+1.4232673E-04"
"26-09-12 12:23:49.944","+2.4752475E-05"
"26-09-12 12:23:50.657","+4.3316832E-05"
"26-09-12 12:23:51.558","+2.1039604E-04"
"26-09-12 12:23:52.273","-3.3415842E-04"
"26-09-12 12:23:53.174","-3.7128713E-04"
"26-09-12 12:23:53.890","+7.1782178E-04"
"26-09-12 12:23:54.784","-1.8564356E-04"
"26-09-12 12:23:55.498","-1.2995050E-04"
"26-09-12 12:23:56.395","+2.4752475E-05"
"26-09-12 12:23:57.108","+1.9801980E-04"
"26-09-12 12:23:58.014","+2.2896040E-04"
"26-09-12 12:23:58.728","+2.7227723E-04"
"26-09-12 12:23:59.625","+8.7252475E-04"
"26-09-12 12:24:00.340","-6.1881188E-06"
"26-09-12 12:24:01.238","+4.4554455E-04"
"26-09-12 12:24:01.953","+3.3415842E-04"
"26-09-12 12:24:02.857","+1.9183168E-04"
"26-09-12 12:24:03.572","+4.9504950E-05"
"26-09-12 12:24:04.476","+1.9801980E-04"
"26-09-12 12:24:05.193","-2.1039604E-04"
"26-09-12 12:24:06.086","+2.5371287E-04"
"26-09-12 12:24:06.799","+1.1076733E-03"
"26-09-12 12:24:07.695","+8.4158416E-04"
"26-09-12 12:24:08.410","+4.3316832E-05"
"26-09-12 12:24:09.305","-4.3316832E-04"
"26-09-12 12:24:10.023","-4.1460396E-04"
"26-09-12 12:24:10.917","+9.9009901E-05"
"26-09-12 12:24:11.630","-1.6089109E-04"
"26-09-12 12:24:12.545","+8.6633663E-05"
"26-09-12 12:24:13.260","-2.8465347E-04"
"26-09-12 12:24:14.157","-6.1881188E-06"
"26-09-12 12:24:14.871","+2.2277228E-04"
"26-09-12 12:24:15.768","+4.4554455E-04"
"26-09-12 12:24:16.482","-2.0420792E-04"
"26-09-12 12:24:17.388","-1.2995050E-04"
"26-09-12 12:24:18.102","+3.0321782E-04"
"26-09-12 12:24:19.008","+1.4851485E-04"
"26-09-12 12:24:19.726","+2.3514851E-04"
"26-09-12 12:24:20.617","-1.2995050E-04"
"26-09-12 12:24:21.332","-6.1881188E-06"
"26-09-12 12:24:22.494","+3.9603960E-04"
"26-09-12 12:24:23.208","-2.8465347E-04"
"26-09-12 12:24:24.106","+3.6509901E-04"
"26-09-12 12:24:24.821","+1.6707921E-04"
"26-09-12 12:24:25.726","-5.2599010E-04"
"26-09-12 12:24:26.440","-8.2920792E-04"
"26-09-12 12:24:27.337","+3.5272277E-04"
"26-09-12 12:24:28.054","-8.6633663E-05"
"26-09-12 12:24:28.950","-3.3415842E-04"
"26-09-12 12:24:29.665","+5.7549505E-04"
"26-09-12 12:24:30.570","-7.1163366E-04"
"26-09-12 12:24:31.286","-2.5990099E-04"
"26-09-12 12:24:32.000","+3.1559406E-04"
"26-09-12 12:24:32.898","-4.8267327E-04"
"26-09-12 12:24:33.613","-4.3935644E-04"
"26-09-12 12:24:34.508","-1.8564356E-04"
"26-09-12 12:24:35.223","-3.7128713E-05"
"26-09-12 12:24:36.120","+7.8589109E-04"
"26-09-12 12:24:36.833","-7.4257426E-05"
"26-09-12 12:24:37.729","-3.0940594E-04"
"26-09-12 12:24:38.446","-7.7351485E-04"
"26-09-12 12:24:39.350","+8.0445545E-05"
"26-09-12 12:24:40.063","+2.4752475E-04"
"26-09-12 12:24:40.965","+6.6212871E-04"
"26-09-12 12:24:41.680","+5.5693069E-05"
"26-09-12 12:24:42.580","-1.8564356E-04"
"26-09-12 12:24:43.299","-9.9009901E-05"
"26-09-12 12:24:44.203","-2.1039604E-04"
"26-09-12 12:24:44.916","-4.6410891E-04"
"26-09-12 12:24:45.822","+5.8787129E-04"
"26-09-12 12:24:46.537","+1.4851485E-04"
"26-09-12 12:24:47.435","+2.0420792E-04"
"26-09-12 12:24:48.151","+2.6608911E-04"
"26-09-12 12:24:49.052","+2.4133663E-04"
"26-09-12 12:24:49.765","+3.4034653E-04"
"26-09-12 12:24:50.668","+3.7128713E-05"
"26-09-12 12:24:51.381","-2.7846535E-04"
"26-09-12 12:24:52.293","-5.5693069E-05"
"26-09-12 12:24:53.006","-1.4851485E-04"
"26-09-12 12:24:53.902","-6.1262376E-04"
"26-09-12 12:24:54.617","-6.1262376E-04"
"26-09-12 12:24:55.513","-1.7945545E-04"
"26-09-12 12:24:56.227","+1.4851485E-04"
"26-09-12 12:24:57.134","-6.5594059E-04"
"26-09-12 12:24:57.851","+9.3440594E-04"
"26-09-12 12:24:58.746","-9.0346535E-04"
"26-09-12 12:24:59.460","-3.3415842E-04"
"26-09-12 12:25:00.364","+1.8564356E-05"
"26-09-12 12:25:01.079","+6.1881188E-05"
"26-09-12 12:25:01.986","+1.4851485E-04"
"26-09-12 12:25:02.701","-6.1881188E-04"
"26-09-12 12:25:03.594","+6.1881188E-04"
"26-09-12 12:25:04.309","-2.1039604E-04"
"26-09-12 12:25:05.206","-9.9009901E-05"
"26-09-12 12:25:05.919","-3.4653465E-04"
"26-09-12 12:25:06.826","-4.0222772E-04"
"26-09-12 12:25:07.540","-3.5272277E-04"
"26-09-12 12:25:08.446","+3.0940594E-05"
"26-09-12 12:25:09.159","+2.5371287E-04"
"26-09-12 12:25:10.056","+9.2821782E-05"
"26-09-12 12:25:10.771","-7.3019802E-04"
"26-09-12 12:25:11.675","-2.2277228E-04"
"26-09-12 12:25:12.390","+7.4257426E-05"
"26-09-12 12:25:13.287","-1.6707921E-04"
"26-09-12 12:25:14.001","+3.0940594E-05"
"26-09-12 12:25:14.907","-5.0742574E-04"
"26-09-12 12:25:15.621","+2.7227723E-04"
"26-09-12 12:25:16.518","-3.4034653E-04"
"26-09-12 12:25:17.234","+6.8069307E-05"
"26-09-12 12:25:18.137","+9.2821782E-05"
"26-09-12 12:25:18.854","-7.4257426E-05"
"26-09-12 12:25:19.757","+2.1658416E-04"
"26-09-12 12:25:20.472","-3.2178218E-04"
"26-09-12 12:25:21.379","-6.8688119E-04"
"26-09-12 12:25:22.093","+1.2995050E-04"
"26-09-12 12:25:22.990","+5.6930693E-04"
"26-09-12 12:25:23.706","-5.2599010E-04"
"26-09-12 12:25:24.606","-1.2995050E-04"
"26-09-12 12:25:25.321","+2.2896040E-04"
"26-09-12 12:25:26.217","+0.0000000E+00"
"26-09-12 12:25:26.934","+2.4752475E-04"
"26-09-12 12:25:27.826","-3.7747525E-04"
"26-09-12 12:25:28.758","-1.8564356E-05"
"26-09-12 12:25:29.474","-4.0841584E-04"
"26-09-12 12:25:30.375","-3.3415842E-04"
"26-09-12 12:25:31.088","-3.9603960E-04"
"26-09-12 12:25:31.988","-4.0222772E-04"
"26-09-12 12:25:32.701","+2.2277228E-04"
"26-09-12 12:25:33.607","-2.0420792E-04"
"26-09-12 12:25:34.321","-2.1039604E-04"
"26-09-12 12:25:35.219","-2.7227723E-04"
"26-09-12 12:25:35.933","-4.8886139E-04"
"26-09-12 12:25:36.833","-3.6509901E-04"
"26-09-12 12:25:37.549","-3.5272277E-04"
"26-09-12 12:25:38.449","-1.2376238E-04"
"26-09-12 12:25:39.163","-1.2995050E-04"
"26-09-12 12:25:40.074","+2.2277228E-04"
"26-09-12 12:25:40.788","+3.8985149E-04"
"26-09-12 12:25:41.690","-2.7227723E-04"
"26-09-12 12:25:42.406","+4.4554455E-04"
"26-09-12 12:25:43.302","-1.2995050E-04"
"26-09-12 12:25:44.017","-1.6089109E-04"
"26-09-12 12:25:44.920","-5.1980198E-04"
"26-09-12 12:25:45.633","+3.5272277E-04"
"26-09-12 12:25:46.529","-2.5990099E-04"
"26-09-12 12:25:47.242","+9.2821782E-05"
"26-09-12 12:25:48.152","-5.5693069E-05"
"26-09-12 12:25:48.867","+4.9504950E-04"
"26-09-12 12:25:49.762","-5.5693069E-05"
"26-09-12 12:25:50.479","+1.1138614E-04"
"26-09-12 12:25:51.192","+3.7747525E-04"
"26-09-12 12:25:52.090","+3.2797030E-04"
"26-09-12 12:25:52.804","-1.9801980E-04"
"26-09-12 12:25:53.701","-2.9084158E-04"
"26-09-12 12:25:54.420","-8.6014851E-04"
"26-09-12 12:25:55.313","-3.8366337E-04"
"26-09-12 12:25:56.028","+2.1658416E-04"
"26-09-12 12:25:56.923","-2.4752475E-04"
"26-09-12 12:25:57.638","+8.0445545E-05"
"26-09-12 12:25:58.533","+3.8366337E-04"
"26-09-12 12:25:59.247","+4.9504950E-05"
"26-09-12 12:26:00.154","-2.1039604E-04"
"26-09-12 12:26:00.871","-5.3217822E-04"
"26-09-12 12:26:01.763","+4.3316832E-04"
"26-09-12 12:26:02.478","+2.4752475E-04"
"26-09-12 12:26:03.374","-1.6089109E-04"
"26-09-12 12:26:04.088","+2.2896040E-04"
"26-09-12 12:26:04.984","+3.2797030E-04"
"26-09-12 12:26:05.698","-5.5074257E-04"
"26-09-12 12:26:06.594","+8.6633663E-05"
"26-09-12 12:26:07.308","+6.1881188E-05"
"26-09-12 12:26:08.204","+1.3613861E-04"
"26-09-12 12:26:08.919","-1.9183168E-04"
"26-09-12 12:26:09.817","+2.2277228E-04"
"26-09-12 12:26:10.532","+1.1757426E-04"
"26-09-12 12:26:11.424","-5.5693069E-04"
"26-09-12 12:26:12.137","-4.0222772E-04"
"26-09-12 12:26:13.036","+6.8069307E-05"
"26-09-12 12:26:13.749","+5.1980198E-04"
"26-09-12 12:26:14.656","+8.6633663E-05"
"26-09-12 12:26:15.375","+7.1163366E-04"
"26-09-12 12:26:16.274","-1.9183168E-04"
"26-09-12 12:26:16.988","-2.3514851E-04"
"26-09-12 12:26:17.886","+1.8564356E-04"
"26-09-12 12:26:18.602","-3.2797030E-04"
"26-09-12 12:26:19.499","-2.8465347E-04"
"26-09-12 12:26:20.213","-7.3019802E-04"
"26-09-12 12:26:21.117","-2.1658416E-04"
"26-09-12 12:26:21.831","-5.3836634E-04"
"26-09-12 12:26:22.725","-5.0742574E-04"
"26-09-12 12:26:23.439","+3.1559406E-04"
"26-09-12 12:26:24.336","+5.5693069E-05"
"26-09-12 12:26:25.050","-6.4975248E-04"
"26-09-12 12:26:25.947","+2.5990099E-04"
"26-09-12 12:26:26.661","-2.6608911E-04"
"26-09-12 12:26:27.566","+1.1757426E-04"
"26-09-12 12:26:28.280","-2.0420792E-04"
"26-09-12 12:26:29.181","-2.4133663E-04"
"26-09-12 12:26:29.896","+4.3935644E-04"
"26-09-12 12:26:30.796","+6.3737624E-04"
"26-09-12 12:26:31.511","-6.8069307E-05"
"26-09-12 12:26:32.409","-6.3118812E-04"
"26-09-12 12:26:33.123","+3.4653465E-04"
"26-09-12 12:26:34.029","-6.1881188E-05"
"26-09-12 12:26:34.956","+1.2376238E-04"
"26-09-12 12:26:35.671","+3.0940594E-05"
"26-09-12 12:26:36.568","-3.5891089E-04"
"26-09-12 12:26:37.282","-1.2376238E-05"
"26-09-12 12:26:38.179","+5.1361386E-04"
"26-09-12 12:26:38.892","+1.1138614E-04"
"26-09-12 12:26:39.788","+3.8366337E-04"
"26-09-12 12:26:40.502","+3.9603960E-04"
"26-09-12 12:26:41.408","-3.2797030E-04"
"26-09-12 12:26:42.123","-2.1039604E-04"
"26-09-12 12:26:43.020","+1.2995050E-04"
"26-09-12 12:26:43.734","-2.9084158E-04"
"26-09-12 12:26:44.628","-2.7846535E-04"
"26-09-12 12:26:45.346","-2.9702970E-04"
"26-09-12 12:26:46.238","+4.9504950E-05"
"26-09-12 12:26:46.952","+1.1138614E-04"
"26-09-12 12:26:47.850","+2.3514851E-04"
"26-09-12 12:26:48.564","+7.3019802E-04"
"26-09-12 12:26:49.464","-3.8985149E-04"
"26-09-12 12:26:50.179","+2.4752475E-05"
"26-09-12 12:26:51.081","+2.5990099E-04"
"26-09-12 12:26:51.796","+4.3316832E-05"
"26-09-12 12:26:52.688","-2.5990099E-04"
"26-09-12 12:26:53.403","+1.9801980E-04"
"26-09-12 12:26:54.300","-9.9009901E-05"
"26-09-12 12:26:55.015","-8.9108911E-04"
"26-09-12 12:26:55.920","-1.4232673E-04"
"26-09-12 12:26:56.635","-5.2599010E-04"
"26-09-12 12:26:57.534","-2.7846535E-04"
"26-09-12 12:26:58.249","+1.8564356E-04"
"26-09-12 12:26:59.147","+1.6707921E-04"
"26-09-12 12:26:59.862","+3.2178218E-04"
"26-09-12 12:27:00.762","+1.6089109E-04"
"26-09-12 12:27:01.477","+0.0000000E+00"
"26-09-12 12:27:02.372","-3.2797030E-04"
"26-09-12 12:27:03.086","+7.6113861E-04"
"26-09-12 12:27:03.983","-2.4752475E-05"
"26-09-12 12:27:04.702","-2.8465347E-04"
"26-09-12 12:27:05.595","+5.0123762E-04"
"26-09-12 12:27:06.309","-3.0940594E-05"
"26-09-12 12:27:07.214","-4.0222772E-04"
"26-09-12 12:27:07.929","+3.4653465E-04"
"26-09-12 12:27:08.872","-4.7648515E-04"
"26-09-12 12:27:09.585","+2.7227723E-04"
"26-09-12 12:27:10.484","-6.7450495E-04"
"26-09-12 12:27:11.198","-6.1881188E-06"
"26-09-12 12:27:12.094","-3.7128713E-05"
"26-09-12 12:27:12.809","+6.1881188E-05"
"26-09-12 12:27:13.705","+2.2896040E-04"
"26-09-12 12:27:14.420","-1.2376238E-05"
"26-09-12 12:27:15.325","-1.1757426E-04"
"26-09-12 12:27:16.039","+8.0445545E-05"
"26-09-12 12:27:16.934","-6.3118812E-04"
"26-09-12 12:27:17.647","+1.3613861E-04"
"26-09-12 12:27:18.549","-3.0940594E-04"
"26-09-12 12:27:19.264","-1.1138614E-04"
"26-09-12 12:27:20.166","-7.4257426E-05"
"26-09-12 12:27:20.882","-2.8465347E-04"
"26-09-12 12:27:21.776","+1.1138614E-04"
"26-09-12 12:27:22.491","-3.6509901E-04"
"26-09-12 12:27:23.388","+2.7846535E-04"
"26-09-12 12:27:24.103","+4.1460396E-04"
"26-09-12 12:27:24.996","+1.2995050E-04"
"26-09-12 12:27:25.709","-6.1262376E-04"
"26-09-12 12:27:26.606","+6.1881188E-06"
"26-09-12 12:27:27.321","+2.8465347E-04"
"26-09-12 12:27:28.221","-4.3316832E-05"
"26-09-12 12:27:28.936","+4.0222772E-04"
"26-09-12 12:27:29.836","-2.2277228E-04"
"26-09-12 12:27:30.553","-1.6707921E-04"
"26-09-12 12:27:31.446","-1.3613861E-04"
"26-09-12 12:27:32.160","+3.0321782E-04"
"26-09-12 12:27:33.055","+3.3415842E-04"
"26-09-12 12:27:33.770","-4.0222772E-04"
"26-09-12 12:27:34.667","+2.2896040E-04"
"26-09-12 12:27:35.386","-1.7945545E-04"
"26-09-12 12:27:36.288","-3.1559406E-04"
"26-09-12 12:27:37.002","-7.4257426E-05"
"26-09-12 12:27:37.899","+4.0222772E-04"
"26-09-12 12:27:38.614","+4.3935644E-04"
"26-09-12 12:27:39.518","-3.1559406E-04"
"26-09-12 12:27:40.233","+4.4554455E-04"
"26-09-12 12:27:41.377","+2.1039604E-04"
"26-09-12 12:27:42.092","+3.7128713E-04"
"26-09-12 12:27:42.987","+4.6410891E-04"
"26-09-12 12:27:43.701","+6.1881188E-04"
"26-09-12 12:27:44.597","-2.8465347E-04"
"26-09-12 12:27:45.313","-6.0024752E-04"
"26-09-12 12:27:46.208","-7.2400990E-04"
"26-09-12 12:27:46.922","-1.8564356E-04"
"26-09-12 12:27:47.820","-2.7227723E-04"
"26-09-12 12:27:48.535","+3.9603960E-04"
"26-09-12 12:27:49.448","-2.2896040E-04"
"26-09-12 12:27:50.168","-5.0742574E-04"
"26-09-12 12:27:51.059","+8.0445545E-05"
"26-09-12 12:27:51.774","-1.9183168E-04"
"26-09-12 12:27:52.679","+1.9801980E-04"
"26-09-12 12:27:53.393","-2.6608911E-04"
"26-09-12 12:27:54.290","-2.4752475E-05"
"26-09-12 12:27:55.004","+2.3514851E-04"
"26-09-12 12:27:55.906","+7.4257426E-05"
"26-09-12 12:27:56.621","+1.5470297E-04"
"26-09-12 12:27:57.523","-4.3935644E-04"
"26-09-12 12:27:58.237","+3.0940594E-05"
"26-09-12 12:27:59.140","+1.2376238E-04"
"26-09-12 12:27:59.854","+3.8985149E-04"
"26-09-12 12:28:00.751","-1.2995050E-04"
"26-09-12 12:28:01.465","+6.1881188E-06"
"26-09-12 12:28:02.361","-1.7945545E-04"
"26-09-12 12:28:03.075","+8.6633663E-05"
"26-09-12 12:28:03.983","+9.9009901E-05"
"26-09-12 12:28:04.696","+3.6509901E-04"
"26-09-12 12:28:05.594","+4.0841584E-04"
"26-09-12 12:28:06.309","+3.4653465E-04"
"26-09-12 12:28:07.203","-6.1881188E-05"
"26-09-12 12:28:07.920","-2.3514851E-04"
"26-09-12 12:28:08.823","-5.3217822E-04"
"26-09-12 12:28:09.538","-7.2400990E-04"
"26-09-12 12:28:10.434","-5.5693069E-05"
"26-09-12 12:28:11.149","-3.5272277E-04"
"26-09-12 12:28:12.044","+4.5792079E-04"
"26-09-12 12:28:12.759","+5.0742574E-04"
"26-09-12 12:28:13.655","-6.1262376E-04"
"26-09-12 12:28:14.372","-2.1658416E-04"
"26-09-12 12:28:15.265","+2.4752475E-04"
"26-09-12 12:28:15.979","-2.2277228E-04"
"26-09-12 12:28:16.882","+5.5693069E-05"
"26-09-12 12:28:17.601","-5.3836634E-04"
"26-09-12 12:28:18.506","-3.7128713E-04"
"26-09-12 12:28:19.223","-1.2376238E-05"
"26-09-12 12:28:20.115","-4.9504950E-04"
"26-09-12 12:28:20.830","+2.6608911E-04"
"26-09-12 12:28:21.726","-4.8267327E-04"
"26-09-12 12:28:22.439","-8.0445545E-05"
"26-09-12 12:28:23.338","+2.4752475E-05"
"26-09-12 12:28:24.054","+4.3316832E-05"
"26-09-12 12:28:24.946","+1.0519802E-03"
"26-09-12 12:28:25.661","+1.0519802E-04"
"26-09-12 12:28:26.555","-1.1138614E-04"
"26-09-12 12:28:27.269","+3.8366337E-04"
"26-09-12 12:28:28.199","-5.4455446E-04"
"26-09-12 12:28:28.914","-4.6410891E-04"
"26-09-12 12:28:29.817","-6.4356436E-04"
"26-09-12 12:28:30.530","+1.2995050E-04"
"26-09-12 12:28:31.426","-3.7128713E-04"
"26-09-12 12:28:32.139","-8.6633663E-05"
"26-09-12 12:28:33.037","+1.5470297E-04"
"26-09-12 12:28:33.753","+2.9084158E-04"
"26-09-12 12:28:34.647","+4.4554455E-04"
"26-09-12 12:28:35.362","-4.9504950E-05"
"26-09-12 12:28:36.257","+5.3836634E-04"
"26-09-12 12:28:36.972","-2.7846535E-04"
"26-09-12 12:28:37.871","+3.7128713E-05"
"26-09-12 12:28:38.586","+1.2995050E-04"
"26-09-12 12:28:39.487","+8.0445545E-05"
"26-09-12 12:28:40.201","-3.8366337E-04"
"26-09-12 12:28:41.098","-2.4752475E-04"
"26-09-12 12:28:41.813","+2.4752475E-04"
"26-09-12 12:28:42.719","-1.9801980E-04"
"26-09-12 12:28:43.433","+4.1460396E-04"
"26-09-12 12:28:44.350","+2.5990099E-04"
"26-09-12 12:28:45.065","-2.4752475E-05"
"26-09-12 12:28:45.969","+1.0767327E-03"
"26-09-12 12:28:46.686","+4.9504950E-05"
"26-09-12 12:28:47.834","+3.5891089E-04"
"26-09-12 12:28:48.549","-1.9183168E-04"
"26-09-12 12:28:49.447","-1.2995050E-04"
"26-09-12 12:28:50.164","-7.4257426E-05"
"26-09-12 12:28:51.058","+5.0742574E-04"
"26-09-12 12:28:51.773","-2.3514851E-04"
"26-09-12 12:28:52.669","-4.9504950E-05"
"26-09-12 12:28:53.386","-5.8787129E-04"
"26-09-12 12:28:54.280","+3.7747525E-04"
"26-09-12 12:28:54.993","+7.4257426E-05"
"26-09-12 12:28:55.889","+1.7326733E-04"
"26-09-12 12:28:56.603","+2.9702970E-04"
"26-09-12 12:28:57.516","-1.3613861E-04"
"26-09-12 12:28:58.230","-1.5470297E-04"
"26-09-12 12:28:59.130","-3.0940594E-05"
"26-09-12 12:28:59.845","-3.4034653E-04"
"26-09-12 12:29:00.742","-3.9603960E-04"
"26-09-12 12:29:01.456","-5.5074257E-04"
"26-09-12 12:29:02.352","+3.7747525E-04"
"26-09-12 12:29:03.068","+7.6732673E-04"
"26-09-12 12:29:03.964","+5.5693069E-05"
"26-09-12 12:29:04.678","-3.0940594E-05"
"26-09-12 12:29:05.582","-6.6831683E-04"
"26-09-12 12:29:06.297","-4.9504950E-05"
"26-09-12 12:29:07.196","-3.5272277E-04"
"26-09-12 12:29:07.911","-6.8069307E-05"
"26-09-12 12:29:08.813","+5.0123762E-04"
"26-09-12 12:29:09.526","-2.1658416E-04"
"26-09-12 12:29:10.425","+4.0841584E-04"
"26-09-12 12:29:11.142","+2.1039604E-04"
"26-09-12 12:29:12.053","-5.1361386E-04"
"26-09-12 12:29:12.767","+2.1658416E-04"
"26-09-12 12:29:13.661","-9.2821782E-05"
"26-09-12 12:29:14.376","-4.2079208E-04"
"26-09-12 12:29:15.274","-4.0222772E-04"
"26-09-12 12:29:15.988","-3.8366337E-04"
"26-09-12 12:29:16.883","-3.5272277E-04"
"26-09-12 12:29:17.598","+6.3737624E-04"
"26-09-12 12:29:18.494","-2.4752475E-04"
"26-09-12 12:29:19.209","+0.0000000E+00"
"26-09-12 12:29:20.104","-2.1039604E-04"
"26-09-12 12:29:20.819","+1.0519802E-04"
"26-09-12 12:29:21.713","+6.7450495E-04"
"26-09-12 12:29:22.426","-3.7128713E-05"
"26-09-12 12:29:23.325","+1.7945545E-04"
"26-09-12 12:29:24.039","+6.8069307E-05"
"26-09-12 12:29:24.944","+4.8886139E-04"
"26-09-12 12:29:25.659","-4.2698020E-04"
"26-09-12 12:29:26.556","-6.7450495E-04"
"26-09-12 12:29:27.274","+2.9084158E-04"
"26-09-12 12:29:28.177","-1.7945545E-04"
"26-09-12 12:29:28.891","-8.4777228E-04"
"26-09-12 12:29:29.787","+1.4851485E-04"
"26-09-12 12:29:30.503","+4.9504950E-05"
"26-09-12 12:29:31.407","+3.6509901E-04"
"26-09-12 12:29:32.122","-2.2277228E-04"
"26-09-12 12:29:33.016","-3.9603960E-04"
"26-09-12 12:29:33.731","-1.8564356E-04"
"26-09-12 12:29:34.628","-3.8366337E-04"
"26-09-12 12:29:35.341","+1.8564356E-05"
"26-09-12 12:29:36.238","+4.2698020E-04"
"26-09-12 12:29:36.953","-9.9009901E-05"
"26-09-12 12:29:37.858","-6.8069307E-04"
"26-09-12 12:29:38.574","-2.5990099E-04"
"26-09-12 12:29:39.488","-2.0420792E-04"
"26-09-12 12:29:40.203","+9.9009901E-04"
"26-09-12 12:29:41.097","+2.3514851E-04"
"26-09-12 12:29:41.812","-5.3217822E-04"
"26-09-12 12:29:42.709","-5.2599010E-04"
"26-09-12 12:29:43.425","-5.8168317E-04"
"26-09-12 12:29:44.327","-1.2995050E-04"
"26-09-12 12:29:45.042","+1.7945545E-04"
"26-09-12 12:29:45.938","+3.3415842E-04"
"26-09-12 12:29:46.653","+6.0643564E-04"
"26-09-12 12:29:47.367","-1.7326733E-04"
"26-09-12 12:29:48.270","-1.1138614E-04"
"26-09-12 12:29:48.985","-3.0940594E-05"
"26-09-12 12:29:49.878","-2.0420792E-04"
"26-09-12 12:29:50.593","-6.8069307E-05"
"26-09-12 12:29:51.489","-4.9504950E-05"
"26-09-12 12:29:52.203","-2.6608911E-04"
"26-09-12 12:29:53.099","-1.0705446E-03"
"26-09-12 12:29:54.028","+3.4653465E-04"
"26-09-12 12:29:54.743","+5.1980198E-04"
"26-09-12 12:29:55.638","-6.6831683E-04"
"26-09-12 12:29:56.357","-2.4752475E-05"
"26-09-12 12:29:57.258","+1.3613861E-04"
"26-09-12 12:29:57.973","-9.2821782E-05"
"26-09-12 12:29:58.868","+2.4133663E-04"
"26-09-12 12:29:59.585","+3.1559406E-04"
"26-09-12 12:30:00.482","+1.8564356E-05"
"26-09-12 12:30:01.195","-3.5272277E-04"
"26-09-12 12:30:02.102","-4.2079208E-04"
"26-09-12 12:30:02.815","+1.0519802E-04"
"26-09-12 12:30:03.721","+5.2599010E-04"
"26-09-12 12:30:04.436","+6.0643564E-04"
"26-09-12 12:30:05.341","+0.0000000E+00"
"26-09-12 12:30:06.054","-2.6608911E-04"
"26-09-12 12:30:06.952","-9.9009901E-05"
"26-09-12 12:30:07.667","-3.5891089E-04"
"26-09-12 12:30:08.572","-2.9084158E-04"
"26-09-12 12:30:09.287","+2.7846535E-04"
"26-09-12 12:30:10.183","+4.3316832E-05"
"26-09-12 12:30:10.898","+1.7326733E-04"
"26-09-12 12:30:11.793","-3.7128713E-04"
"26-09-12 12:30:12.509","+5.3836634E-04"
"26-09-12 12:30:13.402","-1.8564356E-05"
"26-09-12 12:30:14.117","-5.8787129E-04"
"26-09-12 12:30:15.011","+1.7326733E-04"
"26-09-12 12:30:15.726","-2.7227723E-04"
"26-09-12 12:30:16.628","-8.6633663E-04"
"26-09-12 12:30:17.342","-4.2698020E-04"
"26-09-12 12:30:18.245","-3.8985149E-04"
"26-09-12 12:30:18.960","-3.6509901E-04"
"26-09-12 12:30:19.862","+1.1757426E-04"
"26-09-12 12:30:20.577","-1.0519802E-04"
"26-09-12 12:30:21.474","-4.8267327E-04"
"26-09-12 12:30:22.191","-8.6633663E-05"
"26-09-12 12:30:23.084","+8.6014851E-04"
"26-09-12 12:30:23.799","+3.1559406E-04"
"26-09-12 12:30:24.695","+4.5173267E-04"
"26-09-12 12:30:25.410","-5.2599010E-04"
"26-09-12 12:30:26.306","+1.8564356E-05"
"26-09-12 12:30:27.021","+3.7747525E-04"
"26-09-12 12:30:27.927","+3.6509901E-04"
"26-09-12 12:30:28.643","+1.8564356E-05"
"26-09-12 12:30:29.546","+4.3316832E-04"
"26-09-12 12:30:30.263","-4.0841584E-04"
"26-09-12 12:30:31.156","+1.9183168E-04"
"26-09-12 12:30:31.869","+2.1658416E-04"
"26-09-12 12:30:32.774","-4.5792079E-04"
"26-09-12 12:30:33.493","-1.2995050E-04"
"26-09-12 12:30:34.385","+3.7128713E-05"
"26-09-12 12:30:35.098","-7.4257426E-05"
"26-09-12 12:30:36.001","-1.4851485E-04"
"26-09-12 12:30:36.719","+3.6509901E-04"
"26-09-12 12:30:37.617","-2.4133663E-04"
"26-09-12 12:30:38.331","-5.8168317E-04"
"26-09-12 12:30:39.224","-5.5074257E-04"
"26-09-12 12:30:39.941","-1.2995050E-04"
"26-09-12 12:30:40.837","-2.4752475E-05"
"26-09-12 12:30:41.552","-8.1064356E-04"
"26-09-12 12:30:42.446","+2.1658416E-04"
"26-09-12 12:30:43.160","-3.8366337E-04"
"26-09-12 12:30:44.061","-7.0544554E-04"
"26-09-12 12:30:44.776","+2.4752475E-05"
"26-09-12 12:30:45.683","-2.8465347E-04"
"26-09-12 12:30:46.396","-4.3316832E-05"
"26-09-12 12:30:47.308","-3.3415842E-04"
"26-09-12 12:30:48.021","-2.7227723E-04"
"26-09-12 12:30:48.928","-1.4232673E-04"
"26-09-12 12:30:49.642","+6.3118812E-04"
"26-09-12 12:30:50.537","+3.6509901E-04"
"26-09-12 12:30:51.252","+3.0940594E-04"
"26-09-12 12:30:52.146","+2.2277228E-04"
"26-09-12 12:30:52.861","+4.0841584E-04"
"26-09-12 12:30:53.759","-5.3217822E-04"
"26-09-12 12:30:54.474","+6.4975248E-04"
"26-09-12 12:30:55.371","-5.8787129E-04"
"26-09-12 12:30:56.086","-2.8465347E-04"
"26-09-12 12:30:56.979","-3.7128713E-05"
"26-09-12 12:30:57.696","-2.0420792E-04"
"26-09-12 12:30:58.589","-8.1683168E-04"
"26-09-12 12:30:59.304","-8.0445545E-05"
"26-09-12 12:31:00.456","-3.4653465E-04"
"26-09-12 12:31:01.171","+3.8366337E-04"
"26-09-12 12:31:02.071","-2.1658416E-04"
"26-09-12 12:31:02.785","-4.7648515E-04"
"26-09-12 12:31:03.688","-6.1881188E-05"
"26-09-12 12:31:04.405","+7.7351485E-04"
"26-09-12 12:31:05.298","-1.2376238E-05"
"26-09-12 12:31:06.014","-1.4232673E-04"
"26-09-12 12:31:06.727","-2.9084158E-04"
"26-09-12 12:31:07.632","+5.7549505E-04"
"26-09-12 12:31:08.346","-1.3613861E-04"
"26-09-12 12:31:09.241","-1.1138614E-04"
"26-09-12 12:31:09.954","+3.0940594E-05"
"26-09-12 12:31:10.850","+4.4554455E-04"
"26-09-12 12:31:11.565","-1.8564356E-05"
"26-09-12 12:31:12.462","+2.9702970E-04"
"26-09-12 12:31:13.175","+0.0000000E+00"
"26-09-12 12:31:14.082","+6.5594059E-04"
"26-09-12 12:31:14.796","-3.0940594E-05"
"26-09-12 12:31:15.696","-5.5693069E-05"
"26-09-12 12:31:16.410","+6.1881188E-04"
"26-09-12 12:31:17.313","-1.8564356E-04"
"26-09-12 12:31:18.026","+3.9603960E-04"
"26-09-12 12:31:18.933","-2.2896040E-04"
"26-09-12 12:31:19.648","+0.0000000E+00"
"26-09-12 12:31:20.541","+1.2995050E-04"
"26-09-12 12:31:21.256","-6.0643564E-04"
"26-09-12 12:31:22.152","-3.2797030E-04"
"26-09-12 12:31:22.868","+1.4851485E-04"
"26-09-12 12:31:23.764","+1.8564356E-04"
"26-09-12 12:31:24.478","+3.6509901E-04"
"26-09-12 12:31:25.377","+8.2301980E-04"
"26-09-12 12:31:26.092","-3.7128713E-04"
"26-09-12 12:31:27.004","-1.3613861E-04"
"26-09-12 12:31:27.722","-1.7945545E-04"
"26-09-12 12:31:28.615","+1.8564356E-04"
"26-09-12 12:31:29.329","+4.1460396E-04"
"26-09-12 12:31:30.223","+2.0420792E-04"
"26-09-12 12:31:30.937","-4.9504950E-05"
"26-09-12 12:31:31.834","-3.3415842E-04"
"26-09-12 12:31:32.551","+2.8465347E-04"
"26-09-12 12:31:33.445","-3.5891089E-04"
"26-09-12 12:31:34.159","-3.8985149E-04"
"26-09-12 12:31:35.060","+1.4232673E-04"
"26-09-12 12:31:35.775","-2.7227723E-04"
"26-09-12 12:31:36.676","-6.1881188E-04"
"26-09-12 12:31:37.389","+4.3316832E-05"
"26-09-12 12:31:38.286","+2.4752475E-05"
"26-09-12 12:31:39.002","-1.6089109E-04"
"26-09-12 12:31:39.896","+8.0445545E-05"
"26-09-12 12:31:40.611","-1.9801980E-04"
"26-09-12 12:31:41.518","-8.0445545E-05"
"26-09-12 12:31:42.232","-6.1262376E-04"
"26-09-12 12:31:43.137","-2.7846535E-04"
"26-09-12 12:31:43.854","+1.6707921E-04"
"26-09-12 12:31:44.750","-7.4257426E-05"
"26-09-12 12:31:45.464","+1.1757426E-04"
"26-09-12 12:31:46.366","-4.6410891E-04"
"26-09-12 12:31:47.080","-4.3935644E-04"
"26-09-12 12:31:47.978","-2.5990099E-04"
"26-09-12 12:31:48.692","+4.3316832E-05"
"26-09-12 12:31:49.589","-2.4752475E-05"
"26-09-12 12:31:50.304","+2.2896040E-04"
"26-09-12 12:31:51.198","-5.5693069E-05"
"26-09-12 12:31:51.911","-1.1757426E-04"
"26-09-12 12:31:52.805","+3.7128713E-05"
"26-09-12 12:31:53.520","+5.0123762E-04"
"26-09-12 12:31:54.427","-6.7450495E-04"
"26-09-12 12:31:55.140","+5.2599010E-04"
"26-09-12 12:31:56.049","-6.9306931E-04"
"26-09-12 12:31:56.762","-3.0940594E-04"
"26-09-12 12:31:57.659","+4.0222772E-04"
"26-09-12 12:31:58.372","+2.1039604E-04"
"26-09-12 12:31:59.266","+1.5470297E-04"
"26-09-12 12:31:59.983","-4.1460396E-04"
"26-09-12 12:32:00.880","+1.0519802E-04"
"26-09-12 12:32:01.594","+4.3316832E-05"
"26-09-12 12:32:02.499","-3.0940594E-05"
"26-09-12 12:32:03.213","+5.5693069E-05"
"26-09-12 12:32:04.110","+4.1460396E-04"
"26-09-12 12:32:04.825","-2.9084158E-04"
"26-09-12 12:32:05.728","-3.0940594E-04"
"26-09-12 12:32:06.660","-1.7326733E-04"
"26-09-12 12:32:07.374","+4.8267327E-04"
"26-09-12 12:32:08.278","-1.4851485E-04"
"26-09-12 12:32:08.998","-2.7846535E-04"
"26-09-12 12:32:09.889","+2.5371287E-04"
"26-09-12 12:32:10.604","+2.4752475E-04"
"26-09-12 12:32:11.500","-8.0445545E-05"
"26-09-12 12:32:12.215","+1.1138614E-04"
"26-09-12 12:32:13.113","-4.3316832E-05"
"26-09-12 12:32:13.828","-3.8985149E-04"
"26-09-12 12:32:14.735","-8.7871287E-04"
"26-09-12 12:32:15.449","+3.3415842E-04"
"26-09-12 12:32:16.352","+3.6509901E-04"
"26-09-12 12:32:17.066","+2.7846535E-04"
"26-09-12 12:32:17.962","-4.6410891E-04"
"26-09-12 12:32:18.677","+1.6089109E-04"
"26-09-12 12:32:19.571","-3.8366337E-04"
"26-09-12 12:32:20.286","+5.7549505E-04"
"26-09-12 12:32:21.184","-4.2698020E-04"
"26-09-12 12:32:21.903","+2.4752475E-04"
"26-09-12 12:32:22.811","-4.7029703E-04"
"26-09-12 12:32:23.528","+1.1138614E-04"
"26-09-12 12:32:24.452","+0.0000000E+00"
"26-09-12 12:32:25.167","-9.9009901E-05"
"26-09-12 12:32:26.062","-1.4232673E-04"
"26-09-12 12:32:26.778","-5.4455446E-04"
"26-09-12 12:32:27.673","+5.0123762E-04"
"26-09-12 12:32:28.387","-2.0420792E-04"
"26-09-12 12:32:29.286","-2.3514851E-04"
"26-09-12 12:32:30.000","+2.6608911E-04"
"26-09-12 12:32:30.904","-1.8564356E-04"
"26-09-12 12:32:31.618","+1.3613861E-04"
"26-09-12 12:32:32.516","+2.2277228E-04"
"26-09-12 12:32:33.231","-5.5693069E-04"
"26-09-12 12:32:34.137","+4.3316832E-05"
"26-09-12 12:32:34.856","-2.3514851E-04"
"26-09-12 12:32:35.765","-4.3935644E-04"
"26-09-12 12:32:36.482","-8.4158416E-04"
"26-09-12 12:32:37.375","-1.2376238E-05"
"26-09-12 12:32:38.090","-1.2376238E-04"
"26-09-12 12:32:38.984","-1.3613861E-04"
"26-09-12 12:32:39.699","+2.2896040E-04"
"26-09-12 12:32:40.596","-1.6089109E-04"
"26-09-12 12:32:41.310","+1.9183168E-04"
"26-09-12 12:32:42.204","-1.9801980E-04"
"26-09-12 12:32:42.919","-2.2277228E-04"
"26-09-12 12:32:43.816","-2.4752475E-04"
"26-09-12 12:32:44.531","-3.3415842E-04"
"26-09-12 12:32:45.436","+2.5990099E-04"
"26-09-12 12:32:46.153","-3.0940594E-05"
"26-09-12 12:32:47.046","-4.3316832E-05"
"26-09-12 12:32:47.759","-1.2995050E-04"
"26-09-12 12:32:48.667","-4.8886139E-04"
"26-09-12 12:32:49.385","-7.4257426E-05"
"26-09-12 12:32:50.277","+9.9009901E-05"
"26-09-12 12:32:50.992","-2.2277228E-04"
"26-09-12 12:32:51.897","+3.8366337E-04"
"26-09-12 12:32:52.611","+2.4133663E-04"
"26-09-12 12:32:53.507","+3.0940594E-04"
"26-09-12 12:32:54.222","+9.9009901E-04"
"26-09-12 12:32:55.126","+1.3613861E-04"
"26-09-12 12:32:55.841","-7.4257426E-05"
"26-09-12 12:32:56.739","-2.7227723E-04"
"26-09-12 12:32:57.452","+2.9702970E-04"
"26-09-12 12:32:58.359","+3.8366337E-04"
"26-09-12 12:32:59.072","+8.6633663E-05"
"26-09-12 12:32:59.966","-2.0420792E-04"
"26-09-12 12:33:00.681","+3.8985149E-04"
"26-09-12 12:33:01.580","+6.1881188E-06"
"26-09-12 12:33:02.294","+1.5470297E-04"
"26-09-12 12:33:03.209","+2.6608911E-04"
"26-09-12 12:33:03.923","-6.8688119E-04"
"26-09-12 12:33:04.830","+3.6509901E-04"
"26-09-12 12:33:05.545","-6.6831683E-04"
"26-09-12 12:33:06.448","+1.9801980E-04"
"26-09-12 12:33:07.164","-6.4975248E-04"
"26-09-12 12:33:08.058","+2.2896040E-04"
"26-09-12 12:33:08.771","-3.5272277E-04"
"26-09-12 12:33:09.669","-1.6089109E-04"
"26-09-12 12:33:10.384","+0.0000000E+00"
"26-09-12 12:33:11.281","-8.0445545E-05"
"26-09-12 12:33:11.994","-2.1039604E-04"
"26-09-12 12:33:13.143","+9.9009901E-05"
"26-09-12 12:33:13.858","+3.4653465E-04"
"26-09-12 12:33:14.759","-1.9801980E-04"
"26-09-12 12:33:15.474","+1.5470297E-04"
"26-09-12 12:33:16.380","-8.6633663E-05"
"26-09-12 12:33:17.095","-3.9603960E-04"
"26-09-12 12:33:17.991","+6.4975248E-04"
"26-09-12 12:33:18.705","-6.2500000E-04"
"26-09-12 12:33:19.603","-1.6707921E-04"
"26-09-12 12:33:20.320","-7.4257426E-05"
"26-09-12 12:33:21.223","-4.8886139E-04"
"26-09-12 12:33:21.937","+2.8465347E-04"
"26-09-12 12:33:22.832","+6.4356436E-04"
"26-09-12 12:33:23.549","+2.9702970E-04"
"26-09-12 12:33:24.451","-4.7648515E-04"
"26-09-12 12:33:25.165","+1.8564356E-04"
"26-09-12 12:33:26.062","+3.0940594E-04"
"26-09-12 12:33:26.777","-2.7846535E-04"
"26-09-12 12:33:27.675","-1.2376238E-04"
"26-09-12 12:33:28.388","-1.2376238E-04"
"26-09-12 12:33:29.293","-1.6707921E-04"
"26-09-12 12:33:30.008","+1.1757426E-04"
"26-09-12 12:33:30.912","+3.7128713E-05"
"26-09-12 12:33:31.627","-2.2277228E-04"
"26-09-12 12:33:32.521","-3.9603960E-04"
"26-09-12 12:33:33.235","-4.2079208E-04"
"26-09-12 12:33:34.136","+2.4752475E-05"
"26-09-12 12:33:34.852","+2.7846535E-04"
"26-09-12 12:33:35.744","-5.6311881E-04"
"26-09-12 12:33:36.458","-5.6311881E-04"
"26-09-12 12:33:37.353","-4.7648515E-04"
"26-09-12 12:33:38.068","+9.2821782E-05"
"26-09-12 12:33:38.965","-4.3316832E-04"
"26-09-12 12:33:39.681","-4.9504950E-04"
"26-09-12 12:33:40.572","-1.8564356E-05"
"26-09-12 12:33:41.286","-3.2797030E-04"
"26-09-12 12:33:42.186","+6.1262376E-04"
"26-09-12 12:33:42.900","+8.6633663E-05"
"26-09-12 12:33:43.834","+1.6089109E-04"
"26-09-12 12:33:44.547","+1.8564356E-05"
"26-09-12 12:33:45.446","-6.2500000E-04"
"26-09-12 12:33:46.160","-1.8564356E-04"
"26-09-12 12:33:47.056","-6.2500000E-04"
"26-09-12 12:33:47.772","+3.0940594E-05"
"26-09-12 12:33:48.666","-1.7326733E-04"
"26-09-12 12:33:49.381","-3.2178218E-04"
"26-09-12 12:33:50.276","+6.8069307E-05"
"26-09-12 12:33:50.991","-2.4133663E-04"
"26-09-12 12:33:51.887","-5.4455446E-04"
"26-09-12 12:33:52.603","-4.3316832E-04"
"26-09-12 12:33:53.501","+3.7128713E-05"
"26-09-12 12:33:54.215","+1.6089109E-04"
"26-09-12 12:33:55.118","+2.4752475E-05"
"26-09-12 12:33:55.831","-9.9009901E-05"
"26-09-12 12:33:56.737","-8.6633663E-05"
"26-09-12 12:33:57.452","+3.8366337E-04"
"26-09-12 12:33:58.358","+1.2376238E-04"
"26-09-12 12:33:59.071","-2.9702970E-04"
"26-09-12 12:33:59.968","-8.6633663E-05"
"26-09-12 12:34:00.684","-5.8168317E-04"
"26-09-12 12:34:01.578","+2.5371287E-04"
"26-09-12 12:34:02.292","-6.8069307E-05"
"26-09-12 12:34:03.193","+4.0222772E-04"
"26-09-12 12:34:03.907","+5.5693069E-05"
"26-09-12 12:34:04.807","+3.7747525E-04"
"26-09-12 12:34:05.522","+5.6311881E-04"
"26-09-12 12:34:06.419","-1.5470297E-04"
"26-09-12 12:34:07.134","-3.4034653E-04"
"26-09-12 12:34:08.030","+3.7128713E-05"
"26-09-12 12:34:08.745","+7.4257426E-05"
"26-09-12 12:34:09.650","+1.2376238E-05"
"26-09-12 12:34:10.363","-1.8564356E-05"
"26-09-12 12:34:11.278","+5.5693069E-04"
"26-09-12 12:34:11.992","+1.8564356E-05"
"26-09-12 12:34:12.893","+1.7945545E-04"
"26-09-12 12:34:13.610","-2.3514851E-04"
"26-09-12 12:34:14.510","+2.5371287E-04"
"26-09-12 12:34:15.223","+9.2821782E-04"
"26-09-12 12:34:16.120","-2.4752475E-05"
"26-09-12 12:34:16.839","+1.8564356E-04"
"26-09-12 12:34:17.741","+8.9108911E-04"
"26-09-12 12:34:18.455","+9.2821782E-05"
"26-09-12 12:34:19.600","-2.8465347E-04"
"26-09-12 12:34:20.319","+3.2178218E-04"
"26-09-12 12:34:21.211","-4.3316832E-05"
"26-09-12 12:34:21.925","-4.9504950E-05"
"26-09-12 12:34:22.823","-6.1881188E-06"
"26-09-12 12:34:23.538","+1.3613861E-04"
"26-09-12 12:34:24.440","-2.4752475E-05"
"26-09-12 12:34:25.155","+7.4257426E-05"
"26-09-12 12:34:26.065","-2.2277228E-04"
"26-09-12 12:34:26.780","-4.5173267E-04"
"26-09-12 12:34:27.683","-1.9801980E-04"
"26-09-12 12:34:28.396","+2.9702970E-04"
"26-09-12 12:34:29.303","+4.3935644E-04"
"26-09-12 12:34:30.017","+9.2821782E-05"
"26-09-12 12:34:30.911","-1.4851485E-04"
"26-09-12 12:34:31.625","+8.6633663E-05"
"26-09-12 12:34:32.522","-1.6089109E-04"
"26-09-12 12:34:33.236","+1.4232673E-04"
"26-09-12 12:34:34.145","-2.6608911E-04"
"26-09-12 12:34:34.859","-2.4133663E-04"
"26-09-12 12:34:35.763","+2.9702970E-04"
"26-09-12 12:34:36.478","+1.8564356E-04"
"26-09-12 12:34:37.372","+7.3019802E-04"
"26-09-12 12:34:38.087","-7.6113861E-04"
"26-09-12 12:34:38.992","+8.2920792E-04"
"26-09-12 12:34:39.705","-2.0420792E-04"
"26-09-12 12:34:40.603","-3.7128713E-04"
"26-09-12 12:34:41.318","+8.6633663E-05"
"26-09-12 12:34:42.212","-5.1361386E-04"
"26-09-12 12:34:42.928","+4.5173267E-04"
"26-09-12 12:34:43.825","+1.2376238E-05"
"26-09-12 12:34:44.539","-1.6089109E-04"
"26-09-12 12:34:45.433","+1.7945545E-04"
"26-09-12 12:34:46.147","-2.2277228E-04"
"26-09-12 12:34:47.042","-2.4752475E-04"
"26-09-12 12:34:47.757","-4.9504950E-04"
"26-09-12 12:34:48.657","+5.1361386E-04"
"26-09-12 12:34:49.373","+1.0519802E-04"
"26-09-12 12:34:50.275","+4.3316832E-04"
"26-09-12 12:34:50.989","-1.8564356E-04"
"26-09-12 12:34:51.887","+1.9801980E-04"
"26-09-12 12:34:52.600","+5.3836634E-04"
"26-09-12 12:34:53.516","-1.9801980E-04"
"26-09-12 12:34:54.231","-2.6608911E-04"
"26-09-12 12:34:55.127","-4.5792079E-04"
"26-09-12 12:34:55.842","+3.5272277E-04"
"26-09-12 12:34:56.737","+2.4752475E-04"
"26-09-12 12:34:57.454","-2.1039604E-04"
"26-09-12 12:34:58.346","-3.1559406E-04"
"26-09-12 12:34:59.061","+9.9009901E-05"
"26-09-12 12:34:59.957","-7.2400990E-04"
"26-09-12 12:35:00.671","+4.3316832E-05"
"26-09-12 12:35:01.567","+4.9504950E-05"
"26-09-12 12:35:02.282","+8.0445545E-05"
"26-09-12 12:35:02.996","+6.1881188E-06"
"26-09-12 12:35:03.898","+3.4653465E-04"
"26-09-12 12:35:04.613","-2.8465347E-04"
"26-09-12 12:35:05.508","-1.6707921E-04"
"26-09-12 12:35:06.221","-9.9009901E-05"
"26-09-12 12:35:07.118","+1.1757426E-04"
"26-09-12 12:35:07.831","+1.3613861E-04"
"26-09-12 12:35:08.728","+1.9183168E-04"
"26-09-12 12:35:09.444","+2.4752475E-05"
"26-09-12 12:35:10.340","+4.9504950E-05"
"26-09-12 12:35:11.054","-4.3316832E-05"
"26-09-12 12:35:11.964","+1.8564356E-05"
"26-09-12 12:35:12.678","+2.5990099E-04"
"26-09-12 12:35:13.578","-7.4257426E-05"
"26-09-12 12:35:14.294","-6.1262376E-04"
"26-09-12 12:35:15.189","+5.5693069E-05"
"26-09-12 12:35:15.903","+3.0940594E-05"
"26-09-12 12:35:16.797","+8.0445545E-05"
"26-09-12 12:35:17.512","-1.1138614E-04"
"26-09-12 12:35:18.411","-2.7227723E-04"
"26-09-12 12:35:19.126","+2.4752475E-05"
"26-09-12 12:35:20.030","-4.2079208E-04"
"26-09-12 12:35:20.744","-1.0519802E-04"
"26-09-12 12:35:21.641","+5.5074257E-04"
"26-09-12 12:35:22.354","-1.8564356E-04"
"26-09-12 12:35:23.260","+2.2277228E-04"
"26-09-12 12:35:23.974","-1.9801980E-04"
"26-09-12 12:35:24.873","+9.2821782E-05"
"26-09-12 12:35:25.807","+1.2995050E-04"
"26-09-12 12:35:26.521","-1.9183168E-04"
"26-09-12 12:35:27.420","+3.5891089E-04"
"26-09-12 12:35:28.138","-4.3316832E-05"
"26-09-12 12:35:29.030","-2.7227723E-04"
"26-09-12 12:35:29.743","+5.7549505E-04"
"26-09-12 12:35:30.642","-7.1163366E-04"
"26-09-12 12:35:31.357","-1.6707921E-04"
"26-09-12 12:35:32.256","+2.7846535E-04"
"26-09-12 12:35:32.970","-1.4232673E-04"
"26-09-12 12:35:33.884","-1.9183168E-04"
"26-09-12 12:35:34.598","+4.9504950E-04"
"26-09-12 12:35:35.502","+1.4851485E-04"
"26-09-12 12:35:36.215","-3.4653465E-04"
"26-09-12 12:35:37.122","-2.6608911E-04"
"26-09-12 12:35:37.836","+2.5990099E-04"
"26-09-12 12:35:38.732","-1.0519802E-04"
"26-09-12 12:35:39.447","-1.7945545E-04"
"26-09-12 12:35:40.347","-1.1138614E-04"
"26-09-12 12:35:41.063","-3.2178218E-04"
"26-09-12 12:35:41.969","+1.2376238E-04"
"26-09-12 12:35:42.683","-2.0420792E-04"
"26-09-12 12:35:43.583","-2.4133663E-04"
"26-09-12 12:35:44.297","+1.8564356E-05"
"26-09-12 12:35:45.191","-1.6707921E-04"
"26-09-12 12:35:45.906","-4.3935644E-04"
"26-09-12 12:35:46.814","-1.2376238E-05"
"26-09-12 12:35:47.528","-4.0222772E-04"
"26-09-12 12:35:48.425","-3.3415842E-04"
"26-09-12 12:35:49.139","-7.4257426E-04"
"26-09-12 12:35:50.036","-1.7945545E-04"
"26-09-12 12:35:50.751","+3.7128713E-05"
"26-09-12 12:35:51.659","-1.7945545E-04"
"26-09-12 12:35:52.374","+5.1980198E-04"
"26-09-12 12:35:53.276","-3.4653465E-04"
"26-09-12 12:35:53.995","-9.1584158E-04"
"26-09-12 12:35:54.894","+2.7846535E-04"
"26-09-12 12:35:55.609","+2.2277228E-04"
"26-09-12 12:35:56.507","+5.5693069E-05"
"26-09-12 12:35:57.224","+2.0420792E-04"
"26-09-12 12:35:58.127","+2.9702970E-04"
"26-09-12 12:35:58.842","-2.0420792E-04"
"26-09-12 12:35:59.736","-4.1460396E-04"
"26-09-12 12:36:00.450","+3.5272277E-04"
"26-09-12 12:36:01.362","-4.3316832E-05"
"26-09-12 12:36:02.077","+6.6831683E-04"
"26-09-12 12:36:02.977","-4.8886139E-04"
"26-09-12 12:36:03.691","+1.9183168E-04"
"26-09-12 12:36:04.587","-5.9405941E-04"
"26-09-12 12:36:05.301","-2.2277228E-04"
"26-09-12 12:36:06.208","+1.7326733E-04"
"26-09-12 12:36:06.924","+3.8366337E-04"
"26-09-12 12:36:07.817","-3.8985149E-04"
"26-09-12 12:36:08.532","+1.2995050E-04"
"26-09-12 12:36:09.430","+5.0742574E-04"
"26-09-12 12:36:10.146","+8.6633663E-05"
"26-09-12 12:36:11.048","+4.9504950E-05"
"26-09-12 12:36:11.762","+6.3118812E-04"
"26-09-12 12:36:12.667","-1.2376238E-04"
"26-09-12 12:36:13.382","-6.9925743E-04"
"26-09-12 12:36:14.287","+1.2995050E-04"
"26-09-12 12:36:15.003","+1.4851485E-04"
"26-09-12 12:36:15.900","+2.4752475E-04"
"26-09-12 12:36:16.613","+1.3613861E-04"
"26-09-12 12:36:17.509","-2.4752475E-05"
"26-09-12 12:36:18.227","-2.7846535E-04"
"26-09-12 12:36:19.118","+1.3613861E-04"
"26-09-12 12:36:19.832","-1.1138614E-04"
"26-09-12 12:36:20.729","-3.8366337E-04"
"26-09-12 12:36:21.444","-3.0940594E-05"
"26-09-12 12:36:22.157","+1.8564356E-05"
"26-09-12 12:36:23.059","+3.8985149E-04"
"26-09-12 12:36:23.773","+5.3836634E-04"
"26-09-12 12:36:24.670","+6.1881188E-06"
"26-09-12 12:36:25.386","-2.5990099E-04"
"26-09-12 12:36:26.280","-9.9009901E-05"
"26-09-12 12:36:26.994","-3.1559406E-04"
"26-09-12 12:36:27.901","+3.2178218E-04"
"26-09-12 12:36:28.614","-5.8787129E-04"
"26-09-12 12:36:29.511","-3.8366337E-04"
"26-09-12 12:36:30.226","-1.4851485E-04"
"26-09-12 12:36:31.124","+0.0000000E+00"
"26-09-12 12:36:32.060","-4.2698020E-04"
"26-09-12 12:36:32.774","+2.1039604E-04"
"26-09-12 12:36:33.670","-3.3415842E-04"
"26-09-12 12:36:34.385","+8.6633663E-05"
"26-09-12 12:36:35.280","-7.6732673E-04"
"26-09-12 12:36:35.995","-2.4133663E-04"
"26-09-12 12:36:36.890","-1.9801980E-04"
"26-09-12 12:36:37.608","-5.6930693E-04"
"26-09-12 12:36:38.503","+2.9702970E-04"
"26-09-12 12:36:39.216","+9.9009901E-05"
"26-09-12 12:36:40.113","+8.8490099E-04"
"26-09-12 12:36:40.828","+1.4232673E-04"
"26-09-12 12:36:41.742","-7.1782178E-04"
"26-09-12 12:36:42.458","-4.8267327E-04"
"26-09-12 12:36:43.354","-1.2995050E-04"
"26-09-12 12:36:44.068","+3.1559406E-04"
"26-09-12 12:36:44.964","-8.9108911E-04"
"26-09-12 12:36:45.679","+1.2995050E-04"
"26-09-12 12:36:46.576","-1.0891089E-03"
"26-09-12 12:36:47.290","-2.0420792E-04"
"26-09-12 12:36:48.195","+4.3316832E-05"
"26-09-12 12:36:48.911","-8.8490099E-04"
"26-09-12 12:36:49.803","-8.2920792E-04"
"26-09-12 12:36:50.518","-1.7326733E-04"
"26-09-12 12:36:51.424","+1.2376238E-05"
"26-09-12 12:36:52.138","-4.9504950E-05"
"26-09-12 12:36:53.033","+1.2995050E-04"
"26-09-12 12:36:53.747","-3.5891089E-04"
"26-09-12 12:36:54.657","+4.8267327E-04"
"26-09-12 12:36:55.372","-5.3836634E-04"
"26-09-12 12:36:56.275","-7.7970297E-04"
"26-09-12 12:36:56.988","-3.2797030E-04"
"26-09-12 12:36:57.896","-2.1039604E-04"
"26-09-12 12:36:58.614","+4.7029703E-04"
"26-09-12 12:36:59.504","-4.3316832E-05"
"26-09-12 12:37:00.219","-3.0321782E-04"
"26-09-12 12:37:01.120","+1.4232673E-04"
"26-09-12 12:37:01.835","-2.5990099E-04"
"26-09-12 12:37:02.738","+5.3217822E-04"
"26-09-12 12:37:03.452","+3.4034653E-04"
"26-09-12 12:37:04.355","+3.0940594E-05"
"26-09-12 12:37:05.068","-1.2376238E-04"
"26-09-12 12:37:05.967","-1.2376238E-04"
"26-09-12 12:37:06.681","-6.8069307E-05"
"26-09-12 12:37:07.578","+4.2698020E-04"
"26-09-12 12:37:08.292","-2.1039604E-04"
"26-09-12 12:37:09.208","+4.0841584E-04"
"26-09-12 12:37:09.923","+1.4851485E-04"
"26-09-12 12:37:10.831","-6.6831683E-04"
"26-09-12 12:37:11.546","+8.0445545E-05"
"26-09-12 12:37:12.446","+4.1460396E-04"
"26-09-12 12:37:13.161","-6.1881188E-06"
"26-09-12 12:37:14.060","+5.3217822E-04"
"26-09-12 12:37:14.774","-4.2079208E-04"
"26-09-12 12:37:15.677","-2.5990099E-04"
"26-09-12 12:37:16.394","-4.2698020E-04"
"26-09-12 12:37:17.289","-6.7450495E-04"
"26-09-12 12:37:18.003","-1.2376238E-05"
"26-09-12 12:37:18.899","-2.9702970E-04"
"26-09-12 12:37:19.616","-1.3613861E-04"
"26-09-12 12:37:20.511","-4.1460396E-04"
"26-09-12 12:37:21.224","+8.0445545E-05"
"26-09-12 12:37:22.138","-1.9801980E-04"
"26-09-12 12:37:22.853","-6.1881188E-06"
"26-09-12 12:37:23.750","-4.7029703E-04"
"26-09-12 12:37:24.465","-1.7945545E-04"
"26-09-12 12:37:25.359","+4.5792079E-04"
"26-09-12 12:37:26.072","+1.6089109E-04"
"26-09-12 12:37:26.970","-4.3316832E-04"
"26-09-12 12:37:27.684","-7.8589109E-04"
"26-09-12 12:37:28.581","+2.1658416E-04"
"26-09-12 12:37:29.297","+2.0420792E-04"
"26-09-12 12:37:30.194","+5.8787129E-04"
"26-09-12 12:37:30.909","-1.1757426E-04"
"26-09-12 12:37:31.811","+1.2376238E-05"
"26-09-12 12:37:32.525","+9.2821782E-05"
"26-09-12 12:37:33.421","-4.3316832E-04"
"26-09-12 12:37:34.136","-1.2376238E-04"
"26-09-12 12:37:35.032","-9.9009901E-05"
"26-09-12 12:37:35.747","+7.4257426E-05"
"26-09-12 12:37:36.651","-3.4034653E-04"
"26-09-12 12:37:37.365","-4.8886139E-04"
"26-09-12 12:37:38.517","+2.9084158E-04"
"26-09-12 12:37:39.231","+2.1039604E-04"
"26-09-12 12:37:40.407","+1.5470297E-04"
"26-09-12 12:37:41.121","+1.6707921E-04"
"26-09-12 12:37:42.020","+3.0940594E-05"
"26-09-12 12:37:42.736","+4.2698020E-04"
"26-09-12 12:37:43.632","-3.8985149E-04"
"26-09-12 12:37:44.346","-4.9504950E-04"
"26-09-12 12:37:45.244","+2.4133663E-04"
"26-09-12 12:37:45.959","-2.8465347E-04"
"26-09-12 12:37:46.855","+2.9702970E-04"
"26-09-12 12:37:47.569","+4.3316832E-05"
"26-09-12 12:37:48.474","-4.6410891E-04"
"26-09-12 12:37:49.187","+4.9504950E-05"
"26-09-12 12:37:50.104","-2.2896040E-04"
"26-09-12 12:37:50.819","-5.5074257E-04"
"26-09-12 12:37:51.723","-5.5693069E-05"
"26-09-12 12:37:52.438","+6.0024752E-04"
"26-09-12 12:37:53.336","-8.0445545E-05"
"26-09-12 12:37:54.049","+1.9801980E-04"
"26-09-12 12:37:54.955","-2.4752475E-05"
"26-09-12 12:37:55.669","+1.6707921E-04"
"26-09-12 12:37:56.575","-4.5792079E-04"
"26-09-12 12:37:57.290","-7.4257426E-05"
"26-09-12 12:37:58.193","+2.9084158E-04"
"26-09-12 12:37:58.907","-2.5371287E-04"
"26-09-12 12:37:59.805","-6.8069307E-05"
"26-09-12 12:38:00.519","-3.2178218E-04"
"26-09-12 12:38:01.426","-2.8465347E-04"
"26-09-12 12:38:02.141","-3.5891089E-04"
"26-09-12 12:38:03.056","+2.4133663E-04"
"26-09-12 12:38:03.770","-1.6707921E-04"
"26-09-12 12:38:04.666","-4.3316832E-04"
"26-09-12 12:38:05.381","+3.9603960E-04"
"26-09-12 12:38:06.276","-1.9801980E-04"
"26-09-12 12:38:06.990","+1.6707921E-04"
"26-09-12 12:38:07.888","-1.2376238E-04"
"26-09-12 12:38:08.601","+1.1138614E-04"
"26-09-12 12:38:09.507","-4.9504950E-04"
"26-09-12 12:38:10.221","+6.1881188E-06"
"26-09-12 12:38:11.127","-4.9504950E-04"
"26-09-12 12:38:11.843","-1.9183168E-04"
"26-09-12 12:38:12.739","-1.9183168E-04"
"26-09-12 12:38:13.452","-5.7549505E-04"
"26-09-12 12:38:14.356","+6.8069307E-05"
"26-09-12 12:38:15.071","-1.2376238E-05"
"26-09-12 12:38:15.969","+3.9603960E-04"
"26-09-12 12:38:16.683","-6.1881188E-06"
"26-09-12 12:38:17.586","-4.7029703E-04"
"26-09-12 12:38:18.301","-4.2698020E-04"
"26-09-12 12:38:19.198","-4.8886139E-04"
"26-09-12 12:38:19.915","+1.3613861E-04"
"26-09-12 12:38:20.818","+6.1881188E-06"
"26-09-12 12:38:21.532","-4.9504950E-04"
"26-09-12 12:38:22.438","+3.5891089E-04"
"26-09-12 12:38:23.153","+6.1262376E-04"
"26-09-12 12:38:24.052","-6.1881188E-06"
"26-09-12 12:38:24.768","-7.9207921E-04"
"26-09-12 12:38:25.665","-4.3316832E-05"
"26-09-12 12:38:26.380","+2.4133663E-04"
"26-09-12 12:38:27.280","+1.1138614E-04"
"26-09-12 12:38:27.996","-4.3935644E-04"
"26-09-12 12:38:28.889","+2.1039604E-04"
"26-09-12 12:38:29.604","-5.0742574E-04"
"26-09-12 12:38:30.521","-3.0940594E-05"
"26-09-12 12:38:31.236","+3.7128713E-05"
"26-09-12 12:38:32.130","-3.3415842E-04"
"26-09-12 12:38:32.843","+3.7128713E-05"
"26-09-12 12:38:33.739","-7.1163366E-04"
"26-09-12 12:38:34.452","+3.8985149E-04"
"26-09-12 12:38:35.351","+2.1658416E-04"
"26-09-12 12:38:36.066","+9.9009901E-05"
"26-09-12 12:38:36.961","+9.2821782E-05"
"26-09-12 12:38:37.675","-1.2376238E-05"
"26-09-12 12:38:38.581","+5.5693069E-05"
"26-09-12 12:38:39.296","-8.6633663E-05"
"26-09-12 12:38:40.202","-1.1757426E-04"
"26-09-12 12:38:40.916","-5.9405941E-04"
"26-09-12 12:38:41.813","+5.4455446E-04"
"26-09-12 12:38:42.528","+1.2376238E-04"
"26-09-12 12:38:43.433","+1.3613861E-04"
"26-09-12 12:38:44.374","+1.2376238E-05"
"26-09-12 12:38:45.089","-1.0457921E-03"
"26-09-12 12:38:45.992","+6.8069307E-05"
"26-09-12 12:38:46.706","-1.5470297E-04"
"26-09-12 12:38:47.603","+2.8465347E-04"
"26-09-12 12:38:48.317","+1.8564356E-05"
"26-09-12 12:38:49.211","+3.2797030E-04"
"26-09-12 12:38:49.926","-2.3514851E-04"
"26-09-12 12:38:50.825","-4.3935644E-04"
"26-09-12 12:38:51.541","-3.6509901E-04"
"26-09-12 12:38:52.444","+2.5990099E-04"
"26-09-12 12:38:53.159","-1.1757426E-04"
"26-09-12 12:38:54.055","-1.4851485E-04"
"26-09-12 12:38:54.771","-4.8267327E-04"
"26-09-12 12:38:55.676","-3.6509901E-04"
"26-09-12 12:38:56.392","+1.0519802E-04"
"26-09-12 12:38:57.294","-4.3316832E-04"
"26-09-12 12:38:58.007","-5.3217822E-04"
"26-09-12 12:38:58.915","+1.2995050E-04"
"26-09-12 12:38:59.629","-1.7326733E-04"
"26-09-12 12:39:00.343","-1.4851485E-04"
"26-09-12 12:39:01.246","+1.6707921E-04"
"26-09-12 12:39:01.959","+4.7648515E-04"
"26-09-12 12:39:02.862","-4.7648515E-04"
"26-09-12 12:39:03.576","+4.7029703E-04"
"26-09-12 12:39:04.475","+3.2178218E-04"
"26-09-12 12:39:05.190","+7.0544554E-04"
"26-09-12 12:39:06.086","-1.1138614E-04"
"26-09-12 12:39:06.800","-3.0940594E-05"
"26-09-12 12:39:07.698","-8.6014851E-04"
"26-09-12 12:39:08.411","-2.3514851E-04"
"26-09-12 12:39:09.318","-5.6930693E-04"
"26-09-12 12:39:10.034","-3.8985149E-04"
"26-09-12 12:39:10.936","-2.2896040E-04"
"26-09-12 12:39:11.650","+3.0940594E-05"
"26-09-12 12:39:12.547","+1.6089109E-04"
"26-09-12 12:39:13.262","+4.0841584E-04"
"26-09-12 12:39:14.168","+1.7945545E-04"
"26-09-12 12:39:14.882","+3.2797030E-04"
"26-09-12 12:39:15.788","-4.0841584E-04"
"26-09-12 12:39:16.502","-3.2797030E-04"
"26-09-12 12:39:17.407","+2.6608911E-04"
"26-09-12 12:39:18.121","+3.7128713E-05"
"26-09-12 12:39:19.021","-1.6707921E-04"
"26-09-12 12:39:19.739","-1.9183168E-04"
"26-09-12 12:39:20.637","+4.0841584E-04"
"26-09-12 12:39:21.352","+2.7846535E-04"
"26-09-12 12:39:22.249","-1.0519802E-04"
"26-09-12 12:39:22.965","+6.8069307E-05"
"26-09-12 12:39:23.859","-2.4752475E-04"
"26-09-12 12:39:24.572","-5.3836634E-04"
"26-09-12 12:39:25.479","+4.3935644E-04"
"26-09-12 12:39:26.194","+4.0841584E-04"
"26-09-12 12:39:27.088","+0.0000000E+00"
"26-09-12 12:39:27.803","+6.1881188E-05"
"26-09-12 12:39:28.703","+1.0519802E-04"
"26-09-12 12:39:29.418","+4.9504950E-05"
"26-09-12 12:39:30.316","-1.7945545E-04"
"26-09-12 12:39:31.031","-1.7945545E-04"
"26-09-12 12:39:31.930","-3.7128713E-04"
"26-09-12 12:39:32.645","+2.1658416E-04"
"26-09-12 12:39:33.539","+1.7326733E-04"
"26-09-12 12:39:34.252","+9.9009901E-05"
"26-09-12 12:39:35.150","+1.8564356E-05"
"26-09-12 12:39:35.868","+0.0000000E+00"
"26-09-12 12:39:36.769","-2.4133663E-04"
"26-09-12 12:39:37.484","-3.1559406E-04"
"26-09-12 12:39:38.389","+2.0420792E-04"
"26-09-12 12:39:39.104","+3.7128713E-05"
"26-09-12 12:39:40.010","-2.7227723E-04"
"26-09-12 12:39:40.725","+3.7128713E-05"
"26-09-12 12:39:41.620","+6.8069307E-05"
"26-09-12 12:39:42.336","-3.1559406E-04"
"26-09-12 12:39:43.233","-3.3415842E-04"
"26-09-12 12:39:43.946","+2.0420792E-04"
"26-09-12 12:39:44.852","-6.8688119E-04"
"26-09-12 12:39:45.571","-5.2599010E-04"
"26-09-12 12:39:46.463","-7.4876238E-04"
"26-09-12 12:39:47.176","+1.4851485E-04"
"26-09-12 12:39:48.083","+2.2896040E-04"
"26-09-12 12:39:48.796","+2.3514851E-04"
"26-09-12 12:39:49.702","-8.6633663E-05"
"26-09-12 12:39:50.417","-4.1460396E-04"
"26-09-12 12:39:51.572","-2.9702970E-04"
"26-09-12 12:39:52.285","-1.2376238E-05"
"26-09-12 12:39:53.193","-2.6608911E-04"
"26-09-12 12:39:53.908","-1.1509901E-03"
"26-09-12 12:39:54.813","-2.4133663E-04"
"26-09-12 12:39:55.526","+3.7128713E-05"
"26-09-12 12:39:56.421","-1.5470297E-04"
"26-09-12 12:39:57.136","-3.4653465E-04"
"26-09-12 12:39:58.039","+6.1881188E-06"
"26-09-12 12:39:58.755","-5.8787129E-04"
"26-09-12 12:39:59.656","+1.5470297E-04"
"26-09-12 12:40:00.369","+3.0321782E-04"
"26-09-12 12:40:01.274","+1.6089109E-04"
"26-09-12 12:40:01.989","+7.7351485E-04"
"26-09-12 12:40:02.884","+6.8069307E-04"
"26-09-12 12:40:03.597","+1.1757426E-04"
"26-09-12 12:40:04.493","+4.9504950E-04"
"26-09-12 12:40:05.208","+2.2896040E-04"
"26-09-12 12:40:06.116","+4.7648515E-04"
"26-09-12 12:40:06.831","+3.1559406E-04"
"26-09-12 12:40:07.725","-8.6633663E-05"
"26-09-12 12:40:08.439","-6.1881188E-06"
"26-09-12 12:40:09.347","+3.7128713E-05"
"26-09-12 12:40:10.062","-1.8564356E-04"
"26-09-12 12:40:10.963","+2.9084158E-04"
"26-09-12 12:40:11.682","-2.6608911E-04"
"26-09-12 12:40:12.576","+2.0420792E-04"
"26-09-12 12:40:13.290","-4.3316832E-05"
"26-09-12 12:40:14.187","+6.1262376E-04"
"26-09-12 12:40:14.902","-6.9306931E-04"
"26-09-12 12:40:15.800","-3.1559406E-04"
"26-09-12 12:40:16.513","-5.5693069E-04"
"26-09-12 12:40:17.417","-1.1138614E-04"
"26-09-12 12:40:18.134","-2.1658416E-04"
"26-09-12 12:40:18.848","-2.1039604E-04"
"26-09-12 12:40:19.757","+0.0000000E+00"
"26-09-12 12:40:20.472","-5.5074257E-04"
"26-09-12 12:40:21.368","+0.0000000E+00"
"26-09-12 12:40:22.081","-8.0445545E-05"
"26-09-12 12:40:22.986","-1.3613861E-04"
"26-09-12 12:40:23.700","-2.0420792E-04"
"26-09-12 12:40:24.597","+4.7029703E-04"
"26-09-12 12:40:25.310","+5.7549505E-04"
"26-09-12 12:40:26.208","-7.4257426E-05"
"26-09-12 12:40:26.923","-9.9009901E-04"
"26-09-12 12:40:27.828","+3.4653465E-04"
"26-09-12 12:40:28.542","+7.4257426E-05"
"26-09-12 12:40:29.450","-4.3316832E-05"
"26-09-12 12:40:30.165","+3.7128713E-05"
"26-09-12 12:40:31.068","+8.6633663E-04"
"26-09-12 12:40:31.781","+2.4752475E-04"
"26-09-12 12:40:32.687","-3.8366337E-04"
"26-09-12 12:40:33.402","-2.9084158E-04"
"26-09-12 12:40:34.295","-5.5693069E-04"
"26-09-12 12:40:35.009","-6.1881188E-06"
"26-09-12 12:40:35.909","+2.9702970E-04"
"26-09-12 12:40:36.626","-1.1014851E-03"
"26-09-12 12:40:37.520","+0.0000000E+00"
"26-09-12 12:40:38.233","+3.0321782E-04"
"26-09-12 12:40:39.138","-4.8886139E-04"
"26-09-12 12:40:39.852","+4.2698020E-04"
"26-09-12 12:40:40.748","-1.2995050E-04"
"26-09-12 12:40:41.463","-3.6509901E-04"
"26-09-12 12:40:42.358","-2.1658416E-04"
"26-09-12 12:40:43.073","-5.1980198E-04"
"26-09-12 12:40:43.971","-5.5693069E-04"
"26-09-12 12:40:44.686","+3.7747525E-04"
"26-09-12 12:40:45.590","+4.9504950E-04"
"26-09-12 12:40:46.304","+2.2896040E-04"
"26-09-12 12:40:47.211","-5.5693069E-04"
"26-09-12 12:40:47.929","-7.4257426E-05"
"26-09-12 12:40:48.832","+1.5470297E-04"
"26-09-12 12:40:49.547","+3.3415842E-04"
"26-09-12 12:40:50.442","-5.6930693E-04"
"26-09-12 12:40:51.157","-6.1881188E-05"
"26-09-12 12:40:52.049","+2.2896040E-04"
"26-09-12 12:40:52.764","-5.5693069E-04"
"26-09-12 12:40:53.662","-4.7648515E-04"
"26-09-12 12:40:54.377","-2.4752475E-05"
"26-09-12 12:40:55.273","+2.4752475E-05"
"26-09-12 12:40:55.987","-2.2896040E-04"
"26-09-12 12:40:56.895","+2.4752475E-05"
"26-09-12 12:40:57.823","-4.0222772E-04"
"26-09-12 12:40:58.537","-2.7846535E-04"
"26-09-12 12:40:59.432","-6.8069307E-05"
"26-09-12 12:41:00.147","-8.6633663E-05"
"26-09-12 12:41:01.052","-6.2500000E-04"
"26-09-12 12:41:01.772","+9.2821782E-05"
"26-09-12 12:41:02.660","-4.3316832E-05"
"26-09-12 12:41:03.374","-6.8069307E-05"
"26-09-12 12:41:04.276","-5.3836634E-04"
"26-09-12 12:41:04.990","-4.9504950E-05"
"26-09-12 12:41:05.896","-1.6707921E-04"
"26-09-12 12:41:06.610","+0.0000000E+00"
"26-09-12 12:41:07.520","+8.0445545E-04"
"26-09-12 12:41:08.234","-1.1138614E-04"
"26-09-12 12:41:09.135","-5.4455446E-04"
"26-09-12 12:41:09.850","-8.1064356E-04"
"26-09-12 12:41:10.751","+4.9504950E-05"
"26-09-12 12:41:11.466","-1.4851485E-04"
"26-09-12 12:41:12.367","-6.4356436E-04"
"26-09-12 12:41:13.080","+1.2376238E-05"
"26-09-12 12:41:13.997","-3.0321782E-04"
"26-09-12 12:41:14.711","+6.1881188E-05"
"26-09-12 12:41:15.615","-1.4232673E-04"
"26-09-12 12:41:16.328","-3.5272277E-04"
"26-09-12 12:41:17.236","+2.4752475E-04"
"26-09-12 12:41:17.952","+3.4653465E-04"
"26-09-12 12:41:18.845","+2.7227723E-04"
"26-09-12 12:41:19.559","-5.5693069E-04"
"26-09-12 12:41:20.458","-3.7128713E-04"
"26-09-12 12:41:21.174","+9.2821782E-05"
"26-09-12 12:41:22.078","+1.0519802E-04"
"26-09-12 12:41:22.793","+3.7128713E-05"
"26-09-12 12:41:23.697","-1.4851485E-04"
"26-09-12 12:41:24.412","+4.2698020E-04"
"26-09-12 12:41:25.307","+2.2896040E-04"
"26-09-12 12:41:26.020","-4.8886139E-04"
"26-09-12 12:41:26.916","+2.6608911E-04"
"26-09-12 12:41:27.631","+5.5693069E-05"
"26-09-12 12:41:28.547","-1.6089109E-04"
"26-09-12 12:41:29.262","+2.6608911E-04"
"26-09-12 12:41:30.159","+3.7747525E-04"
"26-09-12 12:41:30.872","-5.1361386E-04"
"26-09-12 12:41:31.766","+3.7128713E-04"
"26-09-12 12:41:32.482","-1.6707921E-04"
"26-09-12 12:41:33.378","-5.4455446E-04"
"26-09-12 12:41:34.093","+1.1138614E-04"
"26-09-12 12:41:34.987","+1.4851485E-04"
"26-09-12 12:41:35.704","+7.3019802E-04"
"26-09-12 12:41:36.598","+2.7846535E-04"
"26-09-12 12:41:37.312","+3.1559406E-04"
"26-09-12 12:41:38.026","-3.0940594E-04"
"26-09-12 12:41:38.929","-5.1361386E-04"
"26-09-12 12:41:39.643","+2.2277228E-04"
"26-09-12 12:41:40.538","+2.9702970E-04"
"26-09-12 12:41:41.253","+3.7128713E-05"
"26-09-12 12:41:42.150","+6.1881188E-06"
"26-09-12 12:41:42.868","+1.4851485E-04"
"26-09-12 12:41:43.770","-5.4455446E-04"
"26-09-12 12:41:44.484","-3.7128713E-05"
"26-09-12 12:41:45.380","-3.2178218E-04"
"26-09-12 12:41:46.096","+1.4232673E-04"
"26-09-12 12:41:46.992","+4.0841584E-04"
"26-09-12 12:41:47.705","-2.7227723E-04"
"26-09-12 12:41:48.609","+4.0222772E-04"
"26-09-12 12:41:49.324","-2.1039604E-04"
"26-09-12 12:41:50.221","-1.8564356E-04"
"26-09-12 12:41:50.934","+5.5693069E-05"
"26-09-12 12:41:51.831","-1.7945545E-04"
"26-09-12 12:41:52.546","+1.9801980E-04"
"26-09-12 12:41:53.442","-3.3415842E-04"
"26-09-12 12:41:54.156","-8.0445545E-05"
"26-09-12 12:41:55.061","-1.8564356E-05"
"26-09-12 12:41:55.775","+2.7846535E-04"
"26-09-12 12:41:56.679","-8.7252475E-04"
"26-09-12 12:41:57.393","+1.5470297E-04"
"26-09-12 12:41:58.293","-1.1138614E-04"
"26-09-12 12:41:59.008","-2.7227723E-04"
"26-09-12 12:41:59.902","+1.3613861E-04"
"26-09-12 12:42:00.617","-1.9183168E-04"
"26-09-12 12:42:01.513","-2.0420792E-04"
"26-09-12 12:42:02.228","-7.4257426E-05"
"26-09-12 12:42:03.124","+2.4752475E-04"
"26-09-12 12:42:04.060","+3.4034653E-04"
"26-09-12 12:42:04.775","-3.5891089E-04"
"26-09-12 12:42:05.676","-6.7450495E-04"
"26-09-12 12:42:06.391","-2.9702970E-04"
"26-09-12 12:42:07.294","+1.3613861E-04"
"26-09-12 12:42:08.011","-2.6608911E-04"
"26-09-12 12:42:08.911","+1.7945545E-04"
"26-09-12 12:42:09.625","+0.0000000E+00"
"26-09-12 12:42:10.525","+3.5272277E-04"
"26-09-12 12:42:11.242","+1.2376238E-05"
"26-09-12 12:42:12.135","+5.5693069E-05"
"26-09-12 12:42:12.848","+3.7747525E-04"
"26-09-12 12:42:13.755","+5.5693069E-05"
"26-09-12 12:42:14.470","+1.1138614E-04"
"26-09-12 12:42:15.365","+3.4034653E-04"
"26-09-12 12:42:16.079","-7.4257426E-05"
"26-09-12 12:42:16.978","+1.6707921E-04"
"26-09-12 12:42:17.695","+2.4752475E-04"
"26-09-12 12:42:18.596","+4.6410891E-04"
"26-09-12 12:42:19.313","-1.9183168E-04"
"26-09-12 12:42:20.204","-5.5693069E-05"
"26-09-12 12:42:20.918","-1.5470297E-04"
"26-09-12 12:42:21.826","-5.1361386E-04"
"26-09-12 12:42:22.545","-7.6732673E-04"
"26-09-12 12:42:23.436","-3.7128713E-05"
"26-09-12 12:42:24.151","-3.0940594E-05"
"26-09-12 12:42:25.055","+4.9504950E-05"
"26-09-12 12:42:25.771","-2.2896040E-04"
"26-09-12 12:42:26.670","-3.8366337E-04"
"26-09-12 12:42:27.384","-2.5371287E-04"
"26-09-12 12:42:28.287","+2.7846535E-04"
"26-09-12 12:42:29.001","-1.9801980E-04"
"26-09-12 12:42:29.896","-2.2277228E-04"
"26-09-12 12:42:30.610","-1.9183168E-04"
"26-09-12 12:42:31.508","+4.6410891E-04"
"26-09-12 12:42:32.221","-5.5693069E-05"
"26-09-12 12:42:33.116","+1.0519802E-04"
"26-09-12 12:42:33.829","+3.0940594E-05"
"26-09-12 12:42:34.727","-2.8465347E-04"
"26-09-12 12:42:35.444","-2.5990099E-04"
"26-09-12 12:42:36.350","-3.7128713E-05"
"26-09-12 12:42:37.063","+6.8069307E-05"
"26-09-12 12:42:37.958","+2.6608911E-04"
"26-09-12 12:42:38.674","-1.6707921E-04"
"26-09-12 12:42:39.568","+9.9009901E-05"
"26-09-12 12:42:40.283","-2.7227723E-04"
"26-09-12 12:42:41.179","+6.4356436E-04"
"26-09-12 12:42:41.894","-8.6633663E-05"
"26-09-12 12:42:42.799","-4.3316832E-05"
"26-09-12 12:42:43.513","-4.7648515E-04"
"26-09-12 12:42:44.411","+5.8787129E-04"
"26-09-12 12:42:45.127","-1.6707921E-04"
"26-09-12 12:42:46.033","-3.7128713E-04"
"26-09-12 12:42:46.752","+8.0445545E-05"
"26-09-12 12:42:47.649","-1.2376238E-05"
"26-09-12 12:42:48.364","+3.7128713E-04"
"26-09-12 12:42:49.279","-3.2797030E-04"
"26-09-12 12:42:49.994","-7.2400990E-04"
"26-09-12 12:42:50.891","-1.8564356E-05"
"26-09-12 12:42:51.605","-2.1039604E-04"
"26-09-12 12:42:52.498","+1.4851485E-04"
"26-09-12 12:42:53.211","-4.8267327E-04"
"26-09-12 12:42:54.111","-2.4752475E-04"
"26-09-12 12:42:54.827","-8.6633663E-05"
"26-09-12 12:42:55.753","-2.8465347E-04"
"26-09-12 12:42:56.469","+5.3217822E-04"
"26-09-12 12:42:57.371","-1.4232673E-04"
"26-09-12 12:42:58.085","+2.4752475E-05"
"26-09-12 12:42:58.983","+3.7128713E-05"
"26-09-12 12:42:59.696","-2.9702970E-04"
"26-09-12 12:43:00.591","-6.8069307E-05"
"26-09-12 12:43:01.306","-1.8564356E-04"
"26-09-12 12:43:02.203","-2.5990099E-04"
"26-09-12 12:43:02.918","-1.7945545E-04"
"26-09-12 12:43:03.809","-3.7128713E-05"
"26-09-12 12:43:04.523","+7.4257426E-04"
"26-09-12 12:43:05.423","+2.4133663E-04"
"26-09-12 12:43:06.137","-3.2178218E-04"
"26-09-12 12:43:07.044","+3.2178218E-04"
"26-09-12 12:43:07.760","+3.1559406E-04"
"26-09-12 12:43:08.654","+1.9183168E-04"
"26-09-12 12:43:09.369","+2.9084158E-04"
"26-09-12 12:43:10.513","-4.7029703E-04"
"26-09-12 12:43:11.226","+3.7128713E-04"
"26-09-12 12:43:12.123","+7.4257426E-05"
"26-09-12 12:43:12.840","-4.8886139E-04"
"26-09-12 12:43:13.733","-6.1881188E-05"
"26-09-12 12:43:14.446","-2.9084158E-04"
"26-09-12 12:43:15.341","+5.3836634E-04"
"26-09-12 12:43:16.056","-2.4752475E-05"
"26-09-12 12:43:16.966","-4.4554455E-04"
"26-09-12 12:43:17.681","+3.4034653E-04"
"26-09-12 12:43:18.587","+2.5990099E-04"
"26-09-12 12:43:19.300","-4.3316832E-04"
"26-09-12 12:43:20.207","+6.3737624E-04"
"26-09-12 12:43:20.920","+5.0123762E-04"
"26-09-12 12:43:21.826","+1.2376238E-04"
"26-09-12 12:43:22.539","-5.6311881E-04"
"26-09-12 12:43:23.434","+4.2079208E-04"
"26-09-12 12:43:24.148","-2.5371287E-04"
"26-09-12 12:43:25.047","+3.9603960E-04"
"26-09-12 12:43:25.763","-4.9504950E-05"
"26-09-12 12:43:26.666","-6.1881188E-06"
"26-09-12 12:43:27.381","+4.6410891E-04"
"26-09-12 12:43:28.277","+4.3316832E-05"
"26-09-12 12:43:28.991","+1.9183168E-04"
"26-09-12 12:43:29.896","-2.6608911E-04"
"26-09-12 12:43:30.610","+5.0742574E-04"
"26-09-12 12:43:31.506","+1.6089109E-04"
"26-09-12 12:43:32.220","+2.7227723E-04"
"26-09-12 12:43:33.127","+4.4554455E-04"
"26-09-12 12:43:33.844","+1.7945545E-04"
"26-09-12 12:43:34.738","+2.2896040E-04"
"26-09-12 12:43:35.452","-6.1881188E-04"
"26-09-12 12:43:36.356","-3.7128713E-05"
"26-09-12 12:43:37.071","-3.0940594E-04"
"26-09-12 12:43:37.967","+1.4232673E-04"
"26-09-12 12:43:38.682","-3.1559406E-04"
"26-09-12 12:43:39.577","-5.1980198E-04"
"26-09-12 12:43:40.293","-4.3316832E-04"
"26-09-12 12:43:41.190","-2.0420792E-04"
"26-09-12 12:43:41.905","-6.8069307E-05"
"26-09-12 12:43:42.809","-1.3613861E-04"
"26-09-12 12:43:43.524","-2.2277228E-04"
"26-09-12 12:43:44.439","-9.9009901E-05"
"26-09-12 12:43:45.153","+1.4851485E-04"
"26-09-12 12:43:46.060","+3.7128713E-04"
"26-09-12 12:43:46.773","-2.4133663E-04"
"26-09-12 12:43:47.671","-5.5693069E-05"
"26-09-12 12:43:48.385","-3.9603960E-04"
"26-09-12 12:43:49.290","-4.1460396E-04"
"26-09-12 12:43:50.004","-4.9504950E-05"
"26-09-12 12:43:50.910","-9.9009901E-05"
"26-09-12 12:43:51.624","+2.5990099E-04"
"26-09-12 12:43:52.530","+3.2797030E-04"
"26-09-12 12:43:53.243","-3.4034653E-04"
"26-09-12 12:43:54.141","-1.0643564E-03"
"26-09-12 12:43:54.855","-1.0519802E-04"
"26-09-12 12:43:55.762","-1.1757426E-04"
"26-09-12 12:43:56.476","-3.5891089E-04"
"26-09-12 12:43:57.390","+1.2376238E-05"
"26-09-12 12:43:58.105","-6.1881188E-04"
"26-09-12 12:43:59.000","-2.7227723E-04"
"26-09-12 12:43:59.714","-1.7326733E-04"
"26-09-12 12:44:00.612","+6.8069307E-04"
"26-09-12 12:44:01.329","+2.9702970E-04"
"26-09-12 12:44:02.222","-5.6311881E-04"
"26-09-12 12:44:02.937","+3.7128713E-04"
"26-09-12 12:44:03.832","-3.2797030E-04"
"26-09-12 12:44:04.546","-1.5470297E-04"
"26-09-12 12:44:05.446","-9.1584158E-04"
"26-09-12 12:44:06.161","-2.2277228E-04"
"26-09-12 12:44:07.062","-2.5371287E-04"
"26-09-12 12:44:07.779","-3.1559406E-04"
"26-09-12 12:44:08.675","+8.0445545E-05"
"26-09-12 12:44:09.389","+6.1881188E-05"
"26-09-12 12:44:10.294","+4.4554455E-04"
"26-09-12 12:44:11.008","+1.9183168E-04"
"26-09-12 12:44:11.916","-9.9009901E-05"
"26-09-12 12:44:12.632","-1.2995050E-04"
"26-09-12 12:44:13.534","+5.3217822E-04"
"26-09-12 12:44:14.251","+6.5594059E-04"
"26-09-12 12:44:15.175","-1.6707921E-04"
"26-09-12 12:44:15.890","-3.0940594E-05"
"26-09-12 12:44:17.039","-2.4752475E-04"
"26-09-12 12:44:17.753","+3.2178218E-04"
"26-09-12 12:44:18.656","+3.2178218E-04"
"26-09-12 12:44:19.370","+8.6633663E-05"
"26-09-12 12:44:20.275","-6.1881188E-05"
"26-09-12 12:44:20.989","-5.4455446E-04"
"26-09-12 12:44:21.894","-7.4257426E-05"
"26-09-12 12:44:22.609","-1.9183168E-04"
"26-09-12 12:44:23.505","-1.7326733E-04"
"26-09-12 12:44:24.220","-3.9603960E-04"
"26-09-12 12:44:25.132","-1.1757426E-04"
"26-09-12 12:44:25.845","-4.2079208E-04"
"26-09-12 12:44:26.746","+6.6831683E-04"
"26-09-12 12:44:27.465","+7.4257426E-05"
"26-09-12 12:44:28.366","-4.5792079E-04"
"26-09-12 12:44:29.080","+6.6831683E-04"
"26-09-12 12:44:29.977","+1.2995050E-04"
"26-09-12 12:44:30.693","+3.7128713E-05"
"26-09-12 12:44:31.588","-4.8886139E-04"
"26-09-12 12:44:32.302","+5.3836634E-04"
"26-09-12 12:44:33.207","-1.7945545E-04"
"26-09-12 12:44:33.922","-2.8465347E-04"
"26-09-12 12:44:34.831","+6.2500000E-04"
"26-09-12 12:44:35.544","+1.8564356E-04"
"26-09-12 12:44:36.447","+1.4851485E-04"
"26-09-12 12:44:37.161","+6.1881188E-06"
"26-09-12 12:44:38.068","+5.5074257E-04"
"26-09-12 12:44:38.783","-1.8564356E-05"
"26-09-12 12:44:39.680","-2.5990099E-04"
"26-09-12 12:44:40.394","-4.6410891E-04"
"26-09-12 12:44:41.299","-4.0841584E-04"
"26-09-12 12:44:42.016","+1.4851485E-04"
"26-09-12 12:44:42.918","+2.5990099E-04"
"26-09-12 12:44:43.632","-3.2797030E-04"
"26-09-12 12:44:44.530","-5.5693069E-05"
"26-09-12 12:44:45.245","+1.7945545E-04"
"26-09-12 12:44:46.147","+2.7227723E-04"
"26-09-12 12:44:46.862","-6.1881188E-06"
"26-09-12 12:44:47.763","-4.4554455E-04"
"26-09-12 12:44:48.476","+4.0841584E-04"
"26-09-12 12:44:49.381","+6.1881188E-06"
"26-09-12 12:44:50.097","-2.2277228E-04"
"26-09-12 12:44:51.000","-6.0643564E-04"
"26-09-12 12:44:51.716","-4.8886139E-04"
"26-09-12 12:44:52.620","+2.4133663E-04"
"26-09-12 12:44:53.335","-4.9504950E-05"
"26-09-12 12:44:54.239","+8.6633663E-05"
"26-09-12 12:44:54.954","-3.0940594E-05"
"26-09-12 12:44:55.863","+7.7351485E-04"
"26-09-12 12:44:56.578","+2.2896040E-04"
"26-09-12 12:44:57.479","+6.1881188E-05"
"26-09-12 12:44:58.198","+2.5990099E-04"
"26-09-12 12:44:59.101","-4.2079208E-04"
"26-09-12 12:44:59.815","-2.0420792E-04"
"26-09-12 12:45:00.711","-1.6707921E-04"
"26-09-12 12:45:01.427","+1.4232673E-04"
"26-09-12 12:45:02.323","+2.9084158E-04"
"26-09-12 12:45:03.037","+6.1262376E-04"
"26-09-12 12:45:03.942","-6.8069307E-05"
"26-09-12 12:45:04.657","+6.8069307E-05"
"26-09-12 12:45:05.571","-5.9405941E-04"
"26-09-12 12:45:06.285","+6.9306931E-04"
"26-09-12 12:45:07.181","+1.8564356E-05"
"26-09-12 12:45:07.896","-3.1559406E-04"
"26-09-12 12:45:08.794","+1.2995050E-04"
"26-09-12 12:45:09.509","-7.4257426E-05"
"26-09-12 12:45:10.413","-3.6509901E-04"
"26-09-12 12:45:11.126","-2.1039604E-04"
"26-09-12 12:45:12.021","-2.9702970E-04"
"26-09-12 12:45:12.735","-2.1039604E-04"
"26-09-12 12:45:13.634","-6.1881188E-05"
"26-09-12 12:45:14.349","-7.1782178E-04"
"26-09-12 12:45:15.252","+6.5594059E-04"
"26-09-12 12:45:15.967","+7.3638614E-04"
"26-09-12 12:45:16.863","-2.1658416E-04"
"26-09-12 12:45:17.578","-1.9183168E-04"
"26-09-12 12:45:18.474","-5.7549505E-04"
"26-09-12 12:45:19.188","+5.5693069E-04"
"26-09-12 12:45:20.097","+4.8886139E-04"
"26-09-12 12:45:20.811","+4.6410891E-04"
"26-09-12 12:45:21.713","+1.6089109E-04"
"26-09-12 12:45:22.431","-5.6311881E-04"
"26-09-12 12:45:23.573","-4.8267327E-04"
"26-09-12 12:45:24.288","-3.1559406E-04"
"26-09-12 12:45:25.195","-1.1757426E-04"
"26-09-12 12:45:25.909","-6.1881188E-06"
"26-09-12 12:45:26.804","-4.3316832E-05"
"26-09-12 12:45:27.519","-5.8787129E-04"
"26-09-12 12:45:28.414","+2.4752475E-04"
"26-09-12 12:45:29.129","-1.1757426E-04"
"26-09-12 12:45:30.024","+1.0519802E-04"
"26-09-12 12:45:30.737","+2.0420792E-04"
"26-09-12 12:45:31.636","-3.5272277E-04"
"26-09-12 12:45:32.350","-1.6089109E-04"
"26-09-12 12:45:33.255","-1.1757426E-04"
"26-09-12 12:45:33.969","+2.1658416E-04"
"26-09-12 12:45:34.683","-1.7945545E-04"
"26-09-12 12:45:35.585","+2.9084158E-04"
"26-09-12 12:45:36.300","-7.9826733E-04"
"26-09-12 12:45:37.205","+6.8069307E-05"
"26-09-12 12:45:37.919","+2.0420792E-04"
"26-09-12 12:45:38.816","-1.8564356E-04"
"26-09-12 12:45:39.530","-1.9801980E-04"
"26-09-12 12:45:40.427","-1.8564356E-05"
"26-09-12 12:45:41.141","-5.8787129E-04"
"26-09-12 12:45:42.039","+6.4975248E-04"
"26-09-12 12:45:42.752","+9.2821782E-05"
"26-09-12 12:45:43.657","+4.7029703E-04"
"26-09-12 12:45:44.371","+4.0841584E-04"
"26-09-12 12:45:45.276","-3.0321782E-04"
"26-09-12 12:45:45.990","-4.0222772E-04"
"26-09-12 12:45:46.901","+3.3415842E-04"
"26-09-12 12:45:47.614","-1.2995050E-04"
"26-09-12 12:45:48.518","-5.8787129E-04"
"26-09-12 12:45:49.233","+7.1782178E-04"
"26-09-12 12:45:50.129","-5.6311881E-04"
"26-09-12 12:45:50.844","-5.5693069E-04"
"26-09-12 12:45:51.738","+5.2599010E-04"
"26-09-12 12:45:52.455","+4.7029703E-04"
"26-09-12 12:45:53.347","-8.6633663E-05"
"26-09-12 12:45:54.061","+2.7846535E-04"
"26-09-12 12:45:54.970","+2.2896040E-04"
"26-09-12 12:45:55.684","+1.5470297E-04"
"26-09-12 12:45:56.590","-4.3316832E-04"
"26-09-12 12:45:57.306","+2.5371287E-04"
"26-09-12 12:45:58.200","-3.0940594E-05"
"26-09-12 12:45:58.914","-3.5891089E-04"
"26-09-12 12:45:59.820","+9.0965347E-04"
"26-09-12 12:46:00.534","+3.2178218E-04"
"26-09-12 12:46:01.431","-1.7326733E-04"
"26-09-12 12:46:02.145","+6.7450495E-04"
"26-09-12 12:46:03.051","+2.4752475E-04"
"26-09-12 12:46:03.766","-2.2277228E-04"
"26-09-12 12:46:04.669","-3.7128713E-04"
"26-09-12 12:46:05.383","+8.6633663E-05"
"26-09-12 12:46:06.280","+3.4653465E-04"
"26-09-12 12:46:06.994","-4.5792079E-04"
"26-09-12 12:46:07.902","+1.2376238E-05"
"26-09-12 12:46:08.616","+1.8564356E-05"
"26-09-12 12:46:09.524","-4.1460396E-04"
"26-09-12 12:46:10.239","-2.6608911E-04"
"26-09-12 12:46:11.143","-6.6212871E-04"
"26-09-12 12:46:11.861","-6.1262376E-04"
"26-09-12 12:46:12.762","+6.1881188E-06"
"26-09-12 12:46:13.477","-1.2376238E-05"
"26-09-12 12:46:14.395","-2.1658416E-04"
"26-09-12 12:46:15.110","-3.0321782E-04"
"26-09-12 12:46:16.006","-1.0519802E-04"
"26-09-12 12:46:16.720","-6.7450495E-04"
"26-09-12 12:46:17.624","+1.4232673E-04"
"26-09-12 12:46:18.337","+7.4257426E-05"
"26-09-12 12:46:19.243","+9.9009901E-05"
"26-09-12 12:46:19.958","-1.7945545E-04"
"26-09-12 12:46:20.854","-3.7128713E-05"
"26-09-12 12:46:21.568","+9.2821782E-05"
"26-09-12 12:46:22.465","-5.2599010E-04"
"26-09-12 12:46:23.179","+3.1559406E-04"
"26-09-12 12:46:24.086","-1.3613861E-04"
"26-09-12 12:46:24.801","+2.9702970E-04"
"26-09-12 12:46:25.705","+2.1658416E-04"
"26-09-12 12:46:26.419","-2.4752475E-04"
"26-09-12 12:46:27.323","-2.9702970E-04"
"26-09-12 12:46:28.040","-6.1881188E-05"
"26-09-12 12:46:28.932","+1.2995050E-04"
"26-09-12 12:46:29.862","+3.5891089E-04"
"26-09-12 12:46:30.580","-7.2400990E-04"
"26-09-12 12:46:31.475","-2.2277228E-04"
"26-09-12 12:46:32.189","+1.8564356E-04"
"26-09-12 12:46:33.084","+8.0445545E-05"
"26-09-12 12:46:33.799","-4.9504950E-05"
"26-09-12 12:46:34.695","+9.2821782E-05"
"26-09-12 12:46:35.409","+7.7351485E-04"
"26-09-12 12:46:36.305","+3.5272277E-04"
"26-09-12 12:46:37.018","+3.7747525E-04"
"26-09-12 12:46:37.915","-6.1881188E-06"
"26-09-12 12:46:38.632","-8.0445545E-05"
"26-09-12 12:46:39.528","-3.7128713E-04"
"26-09-12 12:46:40.243","+8.6633663E-05"
"26-09-12 12:46:41.158","+2.4133663E-04"
"26-09-12 12:46:41.872","-2.0420792E-04"
"26-09-12 12:46:42.776","+4.2079208E-04"
"26-09-12 12:46:43.490","-2.2277228E-04"
"26-09-12 12:46:44.396","+3.0940594E-05"
"26-09-12 12:46:45.111","-2.4133663E-04"
"26-09-12 12:46:46.008","-3.7747525E-04"
"26-09-12 12:46:46.721","-1.6707921E-04"
"26-09-12 12:46:47.620","+3.0940594E-04"
"26-09-12 12:46:48.336","+8.6633663E-05"
"26-09-12 12:46:49.237","-1.7945545E-04"
"26-09-12 12:46:49.954","-2.9084158E-04"
"26-09-12 12:46:50.848","-2.7227723E-04"
"26-09-12 12:46:51.562","+6.5594059E-04"
"26-09-12 12:46:52.459","+7.1782178E-04"
"26-09-12 12:46:53.173","-1.4851485E-04"
"26-09-12 12:46:53.887","+2.5990099E-04"
"26-09-12 12:46:54.798","+4.9504950E-05"
"26-09-12 12:46:55.513","-3.0940594E-05"
"26-09-12 12:46:56.408","+9.2821782E-05"
"26-09-12 12:46:57.124","-2.5371287E-04"
"26-09-12 12:46:58.015","+6.3118812E-04"
"26-09-12 12:46:58.730","-3.8366337E-04"
"26-09-12 12:46:59.626","+1.0519802E-04"
"26-09-12 12:47:00.341","+3.7128713E-05"
"26-09-12 12:47:01.239","-2.4752475E-05"
"26-09-12 12:47:01.954","+3.2797030E-04"
"26-09-12 12:47:02.854","-4.5173267E-04"
"26-09-12 12:47:03.571","+1.6707921E-04"
"26-09-12 12:47:04.470","-6.1881188E-05"
"26-09-12 12:47:05.183","-1.4851485E-04"
"26-09-12 12:47:06.079","-7.3019802E-04"
"26-09-12 12:47:06.793","-6.2500000E-04"
"26-09-12 12:47:07.697","+3.3415842E-04"
"26-09-12 12:47:08.411","+9.9009901E-05"
"26-09-12 12:47:09.312","-1.2376238E-05"
"26-09-12 12:47:10.027","+2.1658416E-04"
"26-09-12 12:47:10.930","+3.0940594E-04"
"26-09-12 12:47:11.645","-3.4653465E-04"
"26-09-12 12:47:12.546","-2.2896040E-04"
"26-09-12 12:47:13.260","+4.5792079E-04"
"26-09-12 12:47:14.163","+2.7846535E-04"
"26-09-12 12:47:14.878","+1.6707921E-04"
"26-09-12 12:47:15.779","+3.0321782E-04"
"26-09-12 12:47:16.494","+3.8366337E-04"
"26-09-12 12:47:17.394","+1.6089109E-04"
"26-09-12 12:47:18.108","+1.4851485E-04"
"26-09-12 12:47:19.012","-2.1039604E-04"
"26-09-12 12:47:19.730","-2.7846535E-04"
"26-09-12 12:47:20.623","-5.5693069E-05"
"26-09-12 12:47:21.337","+3.5891089E-04"
"26-09-12 12:47:22.242","+3.5891089E-04"
"26-09-12 12:47:22.956","-2.6608911E-04"
"26-09-12 12:47:23.853","-1.3613861E-04"
"26-09-12 12:47:24.567","+6.1881188E-06"
"26-09-12 12:47:25.461","-4.9504950E-04"
"26-09-12 12:47:26.177","+6.8069307E-05"
"26-09-12 12:47:27.074","+1.4232673E-04"
"26-09-12 12:47:27.789","+1.6707921E-04"
"26-09-12 12:47:28.684","-1.0519802E-04"
"26-09-12 12:47:29.399","-2.5990099E-04"
"26-09-12 12:47:30.295","-4.3316832E-04"
"26-09-12 12:47:31.008","-5.8787129E-04"
"26-09-12 12:47:31.904","+3.4034653E-04"
"26-09-12 12:47:32.619","-3.7747525E-04"
"26-09-12 12:47:33.523","+4.7029703E-04"
"26-09-12 12:47:34.238","-9.2821782E-05"
"26-09-12 12:47:35.144","+8.0445545E-05"
"26-09-12 12:47:36.075","+2.3514851E-04"
"26-09-12 12:47:36.789","-4.2079208E-04"
"26-09-12 12:47:37.686","-2.8465347E-04"
"26-09-12 12:47:38.402","-3.7128713E-04"
"26-09-12 12:47:39.294","-9.9009901E-05"
"26-09-12 12:47:40.007","+8.6633663E-05"
"26-09-12 12:47:40.903","+7.4257426E-04"
"26-09-12 12:47:41.617","-1.6707921E-04"
"26-09-12 12:47:42.517","-1.2995050E-04"
"26-09-12 12:47:43.232","-1.3613861E-04"
"26-09-12 12:47:44.127","+6.8069307E-05"
"26-09-12 12:47:44.841","+1.8564356E-05"
"26-09-12 12:47:45.737","+1.8564356E-04"
"26-09-12 12:47:46.452","+1.6089109E-04"
"26-09-12 12:47:47.356","-3.2797030E-04"
"26-09-12 12:47:48.071","-1.2995050E-04"
"26-09-12 12:47:48.977","-1.8564356E-04"
"26-09-12 12:47:49.690","+9.9009901E-05"
"26-09-12 12:47:50.589","+7.7970297E-04"
"26-09-12 12:47:51.302","+3.4653465E-04"
"26-09-12 12:47:52.211","-2.4752475E-04"
"26-09-12 12:47:52.927","-6.1881188E-06"
"26-09-12 12:47:53.828","+4.1460396E-04"
"26-09-12 12:47:54.543","+2.1658416E-04"
"26-09-12 12:47:55.439","-8.6014851E-04"
"26-09-12 12:47:56.155","-8.6014851E-04"
"26-09-12 12:47:57.047","+6.0643564E-04"
"26-09-12 12:47:57.760","+1.1757426E-04"
"26-09-12 12:47:58.660","+2.4752475E-04"
"26-09-12 12:47:59.374","+9.2821782E-05"
"26-09-12 12:48:00.278","-2.7227723E-04"
"26-09-12 12:48:00.991","-1.4851485E-04"
"26-09-12 12:48:01.892","+3.9603960E-04"
"26-09-12 12:48:02.606","+1.7326733E-04"
"26-09-12 12:48:03.519","-1.2376238E-04"
"26-09-12 12:48:04.234","+6.3118812E-04"
"26-09-12 12:48:05.129","-1.2376238E-04"
"26-09-12 12:48:05.842","+2.2896040E-04"
"26-09-12 12:48:06.742","+1.1014851E-03"
"26-09-12 12:48:07.458","+2.9084158E-04"
"26-09-12 12:48:08.360","-9.9009901E-05"
"26-09-12 12:48:09.077","+8.6633663E-05"
"26-09-12 12:48:09.970","+3.2797030E-04"
"26-09-12 12:48:10.684","-1.9801980E-04"
"26-09-12 12:48:11.609","-4.9504950E-05"
"26-09-12 12:48:12.324","-3.8366337E-04"
"26-09-12 12:48:13.220","-1.4851485E-04"
"26-09-12 12:48:13.934","-2.2896040E-04"
"26-09-12 12:48:14.831","-1.6707921E-04"
"26-09-12 12:48:15.545","-4.9504950E-05"
"26-09-12 12:48:16.461","+6.9925743E-04"
"26-09-12 12:48:17.175","-2.7846535E-04"
"26-09-12 12:48:18.070","-4.3316832E-05"
"26-09-12 12:48:18.787","+4.1460396E-04"
"26-09-12 12:48:19.684","+4.8886139E-04"
"26-09-12 12:48:20.398","-3.7128713E-05"
"26-09-12 12:48:21.301","-3.9603960E-04"
"26-09-12 12:48:22.017","+2.0420792E-04"
"26-09-12 12:48:22.923","-2.2277228E-04"
"26-09-12 12:48:23.638","+6.1881188E-05"
"26-09-12 12:48:24.533","-1.2376238E-05"
"26-09-12 12:48:25.247","-4.9504950E-05"
"26-09-12 12:48:26.143","+3.7747525E-04"
"26-09-12 12:48:26.860","+4.3316832E-05"
"26-09-12 12:48:27.755","+5.5074257E-04"
"26-09-12 12:48:28.468","+7.3019802E-04"
"26-09-12 12:48:29.383","+3.8985149E-04"
"26-09-12 12:48:30.098","+1.2376238E-04"
"26-09-12 12:48:30.994","+6.8069307E-05"
"26-09-12 12:48:31.711","-2.2896040E-04"
"26-09-12 12:48:32.613","-4.5792079E-04"
"26-09-12 12:48:33.326","-1.0519802E-04"
"26-09-12 12:48:34.224","+5.1980198E-04"
"26-09-12 12:48:34.939","-4.2698020E-04"
"26-09-12 12:48:35.836","-4.9504950E-04"
"26-09-12 12:48:36.550","+3.0321782E-04"
"26-09-12 12:48:37.457","-5.5693069E-05"
"26-09-12 12:48:38.171","+2.2277228E-04"
"26-09-12 12:48:39.074","+6.0024752E-04"
"26-09-12 12:48:39.792","-1.4232673E-04"
"26-09-12 12:48:40.681","+3.8985149E-04"
"26-09-12 12:48:41.396","-2.4752475E-04"
"26-09-12 12:48:42.552","-5.5074257E-04"
"26-09-12 12:48:43.268","-3.7128713E-05"
"26-09-12 12:48:44.177","-6.0024752E-04"
"26-09-12 12:48:44.892","-4.3316832E-05"
"26-09-12 12:48:45.784","+5.6311881E-04"
"26-09-12 12:48:46.499","+2.5990099E-04"
"26-09-12 12:48:47.394","+4.7648515E-04"
"26-09-12 12:48:48.108","+4.2698020E-04"
"26-09-12 12:48:49.009","+3.5272277E-04"
"26-09-12 12:48:49.724","-5.0742574E-04"
"26-09-12 12:48:50.628","-2.1039604E-04"
"26-09-12 12:48:51.342","+7.2400990E-04"
"26-09-12 12:48:52.247","+2.5990099E-04"
"26-09-12 12:48:52.962","+1.2376238E-05"
"26-09-12 12:48:53.857","+6.3737624E-04"
"26-09-12 12:48:54.571","+3.1559406E-04"
"26-09-12 12:48:55.466","-6.9306931E-04"
"26-09-12 12:48:56.180","-2.0420792E-04"
"26-09-12 12:48:57.087","-3.8366337E-04"
"26-09-12 12:48:57.801","-1.8564356E-05"
"26-09-12 12:48:58.699","+2.4752475E-05"
"26-09-12 12:48:59.414","-3.7128713E-05"
"26-09-12 12:49:00.307","-4.2698020E-04"
"26-09-12 12:49:01.022","+4.3316832E-05"
"26-09-12 12:49:01.926","+6.1881188E-06"
"26-09-12 12:49:02.641","-7.9826733E-04"
"26-09-12 12:49:03.536","+3.4653465E-04"
"26-09-12 12:49:04.252","+4.5792079E-04"
"26-09-12 12:49:05.152","-3.2797030E-04"
"26-09-12 12:49:05.865","-6.0643564E-04"
"26-09-12 12:49:06.771","-2.4133663E-04"
"26-09-12 12:49:07.486","+5.9405941E-04"
"26-09-12 12:49:08.389","-1.1076733E-03"
"26-09-12 12:49:09.104","+3.8366337E-04"
"26-09-12 12:49:10.000","-4.6410891E-04"
"26-09-12 12:49:10.714","+1.4851485E-04"
"26-09-12 12:49:11.623","+4.3316832E-04"
"26-09-12 12:49:12.338","+6.0024752E-04"
"26-09-12 12:49:13.241","-3.1559406E-04"
"26-09-12 12:49:13.956","+6.1262376E-04"
"26-09-12 12:49:14.860","+4.3316832E-04"
"26-09-12 12:49:15.573","-1.5470297E-04"
"26-09-12 12:49:16.471","-1.0519802E-04"
"26-09-12 12:49:17.186","-1.0519802E-04"
"26-09-12 12:49:18.080","-4.5173267E-04"
"26-09-12 12:49:18.794","-1.6089109E-04"
"26-09-12 12:49:19.691","-5.8787129E-04"
"26-09-12 12:49:20.406","+6.8688119E-04"
"26-09-12 12:49:21.306","-4.8267327E-04"
"26-09-12 12:49:22.020","+1.9183168E-04"
"26-09-12 12:49:22.921","-3.0321782E-04"
"26-09-12 12:49:23.636","-3.6509901E-04"
"26-09-12 12:49:24.549","-4.8267327E-04"
"26-09-12 12:49:25.264","-2.6608911E-04"
"26-09-12 12:49:26.160","-4.3316832E-05"
"26-09-12 12:49:26.875","-2.7227723E-04"
"26-09-12 12:49:27.775","-1.1757426E-04"
"26-09-12 12:49:28.489","+8.3539604E-04"
"26-09-12 12:49:29.381","+1.1757426E-04"
"26-09-12 12:49:30.095","+2.2277228E-04"
"26-09-12 12:49:31.024","-1.4851485E-04"
"26-09-12 12:49:31.739","+2.3514851E-04"
"26-09-12 12:49:32.633","+1.2376238E-05"
"26-09-12 12:49:33.348","+2.1039604E-04"
"26-09-12 12:49:34.242","+6.8069307E-05"
"26-09-12 12:49:34.958","+6.5594059E-04"
"26-09-12 12:49:35.853","-1.9801980E-04"
"26-09-12 12:49:36.568","-3.3415842E-04"
"26-09-12 12:49:37.464","-4.2079208E-04"
"26-09-12 12:49:38.179","-1.7945545E-04"
"26-09-12 12:49:39.074","-8.0445545E-05"
"26-09-12 12:49:39.788","+3.7747525E-04"
"26-09-12 12:49:40.690","-6.1881188E-06"
"26-09-12 12:49:41.404","+3.8366337E-04"
"26-09-12 12:49:42.304","+1.9801980E-04"
"26-09-12 12:49:43.019","+3.0940594E-05"
"26-09-12 12:49:43.913","+8.2301980E-04"
"26-09-12 12:49:44.628","-4.0841584E-04"
"26-09-12 12:49:45.526","+2.7846535E-04"
"26-09-12 12:49:46.239","+2.5990099E-04"
"26-09-12 12:49:47.146","+6.4975248E-04"
"26-09-12 12:49:47.859","+2.2277228E-04"
"26-09-12 12:49:49.008","+9.2821782E-05"
"26-09-12 12:49:49.722","-2.0420792E-04"
"26-09-12 12:49:50.631","+1.1138614E-04"
"26-09-12 12:49:51.346","+1.2376238E-05"
"26-09-12 12:49:52.256","-5.8787129E-04"
"26-09-12 12:49:52.971","-8.6633663E-05"
"26-09-12 12:49:53.874","-3.2797030E-04"
"26-09-12 12:49:54.587","-9.9009901E-05"
"26-09-12 12:49:55.489","+1.0519802E-04"
"26-09-12 12:49:56.203","+2.1039604E-04"
"26-09-12 12:49:57.107","+1.2376238E-04"
"26-09-12 12:49:57.823","-2.2896040E-04"
"26-09-12 12:49:58.718","+3.7128713E-05"
"26-09-12 12:49:59.432","+1.4851485E-04"
"26-09-12 12:50:00.337","+1.7945545E-04"
"26-09-12 12:50:01.052","-9.9009901E-05"
"26-09-12 12:50:01.956","-9.9009901E-05"
"26-09-12 12:50:02.673","-2.4133663E-04"
"26-09-12 12:50:03.572","-1.1138614E-04"
"26-09-12 12:50:04.285","-8.3539604E-04"
"26-09-12 12:50:05.199","+1.5470297E-04"
"26-09-12 12:50:05.914","+1.5470297E-04"
"26-09-12 12:50:06.819","+2.2896040E-04"
"26-09-12 12:50:07.534","-1.2376238E-04"
"26-09-12 12:50:08.428","+2.4752475E-04"
"26-09-12 12:50:09.142","+2.7227723E-04"
"26-09-12 12:50:10.038","-3.8985149E-04"
"26-09-12 12:50:10.751","-3.0321782E-04"
"26-09-12 12:50:11.659","+3.1559406E-04"
"26-09-12 12:50:12.376","+4.5173267E-04"
"26-09-12 12:50:13.269","-1.4232673E-04"
"26-09-12 12:50:13.982","-4.5173267E-04"
"26-09-12 12:50:14.881","+4.9504950E-05"
"26-09-12 12:50:15.598","+5.0123762E-04"
"26-09-12 12:50:16.499","+2.2277228E-04"
"26-09-12 12:50:17.214","-4.8267327E-04"
"26-09-12 12:50:18.108","-4.7029703E-04"
"26-09-12 12:50:18.825","-1.2376238E-04"
"26-09-12 12:50:19.731","-3.8985149E-04"
"26-09-12 12:50:20.445","-2.3514851E-04"
"26-09-12 12:50:21.352","-3.1559406E-04"
"26-09-12 12:50:22.065","-4.3316832E-05"
"26-09-12 12:50:22.970","+1.9801980E-04"
"26-09-12 12:50:23.685","-6.3737624E-04"
"26-09-12 12:50:24.579","+1.3613861E-04"
"26-09-12 12:50:25.293","+7.4257426E-05"
"26-09-12 12:50:26.190","+8.6633663E-05"
"26-09-12 12:50:26.906","-7.6113861E-04"
"26-09-12 12:50:27.802","+3.6509901E-04"
"26-09-12 12:50:28.516","-5.7549505E-04"
"26-09-12 12:50:29.422","+2.7227723E-04"
"26-09-12 12:50:30.135","+1.7326733E-04"
"26-09-12 12:50:31.041","+6.8069307E-05"
"26-09-12 12:50:31.757","+1.6707921E-04"
"26-09-12 12:50:32.662","-3.9603960E-04"
"26-09-12 12:50:33.379","+6.9306931E-04"
"26-09-12 12:50:34.273","-4.9504950E-05"
"26-09-12 12:50:34.988","+3.7128713E-04"
"26-09-12 12:50:35.883","+4.5173267E-04"
"26-09-12 12:50:36.598","+9.9009901E-05"
"26-09-12 12:50:37.494","+4.2698020E-04"
"26-09-12 12:50:38.210","-3.0940594E-04"
"26-09-12 12:50:39.105","+5.5074257E-04"
"26-09-12 12:50:39.820","+1.2376238E-05"
"26-09-12 12:50:40.722","-1.3613861E-04"
"26-09-12 12:50:41.437","-9.2821782E-05"
"26-09-12 12:50:42.335","+9.6534653E-04"
"26-09-12 12:50:43.050","-4.2079208E-04"
"26-09-12 12:50:43.946","-2.2896040E-04"
"26-09-12 12:50:44.661","-3.2797030E-04"
"26-09-12 12:50:45.563","+4.3316832E-05"
"26-09-12 12:50:46.277","-1.9183168E-04"
"26-09-12 12:50:47.183","+4.9504950E-05"
"26-09-12 12:50:47.896","-4.7029703E-04"
"26-09-12 12:50:48.797","-1.8564356E-05"
"26-09-12 12:50:49.513","-3.0940594E-05"
"26-09-12 12:50:50.443","+2.2277228E-04"
"26-09-12 12:50:51.159","-2.3514851E-04"
"26-09-12 12:50:52.055","-6.4356436E-04"
"26-09-12 12:50:52.770","+4.5792079E-04"
"26-09-12 12:50:53.664","-1.7945545E-04"
"26-09-12 12:50:54.377","-1.2995050E-04"
"26-09-12 12:50:55.532","+5.2599010E-04"
"26-09-12 12:50:56.247","-1.8564356E-04"
"26-09-12 12:50:57.146","-1.2995050E-04"
"26-09-12 12:50:57.862","+3.5272277E-04"
"26-09-12 12:50:58.757","+9.2821782E-05"
"26-09-12 12:50:59.471","+1.9801980E-04"
"26-09-12 12:51:00.378","-2.6608911E-04"
"26-09-12 12:51:01.094","+2.1039604E-04"
"26-09-12 12:51:01.989","-6.9306931E-04"
"26-09-12 12:51:02.704","-3.7128713E-05"
"26-09-12 12:51:03.608","+1.8564356E-05"
"26-09-12 12:51:04.323","+4.2079208E-04"
"26-09-12 12:51:05.218","+2.3514851E-04"
"26-09-12 12:51:05.933","+1.4851485E-04"
"26-09-12 12:51:06.828","-2.9084158E-04"
"26-09-12 12:51:07.541","+3.3415842E-04"
"26-09-12 12:51:08.438","+3.8985149E-04"
"26-09-12 12:51:09.151","+8.0445545E-05"
"26-09-12 12:51:10.063","-3.7128713E-05"
"26-09-12 12:51:10.777","-6.1881188E-05"
"26-09-12 12:51:11.679","+1.1757426E-04"
"26-09-12 12:51:12.397","-6.8069307E-04"
"26-09-12 12:51:13.300","+4.3316832E-05"
"26-09-12 12:51:14.014","-6.3118812E-04"
"26-09-12 12:51:14.917","-3.4653465E-04"
"26-09-12 12:51:15.633","-6.1881188E-05"
"26-09-12 12:51:16.529","+4.9504950E-05"
"26-09-12 12:51:17.243","-2.3514851E-04"
"26-09-12 12:51:18.138","-1.6089109E-04"
"26-09-12 12:51:18.853","+3.7128713E-04"
"26-09-12 12:51:19.753","-1.9183168E-04"
"26-09-12 12:51:20.470","-1.4232673E-04"
"26-09-12 12:51:21.369","+2.6608911E-04"
"26-09-12 12:51:22.084","+8.9727723E-04"
"26-09-12 12:51:22.980","-6.6831683E-04"
"26-09-12 12:51:23.700","-2.1658416E-04"
"26-09-12 12:51:24.592","+1.2376238E-04"
"26-09-12 12:51:25.305","+5.0123762E-04"
"26-09-12 12:51:26.211","-3.2797030E-04"
"26-09-12 12:51:26.926","+2.9084158E-04"
"26-09-12 12:51:27.831","-2.6608911E-04"
"26-09-12 12:51:28.546","+0.0000000E+00"
"26-09-12 12:51:29.447","+8.6633663E-05"
"26-09-12 12:51:30.161","-6.1881188E-05"
"26-09-12 12:51:31.061","-9.9009901E-05"
"26-09-12 12:51:31.777","+6.8069307E-05"
"26-09-12 12:51:32.682","-2.0420792E-04"
"26-09-12 12:51:33.395","+6.1881188E-06"
"26-09-12 12:51:34.300","-1.9183168E-04"
"26-09-12 12:51:35.014","+1.6707921E-04"
"26-09-12 12:51:35.914","-8.6014851E-04"
"26-09-12 12:51:36.630","-5.5693069E-05"
"26-09-12 12:51:37.533","-1.9183168E-04"
"26-09-12 12:51:38.251","+1.8564356E-05"
"26-09-12 12:51:39.145","+9.5297030E-04"
"26-09-12 12:51:39.859","-3.5891089E-04"
"26-09-12 12:51:40.773","+4.0222772E-04"
"26-09-12 12:51:41.487","-6.1262376E-04"
"26-09-12 12:51:42.384","+2.7227723E-04"
"26-09-12 12:51:43.098","+9.2821782E-05"
"26-09-12 12:51:43.993","-6.8069307E-05"
"26-09-12 12:51:44.709","-1.7945545E-04"
"26-09-12 12:51:45.606","-3.8366337E-04"
"26-09-12 12:51:46.321","+1.2376238E-04"
"26-09-12 12:51:47.215","-1.6707921E-04"
"26-09-12 12:51:47.929","+1.3613861E-04"
"26-09-12 12:51:48.825","-3.3415842E-04"
"26-09-12 12:51:49.540","-3.8366337E-04"
"26-09-12 12:51:50.445","-2.7846535E-04"
"26-09-12 12:51:51.159","-8.6014851E-04"
"26-09-12 12:51:52.054","-1.2995050E-04"
"26-09-12 12:51:52.769","-9.9009901E-05"
"26-09-12 12:51:53.666","+4.0222772E-04"
"26-09-12 12:51:54.384","+3.0940594E-04"
"26-09-12 12:51:55.295","+2.5371287E-04"
"26-09-12 12:51:56.010","+5.5693069E-05"
"26-09-12 12:51:56.905","+3.5891089E-04"
"26-09-12 12:51:57.620","-1.2376238E-04"
"26-09-12 12:51:58.518","+4.3316832E-05"
"26-09-12 12:51:59.232","-9.2821782E-05"
"26-09-12 12:52:00.136","-1.9801980E-04"
"26-09-12 12:52:00.851","+1.7945545E-04"
"26-09-12 12:52:02.009","+1.3613861E-04"
"26-09-12 12:52:02.724","-2.6608911E-04"
"26-09-12 12:52:03.626","+5.1361386E-04"
"26-09-12 12:52:04.342","+2.4752475E-05"
"26-09-12 12:52:05.237","+3.2178218E-04"
"26-09-12 12:52:05.951","-1.2376238E-05"
"26-09-12 12:52:06.847","-2.1039604E-04"
"26-09-12 12:52:07.560","+5.2599010E-04"
"26-09-12 12:52:08.464","-3.5272277E-04"
"26-09-12 12:52:09.414","+2.1039604E-04"
"26-09-12 12:52:10.133","+3.1559406E-04"
"26-09-12 12:52:11.027","+2.6608911E-04"
"26-09-12 12:52:11.742","+2.8465347E-04"
"26-09-12 12:52:12.636","-4.1460396E-04"
"26-09-12 12:52:13.351","-4.4554455E-04"
"26-09-12 12:52:14.247","-2.4133663E-04"
"26-09-12 12:52:14.962","+0.0000000E+00"
"26-09-12 12:52:15.869","+4.3316832E-05"
"26-09-12 12:52:16.584","-1.0519802E-04"
"26-09-12 12:52:17.476","-3.0940594E-04"
"26-09-12 12:52:18.191","+2.4133663E-04"
"26-09-12 12:52:19.093","+4.1460396E-04"
"26-09-12 12:52:19.808","-2.2896040E-04"
"26-09-12 12:52:20.709","-5.1361386E-04"
"26-09-12 12:52:21.423","+4.8886139E-04"
"26-09-12 12:52:22.328","-1.2376238E-05"
"26-09-12 12:52:23.042","-4.3935644E-04"
"26-09-12 12:52:23.936","+4.3316832E-05"
"26-09-12 12:52:24.650","-1.2995050E-04"
"26-09-12 12:52:25.552","-3.1559406E-04"
"26-09-12 12:52:26.267","-2.1658416E-04"
"26-09-12 12:52:27.169","-1.8564356E-05"
"26-09-12 12:52:27.885","+6.3737624E-04"
"26-09-12 12:52:28.784","+3.7128713E-04"
"26-09-12 12:52:29.497","+2.7846535E-04"
"26-09-12 12:52:30.399","+3.1559406E-04"
"26-09-12 12:52:31.114","+3.4034653E-04"
"26-09-12 12:52:32.008","-2.2896040E-04"
"26-09-12 12:52:32.723","+3.0321782E-04"
"26-09-12 12:52:33.623","+2.1658416E-04"
"26-09-12 12:52:34.336","+3.9603960E-04"
"26-09-12 12:52:35.251","-1.9183168E-04"
"26-09-12 12:52:35.967","+1.2995050E-04"
"26-09-12 12:52:36.862","+6.8069307E-05"
"26-09-12 12:52:37.576","+3.1559406E-04"
"26-09-12 12:52:38.471","+1.2995050E-04"
"26-09-12 12:52:39.185","-1.8564356E-05"
"26-09-12 12:52:40.091","-4.2079208E-04"
"26-09-12 12:52:40.806","+9.9009901E-05"
"26-09-12 12:52:41.702","+8.0445545E-05"
"26-09-12 12:52:42.416","+1.5470297E-04"
"26-09-12 12:52:43.312","-4.5792079E-04"
"26-09-12 12:52:44.027","-1.3613861E-04"
"26-09-12 12:52:44.933","+2.6608911E-04"
"26-09-12 12:52:45.648","+1.1138614E-04"
"26-09-12 12:52:46.544","-2.3514851E-04"
"26-09-12 12:52:47.257","+5.6930693E-04"
"26-09-12 12:52:48.154","+7.1782178E-04"
"26-09-12 12:52:48.869","-4.3316832E-04"
"26-09-12 12:52:49.782","-8.6633663E-05"
"26-09-12 12:52:50.497","+2.0420792E-04"
"26-09-12 12:52:51.393","+1.6089109E-04"
"26-09-12 12:52:52.107","+1.7945545E-04"
"26-09-12 12:52:53.005","+1.9801980E-04"
"26-09-12 12:52:53.721","-5.3217822E-04"
"26-09-12 12:52:54.613","+2.9084158E-04"
"26-09-12 12:52:55.328","-1.3613861E-04"
"26-09-12 12:52:56.225","-1.2376238E-05"
"26-09-12 12:52:56.939","-2.7846535E-04"
"26-09-12 12:52:57.833","-6.2500000E-04"
"26-09-12 12:52:58.548","-7.4257426E-05"
"26-09-12 12:52:59.445","-2.2277228E-04"
"26-09-12 12:53:00.158","+2.3514851E-04"
"26-09-12 12:53:01.055","+3.6509901E-04"
"26-09-12 12:53:01.770","-7.4257426E-04"
"26-09-12 12:53:02.676","-1.7326733E-04"
"26-09-12 12:53:03.391","-1.8564356E-05"
"26-09-12 12:53:04.284","-3.0940594E-05"
"26-09-12 12:53:04.999","-2.0420792E-04"
"26-09-12 12:53:05.897","-1.8564356E-04"
"26-09-12 12:53:06.612","-1.9801980E-04"
"26-09-12 12:53:07.761","-1.4851485E-04"
"26-09-12 12:53:08.477","-3.3415842E-04"
"26-09-12 12:53:09.375","+8.0445545E-05"
"26-09-12 12:53:10.090","+7.4257426E-05"
"26-09-12 12:53:10.985","-3.2797030E-04"
"26-09-12 12:53:11.701","+9.9009901E-05"
"26-09-12 12:53:12.595","-1.7945545E-04"
"26-09-12 12:53:13.309","-5.7549505E-04"
"26-09-12 12:53:14.205","+2.9084158E-04"
"26-09-12 12:53:14.920","+2.6608911E-04"
"26-09-12 12:53:15.818","+5.0742574E-04"
"26-09-12 12:53:16.532","-2.1039604E-04"
"26-09-12 12:53:17.438","+5.3836634E-04"
"26-09-12 12:53:18.153","-2.7227723E-04"
"26-09-12 12:53:19.056","-1.9801980E-04"
"26-09-12 12:53:19.770","+1.2376238E-04"
"26-09-12 12:53:20.666","-5.5693069E-05"
"26-09-12 12:53:21.381","+0.0000000E+00"
"26-09-12 12:53:22.279","+2.8465347E-04"
"26-09-12 12:53:22.994","-6.7450495E-04"
"26-09-12 12:53:23.890","-6.1881188E-05"
"26-09-12 12:53:24.606","+3.0321782E-04"
"26-09-12 12:53:25.508","-4.3316832E-05"
"26-09-12 12:53:26.223","-7.4257426E-04"
"26-09-12 12:53:27.118","-2.3514851E-04"
"26-09-12 12:53:27.831","-1.1138614E-04"
"26-09-12 12:53:28.757","+1.6707921E-04"
"26-09-12 12:53:29.471","-4.0841584E-04"
"26-09-12 12:53:30.378","-1.6707921E-04"
"26-09-12 12:53:31.093","-4.8267327E-04"
"26-09-12 12:53:31.991","+3.5891089E-04"
"26-09-12 12:53:32.705","-9.9009901E-05"
"26-09-12 12:53:33.601","+2.6608911E-04"
"26-09-12 12:53:34.315","-5.7549505E-04"
"26-09-12 12:53:35.221","-1.5470297E-04"
"26-09-12 12:53:35.935","-8.0445545E-05"
"26-09-12 12:53:36.831","+1.4232673E-04"
"26-09-12 12:53:37.544","-2.2277228E-04"
"26-09-12 12:53:38.443","+6.8069307E-05"
"26-09-12 12:53:39.160","-9.1584158E-04"
"26-09-12 12:53:40.062","-2.2277228E-04"
"26-09-12 12:53:40.777","-7.4257426E-05"
"26-09-12 12:53:41.673","-8.0445545E-05"
"26-09-12 12:53:42.389","-1.8564356E-05"
"26-09-12 12:53:43.301","-2.1658416E-04"
"26-09-12 12:53:44.016","-1.8564356E-04"
"26-09-12 12:53:44.911","-2.2277228E-04"
"26-09-12 12:53:45.625","+6.1881188E-06"
"26-09-12 12:53:46.523","+6.4356436E-04"
"26-09-12 12:53:47.237","-8.0445545E-05"
"26-09-12 12:53:48.134","+1.0519802E-04"
"26-09-12 12:53:48.849","-4.3316832E-05"
"26-09-12 12:53:49.752","+4.9504950E-04"
"26-09-12 12:53:50.467","+3.1559406E-04"
"26-09-12 12:53:51.364","-2.5371287E-04"
"26-09-12 12:53:52.079","-3.2178218E-04"
"26-09-12 12:53:52.973","+7.7970297E-04"
"26-09-12 12:53:53.690","+1.5470297E-04"
"26-09-12 12:53:54.585","+1.1757426E-04"
"26-09-12 12:53:55.300","-6.4975248E-04"
"26-09-12 12:53:56.204","+6.7450495E-04"
"26-09-12 12:53:56.917","-4.9504950E-05"
"26-09-12 12:53:57.829","+4.0841584E-04"
"26-09-12 12:53:58.544","+3.7128713E-05"
"26-09-12 12:53:59.446","+3.7128713E-05"
"26-09-12 12:54:00.160","+4.0222772E-04"
"26-09-12 12:54:01.055","+4.6410891E-04"
"26-09-12 12:54:01.769","-6.9306931E-04"
"26-09-12 12:54:02.665","+6.0024752E-04"
"26-09-12 12:54:03.378","+6.1881188E-06"
"26-09-12 12:54:04.275","+1.3613861E-04"
"26-09-12 12:54:04.993","-4.3316832E-04"
"26-09-12 12:54:05.887","-3.6509901E-04"
"26-09-12 12:54:06.600","+3.1559406E-04"
"26-09-12 12:54:07.512","-2.1658416E-04"
"26-09-12 12:54:08.226","-2.1039604E-04"
"26-09-12 12:54:09.126","-1.9801980E-04"
"26-09-12 12:54:09.843","-2.7846535E-04"
"26-09-12 12:54:10.746","-1.9801980E-04"
"26-09-12 12:54:11.461","+1.0519802E-04"
"26-09-12 12:54:12.358","-1.0396040E-03"
"26-09-12 12:54:13.072","+3.2797030E-04"
"26-09-12 12:54:14.229","+3.6509901E-04"
"26-09-12 12:54:14.944","+5.5693069E-05"
"26-09-12 12:54:15.836","+6.8688119E-04"
"26-09-12 12:54:16.552","+6.1881188E-05"
"26-09-12 12:54:17.449","+3.0321782E-04"
"26-09-12 12:54:18.162","+1.4851485E-04"
"26-09-12 12:54:19.066","+5.5693069E-05"
"26-09-12 12:54:19.781","+2.8465347E-04"
"26-09-12 12:54:20.677","-3.8985149E-04"
"26-09-12 12:54:21.391","-4.5792079E-04"
"26-09-12 12:54:22.288","+2.2277228E-04"
"26-09-12 12:54:23.003","-6.3737624E-04"
"26-09-12 12:54:23.899","+6.3118812E-04"
"26-09-12 12:54:24.612","+2.4752475E-04"
"26-09-12 12:54:25.528","-4.1460396E-04"
"26-09-12 12:54:26.242","+5.5693069E-04"
"26-09-12 12:54:27.139","-5.9405941E-04"
"26-09-12 12:54:27.855","+1.9183168E-04"
"26-09-12 12:54:28.759","-1.6089109E-04"
"26-09-12 12:54:29.475","-3.0940594E-05"
"26-09-12 12:54:30.371","-3.0321782E-04"
"26-09-12 12:54:31.086","+1.3613861E-04"
"26-09-12 12:54:31.989","-3.1559406E-04"
"26-09-12 12:54:32.703","-1.2995050E-04"
"26-09-12 12:54:33.599","+6.2500000E-04"
"26-09-12 12:54:34.314","-5.5693069E-04"
"26-09-12 12:54:35.208","-4.7029703E-04"
"26-09-12 12:54:35.925","+5.7549505E-04"
"26-09-12 12:54:36.821","-1.4232673E-04"
"26-09-12 12:54:37.536","-8.0445545E-05"
"26-09-12 12:54:38.450","-5.2599010E-04"
"26-09-12 12:54:39.164","-4.2079208E-04"
"26-09-12 12:54:40.062","-2.1039604E-04"
"26-09-12 12:54:40.778","+4.2698020E-04"
"26-09-12 12:54:41.680","-5.0123762E-04"
"26-09-12 12:54:42.394","-6.1881188E-06"
"26-09-12 12:54:43.292","-6.9925743E-04"
"26-09-12 12:54:44.006","+4.4554455E-04"
"26-09-12 12:54:44.912","+7.6113861E-04"
"26-09-12 12:54:45.627","+4.9504950E-05"
"26-09-12 12:54:46.525","-4.3316832E-05"
"26-09-12 12:54:47.239","-3.6509901E-04"
"26-09-12 12:54:47.953","-4.2079208E-04"
"26-09-12 12:54:48.852","-5.9405941E-04"
"26-09-12 12:54:49.570","-1.4232673E-04"
"26-09-12 12:54:50.462","-1.8564356E-05"
"26-09-12 12:54:51.175","+3.2178218E-04"
"26-09-12 12:54:52.092","-2.3514851E-04"
"26-09-12 12:54:52.807","-3.7128713E-04"
"26-09-12 12:54:53.713","-2.5990099E-04"
"26-09-12 12:54:54.427","-1.8564356E-04"
"26-09-12 12:54:55.324","-2.2277228E-04"
"26-09-12 12:54:56.039","-1.6707921E-04"
"26-09-12 12:54:56.940","-6.2500000E-04"
"26-09-12 12:54:57.653","+8.0445545E-05"
"26-09-12 12:54:58.556","-6.3118812E-04"
"26-09-12 12:54:59.271","+8.6633663E-05"
"26-09-12 12:55:00.164","-1.9801980E-04"
"26-09-12 12:55:00.879","+1.9801980E-04"
"26-09-12 12:55:01.775","+2.0420792E-04"
"26-09-12 12:55:02.490","-5.5693069E-04"
"26-09-12 12:55:03.385","-9.9009901E-05"
"26-09-12 12:55:04.100","+3.6509901E-04"
"26-09-12 12:55:05.004","-3.0940594E-05"
"26-09-12 12:55:05.719","-1.2376238E-05"
"26-09-12 12:55:06.619","-5.6930693E-04"
"26-09-12 12:55:07.333","-2.0420792E-04"
"26-09-12 12:55:08.237","+2.1658416E-04"
"26-09-12 12:55:08.952","+6.1881188E-04"
"26-09-12 12:55:09.856","-1.4851485E-04"
"26-09-12 12:55:10.570","-2.2896040E-04"
"26-09-12 12:55:11.475","-5.0123762E-04"
"26-09-12 12:55:12.189","-4.2698020E-04"
"26-09-12 12:55:13.085","-5.2599010E-04"
"26-09-12 12:55:13.800","+3.8366337E-04"
"26-09-12 12:55:14.698","-5.4455446E-04"
"26-09-12 12:55:15.412","+2.4752475E-04"
"26-09-12 12:55:16.317","+1.7326733E-04"
"26-09-12 12:55:17.031","-3.5891089E-04"
"26-09-12 12:55:17.937","+1.2376238E-04"
"26-09-12 12:55:18.654","+3.9603960E-04"
"26-09-12 12:55:19.560","+9.9628713E-04"
"26-09-12 12:55:20.491","-2.2896040E-04"
"26-09-12 12:55:21.206","+5.6311881E-04"
"26-09-12 12:55:22.110","-4.3316832E-05"
"26-09-12 12:55:22.825","-2.4752475E-05"
"26-09-12 12:55:23.728","-1.1757426E-04"
"26-09-12 12:55:24.446","-2.4133663E-04"
"26-09-12 12:55:25.347","+6.1881188E-06"
"26-09-12 12:55:26.061","-5.8168317E-04"
"26-09-12 12:55:26.960","-3.0940594E-04"
"26-09-12 12:55:27.675","-7.9207921E-04"
"26-09-12 12:55:28.581","+2.9702970E-04"
"26-09-12 12:55:29.295","-6.8069307E-05"
"26-09-12 12:55:30.200","-1.1138614E-04"
"26-09-12 12:55:30.916","+4.3316832E-05"
"26-09-12 12:55:31.820","-1.9183168E-04"
"26-09-12 12:55:32.533","+6.1881188E-06"
"26-09-12 12:55:33.438","+1.5470297E-04"
"26-09-12 12:55:34.153","+2.0420792E-04"
"26-09-12 12:55:35.049","+4.1460396E-04"
"26-09-12 12:55:35.763","-6.1881188E-05"
"26-09-12 12:55:36.663","-3.8366337E-04"
"26-09-12 12:55:37.376","-6.1881188E-06"
"26-09-12 12:55:38.279","-7.8589109E-04"
"26-09-12 12:55:38.993","+2.9084158E-04"
"26-09-12 12:55:39.890","+5.5693069E-04"
"26-09-12 12:55:40.605","-2.7846535E-04"
"26-09-12 12:55:41.498","-4.3316832E-05"
"26-09-12 12:55:42.213","+5.0742574E-04"
"26-09-12 12:55:43.112","-1.4851485E-04"
"26-09-12 12:55:43.827","+2.9702970E-04"
"26-09-12 12:55:44.732","-7.3638614E-04"
"26-09-12 12:55:45.451","+8.5396040E-04"
"26-09-12 12:55:46.365","-2.2896040E-04"
"26-09-12 12:55:47.080","-5.3836634E-04"
"26-09-12 12:55:47.980","-3.0321782E-04"
"26-09-12 12:55:48.696","-1.7945545E-04"
"26-09-12 12:55:49.591","-5.2599010E-04"
"26-09-12 12:55:50.306","+3.2797030E-04"
"26-09-12 12:55:51.203","-1.2376238E-04"
"26-09-12 12:55:51.917","-3.5891089E-04"
"26-09-12 12:55:52.823","+2.1658416E-04"
"26-09-12 12:55:53.536","-3.0940594E-04"
"26-09-12 12:55:54.432","-3.8366337E-04"
"26-09-12 12:55:55.147","+5.9405941E-04"
"26-09-12 12:55:56.045","+3.7128713E-05"
"26-09-12 12:55:56.759","-3.7128713E-04"
"26-09-12 12:55:57.662","+2.0420792E-04"
"26-09-12 12:55:58.377","-2.1658416E-04"
"26-09-12 12:55:59.274","+2.5990099E-04"
"26-09-12 12:55:59.989","-8.1683168E-04"
"26-09-12 12:56:00.893","-3.2178218E-04"
"26-09-12 12:56:01.608","+7.0544554E-04"
"26-09-12 12:56:02.505","-4.5792079E-04"
"26-09-12 12:56:03.220","-5.3217822E-04"
"26-09-12 12:56:04.118","+3.1559406E-04"
"26-09-12 12:56:04.833","+1.2376238E-04"
"26-09-12 12:56:05.736","+7.9826733E-04"
"26-09-12 12:56:06.451","+1.1138614E-04"
"26-09-12 12:56:07.169","-6.9925743E-04"
"26-09-12 12:56:08.068","+2.1039604E-04"
"26-09-12 12:56:08.781","+3.1559406E-04"
"26-09-12 12:56:09.685","+4.9504950E-05"
"26-09-12 12:56:10.400","-7.4876238E-04"
"26-09-12 12:56:11.294","+1.9183168E-04"
"26-09-12 12:56:12.008","-4.6410891E-04"
"26-09-12 12:56:12.906","-4.3316832E-04"
"26-09-12 12:56:13.622","-1.1757426E-04"
"26-09-12 12:56:14.517","-4.2698020E-04"
"26-09-12 12:56:15.231","-1.5470297E-04"
"26-09-12 12:56:16.140","+1.7326733E-04"
"26-09-12 12:56:16.855","+1.7326733E-04"
"26-09-12 12:56:17.757","+2.3514851E-04"
"26-09-12 12:56:18.474","+2.1039604E-04"
"26-09-12 12:56:19.368","-4.3316832E-05"
"26-09-12 12:56:20.083","-4.5173267E-04"
"26-09-12 12:56:20.976","+5.0123762E-04"
"26-09-12 12:56:21.691","+0.0000000E+00"
"26-09-12 12:56:22.587","-8.6633663E-05"
"26-09-12 12:56:23.302","+0.0000000E+00"
"26-09-12 12:56:24.198","-3.4653465E-04"
"26-09-12 12:56:24.913","-1.5470297E-04"
"26-09-12 12:56:25.810","+9.2821782E-05"
"26-09-12 12:56:26.525","+6.8069307E-05"
"26-09-12 12:56:27.684","-2.0420792E-04"
"26-09-12 12:56:28.401","-1.9801980E-04"
"26-09-12 12:56:29.298","+1.8564356E-05"
"26-09-12 12:56:30.012","+1.0519802E-04"
"26-09-12 12:56:30.909","-3.5891089E-04"
"26-09-12 12:56:31.625","+1.0519802E-04"
"26-09-12 12:56:32.517","+1.2995050E-04"
"26-09-12 12:56:33.232","+1.2995050E-04"
"26-09-12 12:56:34.127","+3.7128713E-04"
"26-09-12 12:56:34.841","-1.1138614E-04"
"26-09-12 12:56:35.742","+3.1559406E-04"
"26-09-12 12:56:36.456","+2.7227723E-04"
"26-09-12 12:56:37.360","-3.4034653E-04"
"26-09-12 12:56:38.075","+2.9084158E-04"
"26-09-12 12:56:38.980","+5.1980198E-04"
"26-09-12 12:56:39.694","-2.0420792E-04"
"26-09-12 12:56:40.600","-1.2995050E-04"
"26-09-12 12:56:41.315","+1.7326733E-04"
"26-09-12 12:56:42.211","-5.6311881E-04"
"26-09-12 12:56:42.927","-7.6113861E-04"
"26-09-12 12:56:43.830","+4.1460396E-04"
"26-09-12 12:56:44.544","-4.2079208E-04"
"26-09-12 12:56:45.444","-1.4851485E-04"
"26-09-12 12:56:46.160","+1.1757426E-04"
"26-09-12 12:56:47.060","+4.7648515E-04"
"26-09-12 12:56:47.775","-2.5371287E-04"
"26-09-12 12:56:48.671","-3.5272277E-04"
"26-09-12 12:56:49.386","-1.1138614E-04"
"26-09-12 12:56:50.293","+5.5693069E-05"
"26-09-12 12:56:51.008","-4.9504950E-04"
"26-09-12 12:56:51.913","-9.9009901E-05"
"26-09-12 12:56:52.626","-3.7747525E-04"
"26-09-12 12:56:53.534","-3.8366337E-04"
"26-09-12 12:56:54.248","-1.7945545E-04"
"26-09-12 12:56:55.162","+2.7227723E-04"
"26-09-12 12:56:55.875","-3.7128713E-04"
"26-09-12 12:56:56.783","+2.4133663E-04"
"26-09-12 12:56:57.496","+6.1881188E-05"
"26-09-12 12:56:58.394","-3.0940594E-05"
"26-09-12 12:56:59.112","-1.1757426E-04"
"26-09-12 12:57:00.013","-1.1757426E-04"
"26-09-12 12:57:00.727","-1.2376238E-04"
"26-09-12 12:57:01.623","+3.2797030E-04"
"26-09-12 12:57:02.338","-8.0445545E-05"
"26-09-12 12:57:03.233","+2.6608911E-04"
"26-09-12 12:57:03.947","-6.0024752E-04"
"26-09-12 12:57:04.844","-7.4257426E-05"
"26-09-12 12:57:05.560","+1.4851485E-04"
"26-09-12 12:57:06.465","-9.2821782E-05"
"26-09-12 12:57:07.179","+0.0000000E+00"
"26-09-12 12:57:08.095","+2.2277228E-04"
"26-09-12 12:57:08.809","+1.2376238E-05"
"26-09-12 12:57:09.716","+1.8564356E-05"
"26-09-12 12:57:10.430","-3.0321782E-04"
"26-09-12 12:57:11.327","+1.1757426E-04"
"26-09-12 12:57:12.043","-4.6410891E-04"
"26-09-12 12:57:12.946","-1.4232673E-04"
"26-09-12 12:57:13.663","-1.1757426E-04"
"26-09-12 12:57:14.566","-5.0123762E-04"
"26-09-12 12:57:15.280","-3.0940594E-04"
"26-09-12 12:57:16.186","+4.4554455E-04"
"26-09-12 12:57:16.901","+2.0420792E-04"
"26-09-12 12:57:17.798","+5.1361386E-04"
"26-09-12 12:57:18.515","-2.5990099E-04"
"26-09-12 12:57:19.417","+2.8465347E-04"
"26-09-12 12:57:20.132","+2.8465347E-04"
"26-09-12 12:57:21.037","-3.2178218E-04"
"26-09-12 12:57:21.752","+3.8366337E-04"
"26-09-12 12:57:22.658","-3.7128713E-05"
"26-09-12 12:57:23.373","+3.8985149E-04"
"26-09-12 12:57:24.277","+5.3217822E-04"
"26-09-12 12:57:24.992","+2.1039604E-04"
"26-09-12 12:57:25.707","+9.5915842E-04"
"26-09-12 12:57:26.608","+2.9084158E-04"
"26-09-12 12:57:27.322","-8.0445545E-05"
"26-09-12 12:57:28.218","+3.0940594E-04"
"26-09-12 12:57:28.934","+2.7227723E-04"
"26-09-12 12:57:29.827","-7.4257426E-05"
"26-09-12 12:57:30.542","+1.6707921E-04"
"26-09-12 12:57:31.439","-6.1881188E-05"
"26-09-12 12:57:32.156","+0.0000000E+00"
"26-09-12 12:57:33.058","+6.3737624E-04"
"26-09-12 12:57:33.772","-2.0420792E-04"
"26-09-12 12:57:34.924","+2.7227723E-04"
"26-09-12 12:57:35.639","+4.7029703E-04"
"26-09-12 12:57:36.539","-3.9603960E-04"
"26-09-12 12:57:37.254","-3.2797030E-04"
"26-09-12 12:57:38.148","-3.2178218E-04"
"26-09-12 12:57:38.865","-5.8787129E-04"
"26-09-12 12:57:39.759","-4.5173267E-04"
"26-09-12 12:57:40.474","-2.5990099E-04"
"26-09-12 12:57:41.371","-6.1881188E-04"
"26-09-12 12:57:42.085","-1.8564356E-04"
"26-09-12 12:57:42.990","+1.5470297E-04"
"26-09-12 12:57:43.704","+4.0841584E-04"
"26-09-12 12:57:44.601","-7.6732673E-04"
"26-09-12 12:57:45.317","+9.2821782E-05"
"26-09-12 12:57:46.222","+4.7029703E-04"
"26-09-12 12:57:46.940","-2.4752475E-05"
"26-09-12 12:57:47.841","-1.7945545E-04"
"26-09-12 12:57:48.556","-2.7227723E-04"
"26-09-12 12:57:49.458","-1.1757426E-04"
"26-09-12 12:57:50.172","+7.4257426E-05"
"26-09-12 12:57:51.072","-2.4752475E-04"
"26-09-12 12:57:51.789","-3.2797030E-04"
"26-09-12 12:57:52.680","+4.3316832E-05"
"26-09-12 12:57:53.394","+3.0321782E-04"
"26-09-12 12:57:54.290","-1.6089109E-04"
"26-09-12 12:57:55.003","+3.7128713E-04"
"26-09-12 12:57:55.913","+2.7846535E-04"
"26-09-12 12:57:56.627","-3.8985149E-04"
"26-09-12 12:57:57.522","+1.1138614E-04"
"26-09-12 12:57:58.239","+2.6608911E-04"
"26-09-12 12:57:59.134","-4.9504950E-04"
"26-09-12 12:57:59.849","+6.1881188E-06"
"26-09-12 12:58:00.753","+7.4257426E-05"
"26-09-12 12:58:01.470","+7.4257426E-05"
"26-09-12 12:58:02.382","+1.5470297E-04"
"26-09-12 12:58:03.097","+3.0940594E-05"
"26-09-12 12:58:03.992","+3.0940594E-05"
"26-09-12 12:58:04.706","+1.2376238E-04"
"26-09-12 12:58:05.616","+4.2079208E-04"
"26-09-12 12:58:06.329","+3.2797030E-04"
"26-09-12 12:58:07.233","-7.1163366E-04"
"26-09-12 12:58:07.949","+2.9084158E-04"
"26-09-12 12:58:08.843","+3.0940594E-04"
"26-09-12 12:58:09.557","-3.1559406E-04"
"26-09-12 12:58:10.453","-6.9306931E-04"
"26-09-12 12:58:11.168","+9.3440594E-04"
"26-09-12 12:58:12.064","-1.4851485E-04"
"26-09-12 12:58:12.778","+4.9504950E-05"
"26-09-12 12:58:13.676","-3.6509901E-04"
"26-09-12 12:58:14.390","-1.6707921E-04"
"26-09-12 12:58:15.296","-7.3638614E-04"
"26-09-12 12:58:16.010","+1.9183168E-04"
"26-09-12 12:58:16.926","+6.1881188E-05"
"26-09-12 12:58:17.640","-1.1757426E-04"
"26-09-12 12:58:18.535","+1.8564356E-05"
"26-09-12 12:58:19.252","+9.2821782E-05"
"26-09-12 12:58:20.146","+3.8985149E-04"
"26-09-12 12:58:20.860","-6.0643564E-04"
"26-09-12 12:58:21.754","-4.7029703E-04"
"26-09-12 12:58:22.469","-8.6633663E-05"
"26-09-12 12:58:23.367","-1.2995050E-04"
"26-09-12 12:58:24.082","+8.6633663E-05"
"26-09-12 12:58:24.988","-2.5990099E-04"
"26-09-12 12:58:25.704","-7.5495050E-04"
"26-09-12 12:58:26.606","-3.6509901E-04"
"26-09-12 12:58:27.323","+2.9084158E-04"
"26-09-12 12:58:28.216","-8.0445545E-04"
"26-09-12 12:58:28.931","+1.8564356E-04"
"26-09-12 12:58:29.836","+9.0965347E-04"
"26-09-12 12:58:30.553","-1.3613861E-04"
"26-09-12 12:58:31.445","-5.0123762E-04"
"26-09-12 12:58:32.160","+4.3316832E-05"
"26-09-12 12:58:33.057","-9.2821782E-05"
"26-09-12 12:58:33.772","+5.8168317E-04"
"26-09-12 12:58:34.678","+2.2896040E-04"
"26-09-12 12:58:35.393","+6.8688119E-04"
"26-09-12 12:58:36.287","-4.1460396E-04"
"26-09-12 12:58:37.002","-9.2821782E-05"
"26-09-12 12:58:37.898","+6.8069307E-05"
"26-09-12 12:58:38.613","+1.8564356E-05"
"26-09-12 12:58:39.508","-1.9183168E-04"
"26-09-12 12:58:40.222","-3.2178218E-04"
"26-09-12 12:58:41.371","-5.2599010E-04"
"26-09-12 12:58:42.087","-2.4752475E-05"
"26-09-12 12:58:42.988","-2.1658416E-04"
"26-09-12 12:58:43.705","-5.2599010E-04"
"26-09-12 12:58:44.638","-3.8366337E-04"
"26-09-12 12:58:45.353","+1.6707921E-04"
"26-09-12 12:58:46.249","+1.4851485E-04"
"26-09-12 12:58:46.962","+2.9084158E-04"
"26-09-12 12:58:47.861","+1.1757426E-04"
"26-09-12 12:58:48.575","-6.8069307E-05"
"26-09-12 12:58:49.481","-6.1262376E-04"
"26-09-12 12:58:50.195","+3.5272277E-04"
"26-09-12 12:58:51.101","-2.4752475E-05"
"26-09-12 12:58:51.814","+2.1039604E-04"
"26-09-12 12:58:52.720","-8.5396040E-04"
"26-09-12 12:58:53.437","-6.1881188E-05"
"26-09-12 12:58:54.333","-2.0420792E-04"
"26-09-12 12:58:55.046","+4.3316832E-04"
"26-09-12 12:58:55.952","+0.0000000E+00"
"26-09-12 12:58:56.666","-1.5470297E-04"
"26-09-12 12:58:57.580","-3.4034653E-04"
"26-09-12 12:58:58.295","+1.8564356E-04"
"26-09-12 12:58:59.191","+2.1039604E-04"
"26-09-12 12:58:59.904","-7.4257426E-05"
"26-09-12 12:59:00.801","+3.7128713E-04"
"26-09-12 12:59:01.514","-1.1138614E-04"
"26-09-12 12:59:02.411","+2.2896040E-04"
"26-09-12 12:59:03.125","+1.5470297E-04"
"26-09-12 12:59:04.026","-3.2178218E-04"
"26-09-12 12:59:04.741","-2.8465347E-04"
"26-09-12 12:59:05.643","-4.4554455E-04"
"26-09-12 12:59:06.357","-1.9801980E-04"
"26-09-12 12:59:07.255","+5.5693069E-05"
"26-09-12 12:59:07.969","-9.2821782E-05"
"26-09-12 12:59:08.873","-2.6608911E-04"
"26-09-12 12:59:09.587","-2.1658416E-04"
"26-09-12 12:59:10.502","+2.3514851E-04"
"26-09-12 12:59:11.218","+3.6509901E-04"
"26-09-12 12:59:12.114","-4.0222772E-04"
"26-09-12 12:59:12.829","-2.3514851E-04"
"26-09-12 12:59:13.738","-1.9183168E-04"
"26-09-12 12:59:14.452","-3.2178218E-04"
"26-09-12 12:59:15.354","-6.8688119E-04"
"26-09-12 12:59:16.069","-4.8267327E-04"
"26-09-12 12:59:16.962","-4.3935644E-04"
"26-09-12 12:59:17.676","-1.7945545E-04"
"26-09-12 12:59:18.575","+6.0643564E-04"
"26-09-12 12:59:19.289","+0.0000000E+00"
"26-09-12 12:59:20.187","-6.9306931E-04"
"26-09-12 12:59:20.901","+3.7128713E-04"
"26-09-12 12:59:21.806","-3.0940594E-05"
"26-09-12 12:59:22.522","-2.7227723E-04"
"26-09-12 12:59:23.422","-1.9801980E-04"
"26-09-12 12:59:24.137","-3.8366337E-04"
"26-09-12 12:59:25.048","-6.8069307E-05"
"26-09-12 12:59:25.761","+2.4752475E-04"
"26-09-12 12:59:26.667","+2.9702970E-04"
"26-09-12 12:59:27.382","+2.7227723E-04"
"26-09-12 12:59:28.277","-1.2376238E-04"
"26-09-12 12:59:28.991","+3.0940594E-04"
"26-09-12 12:59:29.885","+1.5470297E-04"
"26-09-12 12:59:30.599","-2.7846535E-04"
"26-09-12 12:59:31.497","-1.1757426E-04"
"26-09-12 12:59:32.211","-2.8465347E-04"
"26-09-12 12:59:33.117","+1.9183168E-04"
"26-09-12 12:59:33.832","+3.0940594E-05"
"26-09-12 12:59:34.738","+1.0519802E-04"
"26-09-12 12:59:35.455","+1.2376238E-05"
"26-09-12 12:59:36.347","+4.0222772E-04"
"26-09-12 12:59:37.062","-2.4133663E-04"
"26-09-12 12:59:37.967","-7.5495050E-04"
"26-09-12 12:59:38.682","-6.3118812E-04"
"26-09-12 12:59:39.579","+1.6707921E-04"
"26-09-12 12:59:40.293","-2.9084158E-04"
"26-09-12 12:59:41.198","-1.9801980E-04"
"26-09-12 12:59:41.912","+6.8069307E-05"
"26-09-12 12:59:42.808","+3.7128713E-05"
"26-09-12 12:59:43.523","-6.2500000E-04"
"26-09-12 12:59:44.429","+2.9084158E-04"
"26-09-12 12:59:45.144","-2.1658416E-04"
"26-09-12 12:59:46.039","-1.2995050E-04"
"26-09-12 12:59:46.755","-3.0940594E-05"
"26-09-12 12:59:47.905","-4.5173267E-04"
"26-09-12 12:59:48.618","+2.9084158E-04"
"26-09-12 12:59:49.518","+2.3514851E-04"
"26-09-12 12:59:50.235","-3.0940594E-04"
"26-09-12 12:59:51.128","-2.5371287E-04"
"26-09-12 12:59:51.843","+1.2376238E-04"
"26-09-12 12:59:52.751","-1.1138614E-04"
"26-09-12 12:59:53.466","+1.2995050E-04"
"26-09-12 12:59:54.372","-2.1658416E-04"
"26-09-12 12:59:55.087","+4.7648515E-04"
"26-09-12 12:59:55.991","-1.3613861E-04"
"26-09-12 12:59:56.706","+7.3638614E-04"
"26-09-12 12:59:57.610","-3.2797030E-04"
"26-09-12 12:59:58.324","+3.0940594E-05"
"26-09-12 12:59:59.223","-4.1460396E-04"
"26-09-12 12:59:59.938","-1.2376238E-04"
"26-09-12 13:00:00.840","-2.1039604E-04"
"26-09-12 13:00:01.557","+2.2277228E-04"
"26-09-12 13:00:02.452","+3.0940594E-05"
"26-09-12 13:00:03.166","-1.6707921E-04"
"26-09-12 13:00:03.880","-4.3935644E-04"
"26-09-12 13:00:04.782","+6.4356436E-04"
"26-09-12 13:00:05.501","+4.9504950E-05"
"26-09-12 13:00:06.400","-1.8564356E-05"
"26-09-12 13:00:07.114","-4.3316832E-05"
"26-09-12 13:00:08.009","+5.8168317E-04"
"26-09-12 13:00:08.726","-4.2079208E-04"
"26-09-12 13:00:09.621","-3.9603960E-04"
"26-09-12 13:00:10.335","+1.7945545E-04"
"26-09-12 13:00:11.232","+2.2896040E-04"
"26-09-12 13:00:11.946","+9.2821782E-05"
"26-09-12 13:00:12.847","+1.7945545E-04"
"26-09-12 13:00:13.561","+1.2995050E-04"
"26-09-12 13:00:14.463","+2.1039604E-04"
"26-09-12 13:00:15.179","+1.3613861E-04"
"26-09-12 13:00:16.073","+1.9801980E-04"
"26-09-12 13:00:16.786","-4.3935644E-04"
"26-09-12 13:00:17.683","+4.7648515E-04"
"26-09-12 13:00:18.398","-8.2301980E-04"
"26-09-12 13:00:19.303","+2.4752475E-05"
"26-09-12 13:00:20.017","-2.4752475E-05"
"26-09-12 13:00:20.915","-1.6707921E-04"
"26-09-12 13:00:21.630","-3.0940594E-05"
"26-09-12 13:00:22.533","+9.2821782E-05"
"26-09-12 13:00:23.248","+5.1361386E-04"
"26-09-12 13:00:24.154","-1.5470297E-04"
"26-09-12 13:00:24.869","-7.4257426E-04"
"26-09-12 13:00:25.767","-1.2376238E-05"
"26-09-12 13:00:26.483","-3.0321782E-04"
"26-09-12 13:00:27.385","+4.9504950E-05"
"26-09-12 13:00:28.101","+1.1138614E-04"
"26-09-12 13:00:28.995","-2.5371287E-04"
"26-09-12 13:00:29.710","+2.2277228E-04"
"26-09-12 13:00:30.605","+4.1460396E-04"
"26-09-12 13:00:31.320","+5.1980198E-04"
"26-09-12 13:00:32.226","+3.4653465E-04"
"26-09-12 13:00:32.941","-3.9603960E-04"
"26-09-12 13:00:33.847","-7.3638614E-04"
"26-09-12 13:00:34.560","+9.9009901E-05"
"26-09-12 13:00:35.456","-1.7945545E-04"
"26-09-12 13:00:36.170","+4.8267327E-04"
"26-09-12 13:00:37.067","+6.6212871E-04"
"26-09-12 13:00:37.782","+1.4232673E-04"
"26-09-12 13:00:38.675","+5.9405941E-04"
"26-09-12 13:00:39.389","+4.0222772E-04"
"26-09-12 13:00:40.287","+9.9009901E-05"
"26-09-12 13:00:41.000","+2.0420792E-04"
"26-09-12 13:00:41.896","-2.2277228E-04"
"26-09-12 13:00:42.612","+5.1980198E-04"
"26-09-12 13:00:43.518","+4.8267327E-04"
"26-09-12 13:00:44.237","-3.2797030E-04"
"26-09-12 13:00:45.136","-5.6311881E-04"
"26-09-12 13:00:45.851","+1.7945545E-04"
"26-09-12 13:00:46.759","+5.3836634E-04"
"26-09-12 13:00:47.472","+6.8688119E-04"
"26-09-12 13:00:48.369","-1.2376238E-04"
"26-09-12 13:00:49.084","+6.7450495E-04"
"26-09-12 13:00:49.979","-1.4851485E-04"
"26-09-12 13:00:50.694","-2.9702970E-04"
"26-09-12 13:00:51.598","-3.2178218E-04"
"26-09-12 13:00:52.313","+2.9702970E-04"
"26-09-12 13:00:53.219","-1.6707921E-04"
"26-09-12 13:00:54.151","-6.7450495E-04"
"26-09-12 13:00:54.865","+6.0024752E-04"
"26-09-12 13:00:55.768","-2.5371287E-04"
"26-09-12 13:00:56.482","-3.0940594E-05"
"26-09-12 13:00:57.378","-4.3316832E-05"
"26-09-12 13:00:58.093","+6.8069307E-05"
"26-09-12 13:00:58.989","-6.8069307E-05"
"26-09-12 13:00:59.705","+2.4133663E-04"
"26-09-12 13:01:00.609","-4.0222772E-04"
"26-09-12 13:01:01.322","-3.0940594E-04"
"26-09-12 13:01:02.226","-5.5693069E-04"
"26-09-12 13:01:02.940","-4.2698020E-04"
"26-09-12 13:01:03.842","-6.6212871E-04"
"26-09-12 13:01:04.557","+1.6707921E-04"
"26-09-12 13:01:05.461","+4.1460396E-04"
"26-09-12 13:01:06.174","-1.2376238E-04"
"26-09-12 13:01:07.080","-2.4133663E-04"
"26-09-12 13:01:07.795","+4.6410891E-04"
"26-09-12 13:01:08.693","-5.0742574E-04"
"26-09-12 13:01:09.409","+2.2277228E-04"
"26-09-12 13:01:10.311","-6.1881188E-06"
"26-09-12 13:01:11.028","-3.0321782E-04"
"26-09-12 13:01:11.923","+4.7648515E-04"
"26-09-12 13:01:12.637","-3.7128713E-04"
"26-09-12 13:01:13.551","-3.7747525E-04"
"26-09-12 13:01:14.265","+3.0940594E-05"
"26-09-12 13:01:15.162","+4.3935644E-04"
"26-09-12 13:01:15.877","+2.3514851E-04"
"26-09-12 13:01:16.770","+4.3316832E-05"
"26-09-12 13:01:17.485","-4.0222772E-04"
"26-09-12 13:01:18.381","+7.8589109E-04"
"26-09-12 13:01:19.096","-1.4232673E-04"
"26-09-12 13:01:19.993","-1.9801980E-04"
"26-09-12 13:01:20.707","-3.8985149E-04"
"26-09-12 13:01:21.603","+1.0519802E-04"
"26-09-12 13:01:22.317","-2.9702970E-04"
"26-09-12 13:01:23.031","-9.9009901E-05"
"26-09-12 13:01:23.933","+6.8069307E-05"
"26-09-12 13:01:24.649","-9.9009901E-05"
"26-09-12 13:01:25.543","-1.2376238E-05"
"26-09-12 13:01:26.258","-9.2821782E-05"
"26-09-12 13:01:27.163","-6.8069307E-05"
"26-09-12 13:01:27.878","-3.0940594E-04"
"26-09-12 13:01:28.774","+3.2797030E-04"
"26-09-12 13:01:29.487","-2.9702970E-04"
"26-09-12 13:01:30.385","-2.4752475E-05"
"26-09-12 13:01:31.101","+8.6633663E-05"
"26-09-12 13:01:32.009","-6.1881188E-06"
"26-09-12 13:01:32.725","-2.5371287E-04"
"26-09-12 13:01:33.626","-3.2797030E-04"
"26-09-12 13:01:34.339","-1.7326733E-04"
"26-09-12 13:01:35.237","-7.1163366E-04"
"26-09-12 13:01:35.953","-4.8267327E-04"
"26-09-12 13:01:36.854","+3.5272277E-04"
"26-09-12 13:01:37.571","-6.6831683E-04"
"26-09-12 13:01:38.464","+1.9183168E-04"
"26-09-12 13:01:39.179","+4.6410891E-04"
"26-09-12 13:01:40.086","-1.2376238E-05"
"26-09-12 13:01:40.803","-3.9603960E-04"
"26-09-12 13:01:41.702","-5.8787129E-04"
"26-09-12 13:01:42.416","-8.7871287E-04"
"26-09-12 13:01:43.316","-8.0445545E-05"
"26-09-12 13:01:44.031","+6.8069307E-05"
"26-09-12 13:01:44.926","+4.5792079E-04"
"26-09-12 13:01:45.641","-8.0445545E-05"
"26-09-12 13:01:46.540","+9.9009901E-05"
"26-09-12 13:01:47.256","-1.0519802E-04"
"26-09-12 13:01:48.158","-1.1757426E-04"
"26-09-12 13:01:48.875","-3.3415842E-04"
"26-09-12 13:01:49.768","-2.2277228E-04"
"26-09-12 13:01:50.483","+3.8985149E-04"
"26-09-12 13:01:51.380","-2.0420792E-04"
"26-09-12 13:01:52.094","-5.4455446E-04"
"26-09-12 13:01:52.999","-3.4653465E-04"
"26-09-12 13:01:53.712","-2.9084158E-04"
"26-09-12 13:01:54.618","+1.0519802E-04"
"26-09-12 13:01:55.333","+8.0445545E-05"
"26-09-12 13:01:56.228","+3.5891089E-04"
"26-09-12 13:01:56.943","-3.2797030E-04"
"26-09-12 13:01:57.839","-4.2079208E-04"
"26-09-12 13:01:58.554","-4.7648515E-04"
"26-09-12 13:01:59.449","-3.5891089E-04"
"26-09-12 13:02:00.377","+5.1980198E-04"
"26-09-12 13:02:01.094","+8.6633663E-05"
"26-09-12 13:02:01.989","-1.0519802E-04"
"26-09-12 13:02:02.703","-3.0940594E-04"
"26-09-12 13:02:03.598","-2.4752475E-05"
"26-09-12 13:02:04.312","-4.3316832E-05"
"26-09-12 13:02:05.210","-1.4851485E-04"
"26-09-12 13:02:05.924","-4.6410891E-04"
"26-09-12 13:02:06.820","-3.4653465E-04"
"26-09-12 13:02:07.533","+4.2079208E-04"
"26-09-12 13:02:08.440","+4.3935644E-04"
"26-09-12 13:02:09.154","+1.9183168E-04"
"26-09-12 13:02:10.050","+2.6608911E-04"
"26-09-12 13:02:10.765","-1.7326733E-04"
"26-09-12 13:02:11.663","+4.3935644E-04"
"26-09-12 13:02:12.378","-7.0544554E-04"
"26-09-12 13:02:13.279","+3.9603960E-04"
"26-09-12 13:02:13.994","-3.7128713E-05"
"26-09-12 13:02:14.891","+2.8465347E-04"
"26-09-12 13:02:15.605","-3.4034653E-04"
"26-09-12 13:02:16.499","+1.4232673E-04"
"26-09-12 13:02:17.214","-1.1757426E-04"
"26-09-12 13:02:18.112","-7.4257426E-04"
"26-09-12 13:02:18.827","+2.0420792E-04"
"26-09-12 13:02:19.720","-3.5272277E-04"
"26-09-12 13:02:20.435","-3.0940594E-04"
"26-09-12 13:02:21.343","-2.4752475E-04"
"26-09-12 13:02:22.058","+2.3514851E-04"
"26-09-12 13:02:22.953","+3.5272277E-04"
"26-09-12 13:02:23.668","+4.3935644E-04"
"26-09-12 13:02:24.574","-5.1980198E-04"
"26-09-12 13:02:25.288","+5.3217822E-04"
"26-09-12 13:02:26.183","-7.9826733E-04"
"26-09-12 13:02:26.898","-2.4133663E-04"
"26-09-12 13:02:27.792","-3.7747525E-04"
"26-09-12 13:02:28.505","-6.1262376E-04"
"26-09-12 13:02:29.410","-4.0222772E-04"
"26-09-12 13:02:30.123","-4.5792079E-04"
"26-09-12 13:02:31.028","-3.7128713E-05"
"26-09-12 13:02:31.742","+3.9603960E-04"
"26-09-12 13:02:32.646","+9.9009901E-05"
"26-09-12 13:02:33.360","-6.0024752E-04"
"26-09-12 13:02:34.264","+6.7450495E-04"
"26-09-12 13:02:34.982","+1.6089109E-04"
"26-09-12 13:02:35.885","+2.0420792E-04"
"26-09-12 13:02:36.600","+5.5074257E-04"
"26-09-12 13:02:37.495","+4.2698020E-04"
"26-09-12 13:02:38.211","-5.4455446E-04"
"26-09-12 13:02:39.107","+4.2698020E-04"
"26-09-12 13:02:39.820","+2.4752475E-04"
"26-09-12 13:02:40.751","+2.4133663E-04"
"26-09-12 13:02:41.464","-2.6608911E-04"
"26-09-12 13:02:42.366","+5.7549505E-04"
"26-09-12 13:02:43.080","-1.2376238E-04"
"26-09-12 13:02:43.978","-5.0123762E-04"
"26-09-12 13:02:44.691","-7.4257426E-05"
"26-09-12 13:02:45.596","+1.1757426E-04"
"26-09-12 13:02:46.312","+1.6707921E-04"
"26-09-12 13:02:47.208","-2.1039604E-04"
"26-09-12 13:02:47.922","+1.2995050E-04"
"26-09-12 13:02:48.827","+1.2376238E-05"
"26-09-12 13:02:49.541","-3.0940594E-05"
"26-09-12 13:02:50.441","-2.7846535E-04"
"26-09-12 13:02:51.156","+5.5693069E-05"
"26-09-12 13:02:52.061","-7.4257426E-05"
"26-09-12 13:02:52.774","-1.8564356E-04"
"26-09-12 13:02:53.669","+4.1460396E-04"
"26-09-12 13:02:54.382","+1.8564356E-04"
"26-09-12 13:02:55.278","-5.8787129E-04"
"26-09-12 13:02:55.993","-3.5891089E-04"
"26-09-12 13:02:56.888","-4.5792079E-04"
"26-09-12 13:02:57.602","-1.4851485E-04"
"26-09-12 13:02:58.498","-1.8564356E-04"
"26-09-12 13:02:59.214","-3.0940594E-05"
"26-09-12 13:03:00.108","-1.2995050E-04"
"26-09-12 13:03:00.823","-2.1658416E-04"
"26-09-12 13:03:01.740","-5.5693069E-05"
"26-09-12 13:03:02.454","+2.4752475E-04"
"26-09-12 13:03:03.349","-9.9009901E-05"
"26-09-12 13:03:04.065","+3.8985149E-04"
"26-09-12 13:03:04.970","-3.7747525E-04"
"26-09-12 13:03:05.684","-1.8564356E-04"
"26-09-12 13:03:06.838","+4.3316832E-05"
"26-09-12 13:03:07.553","+1.2376238E-05"
"26-09-12 13:03:08.451","+3.0321782E-04"
"26-09-12 13:03:09.167","-2.0420792E-04"
"26-09-12 13:03:10.060","+2.5371287E-04"
"26-09-12 13:03:10.774","-1.6707921E-04"
"26-09-12 13:03:11.681","+1.0519802E-04"
"26-09-12 13:03:12.395","+1.2376238E-04"
"26-09-12 13:03:13.291","+6.1881188E-05"
"26-09-12 13:03:14.004","-6.8069307E-05"
"26-09-12 13:03:14.900","+6.1881188E-06"
"26-09-12 13:03:15.617","+2.2896040E-04"
"26-09-12 13:03:16.521","-3.2797030E-04"
"26-09-12 13:03:17.235","+3.5272277E-04"
"26-09-12 13:03:18.129","+6.6212871E-04"
"26-09-12 13:03:18.848","+3.0321782E-04"
"26-09-12 13:03:19.740","-3.7747525E-04"
"26-09-12 13:03:20.454","+6.1881188E-06"
"26-09-12 13:03:21.360","+1.8564356E-05"
"26-09-12 13:03:22.074","+6.3737624E-04"
"26-09-12 13:03:22.971","-3.2178218E-04"
"26-09-12 13:03:23.684","+1.4232673E-04"
"26-09-12 13:03:24.581","+8.3539604E-04"
"26-09-12 13:03:25.295","+2.4752475E-04"
"26-09-12 13:03:26.191","+1.5470297E-04"
"26-09-12 13:03:26.904","-5.0123762E-04"
"26-09-12 13:03:27.798","-6.1881188E-06"
"26-09-12 13:03:28.513","+9.2821782E-05"
"26-09-12 13:03:29.423","-7.4257426E-05"
"26-09-12 13:03:30.137","-4.7029703E-04"
"26-09-12 13:03:31.043","-1.3613861E-04"
"26-09-12 13:03:31.758","-1.8564356E-04"
"26-09-12 13:03:32.664","-1.9183168E-04"
"26-09-12 13:03:33.378","-5.5693069E-05"
"26-09-12 13:03:34.283","+4.9504950E-05"
"26-09-12 13:03:34.997","+2.3514851E-04"
"26-09-12 13:03:35.892","-1.1757426E-04"
"26-09-12 13:03:36.607","+1.9801980E-04"
"26-09-12 13:03:37.503","-2.4752475E-05"
"26-09-12 13:03:38.217","+1.6089109E-04"
"26-09-12 13:03:39.114","+2.2277228E-04"
"26-09-12 13:03:39.828","+1.1757426E-04"
"26-09-12 13:03:40.735","-1.4851485E-04"
"26-09-12 13:03:41.454","+4.4554455E-04"
"26-09-12 13:03:42.346","+1.1138614E-04"
"26-09-12 13:03:43.059","+1.7326733E-04"
"26-09-12 13:03:43.974","-2.9084158E-04"
"26-09-12 13:03:44.689","-1.4232673E-04"
"26-09-12 13:03:45.587","-2.6608911E-04"
"26-09-12 13:03:46.300","-1.6089109E-04"
"26-09-12 13:03:47.197","+5.4455446E-04"
"26-09-12 13:03:47.911","+2.1039604E-04"
"26-09-12 13:03:48.806","-1.7945545E-04"
"26-09-12 13:03:49.521","-3.8366337E-04"
"26-09-12 13:03:50.420","+1.1138614E-04"
"26-09-12 13:03:51.133","-1.3613861E-04"
"26-09-12 13:03:52.037","-3.7128713E-04"
"26-09-12 13:03:52.751","+0.0000000E+00"
"26-09-12 13:03:53.650","+3.5272277E-04"
"26-09-12 13:03:54.363","-2.4133663E-04"
"26-09-12 13:03:55.267","-5.6311881E-04"
"26-09-12 13:03:55.984","-2.8465347E-04"
"26-09-12 13:03:56.886","-4.6410891E-04"
"26-09-12 13:03:57.600","-6.6212871E-04"
"26-09-12 13:03:58.500","-2.5990099E-04"
"26-09-12 13:03:59.214","-5.7549505E-04"
"26-09-12 13:04:00.139","-4.9504950E-05"
"26-09-12 13:04:00.853","-2.1039604E-04"
"26-09-12 13:04:01.749","-9.9009901E-05"
"26-09-12 13:04:02.463","+5.5693069E-05"
"26-09-12 13:04:03.358","+2.1658416E-04"
"26-09-12 13:04:04.072","+3.5891089E-04"
"26-09-12 13:04:04.967","+5.5693069E-04"
"26-09-12 13:04:05.683","+1.3613861E-04"
"26-09-12 13:04:06.578","-1.8564356E-04"
"26-09-12 13:04:07.293","-9.1584158E-04"
"26-09-12 13:04:08.189","-6.5594059E-04"
"26-09-12 13:04:08.903","+5.5693069E-05"
"26-09-12 13:04:09.803","+6.1881188E-05"
"26-09-12 13:04:10.519","+1.8564356E-04"
"26-09-12 13:04:11.419","+2.6608911E-04"
"26-09-12 13:04:12.138","-1.2376238E-04"
"26-09-12 13:04:13.296","-2.1658416E-04"
"26-09-12 13:04:14.010","-5.4455446E-04"
"26-09-12 13:04:14.910","-1.2376238E-05"
"26-09-12 13:04:15.623","-3.1559406E-04"
"26-09-12 13:04:16.520","-6.2500000E-04"
"26-09-12 13:04:17.235","-2.9702970E-04"
"26-09-12 13:04:18.130","-7.4257426E-05"
"26-09-12 13:04:18.844","+4.3316832E-05"
"26-09-12 13:04:19.755","-5.5693069E-05"
"26-09-12 13:04:20.470","-1.1138614E-04"
"26-09-12 13:04:21.371","-3.4653465E-04"
"26-09-12 13:04:22.086","-1.9183168E-04"
"26-09-12 13:04:22.982","+9.2821782E-05"
"26-09-12 13:04:23.695","-4.3316832E-05"
"26-09-12 13:04:24.612","-1.8564356E-05"
"26-09-12 13:04:25.326","-2.1039604E-04"
"26-09-12 13:04:26.231","-2.9702970E-04"
"26-09-12 13:04:26.946","-1.4851485E-04"
"26-09-12 13:04:27.840","-2.1658416E-04"
"26-09-12 13:04:28.554","-3.7747525E-04"
"26-09-12 13:04:29.455","-1.8564356E-05"
"26-09-12 13:04:30.173","-9.9009901E-05"
"26-09-12 13:04:31.074","-1.6707921E-04"
"26-09-12 13:04:31.787","-2.3514851E-04"
"26-09-12 13:04:32.682","-9.2821782E-05"
"26-09-12 13:04:33.398","+3.8366337E-04"
"26-09-12 13:04:34.293","-2.3514851E-04"
"26-09-12 13:04:35.007","+8.0445545E-05"
"26-09-12 13:04:35.903","+3.0940594E-04"
"26-09-12 13:04:36.616","-4.8886139E-04"
"26-09-12 13:04:37.531","+5.6930693E-04"
"26-09-12 13:04:38.248","+2.3514851E-04"
"26-09-12 13:04:39.144","+1.4851485E-04"
"26-09-12 13:04:39.858","+9.9009901E-05"
"26-09-12 13:04:40.764","-2.5990099E-04"
"26-09-12 13:04:41.479","+4.0222772E-04"
"26-09-12 13:04:42.373","-3.7128713E-04"
"26-09-12 13:04:43.088","-1.2376238E-04"
"26-09-12 13:04:43.984","-5.0123762E-04"
"26-09-12 13:04:44.701","+6.8069307E-05"
"26-09-12 13:04:45.593","+4.3316832E-05"
"26-09-12 13:04:46.307","+2.9702970E-04"
"26-09-12 13:04:47.205","-3.7128713E-05"
"26-09-12 13:04:47.919","+4.2079208E-04"
"26-09-12 13:04:48.815","-2.5371287E-04"
"26-09-12 13:04:49.530","-3.0940594E-04"
"26-09-12 13:04:50.434","-4.2698020E-04"
"26-09-12 13:04:51.150","+4.9504950E-05"
"26-09-12 13:04:52.056","+4.1460396E-04"
"26-09-12 13:04:52.770","+5.5693069E-05"
"26-09-12 13:04:53.667","-2.3514851E-04"
"26-09-12 13:04:54.382","+9.9009901E-05"
"26-09-12 13:04:55.277","+5.1980198E-04"
"26-09-12 13:04:55.991","-6.8688119E-04"
"26-09-12 13:04:56.887","+1.0519802E-04"
"26-09-12 13:04:57.606","-2.4752475E-04"
"26-09-12 13:04:58.507","-6.1881188E-06"
"26-09-12 13:04:59.221","-4.7029703E-04"
