"Trigger time","No1 Average Ch1"
"","A"
"26-09-12 13:08:49.975","+1.1450433E+00"
"26-09-12 13:08:52.256","+1.2653899E+00"
"26-09-12 13:08:52.971","+1.1156807E+00"
"26-09-12 13:08:53.881","+1.1173577E+00"
"26-09-12 13:08:54.595","+1.2142760E+00"
"26-09-12 13:08:55.501","+1.1574072E+00"
"26-09-12 13:08:56.214","+1.1936572E+00"
"26-09-12 13:08:57.118","+1.2424443E+00"
"26-09-12 13:08:57.832","+1.0806374E+00"
"26-09-12 13:08:58.735","+1.1434901E+00"
"26-09-12 13:08:59.451","+1.1224505E+00"
"26-09-12 13:09:00.345","+1.0560025E+00"
"26-09-12 13:09:01.059","+1.0535149E+00"
"26-09-12 13:09:01.957","+1.1506374E+00"
"26-09-12 13:09:02.674","+1.0810210E+00"
"26-09-12 13:09:03.568","+1.0283230E+00"
"26-09-12 13:09:04.282","+1.0361200E+00"
"26-09-12 13:09:05.187","+1.1267141E+00"
"26-09-12 13:09:05.902","+1.0835644E+00"
"26-09-12 13:09:06.796","+1.0474752E+00"
"26-09-12 13:09:07.511","+1.1659715E+00"
"26-09-12 13:09:08.409","+1.0413119E+00"
"26-09-12 13:09:09.126","+1.1336324E+00"
"26-09-12 13:09:10.019","+1.1402290E+00"
"26-09-12 13:09:10.732","+1.0290656E+00"
"26-09-12 13:09:11.639","+1.1223515E+00"
"26-09-12 13:09:12.355","+1.1070235E+00"
"26-09-12 13:09:13.250","+1.1040532E+00"
"26-09-12 13:09:13.963","+1.1358106E+00"
"26-09-12 13:09:14.857","+9.6210396E-01"
"26-09-12 13:09:15.572","+1.1694307E+00"
"26-09-12 13:09:16.470","+1.1720421E+00"
"26-09-12 13:09:17.184","+9.8423886E-01"
"26-09-12 13:09:18.088","+1.0938428E+00"
"26-09-12 13:09:18.803","+1.0197834E+00"
"26-09-12 13:09:19.700","+9.9314356E-01"
"26-09-12 13:09:20.415","+1.1554827E+00"
"26-09-12 13:09:21.319","+9.8949876E-01"
"26-09-12 13:09:22.034","+9.7417079E-01"
"26-09-12 13:09:22.928","+1.0443317E+00"
"26-09-12 13:09:23.643","+1.0912314E+00"
"26-09-12 13:09:24.541","+1.1069493E+00"
"26-09-12 13:09:25.259","+9.5462252E-01"
"26-09-12 13:09:26.162","+9.5262995E-01"
"26-09-12 13:09:26.876","+1.1026733E+00"
"26-09-12 13:09:27.781","+1.1231621E+00"
"26-09-12 13:09:28.495","+1.0422277E+00"
"26-09-12 13:09:29.391","+9.4853342E-01"
"26-09-12 13:09:30.106","+1.1089171E+00"
"26-09-12 13:09:31.010","+1.0005879E+00"
"26-09-12 13:09:31.724","+1.0360025E+00"
"26-09-12 13:09:32.632","+1.0932426E+00"
"26-09-12 13:09:33.347","+9.6069926E-01"
"26-09-12 13:09:34.243","+9.9656559E-01"
"26-09-12 13:09:34.961","+1.0135582E+00"
"26-09-12 13:09:35.863","+1.0721287E+00"
"26-09-12 13:09:36.578","+9.6306931E-01"
"26-09-12 13:09:37.472","+1.0485829E+00"
"26-09-12 13:09:38.187","+1.0358292E+00"
"26-09-12 13:09:39.093","+9.2031559E-01"
"26-09-12 13:09:39.807","+1.0530569E+00"
"26-09-12 13:09:40.713","+1.1109035E+00"
"26-09-12 13:09:41.428","+9.2817450E-01"
"26-09-12 13:09:42.325","+1.0556126E+00"
"26-09-12 13:09:43.040","+1.0534158E+00"
"26-09-12 13:09:43.944","+1.0836757E+00"
"26-09-12 13:09:44.659","+9.6108911E-01"
"26-09-12 13:09:45.573","+9.8343441E-01"
"26-09-12 13:09:46.289","+1.0054332E+00"
"26-09-12 13:09:47.181","+1.0151485E+00"
"26-09-12 13:09:47.895","+9.5614480E-01"
"26-09-12 13:09:48.796","+9.2964109E-01"
"26-09-12 13:09:49.513","+9.7728342E-01"
"26-09-12 13:09:50.409","+1.1030012E+00"
"26-09-12 13:09:51.123","+9.4290223E-01"
"26-09-12 13:09:52.026","+9.1180074E-01"
"26-09-12 13:09:52.743","+9.3141089E-01"
"26-09-12 13:09:53.636","+9.7171411E-01"
"26-09-12 13:09:54.350","+9.3473391E-01"
"26-09-12 13:09:55.246","+9.0291460E-01"
"26-09-12 13:09:55.960","+9.2738861E-01"
"26-09-12 13:09:56.858","+9.2724010E-01"
"26-09-12 13:09:57.572","+1.0384035E+00"
"26-09-12 13:09:58.728","+9.7853342E-01"
"26-09-12 13:09:59.444","+1.0114047E+00"
"26-09-12 13:10:00.361","+8.7931312E-01"
"26-09-12 13:10:01.075","+1.0467760E+00"
"26-09-12 13:10:01.976","+9.2427599E-01"
"26-09-12 13:10:02.690","+1.0706188E+00"
"26-09-12 13:10:03.586","+9.7081683E-01"
"26-09-12 13:10:04.302","+9.4624381E-01"
"26-09-12 13:10:05.197","+8.8837252E-01"
"26-09-12 13:10:05.911","+8.9166460E-01"
"26-09-12 13:10:06.807","+9.2556931E-01"
"26-09-12 13:10:07.525","+1.0650433E+00"
"26-09-12 13:10:08.417","+9.2137376E-01"
"26-09-12 13:10:09.131","+9.2892946E-01"
"26-09-12 13:10:10.057","+9.0745668E-01"
"26-09-12 13:10:10.776","+1.0231683E+00"
"26-09-12 13:10:11.667","+1.0096844E+00"
"26-09-12 13:10:12.382","+8.9858911E-01"
"26-09-12 13:10:13.297","+8.6810025E-01"
"26-09-12 13:10:14.010","+9.8527847E-01"
"26-09-12 13:10:14.908","+1.0081683E+00"
"26-09-12 13:10:15.621","+8.8892946E-01"
"26-09-12 13:10:16.520","+8.8524752E-01"
"26-09-12 13:10:17.233","+9.5814975E-01"
"26-09-12 13:10:18.130","+8.4927599E-01"
"26-09-12 13:10:18.844","+1.0266460E+00"
"26-09-12 13:10:19.744","+1.0039047E+00"
"26-09-12 13:10:20.458","+9.5237624E-01"
"26-09-12 13:10:21.360","+9.4203589E-01"
"26-09-12 13:10:22.079","+9.2950495E-01"
"26-09-12 13:10:22.971","+8.8258663E-01"
"26-09-12 13:10:23.685","+8.7935025E-01"
"26-09-12 13:10:24.590","+9.8527847E-01"
"26-09-12 13:10:25.305","+8.9917698E-01"
"26-09-12 13:10:26.209","+9.1007426E-01"
"26-09-12 13:10:26.923","+8.9874381E-01"
"26-09-12 13:10:27.831","+9.5186881E-01"
"26-09-12 13:10:28.546","+9.1251238E-01"
"26-09-12 13:10:29.448","+9.3412129E-01"
"26-09-12 13:10:30.161","+1.0436139E+00"
"26-09-12 13:10:31.062","+8.9056931E-01"
"26-09-12 13:10:31.777","+9.9836015E-01"
"26-09-12 13:10:32.681","+1.0524629E+00"
"26-09-12 13:10:33.396","+8.6661510E-01"
"26-09-12 13:10:34.293","+1.0022153E+00"
"26-09-12 13:10:35.009","+8.8751238E-01"
"26-09-12 13:10:35.910","+8.8894802E-01"
"26-09-12 13:10:36.627","+9.4426361E-01"
"26-09-12 13:10:37.523","+9.4691213E-01"
"26-09-12 13:10:38.238","+9.7981436E-01"
"26-09-12 13:10:39.143","+8.7972153E-01"
"26-09-12 13:10:39.860","+8.9251238E-01"
"26-09-12 13:10:40.774","+8.8175124E-01"
"26-09-12 13:10:41.487","+1.0200990E+00"
"26-09-12 13:10:42.392","+1.0094431E+00"
"26-09-12 13:10:43.111","+9.9652847E-01"
"26-09-12 13:10:44.012","+9.8437500E-01"
"26-09-12 13:10:44.727","+8.6853960E-01"
"26-09-12 13:10:45.624","+9.4461015E-01"
"26-09-12 13:10:46.339","+9.6243193E-01"
"26-09-12 13:10:47.235","+8.3573020E-01"
"26-09-12 13:10:47.948","+9.2508663E-01"
"26-09-12 13:10:48.854","+9.0084777E-01"
"26-09-12 13:10:49.570","+1.0036572E+00"
"26-09-12 13:10:50.474","+9.5981436E-01"
"26-09-12 13:10:51.189","+8.7309406E-01"
"26-09-12 13:10:52.086","+1.0337624E+00"
"26-09-12 13:10:52.801","+9.1448020E-01"
"26-09-12 13:10:53.706","+1.0124134E+00"
"26-09-12 13:10:54.420","+9.7322401E-01"
"26-09-12 13:10:55.335","+8.6464728E-01"
"26-09-12 13:10:56.050","+9.5662748E-01"
"26-09-12 13:10:56.945","+8.8154084E-01"
"26-09-12 13:10:57.659","+8.4675743E-01"
"26-09-12 13:10:58.557","+9.0988243E-01"
"26-09-12 13:10:59.271","+9.8542079E-01"
"26-09-12 13:11:00.177","+9.8885520E-01"
"26-09-12 13:11:00.892","+8.6227104E-01"
"26-09-12 13:11:01.798","+9.5326733E-01"
"26-09-12 13:11:02.511","+8.3915842E-01"
"26-09-12 13:11:03.418","+9.0700495E-01"
"26-09-12 13:11:04.133","+8.7937500E-01"
"26-09-12 13:11:05.276","+8.6238243E-01"
"26-09-12 13:11:05.993","+8.7529703E-01"
"26-09-12 13:11:06.885","+8.2758663E-01"
"26-09-12 13:11:07.598","+9.7042079E-01"
"26-09-12 13:11:08.507","+9.9548267E-01"
"26-09-12 13:11:09.221","+9.2085396E-01"
"26-09-12 13:11:10.128","+9.6106436E-01"
"26-09-12 13:11:10.848","+9.0155941E-01"
"26-09-12 13:11:11.736","+9.2291460E-01"
"26-09-12 13:11:12.451","+8.7374381E-01"
"26-09-12 13:11:13.347","+9.0404084E-01"
"26-09-12 13:11:14.061","+8.6886757E-01"
"26-09-12 13:11:14.958","+8.7534035E-01"
"26-09-12 13:11:15.674","+8.5577970E-01"
"26-09-12 13:11:16.569","+8.3084158E-01"
"26-09-12 13:11:17.283","+8.6421411E-01"
"26-09-12 13:11:18.177","+8.2101485E-01"
"26-09-12 13:11:18.892","+9.5135520E-01"
"26-09-12 13:11:19.799","+8.3207921E-01"
"26-09-12 13:11:20.513","+9.3027228E-01"
"26-09-12 13:11:21.411","+8.8542079E-01"
"26-09-12 13:11:22.127","+8.6750000E-01"
"26-09-12 13:11:23.028","+8.4966584E-01"
"26-09-12 13:11:23.745","+9.5583540E-01"
"26-09-12 13:11:24.640","+8.1760520E-01"
"26-09-12 13:11:25.355","+9.1197401E-01"
"26-09-12 13:11:26.250","+8.3617574E-01"
"26-09-12 13:11:26.964","+8.4271658E-01"
"26-09-12 13:11:27.860","+8.8748144E-01"
"26-09-12 13:11:28.577","+9.3965965E-01"
"26-09-12 13:11:29.510","+8.3385520E-01"
"26-09-12 13:11:30.227","+9.2300124E-01"
"26-09-12 13:11:31.119","+8.9271658E-01"
"26-09-12 13:11:31.834","+9.5050124E-01"
"26-09-12 13:11:32.731","+8.2344678E-01"
"26-09-12 13:11:33.446","+9.6801980E-01"
"26-09-12 13:11:34.341","+9.1046411E-01"
"26-09-12 13:11:35.055","+8.2485149E-01"
"26-09-12 13:11:35.971","+8.3239480E-01"
"26-09-12 13:11:36.685","+8.2912129E-01"
"26-09-12 13:11:37.592","+9.5095916E-01"
"26-09-12 13:11:38.306","+8.9386757E-01"
"26-09-12 13:11:39.205","+9.5062500E-01"
"26-09-12 13:11:39.920","+8.7589728E-01"
"26-09-12 13:11:40.823","+8.7218441E-01"
"26-09-12 13:11:41.537","+9.6704827E-01"
"26-09-12 13:11:42.441","+8.4788366E-01"
"26-09-12 13:11:43.157","+9.6167079E-01"
"26-09-12 13:11:44.053","+9.8701733E-01"
"26-09-12 13:11:44.768","+8.3776609E-01"
"26-09-12 13:11:45.663","+8.6538366E-01"
"26-09-12 13:11:46.378","+9.0452970E-01"
"26-09-12 13:11:47.271","+9.3709158E-01"
"26-09-12 13:11:47.986","+7.9170173E-01"
"26-09-12 13:11:48.897","+8.0625619E-01"
"26-09-12 13:11:49.612","+8.9090347E-01"
"26-09-12 13:11:50.513","+9.5441213E-01"
"26-09-12 13:11:51.227","+8.5370668E-01"
"26-09-12 13:11:52.126","+9.0484530E-01"
"26-09-12 13:11:52.840","+9.3436262E-01"
"26-09-12 13:11:53.743","+9.3818688E-01"
"26-09-12 13:11:54.460","+9.0931312E-01"
"26-09-12 13:11:55.351","+8.7842822E-01"
"26-09-12 13:11:56.066","+8.9918936E-01"
"26-09-12 13:11:56.966","+9.7142946E-01"
"26-09-12 13:11:57.682","+8.4365099E-01"
"26-09-12 13:11:58.591","+8.1785891E-01"
"26-09-12 13:11:59.308","+8.3111386E-01"
"26-09-12 13:12:00.206","+8.2840965E-01"
"26-09-12 13:12:00.920","+9.0989480E-01"
"26-09-12 13:12:01.814","+8.6669554E-01"
"26-09-12 13:12:02.528","+8.3753094E-01"
"26-09-12 13:12:03.432","+8.2525371E-01"
"26-09-12 13:12:04.147","+9.0005569E-01"
"26-09-12 13:12:05.047","+8.3791460E-01"
"26-09-12 13:12:05.764","+8.4667079E-01"
"26-09-12 13:12:06.657","+7.8511139E-01"
"26-09-12 13:12:07.372","+8.8242574E-01"
"26-09-12 13:12:08.272","+7.7902847E-01"
"26-09-12 13:12:08.986","+8.4415842E-01"
"26-09-12 13:12:09.887","+8.5100248E-01"
"26-09-12 13:12:10.600","+8.5530322E-01"
"26-09-12 13:12:11.746","+8.7317450E-01"
"26-09-12 13:12:12.461","+9.2592203E-01"
"26-09-12 13:12:13.354","+9.4289604E-01"
"26-09-12 13:12:14.068","+9.6589109E-01"
"26-09-12 13:12:14.968","+7.8551980E-01"
"26-09-12 13:12:15.683","+9.1055074E-01"
"26-09-12 13:12:16.588","+8.3082921E-01"
"26-09-12 13:12:17.302","+8.1591584E-01"
"26-09-12 13:12:18.195","+9.2639233E-01"
"26-09-12 13:12:18.910","+8.2251238E-01"
"26-09-12 13:12:19.810","+8.3134901E-01"
"26-09-12 13:12:20.524","+9.5054455E-01"
"26-09-12 13:12:21.427","+8.9626856E-01"
"26-09-12 13:12:22.142","+8.8642946E-01"
"26-09-12 13:12:23.039","+7.9314356E-01"
"26-09-12 13:12:23.754","+9.2251856E-01"
"26-09-12 13:12:24.649","+8.1603342E-01"
"26-09-12 13:12:25.364","+9.2199876E-01"
"26-09-12 13:12:26.257","+8.1861386E-01"
"26-09-12 13:12:26.973","+7.7678218E-01"
"26-09-12 13:12:27.869","+7.8813119E-01"
"26-09-12 13:12:28.584","+8.8482673E-01"
"26-09-12 13:12:29.490","+9.0858911E-01"
"26-09-12 13:12:30.203","+9.2069926E-01"
"26-09-12 13:12:31.111","+7.7271040E-01"
"26-09-12 13:12:31.824","+9.0086015E-01"
"26-09-12 13:12:32.730","+8.4815594E-01"
"26-09-12 13:12:33.445","+9.4328589E-01"
"26-09-12 13:12:34.340","+8.5461015E-01"
"26-09-12 13:12:35.054","+8.0490718E-01"
"26-09-12 13:12:35.950","+7.6381188E-01"
"26-09-12 13:12:36.665","+9.1913985E-01"
"26-09-12 13:12:37.561","+9.3490099E-01"
"26-09-12 13:12:38.276","+8.6404084E-01"
"26-09-12 13:12:39.181","+9.2903465E-01"
"26-09-12 13:12:39.894","+8.8795792E-01"
"26-09-12 13:12:40.792","+8.0471535E-01"
"26-09-12 13:12:41.506","+9.3944307E-01"
"26-09-12 13:12:42.401","+8.9863243E-01"
"26-09-12 13:12:43.114","+8.7475866E-01"
"26-09-12 13:12:44.019","+8.4157178E-01"
"26-09-12 13:12:44.734","+8.7016089E-01"
"26-09-12 13:12:45.632","+9.2624381E-01"
"26-09-12 13:12:46.347","+8.0575495E-01"
"26-09-12 13:12:47.245","+7.9129332E-01"
"26-09-12 13:12:47.959","+8.8929455E-01"
"26-09-12 13:12:48.673","+8.6529084E-01"
"26-09-12 13:12:49.573","+7.5082921E-01"
"26-09-12 13:12:50.290","+8.6085396E-01"
"26-09-12 13:12:51.182","-3.7297587E+00"
"26-09-12 13:12:51.896","-3.7178465E+00"
"26-09-12 13:12:52.803","-3.2662067E+00"
"26-09-12 13:12:53.517","-2.6589047E+00"
"26-09-12 13:12:54.413","-2.6431002E+00"
"26-09-12 13:12:55.126","-2.2234035E+00"
"26-09-12 13:12:56.023","-2.1580384E+00"
"26-09-12 13:12:56.738","-2.1568626E+00"
"26-09-12 13:12:57.647","-2.1414047E+00"
"26-09-12 13:12:58.362","-2.0672153E+00"
"26-09-12 13:12:59.255","-2.0692574E+00"
"26-09-12 13:12:59.969","-2.0765408E+00"
"26-09-12 13:13:00.865","-2.0625062E+00"
"26-09-12 13:13:01.578","-1.7336634E+00"
"26-09-12 13:13:02.474","-1.6870297E+00"
"26-09-12 13:13:03.193","-1.5826052E+00"
"26-09-12 13:13:04.096","-1.5948267E+00"
"26-09-12 13:13:04.811","-1.5716337E+00"
"26-09-12 13:13:05.703","-1.1954950E+00"
"26-09-12 13:13:06.420","-9.6732054E-01"
"26-09-12 13:13:07.319","-9.7383045E-01"
"26-09-12 13:13:08.033","-9.6569926E-01"
"26-09-12 13:13:08.937","-9.9456683E-01"
"26-09-12 13:13:09.650","-9.6794554E-01"
"26-09-12 13:13:10.556","-9.9423267E-01"
"26-09-12 13:13:11.271","-6.2670173E-01"
"26-09-12 13:13:12.167","-4.9775371E-01"
"26-09-12 13:13:12.882","-5.1332302E-01"
"26-09-12 13:13:13.775","-4.9257426E-01"
"26-09-12 13:13:14.492","-4.7070545E-01"
"26-09-12 13:13:15.389","-4.5685025E-01"
"26-09-12 13:13:16.104","-4.0790223E-01"
"26-09-12 13:13:17.008","-4.8575495E-01"
"26-09-12 13:13:17.940","-4.9451114E-01"
"26-09-12 13:13:18.654","-4.9825495E-01"
"26-09-12 13:13:19.557","-5.0326733E-01"
"26-09-12 13:13:20.270","-5.1807550E-01"
"26-09-12 13:13:21.169","-4.9610149E-01"
"26-09-12 13:13:21.885","-4.9496906E-01"
"26-09-12 13:13:22.779","-4.9887995E-01"
"26-09-12 13:13:23.493","-5.0103342E-01"
"26-09-12 13:13:24.398","-4.9609530E-01"
"26-09-12 13:13:25.113","-5.0026609E-01"
"26-09-12 13:13:26.010","-5.0517327E-01"
"26-09-12 13:13:26.724","-4.8352104E-01"
"26-09-12 13:13:27.621","-4.6448639E-01"
"26-09-12 13:13:28.340","-4.6734530E-01"
"26-09-12 13:13:29.240","-4.4238243E-01"
"26-09-12 13:13:29.955","-4.9951733E-01"
"26-09-12 13:13:30.850","-5.2121906E-01"
"26-09-12 13:13:31.567","-5.0197401E-01"
"26-09-12 13:13:32.461","-4.9675124E-01"
"26-09-12 13:13:33.176","-5.0353960E-01"
"26-09-12 13:13:34.079","-5.1184406E-01"
"26-09-12 13:13:34.794","-4.9563738E-01"
"26-09-12 13:13:35.690","-5.2199257E-01"
"26-09-12 13:13:36.404","-4.9485767E-01"
"26-09-12 13:13:37.304","-5.0568069E-01"
"26-09-12 13:13:38.019","-4.9530941E-01"
"26-09-12 13:13:38.932","-4.9819307E-01"
"26-09-12 13:13:39.646","-4.7795173E-01"
"26-09-12 13:13:40.551","-4.5997525E-01"
"26-09-12 13:13:41.269","-4.6123144E-01"
"26-09-12 13:13:42.160","-4.3704827E-01"
"26-09-12 13:13:42.875","-5.0625619E-01"
"26-09-12 13:13:43.771","-4.9906559E-01"
"26-09-12 13:13:44.486","-5.0068069E-01"
"26-09-12 13:13:45.381","-4.9723391E-01"
"26-09-12 13:13:46.096","-5.0156559E-01"
"26-09-12 13:13:46.996","-4.9677599E-01"
"26-09-12 13:13:47.710","-5.0816213E-01"
"26-09-12 13:13:48.612","-4.9806931E-01"
"26-09-12 13:13:49.326","-5.0075495E-01"
"26-09-12 13:13:50.223","-4.9597153E-01"
"26-09-12 13:13:50.936","-4.9418317E-01"
"26-09-12 13:13:51.842","-4.9450495E-01"
"26-09-12 13:13:52.557","-4.7154084E-01"
"26-09-12 13:13:53.453","-4.7509282E-01"
"26-09-12 13:13:54.172","-4.5795173E-01"
"26-09-12 13:13:55.064","-4.6220297E-01"
"26-09-12 13:13:55.777","-4.8461015E-01"
"26-09-12 13:13:56.688","-4.9943069E-01"
"26-09-12 13:13:57.402","-4.9758045E-01"
"26-09-12 13:13:58.304","-5.1341584E-01"
"26-09-12 13:13:59.018","-5.0421411E-01"
"26-09-12 13:13:59.915","-4.9769802E-01"
"26-09-12 13:14:00.629","-5.1329827E-01"
"26-09-12 13:14:01.532","-5.0738243E-01"
"26-09-12 13:14:02.249","-5.0191213E-01"
"26-09-12 13:14:03.144","-4.9956683E-01"
"26-09-12 13:14:03.858","-5.1217822E-01"
"26-09-12 13:14:04.755","-4.9542079E-01"
"26-09-12 13:14:05.475","-4.6574876E-01"
"26-09-12 13:14:06.373","-4.7295173E-01"
"26-09-12 13:14:07.088","-4.7008045E-01"
"26-09-12 13:14:07.801","-4.2224629E-01"
"26-09-12 13:14:08.705","-4.8524752E-01"
"26-09-12 13:14:09.419","-5.0602723E-01"
"26-09-12 13:14:10.315","-4.9515470E-01"
"26-09-12 13:14:11.030","-5.0646658E-01"
"26-09-12 13:14:11.927","-4.9360149E-01"
"26-09-12 13:14:12.641","-4.9457921E-01"
"26-09-12 13:14:13.535","-4.9563738E-01"
"26-09-12 13:14:14.250","-5.0354579E-01"
"26-09-12 13:14:15.147","-4.9457302E-01"
"26-09-12 13:14:15.861","-4.9699876E-01"
"26-09-12 13:14:16.760","-5.0032178E-01"
"26-09-12 13:14:17.473","-5.1788985E-01"
"26-09-12 13:14:18.378","-4.8004332E-01"
"26-09-12 13:14:19.092","-4.5501238E-01"
"26-09-12 13:14:19.988","-4.6307550E-01"
"26-09-12 13:14:20.702","-4.3097772E-01"
"26-09-12 13:14:21.594","-4.8569926E-01"
"26-09-12 13:14:22.311","-4.9853960E-01"
"26-09-12 13:14:23.207","-5.1292079E-01"
"26-09-12 13:14:24.131","-4.9498144E-01"
"26-09-12 13:14:24.846","-4.9667698E-01"
"26-09-12 13:14:25.749","-5.0267327E-01"
"26-09-12 13:14:26.463","-5.2027847E-01"
"26-09-12 13:14:27.369","-4.9459777E-01"
"26-09-12 13:14:28.085","-4.9772277E-01"
"26-09-12 13:14:28.981","-4.9467203E-01"
"26-09-12 13:14:29.695","-4.9492574E-01"
"26-09-12 13:14:30.599","-4.9341584E-01"
"26-09-12 13:14:31.314","-4.5882426E-01"
"26-09-12 13:14:32.227","-4.6118193E-01"
"26-09-12 13:14:32.940","-4.3040223E-01"
"26-09-12 13:14:33.840","-4.7434406E-01"
"26-09-12 13:14:34.559","-4.8499381E-01"
"26-09-12 13:14:35.451","-4.9409653E-01"
"26-09-12 13:14:36.164","-4.9978960E-01"
"26-09-12 13:14:37.070","-4.9623762E-01"
"26-09-12 13:14:37.785","-4.9599629E-01"
"26-09-12 13:14:38.690","-4.9591584E-01"
"26-09-12 13:14:39.403","-4.9464728E-01"
"26-09-12 13:14:40.301","-4.9996287E-01"
"26-09-12 13:14:41.015","-4.9605198E-01"
"26-09-12 13:14:41.911","-4.9118193E-01"
"26-09-12 13:14:42.625","-4.9498762E-01"
"26-09-12 13:14:43.531","-5.1170792E-01"
"26-09-12 13:14:44.246","-4.5498762E-01"
"26-09-12 13:14:45.140","-4.5548886E-01"
"26-09-12 13:14:45.854","-4.2595297E-01"
"26-09-12 13:14:46.773","-4.7702970E-01"
"26-09-12 13:14:47.489","-4.8885520E-01"
"26-09-12 13:14:48.390","-4.9366337E-01"
"26-09-12 13:14:49.107","-5.2212252E-01"
"26-09-12 13:14:50.002","-4.1399134E-01"
"26-09-12 13:14:50.716","-4.0301980E-01"
"26-09-12 13:14:51.613","-3.9029084E-01"
"26-09-12 13:14:52.327","-4.1219059E-01"
"26-09-12 13:14:53.232","-4.1407797E-01"
"26-09-12 13:14:53.947","-4.1540223E-01"
"26-09-12 13:14:54.851","-3.9066832E-01"
"26-09-12 13:14:55.565","-3.8689356E-01"
"26-09-12 13:14:56.466","-3.8603960E-01"
"26-09-12 13:14:57.179","-3.4741955E-01"
"26-09-12 13:14:58.085","-3.4536510E-01"
"26-09-12 13:14:58.799","-3.0169554E-01"
"26-09-12 13:14:59.712","-3.9856436E-01"
"26-09-12 13:15:00.426","-3.8904703E-01"
"26-09-12 13:15:01.324","-3.8653465E-01"
"26-09-12 13:15:02.042","-4.1498762E-01"
"26-09-12 13:15:02.933","-3.9127475E-01"
"26-09-12 13:15:03.647","-4.1303837E-01"
"26-09-12 13:15:04.544","-3.9042079E-01"
"26-09-12 13:15:05.257","-3.9163366E-01"
"26-09-12 13:15:06.158","-3.9046411E-01"
"26-09-12 13:15:06.872","-4.0223391E-01"
"26-09-12 13:15:07.774","-3.8573639E-01"
"26-09-12 13:15:08.491","-4.1123762E-01"
"26-09-12 13:15:09.385","-4.0344059E-01"
"26-09-12 13:15:10.100","-3.4933168E-01"
"26-09-12 13:15:10.995","-3.7165223E-01"
"26-09-12 13:15:11.710","-2.9751856E-01"
"26-09-12 13:15:12.614","-3.7191832E-01"
"26-09-12 13:15:13.328","-3.8430074E-01"
"26-09-12 13:15:14.235","-4.2092822E-01"
"26-09-12 13:15:14.950","-4.0495668E-01"
"26-09-12 13:15:15.849","-3.8935644E-01"
"26-09-12 13:15:16.563","-3.9076114E-01"
"26-09-12 13:15:17.464","-4.0356436E-01"
"26-09-12 13:15:18.179","-3.8705446E-01"
"26-09-12 13:15:19.077","-3.9248144E-01"
"26-09-12 13:15:19.792","-4.0885520E-01"
"26-09-12 13:15:20.687","-3.9834158E-01"
"26-09-12 13:15:21.401","-4.1676980E-01"
"26-09-12 13:15:22.296","-3.8747525E-01"
"26-09-12 13:15:23.011","-3.4633045E-01"
"26-09-12 13:15:23.909","-3.7555693E-01"
"26-09-12 13:15:24.622","-3.9104579E-01"
"26-09-12 13:15:25.560","-4.1675743E-01"
"26-09-12 13:15:26.275","-3.9651609E-01"
"26-09-12 13:15:27.188","-3.8618812E-01"
"26-09-12 13:15:27.903","-3.8689356E-01"
"26-09-12 13:15:28.799","-3.8454208E-01"
"26-09-12 13:15:29.512","-3.9219059E-01"
"26-09-12 13:15:30.658","-3.8614480E-01"
"26-09-12 13:15:31.372","-3.9098391E-01"
"26-09-12 13:15:32.268","-3.8589109E-01"
"26-09-12 13:15:32.983","-3.8644802E-01"
"26-09-12 13:15:33.879","-3.7541460E-01"
"26-09-12 13:15:34.594","-3.4928837E-01"
"26-09-12 13:15:35.492","-2.9841584E-01"
"26-09-12 13:15:36.207","-3.6775990E-01"
"26-09-12 13:15:37.108","-3.8042698E-01"
"26-09-12 13:15:37.823","-3.8532797E-01"
"26-09-12 13:15:38.719","-4.1689356E-01"
"26-09-12 13:15:39.434","-3.9728960E-01"
"26-09-12 13:15:40.338","-3.8862624E-01"
"26-09-12 13:15:41.057","-3.8939975E-01"
"26-09-12 13:15:41.951","-3.9084777E-01"
"26-09-12 13:15:42.664","-4.1524752E-01"
"26-09-12 13:15:43.561","-3.9074876E-01"
"26-09-12 13:15:44.274","-4.1263614E-01"
"26-09-12 13:15:45.171","-3.8892327E-01"
"26-09-12 13:15:45.885","-4.0260520E-01"
"26-09-12 13:15:46.790","-3.6645421E-01"
"26-09-12 13:15:47.503","-3.7504950E-01"
"26-09-12 13:15:48.400","-2.9361386E-01"
"26-09-12 13:15:49.115","-3.8230817E-01"
"26-09-12 13:15:50.011","-2.7988861E-01"
"26-09-12 13:15:50.725","-2.8698020E-01"
"26-09-12 13:15:51.620","-2.7832921E-01"
"26-09-12 13:15:52.335","-2.3176361E-01"
"26-09-12 13:15:53.231","-2.2655941E-01"
"26-09-12 13:15:53.946","-2.2676361E-01"
"26-09-12 13:15:54.851","-2.2650990E-01"
"26-09-12 13:15:55.564","-2.2612624E-01"
"26-09-12 13:15:56.473","-2.2498762E-01"
"26-09-12 13:15:57.187","-2.2618193E-01"
"26-09-12 13:15:58.092","-2.2600866E-01"
"26-09-12 13:15:58.807","-2.2451733E-01"
"26-09-12 13:15:59.702","-8.0798267E-02"
"26-09-12 13:16:00.417","-7.9882426E-02"
"26-09-12 13:16:01.312","-8.0674505E-02"
"26-09-12 13:16:02.026","-7.9857673E-02"
"26-09-12 13:16:02.923","-8.0544554E-02"
"26-09-12 13:16:03.636","-7.9993812E-02"
"26-09-12 13:16:04.532","-8.0358911E-02"
"26-09-12 13:16:05.246","-8.0340347E-02"
"26-09-12 13:16:06.154","-8.0606436E-02"
"26-09-12 13:16:06.868","-7.9709158E-02"
"26-09-12 13:16:07.775","-7.9672030E-02"
"26-09-12 13:16:08.490","-7.9969059E-02"
"26-09-12 13:16:09.392","-8.0198020E-02"
"26-09-12 13:16:10.105","-8.0123762E-02"
"26-09-12 13:16:11.004","-7.9467822E-02"
"26-09-12 13:16:11.719","-8.0327970E-02"
"26-09-12 13:16:12.615","-8.0358911E-02"
"26-09-12 13:16:13.329","-7.9814356E-02"
"26-09-12 13:16:14.225","-8.0408416E-02"
"26-09-12 13:16:14.941","-7.9511139E-02"
"26-09-12 13:16:15.845","-8.0117574E-02"
"26-09-12 13:16:16.559","-8.0043317E-02"
"26-09-12 13:16:17.457","-8.0433168E-02"
"26-09-12 13:16:18.171","-7.9789604E-02"
"26-09-12 13:16:19.076","-8.0606436E-02"
"26-09-12 13:16:19.792","-7.9399752E-02"
"26-09-12 13:16:20.696","-8.0160891E-02"
"26-09-12 13:16:21.411","-7.9579208E-02"
"26-09-12 13:16:22.317","-7.9690594E-02"
"26-09-12 13:16:23.031","-7.9863861E-02"
"26-09-12 13:16:23.938","-7.9814356E-02"
"26-09-12 13:16:24.652","-7.9820545E-02"
"26-09-12 13:16:25.555","-7.9870050E-02"
"26-09-12 13:16:26.270","-7.9331683E-02"
"26-09-12 13:16:27.168","-8.0235149E-02"
"26-09-12 13:16:27.882","-8.0160891E-02"
"26-09-12 13:16:28.785","-7.9789604E-02"
"26-09-12 13:16:29.500","-7.9622525E-02"
"26-09-12 13:16:30.398","-8.0495050E-02"
"26-09-12 13:16:31.113","-8.0631188E-02"
"26-09-12 13:16:32.009","-7.9975248E-02"
"26-09-12 13:16:32.724","-8.0179455E-02"
"26-09-12 13:16:33.629","-8.0086634E-02"
"26-09-12 13:16:34.345","-8.0068069E-02"
"26-09-12 13:16:35.257","-7.9696782E-02"
"26-09-12 13:16:35.974","-8.0476485E-02"
"26-09-12 13:16:37.115","-8.0278465E-02"
"26-09-12 13:16:37.830","-8.0043317E-02"
"26-09-12 13:16:38.729","-7.9851485E-02"
"26-09-12 13:16:39.443","-8.0012376E-02"
"26-09-12 13:16:40.339","-8.0092822E-02"
"26-09-12 13:16:41.055","-8.0148515E-02"
"26-09-12 13:16:41.948","-7.9591584E-02"
"26-09-12 13:16:42.662","-7.9894802E-02"
"26-09-12 13:16:43.559","-8.0055693E-02"
"26-09-12 13:16:44.273","-7.9820545E-02"
"26-09-12 13:16:45.199","-7.9771040E-02"
"26-09-12 13:16:45.913","-7.9931931E-02"
"26-09-12 13:16:46.807","-7.9504950E-02"
"26-09-12 13:16:47.522","-8.0136139E-02"
"26-09-12 13:16:48.419","-8.0160891E-02"
"26-09-12 13:16:49.132","-8.0068069E-02"
"26-09-12 13:16:50.030","-8.0290842E-02"
"26-09-12 13:16:50.745","-7.9888614E-02"
"26-09-12 13:16:51.641","-8.0000000E-02"
"26-09-12 13:16:52.358","-7.9696782E-02"
"26-09-12 13:16:53.251","-8.0006188E-02"
"26-09-12 13:16:53.964","-8.0618812E-02"
"26-09-12 13:16:54.863","-8.0055693E-02"
"26-09-12 13:16:55.578","-7.9597772E-02"
"26-09-12 13:16:56.480","-8.0445545E-02"
"26-09-12 13:16:57.195","-7.9993812E-02"
"26-09-12 13:16:58.093","-7.9851485E-02"
"26-09-12 13:16:58.809","-7.9962871E-02"
"26-09-12 13:16:59.701","-7.9566832E-02"
"26-09-12 13:17:00.416","-8.0377475E-02"
"26-09-12 13:17:01.311","-7.9820545E-02"
"26-09-12 13:17:02.026","-8.0297030E-02"
"26-09-12 13:17:02.932","-8.0334158E-02"
"26-09-12 13:17:03.645","-8.0334158E-02"
"26-09-12 13:17:04.547","-7.9969059E-02"
"26-09-12 13:17:05.260","-8.0482673E-02"
"26-09-12 13:17:06.161","-8.0049505E-02"
"26-09-12 13:17:06.876","-8.0655941E-02"
"26-09-12 13:17:07.773","-7.9727723E-02"
"26-09-12 13:17:08.488","-8.0396040E-02"
"26-09-12 13:17:09.384","-7.9096535E-02"
"26-09-12 13:17:10.097","-8.0086634E-02"
"26-09-12 13:17:10.994","-8.0061881E-02"
"26-09-12 13:17:11.711","-7.9127475E-02"
"26-09-12 13:17:12.604","-8.0513614E-02"
"26-09-12 13:17:13.318","-8.0037129E-02"
"26-09-12 13:17:14.219","-8.0216584E-02"
"26-09-12 13:17:14.932","-8.0179455E-02"
"26-09-12 13:17:15.844","-8.0253713E-02"
"26-09-12 13:17:16.562","-8.0012376E-02"
"26-09-12 13:17:17.465","-7.9628713E-02"
"26-09-12 13:17:18.178","-7.9913366E-02"
"26-09-12 13:17:19.075","-8.0210396E-02"
"26-09-12 13:17:19.791","-7.9610149E-02"
"26-09-12 13:17:20.687","-8.0030941E-02"
"26-09-12 13:17:21.400","-8.0470297E-02"
"26-09-12 13:17:22.296","-8.0222772E-02"
"26-09-12 13:17:23.012","-7.9857673E-02"
"26-09-12 13:17:23.911","-7.9969059E-02"
"26-09-12 13:17:24.625","-7.9319307E-02"
"26-09-12 13:17:25.527","-8.0457921E-02"
"26-09-12 13:17:26.241","-8.0556931E-02"
"26-09-12 13:17:27.136","-7.9375000E-02"
"26-09-12 13:17:27.850","-8.0495050E-02"
"26-09-12 13:17:28.755","-7.9931931E-02"
"26-09-12 13:17:29.469","-7.9870050E-02"
"26-09-12 13:17:30.378","-8.0117574E-02"
"26-09-12 13:17:31.094","-7.9461634E-02"
"26-09-12 13:17:31.998","-8.0012376E-02"
"26-09-12 13:17:32.713","-8.0210396E-02"
"26-09-12 13:17:33.607","-8.0414604E-02"
"26-09-12 13:17:34.322","-8.0464109E-02"
"26-09-12 13:17:35.227","-8.0470297E-02"
"26-09-12 13:17:35.942","-8.0006188E-02"
"26-09-12 13:17:36.839","-7.9851485E-02"
"26-09-12 13:17:37.553","-7.8978960E-02"
"26-09-12 13:17:38.448","-7.9894802E-02"
"26-09-12 13:17:39.163","-8.0433168E-02"
"26-09-12 13:17:40.060","-7.9758663E-02"
"26-09-12 13:17:40.774","-8.0049505E-02"
"26-09-12 13:17:41.670","-8.0872525E-02"
"26-09-12 13:17:42.385","-7.9350248E-02"
"26-09-12 13:17:43.540","-7.9319307E-02"
"26-09-12 13:17:44.255","-7.9727723E-02"
"26-09-12 13:17:45.157","-8.0816832E-02"
"26-09-12 13:17:45.875","-7.9981436E-02"
"26-09-12 13:17:46.770","-7.9548267E-02"
"26-09-12 13:17:47.484","-8.0160891E-02"
"26-09-12 13:17:48.380","-7.9504950E-02"
"26-09-12 13:17:49.097","-7.9758663E-02"
"26-09-12 13:17:49.990","-7.9653465E-02"
"26-09-12 13:17:50.705","-7.9993812E-02"
"26-09-12 13:17:51.600","-7.9944307E-02"
"26-09-12 13:17:52.314","-8.0476485E-02"
"26-09-12 13:17:53.211","-7.9350248E-02"
"26-09-12 13:17:53.925","-7.9641089E-02"
"26-09-12 13:17:54.832","-7.9740099E-02"
"26-09-12 13:17:55.548","-8.0272277E-02"
"26-09-12 13:17:56.441","-8.0216584E-02"
"26-09-12 13:17:57.155","-7.9777228E-02"
"26-09-12 13:17:58.060","-8.0284653E-02"
"26-09-12 13:17:58.778","-7.9158416E-02"
"26-09-12 13:17:59.672","-8.0420792E-02"
"26-09-12 13:18:00.385","-7.9900990E-02"
"26-09-12 13:18:01.280","-8.0711634E-02"
"26-09-12 13:18:01.994","-7.9560644E-02"
"26-09-12 13:18:02.893","-8.0228960E-02"
"26-09-12 13:18:03.608","-7.9647277E-02"
"26-09-12 13:18:04.322","-7.9907178E-02"
"26-09-12 13:18:05.221","-7.9907178E-02"
"26-09-12 13:18:05.935","-8.0160891E-02"
"26-09-12 13:18:06.833","-7.9876238E-02"
"26-09-12 13:18:07.548","-8.0662129E-02"
"26-09-12 13:18:08.442","-8.0061881E-02"
"26-09-12 13:18:09.155","-7.9566832E-02"
"26-09-12 13:18:10.053","-7.9603960E-02"
"26-09-12 13:18:10.767","-8.0049505E-02"
"26-09-12 13:18:11.674","-8.0055693E-02"
"26-09-12 13:18:12.390","-7.9950495E-02"
"26-09-12 13:18:13.288","-8.0241337E-02"
"26-09-12 13:18:14.002","-7.9925743E-02"
"26-09-12 13:18:14.904","-8.0488861E-02"
"26-09-12 13:18:15.619","-8.0272277E-02"
"26-09-12 13:18:16.525","-8.0241337E-02"
"26-09-12 13:18:17.239","-8.0266089E-02"
"26-09-12 13:18:18.135","-8.0086634E-02"
"26-09-12 13:18:18.849","-8.0105198E-02"
"26-09-12 13:18:19.746","-8.0414604E-02"
"26-09-12 13:18:20.459","-8.0315594E-02"
"26-09-12 13:18:21.362","-8.0773515E-02"
"26-09-12 13:18:22.076","-8.0086634E-02"
"26-09-12 13:18:22.974","-8.0835396E-02"
"26-09-12 13:18:23.689","-8.0488861E-02"
"26-09-12 13:18:24.605","-7.9839109E-02"
"26-09-12 13:18:25.322","-7.9467822E-02"
"26-09-12 13:18:26.216","-7.9876238E-02"
"26-09-12 13:18:26.930","-7.9362624E-02"
"26-09-12 13:18:27.826","-8.0266089E-02"
"26-09-12 13:18:28.541","-7.9047030E-02"
"26-09-12 13:18:29.435","-8.0000000E-02"
"26-09-12 13:18:30.150","-8.0148515E-02"
"26-09-12 13:18:31.047","-8.0389851E-02"
"26-09-12 13:18:31.760","-8.0198020E-02"
"26-09-12 13:18:32.655","-7.9826733E-02"
"26-09-12 13:18:33.369","-7.9987624E-02"
"26-09-12 13:18:34.277","-8.0111386E-02"
"26-09-12 13:18:34.992","-8.0043317E-02"
"26-09-12 13:18:35.886","-8.0352723E-02"
"26-09-12 13:18:36.601","-8.0519802E-02"
"26-09-12 13:18:37.507","-7.9801980E-02"
"26-09-12 13:18:38.224","-7.9820545E-02"
"26-09-12 13:18:39.128","-8.0228960E-02"
"26-09-12 13:18:39.841","-8.0327970E-02"
"26-09-12 13:18:40.736","-7.9993812E-02"
"26-09-12 13:18:41.452","-7.9981436E-02"
"26-09-12 13:18:42.349","-7.9653465E-02"
"26-09-12 13:18:43.063","-8.0625000E-02"
"26-09-12 13:18:43.966","-8.0228960E-02"
"26-09-12 13:18:44.682","-7.9882426E-02"
"26-09-12 13:18:45.579","-8.0080446E-02"
"26-09-12 13:18:46.294","-8.0167079E-02"
"26-09-12 13:18:47.189","-8.0210396E-02"
"26-09-12 13:18:47.904","-8.0173267E-02"
"26-09-12 13:18:48.800","-8.0030941E-02"
"26-09-12 13:18:49.728","-8.0006188E-02"
"26-09-12 13:18:50.443","-8.0414604E-02"
"26-09-12 13:18:51.348","-8.0018564E-02"
"26-09-12 13:18:52.065","-7.9548267E-02"
"26-09-12 13:18:52.963","-7.9857673E-02"
"26-09-12 13:18:53.678","-7.9777228E-02"
"26-09-12 13:18:54.581","-7.9925743E-02"
"26-09-12 13:18:55.297","-8.0173267E-02"
"26-09-12 13:18:56.193","-7.9888614E-02"
"26-09-12 13:18:56.907","-7.9969059E-02"
"26-09-12 13:18:57.801","-7.9461634E-02"
"26-09-12 13:18:58.515","-8.0154703E-02"
"26-09-12 13:18:59.410","-8.0501238E-02"
"26-09-12 13:19:00.124","-8.0142327E-02"
"26-09-12 13:19:01.022","-8.0247525E-02"
"26-09-12 13:19:01.736","-8.0278465E-02"
"26-09-12 13:19:02.637","-8.0266089E-02"
"26-09-12 13:19:03.351","-8.0488861E-02"
"26-09-12 13:19:04.252","-7.9771040E-02"
"26-09-12 13:19:04.969","-7.9659653E-02"
"26-09-12 13:19:05.870","-8.0012376E-02"
"26-09-12 13:19:06.585","-7.9603960E-02"
"26-09-12 13:19:07.483","-7.9566832E-02"
"26-09-12 13:19:08.198","-7.9938119E-02"
"26-09-12 13:19:09.102","-8.0501238E-02"
"26-09-12 13:19:09.817","-7.9548267E-02"
"26-09-12 13:19:10.713","-7.9684406E-02"
"26-09-12 13:19:11.427","-8.0519802E-02"
"26-09-12 13:19:12.323","-7.9492574E-02"
"26-09-12 13:19:13.036","-8.0167079E-02"
"26-09-12 13:19:13.932","-7.9517327E-02"
"26-09-12 13:19:14.649","-8.0000000E-02"
"26-09-12 13:19:15.545","-7.9925743E-02"
"26-09-12 13:19:16.259","-7.9764851E-02"
"26-09-12 13:19:17.165","-7.9449257E-02"
"26-09-12 13:19:17.880","-7.9659653E-02"
"26-09-12 13:19:18.792","-8.0018564E-02"
"26-09-12 13:19:19.508","-7.9102723E-02"
"26-09-12 13:19:20.405","-7.9275990E-02"
"26-09-12 13:19:21.118","-7.9554455E-02"
"26-09-12 13:19:22.023","-7.9907178E-02"
"26-09-12 13:19:22.736","-8.0049505E-02"
"26-09-12 13:19:23.451","-8.0426980E-02"
"26-09-12 13:19:24.355","-8.0167079E-02"
"26-09-12 13:19:25.070","-7.9492574E-02"
"26-09-12 13:19:25.965","-8.0513614E-02"
"26-09-12 13:19:26.679","-7.9746287E-02"
"26-09-12 13:19:27.575","-8.0136139E-02"
"26-09-12 13:19:28.289","-7.9900990E-02"
"26-09-12 13:19:29.186","-7.9752475E-02"
"26-09-12 13:19:29.900","-8.0024752E-02"
"26-09-12 13:19:30.805","-8.0389851E-02"
"26-09-12 13:19:31.520","-8.0346535E-02"
"26-09-12 13:19:32.429","-8.0018564E-02"
"26-09-12 13:19:33.143","-8.0228960E-02"
"26-09-12 13:19:34.047","-8.0080446E-02"
"26-09-12 13:19:34.762","-8.0012376E-02"
"26-09-12 13:19:35.657","-8.0123762E-02"
"26-09-12 13:19:36.371","-7.9529703E-02"
"26-09-12 13:19:37.277","-7.9721535E-02"
"26-09-12 13:19:37.991","-8.0068069E-02"
"26-09-12 13:19:38.896","-7.9659653E-02"
"26-09-12 13:19:39.611","-7.9455446E-02"
"26-09-12 13:19:40.509","-8.0000000E-02"
"26-09-12 13:19:41.222","-7.9870050E-02"
"26-09-12 13:19:42.128","-8.0055693E-02"
"26-09-12 13:19:42.843","-7.9987624E-02"
"26-09-12 13:19:43.738","-8.0105198E-02"
"26-09-12 13:19:44.452","-7.9993812E-02"
"26-09-12 13:19:45.358","-8.0266089E-02"
"26-09-12 13:19:46.073","-7.9356436E-02"
"26-09-12 13:19:46.967","-7.9832921E-02"
"26-09-12 13:19:47.682","-7.9430693E-02"
"26-09-12 13:19:48.579","-8.0030941E-02"
"26-09-12 13:19:49.293","-8.0018564E-02"
"26-09-12 13:19:50.189","-7.9851485E-02"
"26-09-12 13:19:50.903","-7.9820545E-02"
"26-09-12 13:19:51.814","-7.9820545E-02"
"26-09-12 13:19:52.528","-7.9517327E-02"
"26-09-12 13:19:53.428","-7.9684406E-02"
"26-09-12 13:19:54.142","-8.0061881E-02"
"26-09-12 13:19:55.040","-8.0297030E-02"
"26-09-12 13:19:55.969","-7.9752475E-02"
"26-09-12 13:19:56.683","-8.0154703E-02"
"26-09-12 13:19:57.580","-7.9424505E-02"
"26-09-12 13:19:58.295","-7.9801980E-02"
"26-09-12 13:19:59.199","-7.9573020E-02"
"26-09-12 13:19:59.914","-7.9962871E-02"
"26-09-12 13:20:00.810","-7.9628713E-02"
"26-09-12 13:20:01.525","-7.9436881E-02"
"26-09-12 13:20:02.431","-7.9801980E-02"
"26-09-12 13:20:03.146","-8.0247525E-02"
"26-09-12 13:20:04.042","-8.0198020E-02"
"26-09-12 13:20:04.755","-7.9566832E-02"
"26-09-12 13:20:05.651","-8.0470297E-02"
"26-09-12 13:20:06.366","-7.9523515E-02"
"26-09-12 13:20:07.271","-7.9808168E-02"
"26-09-12 13:20:07.986","-7.9511139E-02"
"26-09-12 13:20:08.881","-8.0018564E-02"
"26-09-12 13:20:09.594","-7.9492574E-02"
"26-09-12 13:20:10.492","-8.0055693E-02"
"26-09-12 13:20:11.206","-8.0216584E-02"
"26-09-12 13:20:12.104","-8.0117574E-02"
"26-09-12 13:20:12.818","-7.9170792E-02"
"26-09-12 13:20:13.723","-8.0600248E-02"
"26-09-12 13:20:14.439","-7.9863861E-02"
"26-09-12 13:20:15.333","-7.9801980E-02"
"26-09-12 13:20:16.048","-8.1107673E-02"
"26-09-12 13:20:16.942","-8.0136139E-02"
"26-09-12 13:20:17.656","-7.9944307E-02"
"26-09-12 13:20:18.553","-7.9956683E-02"
"26-09-12 13:20:19.268","-8.0123762E-02"
"26-09-12 13:20:20.161","-8.0513614E-02"
"26-09-12 13:20:20.875","-7.9746287E-02"
"26-09-12 13:20:21.776","-7.9727723E-02"
"26-09-12 13:20:22.494","-7.9690594E-02"
"26-09-12 13:20:23.393","-7.9907178E-02"
"26-09-12 13:20:24.108","-8.0167079E-02"
"26-09-12 13:20:25.004","-8.0247525E-02"
"26-09-12 13:20:25.721","-7.9900990E-02"
"26-09-12 13:20:26.625","-7.9294554E-02"
"26-09-12 13:20:27.341","-7.9263614E-02"
"26-09-12 13:20:28.234","-8.0000000E-02"
"26-09-12 13:20:28.947","-8.0191832E-02"
"26-09-12 13:20:29.844","-7.9758663E-02"
"26-09-12 13:20:30.557","-7.9176980E-02"
"26-09-12 13:20:31.458","-8.0309406E-02"
"26-09-12 13:20:32.172","-8.0365099E-02"
"26-09-12 13:20:33.075","-8.0823020E-02"
"26-09-12 13:20:33.792","-8.0018564E-02"
"26-09-12 13:20:34.685","-8.0055693E-02"
"26-09-12 13:20:35.400","-8.0470297E-02"
"26-09-12 13:20:36.294","-8.0433168E-02"
"26-09-12 13:20:37.009","-7.9647277E-02"
"26-09-12 13:20:37.905","-7.9325495E-02"
"26-09-12 13:20:38.623","-8.0272277E-02"
"26-09-12 13:20:39.528","-7.9610149E-02"
"26-09-12 13:20:40.242","-7.9628713E-02"
"26-09-12 13:20:41.179","-7.9888614E-02"
"26-09-12 13:20:41.893","-8.0433168E-02"
"26-09-12 13:20:42.797","-8.0000000E-02"
"26-09-12 13:20:43.510","-7.9777228E-02"
"26-09-12 13:20:44.410","-7.9851485E-02"
"26-09-12 13:20:45.125","-7.9839109E-02"
"26-09-12 13:20:46.026","-7.9981436E-02"
"26-09-12 13:20:46.741","-7.9362624E-02"
"26-09-12 13:20:47.637","-7.9925743E-02"
"26-09-12 13:20:48.350","-8.0061881E-02"
"26-09-12 13:20:49.248","-8.0297030E-02"
"26-09-12 13:20:49.963","-7.9238861E-02"
"26-09-12 13:20:50.862","-7.9375000E-02"
"26-09-12 13:20:51.577","-7.9498762E-02"
"26-09-12 13:20:52.478","-7.9907178E-02"
"26-09-12 13:20:53.193","-7.9832921E-02"
"26-09-12 13:20:54.098","-8.0167079E-02"
"26-09-12 13:20:54.812","-7.9220297E-02"
"26-09-12 13:20:55.707","-7.9405941E-02"
"26-09-12 13:20:56.424","-7.9870050E-02"
"26-09-12 13:20:57.319","-7.9554455E-02"
"26-09-12 13:20:58.034","-7.9931931E-02"
"26-09-12 13:20:58.929","-7.9956683E-02"
"26-09-12 13:20:59.644","-7.9566832E-02"
"26-09-12 13:21:00.539","-7.9715347E-02"
"26-09-12 13:21:01.255","-8.0606436E-02"
"26-09-12 13:21:02.415","-8.0290842E-02"
"26-09-12 13:21:03.134","-7.9826733E-02"
"26-09-12 13:21:04.029","-7.9938119E-02"
"26-09-12 13:21:04.742","-7.9938119E-02"
"26-09-12 13:21:05.641","-8.0259901E-02"
"26-09-12 13:21:06.360","-7.9727723E-02"
"26-09-12 13:21:07.262","-8.0315594E-02"
"26-09-12 13:21:07.975","-7.9727723E-02"
"26-09-12 13:21:08.882","-7.9795792E-02"
"26-09-12 13:21:09.597","-7.9783416E-02"
"26-09-12 13:21:10.502","-8.0383663E-02"
"26-09-12 13:21:11.215","-8.0272277E-02"
"26-09-12 13:21:12.121","-7.9771040E-02"
"26-09-12 13:21:12.837","-7.9987624E-02"
"26-09-12 13:21:13.728","-7.9560644E-02"
"26-09-12 13:21:14.443","-8.0092822E-02"
"26-09-12 13:21:15.343","-7.9684406E-02"
"26-09-12 13:21:16.057","-7.9938119E-02"
"26-09-12 13:21:16.963","-8.0321782E-02"
"26-09-12 13:21:17.678","-8.0779703E-02"
"26-09-12 13:21:18.573","-7.9535891E-02"
"26-09-12 13:21:19.286","-8.0451733E-02"
"26-09-12 13:21:20.182","-7.9981436E-02"
"26-09-12 13:21:20.897","-8.0018564E-02"
"26-09-12 13:21:21.812","-7.9733911E-02"
"26-09-12 13:21:22.526","-7.9696782E-02"
"26-09-12 13:21:23.423","-7.9616337E-02"
"26-09-12 13:21:24.140","-7.9882426E-02"
"26-09-12 13:21:25.033","-7.9492574E-02"
"26-09-12 13:21:25.747","-7.9981436E-02"
"26-09-12 13:21:26.644","-7.9461634E-02"
"26-09-12 13:21:27.358","-7.9356436E-02"
"26-09-12 13:21:28.252","-8.0637376E-02"
"26-09-12 13:21:28.968","-7.9987624E-02"
"26-09-12 13:21:29.865","-7.9870050E-02"
"26-09-12 13:21:30.578","-7.9269802E-02"
"26-09-12 13:21:31.486","-8.0037129E-02"
"26-09-12 13:21:32.199","-8.0037129E-02"
"26-09-12 13:21:33.094","-7.9350248E-02"
"26-09-12 13:21:33.808","-7.9913366E-02"
"26-09-12 13:21:34.714","-7.9727723E-02"
"26-09-12 13:21:35.429","-7.9876238E-02"
"26-09-12 13:21:36.323","-7.9573020E-02"
"26-09-12 13:21:37.040","-7.9560644E-02"
"26-09-12 13:21:37.935","-7.9975248E-02"
"26-09-12 13:21:38.650","-7.9474010E-02"
"26-09-12 13:21:39.546","-7.9436881E-02"
"26-09-12 13:21:40.259","-7.9523515E-02"
"26-09-12 13:21:41.165","-8.0055693E-02"
"26-09-12 13:21:41.879","-7.9152228E-02"
"26-09-12 13:21:42.776","-8.0235149E-02"
"26-09-12 13:21:43.491","-7.9925743E-02"
"26-09-12 13:21:44.385","-7.9789604E-02"
"26-09-12 13:21:45.100","-7.9647277E-02"
"26-09-12 13:21:45.997","-7.9381188E-02"
"26-09-12 13:21:46.712","-8.0099010E-02"
"26-09-12 13:21:47.607","-7.9474010E-02"
"26-09-12 13:21:48.320","-8.0643564E-02"
"26-09-12 13:21:49.227","-7.9975248E-02"
"26-09-12 13:21:49.941","-7.9672030E-02"
"26-09-12 13:21:50.840","-7.9232673E-02"
"26-09-12 13:21:51.555","-7.9981436E-02"
"26-09-12 13:21:52.458","-8.0179455E-02"
"26-09-12 13:21:53.173","-7.9727723E-02"
"26-09-12 13:21:54.076","-7.9226485E-02"
"26-09-12 13:21:54.791","-8.0074257E-02"
"26-09-12 13:21:55.689","-8.0049505E-02"
"26-09-12 13:21:56.402","-7.9894802E-02"
"26-09-12 13:21:57.296","-7.9975248E-02"
"26-09-12 13:21:58.010","-8.0402228E-02"
"26-09-12 13:21:58.907","-8.0488861E-02"
"26-09-12 13:21:59.624","-7.9257426E-02"
"26-09-12 13:22:00.547","-8.0198020E-02"
"26-09-12 13:22:01.262","-8.0086634E-02"
"26-09-12 13:22:02.168","-7.9944307E-02"
"26-09-12 13:22:02.883","-8.0259901E-02"
"26-09-12 13:22:03.777","-7.9641089E-02"
"26-09-12 13:22:04.490","-7.9207921E-02"
"26-09-12 13:22:05.389","-8.0055693E-02"
"26-09-12 13:22:06.104","-8.0377475E-02"
"26-09-12 13:22:07.000","-8.0142327E-02"
"26-09-12 13:22:07.712","-8.0278465E-02"
"26-09-12 13:22:08.861","-7.9733911E-02"
"26-09-12 13:22:09.576","-8.0148515E-02"
"26-09-12 13:22:10.471","-7.9690594E-02"
"26-09-12 13:22:11.186","-7.9616337E-02"
"26-09-12 13:22:12.080","-7.9573020E-02"
"26-09-12 13:22:12.794","-7.9517327E-02"
"26-09-12 13:22:13.692","-7.9789604E-02"
"26-09-12 13:22:14.409","-7.9412129E-02"
"26-09-12 13:22:15.310","-7.9888614E-02"
"26-09-12 13:22:16.027","-7.9746287E-02"
"26-09-12 13:22:16.922","-7.9814356E-02"
"26-09-12 13:22:17.637","-8.0061881E-02"
"26-09-12 13:22:18.530","-7.9956683E-02"
"26-09-12 13:22:19.245","-7.9715347E-02"
"26-09-12 13:22:20.145","-7.9832921E-02"
"26-09-12 13:22:20.860","-7.9888614E-02"
"26-09-12 13:22:21.763","-7.9622525E-02"
"26-09-12 13:22:22.476","-7.9702970E-02"
"26-09-12 13:22:23.372","-7.9931931E-02"
"26-09-12 13:22:24.088","-7.9795792E-02"
"26-09-12 13:22:24.983","-7.9882426E-02"
"26-09-12 13:22:25.698","-8.0191832E-02"
"26-09-12 13:22:26.592","-7.9740099E-02"
"26-09-12 13:22:27.306","-7.9226485E-02"
"26-09-12 13:22:28.201","-7.9566832E-02"
"26-09-12 13:22:28.915","-7.9863861E-02"
"26-09-12 13:22:29.828","-7.9993812E-02"
"26-09-12 13:22:30.542","-8.0179455E-02"
"26-09-12 13:22:31.445","-7.9684406E-02"
"26-09-12 13:22:32.162","-7.9931931E-02"
"26-09-12 13:22:33.065","-8.0352723E-02"
"26-09-12 13:22:33.778","-7.9907178E-02"
"26-09-12 13:22:34.673","-7.9647277E-02"
"26-09-12 13:22:35.389","-7.9275990E-02"
"26-09-12 13:22:36.282","-7.9294554E-02"
"26-09-12 13:22:36.997","-7.9610149E-02"
"26-09-12 13:22:37.895","-7.9616337E-02"
"26-09-12 13:22:38.610","-7.9981436E-02"
"26-09-12 13:22:39.505","-7.9207921E-02"
"26-09-12 13:22:40.220","-7.9486386E-02"
"26-09-12 13:22:41.115","-7.9789604E-02"
"26-09-12 13:22:41.830","-8.0365099E-02"
"26-09-12 13:22:42.733","-7.9077970E-02"
"26-09-12 13:22:43.447","-7.9771040E-02"
"26-09-12 13:22:44.345","-7.9814356E-02"
"26-09-12 13:22:45.059","-8.0408416E-02"
"26-09-12 13:22:45.956","-8.0235149E-02"
"26-09-12 13:22:46.670","-8.0241337E-02"
"26-09-12 13:22:47.565","-7.9814356E-02"
"26-09-12 13:22:48.278","-7.9597772E-02"
"26-09-12 13:22:49.176","-8.0532178E-02"
"26-09-12 13:22:49.890","-8.0204208E-02"
"26-09-12 13:22:50.786","-7.9857673E-02"
"26-09-12 13:22:51.500","-7.9938119E-02"
"26-09-12 13:22:52.397","-8.0000000E-02"
"26-09-12 13:22:53.112","-7.9969059E-02"
"26-09-12 13:22:54.007","-8.0501238E-02"
"26-09-12 13:22:54.721","-8.0117574E-02"
"26-09-12 13:22:55.614","-8.0204208E-02"
"26-09-12 13:22:56.328","-8.0266089E-02"
"26-09-12 13:22:57.237","-7.9801980E-02"
"26-09-12 13:22:57.951","-7.9245050E-02"
"26-09-12 13:22:58.846","-8.0594059E-02"
"26-09-12 13:22:59.560","-7.9325495E-02"
"26-09-12 13:23:00.466","-7.9702970E-02"
"26-09-12 13:23:01.180","-7.9585396E-02"
"26-09-12 13:23:02.079","-7.9696782E-02"
"26-09-12 13:23:02.793","-7.9523515E-02"
"26-09-12 13:23:03.687","-8.0408416E-02"
"26-09-12 13:23:04.401","-7.9702970E-02"
"26-09-12 13:23:05.296","-8.0123762E-02"
"26-09-12 13:23:06.011","-7.9566832E-02"
"26-09-12 13:23:06.911","-7.9931931E-02"
"26-09-12 13:23:07.625","-8.0068069E-02"
"26-09-12 13:23:08.528","-7.9727723E-02"
"26-09-12 13:23:09.246","-7.9517327E-02"
"26-09-12 13:23:10.159","-7.9777228E-02"
"26-09-12 13:23:10.872","-7.9449257E-02"
"26-09-12 13:23:11.769","-8.0049505E-02"
"26-09-12 13:23:12.482","-7.9727723E-02"
"26-09-12 13:23:13.378","-7.9189356E-02"
"26-09-12 13:23:14.094","-7.9529703E-02"
"26-09-12 13:23:15.236","-7.9876238E-02"
"26-09-12 13:23:15.952","-7.9616337E-02"
"26-09-12 13:23:16.849","-7.9956683E-02"
"26-09-12 13:23:17.563","-7.9529703E-02"
"26-09-12 13:23:18.457","-7.9634901E-02"
"26-09-12 13:23:19.174","-8.0278465E-02"
"26-09-12 13:23:19.887","-8.0160891E-02"
"26-09-12 13:23:20.791","-7.9418317E-02"
"26-09-12 13:23:21.506","-7.9938119E-02"
"26-09-12 13:23:22.402","-7.9845297E-02"
"26-09-12 13:23:23.117","-7.8941832E-02"
"26-09-12 13:23:24.020","-7.9152228E-02"
"26-09-12 13:23:24.736","-7.9603960E-02"
"26-09-12 13:23:25.629","-7.9907178E-02"
"26-09-12 13:23:26.344","-7.9665842E-02"
"26-09-12 13:23:27.241","-7.9882426E-02"
"26-09-12 13:23:27.956","-7.9987624E-02"
"26-09-12 13:23:28.855","-7.9900990E-02"
"26-09-12 13:23:29.570","-8.0117574E-02"
"26-09-12 13:23:30.474","-7.9962871E-02"
"26-09-12 13:23:31.188","-7.9894802E-02"
"26-09-12 13:23:32.081","-7.9740099E-02"
"26-09-12 13:23:32.796","-8.0092822E-02"
"26-09-12 13:23:33.692","-7.9777228E-02"
"26-09-12 13:23:34.407","-7.9783416E-02"
"26-09-12 13:23:35.302","-7.9480198E-02"
"26-09-12 13:23:36.019","-8.0272277E-02"
"26-09-12 13:23:36.923","-7.9634901E-02"
"26-09-12 13:23:37.638","-7.9665842E-02"
"26-09-12 13:23:38.535","-8.0167079E-02"
"26-09-12 13:23:39.249","-8.0334158E-02"
"26-09-12 13:23:40.156","-7.9907178E-02"
"26-09-12 13:23:40.871","-7.9758663E-02"
"26-09-12 13:23:41.776","-8.0105198E-02"
"26-09-12 13:23:42.491","-8.0080446E-02"
"26-09-12 13:23:43.395","-7.9585396E-02"
"26-09-12 13:23:44.109","-7.9987624E-02"
"26-09-12 13:23:45.007","-7.9628713E-02"
"26-09-12 13:23:45.723","-7.9412129E-02"
"26-09-12 13:23:46.624","-7.9053218E-02"
"26-09-12 13:23:47.338","-7.9863861E-02"
"26-09-12 13:23:48.234","-7.9938119E-02"
"26-09-12 13:23:48.949","-7.9282178E-02"
"26-09-12 13:23:49.856","-7.9449257E-02"
"26-09-12 13:23:50.573","-7.9696782E-02"
"26-09-12 13:23:51.479","-7.9467822E-02"
"26-09-12 13:23:52.195","-7.9814356E-02"
"26-09-12 13:23:53.097","-7.9622525E-02"
"26-09-12 13:23:53.811","-7.9146040E-02"
"26-09-12 13:23:54.706","-7.9597772E-02"
"26-09-12 13:23:55.423","-7.9381188E-02"
"26-09-12 13:23:56.315","-7.9808168E-02"
"26-09-12 13:23:57.029","-8.0513614E-02"
"26-09-12 13:23:57.926","-7.9746287E-02"
"26-09-12 13:23:58.641","-8.0080446E-02"
"26-09-12 13:23:59.546","-8.0488861E-02"
"26-09-12 13:24:00.261","-7.9733911E-02"
"26-09-12 13:24:01.158","-7.9851485E-02"
"26-09-12 13:24:01.876","-7.9715347E-02"
"26-09-12 13:24:02.768","-7.9975248E-02"
"26-09-12 13:24:03.482","-8.0123762E-02"
"26-09-12 13:24:04.384","-8.0123762E-02"
"26-09-12 13:24:05.100","-7.9523515E-02"
"26-09-12 13:24:05.997","-7.9832921E-02"
"26-09-12 13:24:06.712","-8.0061881E-02"
"26-09-12 13:24:07.608","-7.9702970E-02"
"26-09-12 13:24:08.324","-7.9443069E-02"
"26-09-12 13:24:09.229","-7.9993812E-02"
"26-09-12 13:24:09.943","-8.0030941E-02"
"26-09-12 13:24:10.838","-8.0154703E-02"
"26-09-12 13:24:11.554","-8.0006188E-02"
"26-09-12 13:24:12.448","-7.9337871E-02"
"26-09-12 13:24:13.162","-7.9987624E-02"
"26-09-12 13:24:14.059","-7.9263614E-02"
"26-09-12 13:24:14.775","-7.9412129E-02"
"26-09-12 13:24:15.669","-7.9251238E-02"
"26-09-12 13:24:16.382","-7.9245050E-02"
"26-09-12 13:24:17.279","-7.8941832E-02"
"26-09-12 13:24:17.992","-8.0297030E-02"
"26-09-12 13:24:18.911","-8.0154703E-02"
"26-09-12 13:24:19.627","-7.9727723E-02"
"26-09-12 13:24:20.520","-7.9678218E-02"
"26-09-12 13:24:21.451","-7.9733911E-02"
"26-09-12 13:24:22.167","-7.9387376E-02"
"26-09-12 13:24:23.058","-7.9647277E-02"
"26-09-12 13:24:23.772","-7.9257426E-02"
"26-09-12 13:24:24.667","-7.9857673E-02"
"26-09-12 13:24:25.382","-7.9573020E-02"
"26-09-12 13:24:26.282","-7.9232673E-02"
"26-09-12 13:24:26.998","-8.0476485E-02"
"26-09-12 13:24:27.891","-8.0179455E-02"
"26-09-12 13:24:28.604","-8.0049505E-02"
"26-09-12 13:24:29.512","-8.0074257E-02"
"26-09-12 13:24:30.227","-7.9418317E-02"
"26-09-12 13:24:31.121","-7.9678218E-02"
"26-09-12 13:24:31.836","-7.9269802E-02"
"26-09-12 13:24:32.741","-7.9653465E-02"
"26-09-12 13:24:33.455","-7.9721535E-02"
"26-09-12 13:24:34.351","-7.9628713E-02"
"26-09-12 13:24:35.065","-7.9344059E-02"
"26-09-12 13:24:35.962","-7.9554455E-02"
"26-09-12 13:24:36.678","-7.9684406E-02"
"26-09-12 13:24:37.571","-7.9777228E-02"
"26-09-12 13:24:38.284","-7.9801980E-02"
"26-09-12 13:24:38.999","-7.9523515E-02"
"26-09-12 13:24:39.903","-7.9436881E-02"
"26-09-12 13:24:40.616","-7.9820545E-02"
"26-09-12 13:24:41.514","-7.9523515E-02"
"26-09-12 13:24:42.228","-8.0216584E-02"
"26-09-12 13:24:43.122","-7.9795792E-02"
"26-09-12 13:24:43.838","-7.9925743E-02"
"26-09-12 13:24:44.735","-7.9709158E-02"
"26-09-12 13:24:45.449","-7.9789604E-02"
"26-09-12 13:24:46.344","-7.9492574E-02"
"26-09-12 13:24:47.060","-8.0191832E-02"
"26-09-12 13:24:47.957","-8.0581683E-02"
"26-09-12 13:24:48.672","-7.9696782E-02"
"26-09-12 13:24:49.565","-8.0173267E-02"
"26-09-12 13:24:50.279","-8.0680693E-02"
"26-09-12 13:24:51.175","-7.9690594E-02"
"26-09-12 13:24:51.891","-8.0136139E-02"
"26-09-12 13:24:52.784","-8.0024752E-02"
"26-09-12 13:24:53.498","-8.0136139E-02"
"26-09-12 13:24:54.395","-7.9709158E-02"
"26-09-12 13:24:55.110","-7.8917079E-02"
"26-09-12 13:24:56.006","-7.9863861E-02"
"26-09-12 13:24:56.721","-8.0321782E-02"
"26-09-12 13:24:57.620","-8.0092822E-02"
"26-09-12 13:24:58.336","-7.9826733E-02"
"26-09-12 13:24:59.244","-7.9634901E-02"
"26-09-12 13:24:59.958","-8.0761139E-02"
"26-09-12 13:25:00.855","-7.9492574E-02"
"26-09-12 13:25:01.570","-8.0569307E-02"
"26-09-12 13:25:02.466","-7.9628713E-02"
"26-09-12 13:25:03.181","-7.9981436E-02"
"26-09-12 13:25:04.075","-7.9133663E-02"
"26-09-12 13:25:04.789","-7.9820545E-02"
"26-09-12 13:25:05.689","-7.9306931E-02"
"26-09-12 13:25:06.403","-7.9956683E-02"
"26-09-12 13:25:07.301","-7.9628713E-02"
"26-09-12 13:25:08.015","-7.9789604E-02"
"26-09-12 13:25:08.916","-7.9486386E-02"
"26-09-12 13:25:09.630","-8.0000000E-02"
"26-09-12 13:25:10.527","-7.9702970E-02"
"26-09-12 13:25:11.243","-7.9102723E-02"
"26-09-12 13:25:12.146","-7.9709158E-02"
"26-09-12 13:25:12.859","-7.9931931E-02"
"26-09-12 13:25:13.759","-8.0235149E-02"
"26-09-12 13:25:14.474","-8.0835396E-02"
"26-09-12 13:25:15.378","-8.0272277E-02"
"26-09-12 13:25:16.096","-7.9455446E-02"
"26-09-12 13:25:16.987","-7.9628713E-02"
"26-09-12 13:25:17.702","-8.0136139E-02"
"26-09-12 13:25:18.598","-8.0160891E-02"
"26-09-12 13:25:19.313","-8.0006188E-02"
"26-09-12 13:25:20.208","-7.9795792E-02"
"26-09-12 13:25:20.922","-7.9405941E-02"
"26-09-12 13:25:21.820","-7.9839109E-02"
"26-09-12 13:25:22.535","-7.9090347E-02"
"26-09-12 13:25:23.429","-8.0117574E-02"
"26-09-12 13:25:24.144","-7.9275990E-02"
"26-09-12 13:25:25.037","-7.9424505E-02"
"26-09-12 13:25:25.751","-7.9826733E-02"
"26-09-12 13:25:26.661","-8.0049505E-02"
"26-09-12 13:25:27.599","-7.9065594E-02"
"26-09-12 13:25:28.314","-7.9461634E-02"
"26-09-12 13:25:29.209","-8.0043317E-02"
"26-09-12 13:25:29.923","-8.0420792E-02"
"26-09-12 13:25:30.818","-8.0123762E-02"
"26-09-12 13:25:31.533","-7.9412129E-02"
"26-09-12 13:25:32.431","-7.9987624E-02"
"26-09-12 13:25:33.145","-7.9721535E-02"
"26-09-12 13:25:34.051","-7.9090347E-02"
"26-09-12 13:25:34.765","-8.0334158E-02"
"26-09-12 13:25:35.673","-7.9201733E-02"
"26-09-12 13:25:36.389","-8.0148515E-02"
"26-09-12 13:25:37.293","-7.9548267E-02"
"26-09-12 13:25:38.008","-7.9777228E-02"
"26-09-12 13:25:38.902","-7.9591584E-02"
"26-09-12 13:25:39.618","-7.8960396E-02"
"26-09-12 13:25:40.532","-7.9727723E-02"
"26-09-12 13:25:41.246","-7.9634901E-02"
"26-09-12 13:25:42.143","-7.9313119E-02"
"26-09-12 13:25:42.858","-8.0061881E-02"
"26-09-12 13:25:43.753","-7.9337871E-02"
"26-09-12 13:25:44.466","-8.0049505E-02"
"26-09-12 13:25:45.363","-8.0030941E-02"
"26-09-12 13:25:46.077","-7.9436881E-02"
"26-09-12 13:25:46.977","-7.9746287E-02"
"26-09-12 13:25:47.693","-7.9201733E-02"
"26-09-12 13:25:48.594","-7.9548267E-02"
"26-09-12 13:25:49.308","-8.0222772E-02"
"26-09-12 13:25:50.206","-7.9814356E-02"
"26-09-12 13:25:50.921","-7.9375000E-02"
"26-09-12 13:25:51.823","-7.9492574E-02"
"26-09-12 13:25:52.537","-7.9158416E-02"
"26-09-12 13:25:53.443","-8.0426980E-02"
"26-09-12 13:25:54.157","-8.0006188E-02"
"26-09-12 13:25:55.057","-7.9641089E-02"
"26-09-12 13:25:55.772","-7.9913366E-02"
"26-09-12 13:25:56.710","-7.9764851E-02"
"26-09-12 13:25:57.425","-8.0092822E-02"
"26-09-12 13:25:58.326","-7.9375000E-02"
"26-09-12 13:25:59.043","-7.9461634E-02"
"26-09-12 13:25:59.935","-8.0000000E-02"
"26-09-12 13:26:00.649","-7.9696782E-02"
"26-09-12 13:26:01.544","-7.9053218E-02"
"26-09-12 13:26:02.258","-7.9975248E-02"
"26-09-12 13:26:03.155","-8.0068069E-02"
"26-09-12 13:26:03.874","-7.9269802E-02"
"26-09-12 13:26:04.767","-8.0006188E-02"
"26-09-12 13:26:05.481","-7.9826733E-02"
"26-09-12 13:26:06.378","-7.9393564E-02"
"26-09-12 13:26:07.091","-7.9839109E-02"
"26-09-12 13:26:07.987","-7.9331683E-02"
"26-09-12 13:26:08.701","-7.9956683E-02"
"26-09-12 13:26:09.605","-7.9659653E-02"
"26-09-12 13:26:10.319","-7.9808168E-02"
"26-09-12 13:26:11.219","-7.9467822E-02"
"26-09-12 13:26:11.933","-7.9919554E-02"
"26-09-12 13:26:12.838","-7.9925743E-02"
"26-09-12 13:26:13.552","-7.9195545E-02"
"26-09-12 13:26:14.448","-7.9232673E-02"
"26-09-12 13:26:15.163","-7.9319307E-02"
"26-09-12 13:26:16.068","-7.9529703E-02"
"26-09-12 13:26:16.783","-7.9535891E-02"
"26-09-12 13:26:17.686","-7.9511139E-02"
"26-09-12 13:26:18.403","-7.9678218E-02"
"26-09-12 13:26:19.302","-7.9585396E-02"
"26-09-12 13:26:20.015","-7.9690594E-02"
"26-09-12 13:26:20.927","-7.9913366E-02"
"26-09-12 13:26:21.641","-7.9350248E-02"
"26-09-12 13:26:22.538","-7.9597772E-02"
"26-09-12 13:26:23.253","-7.9084158E-02"
"26-09-12 13:26:24.151","-7.9702970E-02"
"26-09-12 13:26:24.865","-7.9523515E-02"
"26-09-12 13:26:25.758","-7.9077970E-02"
"26-09-12 13:26:26.475","-8.0587871E-02"
"26-09-12 13:26:27.380","-7.9399752E-02"
"26-09-12 13:26:28.095","-7.9752475E-02"
"26-09-12 13:26:28.988","-7.9981436E-02"
"26-09-12 13:26:29.706","-7.9424505E-02"
"26-09-12 13:26:30.598","-7.9950495E-02"
"26-09-12 13:26:31.312","-8.0334158E-02"
"26-09-12 13:26:32.211","-7.9387376E-02"
"26-09-12 13:26:32.926","-7.9808168E-02"
"26-09-12 13:26:34.091","-7.9214109E-02"
"26-09-12 13:26:34.805","-7.9634901E-02"
"26-09-12 13:26:35.701","-7.9900990E-02"
"26-09-12 13:26:36.415","-8.0043317E-02"
"26-09-12 13:26:37.318","-7.9888614E-02"
"26-09-12 13:26:38.034","-7.9003713E-02"
"26-09-12 13:26:38.931","-7.9696782E-02"
"26-09-12 13:26:39.646","-7.9573020E-02"
"26-09-12 13:26:40.543","-7.9480198E-02"
"26-09-12 13:26:41.257","-7.9758663E-02"
"26-09-12 13:26:42.152","-8.0179455E-02"
"26-09-12 13:26:42.866","-8.0389851E-02"
"26-09-12 13:26:43.772","-8.0006188E-02"
"26-09-12 13:26:44.489","-7.9814356E-02"
"26-09-12 13:26:45.381","-8.0012376E-02"
"26-09-12 13:26:46.096","-7.9801980E-02"
"26-09-12 13:26:47.002","-7.9727723E-02"
"26-09-12 13:26:47.717","-7.9467822E-02"
"26-09-12 13:26:48.623","-7.9733911E-02"
"26-09-12 13:26:49.341","-7.9900990E-02"
"26-09-12 13:26:50.244","-7.9393564E-02"
"26-09-12 13:26:50.958","-7.9777228E-02"
"26-09-12 13:26:51.853","-7.9944307E-02"
"26-09-12 13:26:52.570","-7.9771040E-02"
"26-09-12 13:26:53.466","-7.9789604E-02"
"26-09-12 13:26:54.179","-7.9839109E-02"
"26-09-12 13:26:55.074","-7.9950495E-02"
"26-09-12 13:26:55.787","-7.8978960E-02"
"26-09-12 13:26:56.695","-7.9672030E-02"
"26-09-12 13:26:57.408","-7.9684406E-02"
"26-09-12 13:26:58.306","-8.0142327E-02"
"26-09-12 13:26:59.020","-8.0179455E-02"
"26-09-12 13:26:59.915","-7.9585396E-02"
"26-09-12 13:27:00.630","-8.0160891E-02"
"26-09-12 13:27:01.544","-7.9603960E-02"
"26-09-12 13:27:02.259","-7.9529703E-02"
"26-09-12 13:27:03.155","-7.8985149E-02"
"26-09-12 13:27:03.872","-8.0569307E-02"
"26-09-12 13:27:04.769","-7.9610149E-02"
"26-09-12 13:27:05.483","-8.0117574E-02"
"26-09-12 13:27:06.388","-7.9876238E-02"
"26-09-12 13:27:07.103","-7.9350248E-02"
"26-09-12 13:27:08.005","-7.9690594E-02"
"26-09-12 13:27:08.719","-7.9257426E-02"
"26-09-12 13:27:09.616","-7.9443069E-02"
"26-09-12 13:27:10.330","-7.9944307E-02"
"26-09-12 13:27:11.228","-7.9418317E-02"
"26-09-12 13:27:11.943","-7.9888614E-02"
"26-09-12 13:27:12.837","-8.0204208E-02"
"26-09-12 13:27:13.552","-8.0167079E-02"
"26-09-12 13:27:14.447","-7.9876238E-02"
"26-09-12 13:27:15.160","-7.9764851E-02"
"26-09-12 13:27:16.099","-8.0117574E-02"
"26-09-12 13:27:16.814","-7.9616337E-02"
"26-09-12 13:27:17.707","-8.0049505E-02"
"26-09-12 13:27:18.424","-8.0049505E-02"
"26-09-12 13:27:19.318","-7.9659653E-02"
"26-09-12 13:27:20.031","-7.9226485E-02"
"26-09-12 13:27:20.929","-8.0123762E-02"
"26-09-12 13:27:21.643","-7.9740099E-02"
"26-09-12 13:27:22.537","-7.9832921E-02"
"26-09-12 13:27:23.250","-7.9331683E-02"
"26-09-12 13:27:24.150","-8.0006188E-02"
"26-09-12 13:27:24.863","-7.9665842E-02"
"26-09-12 13:27:25.761","-7.9108911E-02"
"26-09-12 13:27:26.478","-7.9573020E-02"
"26-09-12 13:27:27.369","-7.9962871E-02"
"26-09-12 13:27:28.082","-7.9851485E-02"
"26-09-12 13:27:28.989","-8.0297030E-02"
"26-09-12 13:27:29.704","-7.9226485E-02"
"26-09-12 13:27:30.598","-7.9993812E-02"
"26-09-12 13:27:31.312","-7.9356436E-02"
"26-09-12 13:27:32.209","-7.9176980E-02"
"26-09-12 13:27:32.924","-7.9696782E-02"
"26-09-12 13:27:33.817","-8.0160891E-02"
"26-09-12 13:27:34.531","-7.9981436E-02"
"26-09-12 13:27:35.434","-7.9919554E-02"
"26-09-12 13:27:36.148","-7.9672030E-02"
"26-09-12 13:27:37.051","-8.0061881E-02"
"26-09-12 13:27:37.765","-7.9981436E-02"
"26-09-12 13:27:38.661","-7.9727723E-02"
"26-09-12 13:27:39.379","-7.9566832E-02"
"26-09-12 13:27:40.529","-8.0284653E-02"
"26-09-12 13:27:41.242","-7.9832921E-02"
"26-09-12 13:27:42.149","-8.0074257E-02"
"26-09-12 13:27:42.863","-7.9808168E-02"
"26-09-12 13:27:43.759","-8.0284653E-02"
"26-09-12 13:27:44.473","-7.9993812E-02"
"26-09-12 13:27:45.375","-8.0006188E-02"
"26-09-12 13:27:46.088","-8.0049505E-02"
"26-09-12 13:27:46.993","-8.0748762E-02"
"26-09-12 13:27:47.709","-7.9888614E-02"
"26-09-12 13:27:48.605","-7.9201733E-02"
"26-09-12 13:27:49.319","-8.0006188E-02"
"26-09-12 13:27:50.223","-7.9548267E-02"
"26-09-12 13:27:50.936","-7.9480198E-02"
"26-09-12 13:27:51.841","-7.9195545E-02"
"26-09-12 13:27:52.556","-8.0470297E-02"
"26-09-12 13:27:53.451","-7.9523515E-02"
"26-09-12 13:27:54.166","-7.9282178E-02"
"26-09-12 13:27:55.064","-7.9275990E-02"
"26-09-12 13:27:55.778","-8.0136139E-02"
"26-09-12 13:27:56.692","-7.9740099E-02"
"26-09-12 13:27:57.408","-7.8991337E-02"
"26-09-12 13:27:58.301","-8.0272277E-02"
"26-09-12 13:27:59.015","-7.9783416E-02"
"26-09-12 13:27:59.911","-8.0068069E-02"
"26-09-12 13:28:00.626","-8.0290842E-02"
"26-09-12 13:28:01.526","-7.9585396E-02"
"26-09-12 13:28:02.241","-7.9956683E-02"
"26-09-12 13:28:03.146","-7.9783416E-02"
"26-09-12 13:28:03.860","-8.0012376E-02"
"26-09-12 13:28:04.754","-8.0309406E-02"
"26-09-12 13:28:05.469","-7.9733911E-02"
"26-09-12 13:28:06.377","-8.0043317E-02"
"26-09-12 13:28:07.092","-8.0550743E-02"
"26-09-12 13:28:07.992","-8.0204208E-02"
"26-09-12 13:28:08.705","-7.9603960E-02"
"26-09-12 13:28:09.617","-7.9678218E-02"
"26-09-12 13:28:10.330","-7.9214109E-02"
"26-09-12 13:28:11.225","-7.9962871E-02"
"26-09-12 13:28:11.942","-7.9944307E-02"
"26-09-12 13:28:12.836","-7.9139851E-02"
"26-09-12 13:28:13.551","-8.0006188E-02"
"26-09-12 13:28:14.444","-8.0123762E-02"
"26-09-12 13:28:15.159","-7.9690594E-02"
"26-09-12 13:28:16.057","-8.0247525E-02"
"26-09-12 13:28:16.772","-7.9696782E-02"
"26-09-12 13:28:17.668","-7.9115099E-02"
"26-09-12 13:28:18.381","-7.9523515E-02"
"26-09-12 13:28:19.276","-7.9795792E-02"
"26-09-12 13:28:19.990","-7.9690594E-02"
"26-09-12 13:28:20.887","-7.9733911E-02"
"26-09-12 13:28:21.602","-7.9176980E-02"
"26-09-12 13:28:22.495","-8.0154703E-02"
"26-09-12 13:28:23.210","-8.0068069E-02"
"26-09-12 13:28:24.118","-7.9672030E-02"
"26-09-12 13:28:24.833","-8.0259901E-02"
"26-09-12 13:28:25.739","-7.9164604E-02"
"26-09-12 13:28:26.453","-8.0154703E-02"
"26-09-12 13:28:27.349","-7.9579208E-02"
"26-09-12 13:28:28.063","-7.9634901E-02"
"26-09-12 13:28:28.959","-8.0191832E-02"
"26-09-12 13:28:29.672","-7.9492574E-02"
"26-09-12 13:28:30.576","-7.9418317E-02"
"26-09-12 13:28:31.291","-7.9740099E-02"
"26-09-12 13:28:32.190","-7.9294554E-02"
"26-09-12 13:28:32.904","-7.9659653E-02"
"26-09-12 13:28:33.799","-7.9962871E-02"
"26-09-12 13:28:34.514","-7.9950495E-02"
"26-09-12 13:28:35.227","-7.9356436E-02"
"26-09-12 13:28:36.130","-7.9362624E-02"
"26-09-12 13:28:36.843","-7.9554455E-02"
"26-09-12 13:28:37.741","-7.9034653E-02"
"26-09-12 13:28:38.457","-8.0253713E-02"
"26-09-12 13:28:39.349","-8.0000000E-02"
"26-09-12 13:28:40.064","-7.9554455E-02"
"26-09-12 13:28:40.959","-7.9684406E-02"
"26-09-12 13:28:41.672","-7.9158416E-02"
"26-09-12 13:28:42.572","-7.9189356E-02"
"26-09-12 13:28:43.288","-8.0433168E-02"
"26-09-12 13:28:44.190","-7.9449257E-02"
"26-09-12 13:28:44.906","-7.9721535E-02"
"26-09-12 13:28:45.811","-7.9542079E-02"
"26-09-12 13:28:46.738","-7.9969059E-02"
"26-09-12 13:28:47.453","-7.9740099E-02"
"26-09-12 13:28:48.350","-7.9585396E-02"
"26-09-12 13:28:49.065","-7.9560644E-02"
"26-09-12 13:28:49.968","-7.9678218E-02"
"26-09-12 13:28:50.683","-7.9573020E-02"
"26-09-12 13:28:51.578","-7.9641089E-02"
"26-09-12 13:28:52.291","-7.9356436E-02"
"26-09-12 13:28:53.195","-7.9740099E-02"
"26-09-12 13:28:53.908","-7.9764851E-02"
"26-09-12 13:28:54.817","-7.9777228E-02"
"26-09-12 13:28:55.531","-7.9727723E-02"
"26-09-12 13:28:56.433","-7.9987624E-02"
"26-09-12 13:28:57.147","-7.9158416E-02"
"26-09-12 13:28:58.042","-8.0216584E-02"
"26-09-12 13:28:58.757","-7.9888614E-02"
"26-09-12 13:28:59.660","-7.9603960E-02"
"26-09-12 13:29:00.375","-7.9306931E-02"
"26-09-12 13:29:01.276","-7.9746287E-02"
"26-09-12 13:29:01.991","-7.9350248E-02"
"26-09-12 13:29:02.896","-7.9764851E-02"
"26-09-12 13:29:03.610","-7.9919554E-02"
"26-09-12 13:29:04.529","-7.9783416E-02"
"26-09-12 13:29:05.243","-7.9944307E-02"
"26-09-12 13:29:06.143","-8.0160891E-02"
"26-09-12 13:29:06.858","-7.9189356E-02"
"26-09-12 13:29:07.763","-8.0761139E-02"
"26-09-12 13:29:08.477","-7.9573020E-02"
"26-09-12 13:29:09.376","-7.9449257E-02"
"26-09-12 13:29:10.090","-7.9746287E-02"
"26-09-12 13:29:10.987","-7.9269802E-02"
"26-09-12 13:29:11.704","-8.0272277E-02"
"26-09-12 13:29:12.606","-7.9139851E-02"
"26-09-12 13:29:13.320","-8.0123762E-02"
"26-09-12 13:29:14.218","-8.0148515E-02"
"26-09-12 13:29:14.936","-7.9344059E-02"
"26-09-12 13:29:15.835","-7.9245050E-02"
"26-09-12 13:29:16.550","-7.9863861E-02"
"26-09-12 13:29:17.455","-7.8941832E-02"
"26-09-12 13:29:18.170","-7.9486386E-02"
"26-09-12 13:29:19.067","-7.9981436E-02"
"26-09-12 13:29:19.782","-7.9746287E-02"
"26-09-12 13:29:20.674","-7.9306931E-02"
"26-09-12 13:29:21.389","-8.0043317E-02"
"26-09-12 13:29:22.288","-7.9907178E-02"
"26-09-12 13:29:23.003","-7.9641089E-02"
"26-09-12 13:29:23.912","-7.9480198E-02"
"26-09-12 13:29:24.626","-7.9275990E-02"
"26-09-12 13:29:25.527","-7.9777228E-02"
"26-09-12 13:29:26.242","-7.9950495E-02"
"26-09-12 13:29:27.138","-8.0105198E-02"
"26-09-12 13:29:27.853","-7.9610149E-02"
"26-09-12 13:29:28.746","-7.9956683E-02"
"26-09-12 13:29:29.461","-7.9870050E-02"
"26-09-12 13:29:30.359","-7.9795792E-02"
"26-09-12 13:29:31.074","-7.9925743E-02"
"26-09-12 13:29:31.976","-7.9925743E-02"
"26-09-12 13:29:32.692","-7.9579208E-02"
"26-09-12 13:29:33.589","-7.9919554E-02"
"26-09-12 13:29:34.304","-7.9616337E-02"
"26-09-12 13:29:35.200","-7.9529703E-02"
"26-09-12 13:29:35.915","-7.9950495E-02"
"26-09-12 13:29:36.811","-7.9789604E-02"
"26-09-12 13:29:37.525","-7.9969059E-02"
"26-09-12 13:29:38.429","-7.9969059E-02"
"26-09-12 13:29:39.144","-7.9084158E-02"
"26-09-12 13:29:40.037","-8.0290842E-02"
"26-09-12 13:29:40.752","-7.9913366E-02"
"26-09-12 13:29:41.650","-7.9808168E-02"
"26-09-12 13:29:42.368","-8.0129950E-02"
"26-09-12 13:29:43.260","-7.9907178E-02"
"26-09-12 13:29:43.974","-7.9987624E-02"
"26-09-12 13:29:44.888","-7.9969059E-02"
"26-09-12 13:29:45.602","-8.0470297E-02"
"26-09-12 13:29:46.500","-8.0445545E-02"
"26-09-12 13:29:47.214","-7.9659653E-02"
"26-09-12 13:29:48.110","-7.9449257E-02"
"26-09-12 13:29:48.825","-7.9938119E-02"
"26-09-12 13:29:49.721","-7.9758663E-02"
"26-09-12 13:29:50.435","-7.9845297E-02"
"26-09-12 13:29:51.331","-8.0297030E-02"
"26-09-12 13:29:52.045","-8.0037129E-02"
"26-09-12 13:29:53.196","-7.9696782E-02"
"26-09-12 13:29:53.911","-8.0179455E-02"
"26-09-12 13:29:54.624","-7.9672030E-02"
"26-09-12 13:29:55.530","-7.9709158E-02"
"26-09-12 13:29:56.245","-7.9480198E-02"
"26-09-12 13:29:57.139","-7.9938119E-02"
"26-09-12 13:29:57.852","-7.9263614E-02"
"26-09-12 13:29:58.762","-8.0334158E-02"
"26-09-12 13:29:59.475","-7.9653465E-02"
"26-09-12 13:30:00.373","-7.9944307E-02"
"26-09-12 13:30:01.086","-7.9368812E-02"
"26-09-12 13:30:01.992","-7.9294554E-02"
"26-09-12 13:30:02.707","-8.0179455E-02"
"26-09-12 13:30:03.607","-7.9133663E-02"
"26-09-12 13:30:04.322","-7.9925743E-02"
"26-09-12 13:30:05.222","-7.9313119E-02"
"26-09-12 13:30:05.940","-7.9820545E-02"
"26-09-12 13:30:06.833","-8.0160891E-02"
"26-09-12 13:30:07.547","-7.9641089E-02"
"26-09-12 13:30:08.442","-7.9449257E-02"
"26-09-12 13:30:09.157","-7.9245050E-02"
"26-09-12 13:30:10.054","-7.9758663E-02"
"26-09-12 13:30:10.767","-7.9523515E-02"
"26-09-12 13:30:11.683","-7.9876238E-02"
"26-09-12 13:30:12.398","-7.9845297E-02"
"26-09-12 13:30:13.298","-7.9894802E-02"
"26-09-12 13:30:14.014","-7.9758663E-02"
"26-09-12 13:30:14.914","-7.9133663E-02"
"26-09-12 13:30:15.629","-7.9882426E-02"
"26-09-12 13:30:16.525","-7.9535891E-02"
"26-09-12 13:30:17.243","-7.9845297E-02"
"26-09-12 13:30:18.145","-7.9486386E-02"
"26-09-12 13:30:18.859","-7.9733911E-02"
"26-09-12 13:30:19.753","-7.9368812E-02"
"26-09-12 13:30:20.470","-7.9752475E-02"
"26-09-12 13:30:21.364","-8.0470297E-02"
"26-09-12 13:30:22.078","-7.9480198E-02"
"26-09-12 13:30:22.979","-7.9715347E-02"
"26-09-12 13:30:23.694","-7.9709158E-02"
"26-09-12 13:30:24.598","-7.9981436E-02"
"26-09-12 13:30:25.311","-8.0167079E-02"
"26-09-12 13:30:26.215","-8.0105198E-02"
"26-09-12 13:30:26.930","-7.9820545E-02"
"26-09-12 13:30:27.827","-7.9492574E-02"
"26-09-12 13:30:28.546","-7.9412129E-02"
"26-09-12 13:30:29.449","-7.9981436E-02"
"26-09-12 13:30:30.163","-7.9443069E-02"
"26-09-12 13:30:31.058","-7.9900990E-02"
"26-09-12 13:30:31.775","-7.9498762E-02"
"26-09-12 13:30:32.670","-8.0470297E-02"
"26-09-12 13:30:33.384","-7.9325495E-02"
"26-09-12 13:30:34.286","-7.9257426E-02"
"26-09-12 13:30:35.000","-7.9820545E-02"
"26-09-12 13:30:35.898","-7.9684406E-02"
"26-09-12 13:30:36.613","-7.9962871E-02"
"26-09-12 13:30:37.510","-7.9492574E-02"
"26-09-12 13:30:38.225","-7.9795792E-02"
"26-09-12 13:30:39.129","-7.9795792E-02"
"26-09-12 13:30:39.845","-7.9610149E-02"
"26-09-12 13:30:40.738","-7.9870050E-02"
"26-09-12 13:30:41.452","-8.0012376E-02"
"26-09-12 13:30:42.350","-8.0457921E-02"
"26-09-12 13:30:43.064","-7.9610149E-02"
"26-09-12 13:30:43.970","-7.9622525E-02"
"26-09-12 13:30:44.683","-8.0185644E-02"
"26-09-12 13:30:45.580","-7.9628713E-02"
"26-09-12 13:30:46.294","-7.9808168E-02"
"26-09-12 13:30:47.199","-7.9288366E-02"
"26-09-12 13:30:47.913","-7.9900990E-02"
"26-09-12 13:30:48.809","-7.9542079E-02"
"26-09-12 13:30:49.524","-7.9065594E-02"
"26-09-12 13:30:50.421","-7.9925743E-02"
"26-09-12 13:30:51.136","-7.9610149E-02"
"26-09-12 13:30:52.031","-7.9628713E-02"
"26-09-12 13:30:52.745","-8.0136139E-02"
"26-09-12 13:30:53.662","-7.9764851E-02"
"26-09-12 13:30:54.378","-8.0006188E-02"
"26-09-12 13:30:55.272","-7.9771040E-02"
"26-09-12 13:30:55.986","-8.0167079E-02"
"26-09-12 13:30:56.882","-7.9275990E-02"
"26-09-12 13:30:57.596","-7.9195545E-02"
"26-09-12 13:30:58.491","-7.9808168E-02"
"26-09-12 13:30:59.424","-7.9461634E-02"
"26-09-12 13:31:00.138","-8.0068069E-02"
"26-09-12 13:31:01.043","-7.3329208E-02"
"26-09-12 13:31:01.758","-7.2642327E-02"
"26-09-12 13:31:02.656","-7.1980198E-02"
"26-09-12 13:31:03.371","-7.1695545E-02"
"26-09-12 13:31:04.271","-7.2524752E-02"
"26-09-12 13:31:04.986","-7.2407178E-02"
"26-09-12 13:31:05.883","-7.2425743E-02"
"26-09-12 13:31:06.598","-7.2048267E-02"
"26-09-12 13:31:07.502","-7.2908416E-02"
"26-09-12 13:31:08.221","-7.2469059E-02"
"26-09-12 13:31:09.113","-7.2240099E-02"
"26-09-12 13:31:09.826","-7.2574257E-02"
"26-09-12 13:31:10.724","-7.2277228E-02"
"26-09-12 13:31:11.437","-7.2308168E-02"
"26-09-12 13:31:12.363","-7.2320545E-02"
"26-09-12 13:31:13.077","-7.2673267E-02"
"26-09-12 13:31:13.974","-7.2283416E-02"
"26-09-12 13:31:14.689","-7.2673267E-02"
"26-09-12 13:31:15.581","-7.2444307E-02"
"26-09-12 13:31:16.299","-7.2889851E-02"
"26-09-12 13:31:17.194","-7.2710396E-02"
"26-09-12 13:31:17.908","-7.2493812E-02"
"26-09-12 13:31:18.803","-7.2264851E-02"
"26-09-12 13:31:19.517","-7.2500000E-02"
"26-09-12 13:31:20.424","-7.2735149E-02"
"26-09-12 13:31:21.138","-7.2493812E-02"
"26-09-12 13:31:22.038","-7.3304455E-02"
"26-09-12 13:31:22.753","-7.2685644E-02"
"26-09-12 13:31:23.656","-7.2103960E-02"
"26-09-12 13:31:24.370","-7.2048267E-02"
"26-09-12 13:31:25.266","-7.2246287E-02"
"26-09-12 13:31:25.981","-7.2629950E-02"
"26-09-12 13:31:26.874","-7.1466584E-02"
"26-09-12 13:31:27.587","-7.2079208E-02"
"26-09-12 13:31:28.484","-7.1720297E-02"
"26-09-12 13:31:29.200","-7.2790842E-02"
"26-09-12 13:31:30.099","-7.2908416E-02"
"26-09-12 13:31:30.814","-7.2518564E-02"
"26-09-12 13:31:31.719","-7.2289604E-02"
"26-09-12 13:31:32.433","-7.2574257E-02"
"26-09-12 13:31:33.347","-7.2821782E-02"
"26-09-12 13:31:34.062","-7.2846535E-02"
"26-09-12 13:31:34.955","-7.2574257E-02"
"26-09-12 13:31:35.671","-7.2858911E-02"
"26-09-12 13:31:36.570","-7.2926980E-02"
"26-09-12 13:31:37.284","-7.2351485E-02"
"26-09-12 13:31:38.188","-7.2202970E-02"
"26-09-12 13:31:38.906","-7.1825495E-02"
"26-09-12 13:31:39.808","-7.2165842E-02"
"26-09-12 13:31:40.522","-7.2332921E-02"
"26-09-12 13:31:41.418","-7.2858911E-02"
"26-09-12 13:31:42.134","-7.2561881E-02"
"26-09-12 13:31:43.038","-7.2549505E-02"
"26-09-12 13:31:43.753","-7.2561881E-02"
"26-09-12 13:31:44.650","-7.2332921E-02"
"26-09-12 13:31:45.364","-7.2586634E-02"
"26-09-12 13:31:46.259","-7.2351485E-02"
"26-09-12 13:31:46.974","-7.2654703E-02"
"26-09-12 13:31:47.881","-7.2803218E-02"
"26-09-12 13:31:48.594","-7.3149752E-02"
"26-09-12 13:31:49.491","-7.2147277E-02"
"26-09-12 13:31:50.209","-7.2605198E-02"
"26-09-12 13:31:51.109","-7.2209158E-02"
"26-09-12 13:31:51.823","-7.2636139E-02"
"26-09-12 13:31:52.728","-7.2623762E-02"
"26-09-12 13:31:53.443","-7.2407178E-02"
"26-09-12 13:31:54.342","-7.2060644E-02"
"26-09-12 13:31:55.057","-7.2735149E-02"
"26-09-12 13:31:55.952","-7.2301980E-02"
"26-09-12 13:31:56.667","-7.2908416E-02"
"26-09-12 13:31:57.571","-7.2011139E-02"
"26-09-12 13:31:58.286","-7.3013614E-02"
"26-09-12 13:31:59.182","-7.2920792E-02"
"26-09-12 13:31:59.896","-7.2487624E-02"
"26-09-12 13:32:00.800","-7.3001238E-02"
"26-09-12 13:32:01.515","-7.2320545E-02"
"26-09-12 13:32:02.420","-7.2642327E-02"
"26-09-12 13:32:03.137","-7.2667079E-02"
"26-09-12 13:32:04.033","-7.2159653E-02"
"26-09-12 13:32:04.747","-7.2289604E-02"
"26-09-12 13:32:05.907","-7.2122525E-02"
"26-09-12 13:32:06.621","-7.2252475E-02"
"26-09-12 13:32:07.523","-7.2283416E-02"
"26-09-12 13:32:08.242","-7.1986386E-02"
"26-09-12 13:32:09.141","-7.3025990E-02"
"26-09-12 13:32:09.856","-7.2407178E-02"
"26-09-12 13:32:10.749","-7.3025990E-02"
"26-09-12 13:32:11.468","-7.2623762E-02"
"26-09-12 13:32:12.365","-7.2599010E-02"
"26-09-12 13:32:13.079","-7.2196782E-02"
"26-09-12 13:32:13.983","-7.1881188E-02"
"26-09-12 13:32:14.696","-7.2667079E-02"
"26-09-12 13:32:15.603","-7.3094059E-02"
"26-09-12 13:32:16.318","-7.2642327E-02"
"26-09-12 13:32:17.212","-7.2295792E-02"
"26-09-12 13:32:17.926","-7.2710396E-02"
"26-09-12 13:32:18.821","-7.2376238E-02"
"26-09-12 13:32:19.536","-7.1751238E-02"
"26-09-12 13:32:20.435","-7.2747525E-02"
"26-09-12 13:32:21.149","-7.2444307E-02"
"26-09-12 13:32:22.047","-7.2586634E-02"
"26-09-12 13:32:22.762","-7.1689356E-02"
"26-09-12 13:32:23.664","-7.2834158E-02"
"26-09-12 13:32:24.379","-7.2561881E-02"
"26-09-12 13:32:25.272","-7.3056931E-02"
"26-09-12 13:32:25.987","-7.2382426E-02"
"26-09-12 13:32:26.882","-7.3056931E-02"
"26-09-12 13:32:27.599","-7.2704208E-02"
"26-09-12 13:32:28.505","-7.2097772E-02"
"26-09-12 13:32:29.220","-7.2951733E-02"
"26-09-12 13:32:30.118","-7.3236386E-02"
"26-09-12 13:32:30.831","-7.2561881E-02"
"26-09-12 13:32:31.765","-7.2190594E-02"
"26-09-12 13:32:32.480","-7.2178218E-02"
"26-09-12 13:32:33.375","-7.2339109E-02"
"26-09-12 13:32:34.090","-7.2308168E-02"
"26-09-12 13:32:34.984","-7.2258663E-02"
"26-09-12 13:32:35.701","-7.2834158E-02"
"26-09-12 13:32:36.599","-7.2394802E-02"
"26-09-12 13:32:37.314","-7.1905941E-02"
"26-09-12 13:32:38.219","-7.2759901E-02"
"26-09-12 13:32:38.932","-7.2376238E-02"
"26-09-12 13:32:39.837","-7.2605198E-02"
"26-09-12 13:32:40.553","-7.2568069E-02"
"26-09-12 13:32:41.450","-7.2184406E-02"
"26-09-12 13:32:42.164","-7.2419554E-02"
"26-09-12 13:32:43.067","-7.2660891E-02"
"26-09-12 13:32:43.782","-7.2896040E-02"
"26-09-12 13:32:44.678","-7.2011139E-02"
"26-09-12 13:32:45.393","-7.2431931E-02"
"26-09-12 13:32:46.288","-7.3118812E-02"
"26-09-12 13:32:47.004","-7.2889851E-02"
"26-09-12 13:32:47.897","-7.2215347E-02"
"26-09-12 13:32:48.614","-7.2116337E-02"
"26-09-12 13:32:49.508","-7.2400990E-02"
"26-09-12 13:32:50.223","-7.1967822E-02"
"26-09-12 13:32:51.125","-7.2988861E-02"
"26-09-12 13:32:51.839","-7.2103960E-02"
"26-09-12 13:32:52.739","-7.2134901E-02"
"26-09-12 13:32:53.455","-7.2728960E-02"
"26-09-12 13:32:54.359","-7.2196782E-02"
"26-09-12 13:32:55.074","-7.2172030E-02"
"26-09-12 13:32:55.982","-7.2636139E-02"
"26-09-12 13:32:56.695","-7.2103960E-02"
"26-09-12 13:32:57.592","-7.2128713E-02"
"26-09-12 13:32:58.308","-7.2487624E-02"
"26-09-12 13:32:59.200","-7.2339109E-02"
"26-09-12 13:32:59.915","-7.2537129E-02"
"26-09-12 13:33:00.812","-7.2914604E-02"
"26-09-12 13:33:01.530","-7.2221535E-02"
"26-09-12 13:33:02.430","-7.2636139E-02"
"26-09-12 13:33:03.144","-7.2271040E-02"
"26-09-12 13:33:04.044","-7.2623762E-02"
"26-09-12 13:33:04.759","-7.2784653E-02"
"26-09-12 13:33:05.662","-7.2376238E-02"
"26-09-12 13:33:06.377","-7.1565594E-02"
"26-09-12 13:33:07.271","-7.2469059E-02"
"26-09-12 13:33:07.987","-7.2079208E-02"
"26-09-12 13:33:08.892","-7.2654703E-02"
"26-09-12 13:33:09.606","-7.2042079E-02"
"26-09-12 13:33:10.503","-7.1819307E-02"
"26-09-12 13:33:11.217","-7.2097772E-02"
"26-09-12 13:33:12.374","-7.3521040E-02"
"26-09-12 13:33:13.088","-7.2605198E-02"
"26-09-12 13:33:13.993","-7.1924505E-02"
"26-09-12 13:33:14.707","-7.2599010E-02"
"26-09-12 13:33:15.601","-7.1831683E-02"
"26-09-12 13:33:16.316","-7.2233911E-02"
"26-09-12 13:33:17.210","-7.2054455E-02"
"26-09-12 13:33:17.924","-7.2363861E-02"
"26-09-12 13:33:18.823","-7.1819307E-02"
"26-09-12 13:33:19.541","-7.2419554E-02"
"26-09-12 13:33:20.434","-7.2184406E-02"
"26-09-12 13:33:21.148","-7.2370050E-02"
"26-09-12 13:33:22.054","-7.1912129E-02"
"26-09-12 13:33:22.768","-7.2704208E-02"
"26-09-12 13:33:23.672","-7.2772277E-02"
"26-09-12 13:33:24.387","-7.1695545E-02"
"26-09-12 13:33:25.283","-7.2889851E-02"
"26-09-12 13:33:25.997","-7.3180693E-02"
"26-09-12 13:33:26.895","-7.2264851E-02"
"26-09-12 13:33:27.611","-7.2487624E-02"
"26-09-12 13:33:28.506","-7.1782178E-02"
"26-09-12 13:33:29.221","-7.2215347E-02"
"26-09-12 13:33:30.115","-7.2605198E-02"
"26-09-12 13:33:30.831","-7.1497525E-02"
"26-09-12 13:33:31.735","-7.2320545E-02"
"26-09-12 13:33:32.450","-7.2301980E-02"
"26-09-12 13:33:33.351","-7.2475248E-02"
"26-09-12 13:33:34.065","-7.1881188E-02"
"26-09-12 13:33:34.967","-7.2196782E-02"
"26-09-12 13:33:35.680","-7.2475248E-02"
"26-09-12 13:33:36.586","-7.2728960E-02"
"26-09-12 13:33:37.301","-7.1658416E-02"
"26-09-12 13:33:38.197","-7.2419554E-02"
"26-09-12 13:33:38.910","-7.2431931E-02"
"26-09-12 13:33:39.806","-7.2308168E-02"
"26-09-12 13:33:40.519","-7.1571782E-02"
"26-09-12 13:33:41.425","-7.2456683E-02"
"26-09-12 13:33:42.139","-7.2865099E-02"
"26-09-12 13:33:43.039","-7.2073020E-02"
"26-09-12 13:33:43.752","-7.2153465E-02"
"26-09-12 13:33:44.658","-7.2444307E-02"
"26-09-12 13:33:45.373","-7.1633663E-02"
"26-09-12 13:33:46.267","-7.2654703E-02"
"26-09-12 13:33:46.982","-7.2116337E-02"
"26-09-12 13:33:47.879","-7.2611386E-02"
"26-09-12 13:33:48.594","-7.2438119E-02"
"26-09-12 13:33:49.486","-7.2134901E-02"
"26-09-12 13:33:50.206","-7.2073020E-02"
"26-09-12 13:33:50.921","-7.2295792E-02"
"26-09-12 13:33:51.821","-7.2605198E-02"
"26-09-12 13:33:52.536","-7.2858911E-02"
"26-09-12 13:33:53.437","-7.2110149E-02"
"26-09-12 13:33:54.152","-7.1887376E-02"
"26-09-12 13:33:55.046","-7.2233911E-02"
"26-09-12 13:33:55.761","-7.2568069E-02"
"26-09-12 13:33:56.658","-7.2629950E-02"
"26-09-12 13:33:57.373","-7.2252475E-02"
"26-09-12 13:33:58.267","-7.2636139E-02"
"26-09-12 13:33:58.984","-7.2339109E-02"
"26-09-12 13:33:59.880","-7.2685644E-02"
"26-09-12 13:34:00.595","-7.2308168E-02"
"26-09-12 13:34:01.500","-7.2079208E-02"
"26-09-12 13:34:02.216","-7.2283416E-02"
"26-09-12 13:34:03.108","-7.2289604E-02"
"26-09-12 13:34:03.823","-7.2790842E-02"
"26-09-12 13:34:04.718","-7.2555693E-02"
"26-09-12 13:34:05.433","-7.2530941E-02"
"26-09-12 13:34:06.331","-7.2110149E-02"
"26-09-12 13:34:07.045","-7.2178218E-02"
"26-09-12 13:34:07.940","-7.2004950E-02"
"26-09-12 13:34:08.654","-7.2339109E-02"
"26-09-12 13:34:09.552","-7.1602723E-02"
"26-09-12 13:34:10.266","-7.2042079E-02"
"26-09-12 13:34:11.170","-7.2444307E-02"
"26-09-12 13:34:11.884","-7.2215347E-02"
"26-09-12 13:34:12.782","-7.4746287E-02"
"26-09-12 13:34:13.496","-7.9492574E-02"
"26-09-12 13:34:14.393","-8.0235149E-02"
"26-09-12 13:34:15.106","-6.2370050E-02"
"26-09-12 13:34:16.001","-5.5507426E-02"
"26-09-12 13:34:16.716","-5.4603960E-02"
"26-09-12 13:34:17.621","-5.5556931E-02"
"26-09-12 13:34:18.551","-5.5191832E-02"
"26-09-12 13:34:19.265","-5.5643564E-02"
"26-09-12 13:34:20.166","-5.5853960E-02"
"26-09-12 13:34:20.882","-5.4870050E-02"
"26-09-12 13:34:21.782","-5.5142327E-02"
"26-09-12 13:34:22.497","-5.5853960E-02"
"26-09-12 13:34:23.390","-5.5037129E-02"
"26-09-12 13:34:24.105","-5.5334158E-02"
"26-09-12 13:34:25.002","-5.4653465E-02"
"26-09-12 13:34:25.717","-5.5600248E-02"
"26-09-12 13:34:26.611","-5.5482673E-02"
"26-09-12 13:34:27.325","-5.5847772E-02"
"26-09-12 13:34:28.226","-5.5216584E-02"
"26-09-12 13:34:28.940","-5.5160891E-02"
"26-09-12 13:34:29.848","-5.5705446E-02"
"26-09-12 13:34:30.561","-5.5482673E-02"
"26-09-12 13:34:31.474","-5.5550743E-02"
"26-09-12 13:34:32.189","-5.5915842E-02"
"26-09-12 13:34:33.086","-5.5587871E-02"
"26-09-12 13:34:33.801","-5.5340347E-02"
"26-09-12 13:34:34.695","-5.4956683E-02"
"26-09-12 13:34:35.412","-5.6336634E-02"
"26-09-12 13:34:36.305","-5.4938119E-02"
"26-09-12 13:34:37.019","-5.5198020E-02"
"26-09-12 13:34:37.918","-5.5785891E-02"
"26-09-12 13:34:38.634","-5.4938119E-02"
"26-09-12 13:34:39.538","-5.5612624E-02"
"26-09-12 13:34:40.253","-5.5167079E-02"
"26-09-12 13:34:41.157","-5.4863861E-02"
"26-09-12 13:34:41.871","-5.5068069E-02"
"26-09-12 13:34:42.768","-5.5303218E-02"
"26-09-12 13:34:43.482","-5.5457921E-02"
"26-09-12 13:34:44.397","-5.5699257E-02"
"26-09-12 13:34:45.111","-5.5247525E-02"
"26-09-12 13:34:46.007","-5.5309406E-02"
"26-09-12 13:34:46.722","-5.4672030E-02"
"26-09-12 13:34:47.615","-5.5352723E-02"
"26-09-12 13:34:48.329","-5.4845297E-02"
"26-09-12 13:34:49.231","-5.4993812E-02"
"26-09-12 13:34:49.946","-5.5006188E-02"
"26-09-12 13:34:50.848","-5.5272277E-02"
"26-09-12 13:34:51.566","-5.5538366E-02"
"26-09-12 13:34:52.469","-5.5049505E-02"
"26-09-12 13:34:53.183","-5.5408416E-02"
"26-09-12 13:34:54.088","-5.5216584E-02"
"26-09-12 13:34:54.801","-5.5377475E-02"
"26-09-12 13:34:55.698","-5.5278465E-02"
"26-09-12 13:34:56.414","-5.4653465E-02"
"26-09-12 13:34:57.310","-5.5340347E-02"
"26-09-12 13:34:58.024","-5.5086634E-02"
"26-09-12 13:34:58.939","-5.5965347E-02"
"26-09-12 13:34:59.653","-5.5012376E-02"
"26-09-12 13:35:00.559","-5.5253713E-02"
"26-09-12 13:35:01.274","-5.5507426E-02"
"26-09-12 13:35:02.170","-5.5315594E-02"
"26-09-12 13:35:02.885","-5.5111386E-02"
"26-09-12 13:35:03.780","-5.5111386E-02"
"26-09-12 13:35:04.495","-5.4938119E-02"
"26-09-12 13:35:05.400","-5.4975248E-02"
"26-09-12 13:35:06.114","-5.5222772E-02"
"26-09-12 13:35:07.011","-5.5018564E-02"
"26-09-12 13:35:07.726","-5.5037129E-02"
"26-09-12 13:35:08.620","-5.5420792E-02"
"26-09-12 13:35:09.334","-5.5389851E-02"
"26-09-12 13:35:10.047","-5.5297030E-02"
"26-09-12 13:35:10.948","-5.6126238E-02"
"26-09-12 13:35:11.663","-5.4845297E-02"
"26-09-12 13:35:12.562","-5.5142327E-02"
"26-09-12 13:35:13.279","-5.4931931E-02"
"26-09-12 13:35:14.171","-5.5074257E-02"
"26-09-12 13:35:14.886","-5.5810644E-02"
"26-09-12 13:35:15.783","-5.5259901E-02"
"26-09-12 13:35:16.497","-5.5105198E-02"
"26-09-12 13:35:17.393","-5.4616337E-02"
"26-09-12 13:35:18.110","-5.5204208E-02"
"26-09-12 13:35:19.014","-5.5012376E-02"
"26-09-12 13:35:19.729","-5.5643564E-02"
"26-09-12 13:35:20.634","-5.4876238E-02"
"26-09-12 13:35:21.348","-5.5210396E-02"
"26-09-12 13:35:22.243","-5.5587871E-02"
"26-09-12 13:35:22.958","-5.4839109E-02"
"26-09-12 13:35:23.853","-5.4684406E-02"
"26-09-12 13:35:24.567","-5.5018564E-02"
"26-09-12 13:35:25.724","-5.5668317E-02"
"26-09-12 13:35:26.440","-5.5792079E-02"
"26-09-12 13:35:27.334","-5.5556931E-02"
"26-09-12 13:35:28.048","-5.5334158E-02"
"26-09-12 13:35:28.946","-5.5315594E-02"
"26-09-12 13:35:29.663","-5.5556931E-02"
"26-09-12 13:35:30.551","-5.5464109E-02"
"26-09-12 13:35:31.266","-5.5185644E-02"
"26-09-12 13:35:32.162","-5.5259901E-02"
"26-09-12 13:35:32.877","-5.5204208E-02"
"26-09-12 13:35:33.772","-5.5074257E-02"
"26-09-12 13:35:34.489","-5.5086634E-02"
"26-09-12 13:35:35.386","-5.5228960E-02"
"26-09-12 13:35:36.101","-5.5167079E-02"
"26-09-12 13:35:37.005","-5.4981436E-02"
"26-09-12 13:35:37.721","-5.5068069E-02"
"26-09-12 13:35:38.624","-5.5204208E-02"
"26-09-12 13:35:39.341","-5.4232673E-02"
"26-09-12 13:35:40.247","-5.4591584E-02"
"26-09-12 13:35:40.964","-5.4535891E-02"
"26-09-12 13:35:41.865","-5.5693069E-02"
"26-09-12 13:35:42.579","-5.5569307E-02"
"26-09-12 13:35:43.476","-5.5018564E-02"
"26-09-12 13:35:44.196","-5.5266089E-02"
"26-09-12 13:35:45.088","-5.5049505E-02"
"26-09-12 13:35:45.802","-5.6039604E-02"
"26-09-12 13:35:46.706","-5.5513614E-02"
"26-09-12 13:35:47.420","-5.5043317E-02"
"26-09-12 13:35:48.318","-5.5123762E-02"
"26-09-12 13:35:49.032","-5.4715347E-02"
"26-09-12 13:35:49.938","-5.5810644E-02"
"26-09-12 13:35:50.652","-5.5241337E-02"
"26-09-12 13:35:51.546","-5.5594059E-02"
"26-09-12 13:35:52.260","-5.5643564E-02"
"26-09-12 13:35:53.167","-5.5297030E-02"
"26-09-12 13:35:53.881","-5.5272277E-02"
"26-09-12 13:35:54.776","-5.5420792E-02"
"26-09-12 13:35:55.491","-5.5185644E-02"
"26-09-12 13:35:56.388","-5.5488861E-02"
"26-09-12 13:35:57.103","-5.5198020E-02"
"26-09-12 13:35:58.008","-5.4888614E-02"
"26-09-12 13:35:58.725","-5.5018564E-02"
"26-09-12 13:35:59.627","-5.5686881E-02"
"26-09-12 13:36:00.341","-5.5587871E-02"
"26-09-12 13:36:01.241","-5.5371287E-02"
"26-09-12 13:36:01.955","-5.4684406E-02"
"26-09-12 13:36:02.858","-5.5414604E-02"
"26-09-12 13:36:03.577","-5.5556931E-02"
"26-09-12 13:36:04.479","-5.5272277E-02"
"26-09-12 13:36:05.194","-5.5464109E-02"
"26-09-12 13:36:06.099","-5.5247525E-02"
"26-09-12 13:36:06.813","-5.5959158E-02"
"26-09-12 13:36:07.709","-5.4486386E-02"
"26-09-12 13:36:08.424","-5.4987624E-02"
"26-09-12 13:36:09.330","-5.5074257E-02"
"26-09-12 13:36:10.044","-5.5891089E-02"
"26-09-12 13:36:10.940","-5.5396040E-02"
"26-09-12 13:36:11.655","-5.6107673E-02"
"26-09-12 13:36:12.550","-5.5736386E-02"
"26-09-12 13:36:13.264","-5.5049505E-02"
"26-09-12 13:36:14.160","-5.5433168E-02"
"26-09-12 13:36:14.879","-5.5247525E-02"
"26-09-12 13:36:15.768","-5.4814356E-02"
"26-09-12 13:36:16.483","-5.4498762E-02"
"26-09-12 13:36:17.381","-5.5445545E-02"
"26-09-12 13:36:18.096","-5.5210396E-02"
"26-09-12 13:36:19.001","-5.5006188E-02"
"26-09-12 13:36:19.715","-5.5142327E-02"
"26-09-12 13:36:20.622","-5.5785891E-02"
"26-09-12 13:36:21.335","-5.5321782E-02"
"26-09-12 13:36:22.240","-5.5235149E-02"
"26-09-12 13:36:22.955","-5.5136139E-02"
"26-09-12 13:36:23.850","-5.6076733E-02"
"26-09-12 13:36:24.565","-5.4548267E-02"
"26-09-12 13:36:25.463","-5.5266089E-02"
"26-09-12 13:36:26.179","-5.5210396E-02"
"26-09-12 13:36:27.074","-5.5959158E-02"
"26-09-12 13:36:27.788","-5.5426980E-02"
"26-09-12 13:36:28.712","-5.4894802E-02"
"26-09-12 13:36:29.427","-5.5643564E-02"
"26-09-12 13:36:30.322","-5.5117574E-02"
"26-09-12 13:36:31.037","-5.4665842E-02"
"26-09-12 13:36:32.180","-5.5532178E-02"
"26-09-12 13:36:32.895","-5.4931931E-02"
"26-09-12 13:36:33.804","-5.5290842E-02"
"26-09-12 13:36:34.518","-5.5117574E-02"
"26-09-12 13:36:35.413","-5.6039604E-02"
"26-09-12 13:36:36.127","-5.4900990E-02"
"26-09-12 13:36:37.021","-5.5000000E-02"
"26-09-12 13:36:37.740","-5.4913366E-02"
"26-09-12 13:36:38.639","-5.5587871E-02"
"26-09-12 13:36:39.354","-5.4647277E-02"
"26-09-12 13:36:40.256","-5.6268564E-02"
"26-09-12 13:36:40.971","-5.5618812E-02"
"26-09-12 13:36:41.877","-5.5550743E-02"
"26-09-12 13:36:42.593","-5.5191832E-02"
"26-09-12 13:36:43.494","-5.5080446E-02"
"26-09-12 13:36:44.208","-5.5389851E-02"
"26-09-12 13:36:45.102","-5.5643564E-02"
"26-09-12 13:36:45.816","-5.5414604E-02"
"26-09-12 13:36:46.727","-5.5142327E-02"
"26-09-12 13:36:47.443","-5.5055693E-02"
"26-09-12 13:36:48.349","-5.5173267E-02"
"26-09-12 13:36:49.065","-5.5439356E-02"
"26-09-12 13:36:49.965","-5.5012376E-02"
"26-09-12 13:36:50.680","-5.5525990E-02"
"26-09-12 13:36:51.574","-5.4672030E-02"
"26-09-12 13:36:52.288","-5.5327970E-02"
"26-09-12 13:36:53.184","-5.5266089E-02"
"26-09-12 13:36:53.899","-5.5383663E-02"
"26-09-12 13:36:54.798","-5.5767327E-02"
"26-09-12 13:36:55.515","-5.4597772E-02"
"26-09-12 13:36:56.408","-5.4907178E-02"
"26-09-12 13:36:57.123","-5.5006188E-02"
"26-09-12 13:36:58.022","-5.5860149E-02"
"26-09-12 13:36:58.737","-5.5501238E-02"
"26-09-12 13:36:59.637","-5.5297030E-02"
"26-09-12 13:37:00.352","-5.4801980E-02"
"26-09-12 13:37:01.267","-5.5055693E-02"
"26-09-12 13:37:01.982","-5.5402228E-02"
"26-09-12 13:37:02.877","-5.5173267E-02"
"26-09-12 13:37:03.592","-5.5668317E-02"
"26-09-12 13:37:04.488","-5.5389851E-02"
"26-09-12 13:37:05.203","-5.5928218E-02"
"26-09-12 13:37:06.098","-5.5532178E-02"
"26-09-12 13:37:06.811","-5.4987624E-02"
"26-09-12 13:37:07.711","-5.5674505E-02"
"26-09-12 13:37:08.425","-5.5476485E-02"
"26-09-12 13:37:09.330","-5.5402228E-02"
"26-09-12 13:37:10.049","-5.5247525E-02"
"26-09-12 13:37:10.949","-5.4826733E-02"
"26-09-12 13:37:11.663","-5.4832921E-02"
"26-09-12 13:37:12.559","-5.5513614E-02"
"26-09-12 13:37:13.275","-5.4801980E-02"
"26-09-12 13:37:14.178","-5.5160891E-02"
"26-09-12 13:37:14.893","-5.4715347E-02"
"26-09-12 13:37:15.788","-5.5575495E-02"
"26-09-12 13:37:16.501","-5.4925743E-02"
"26-09-12 13:37:17.403","-5.5792079E-02"
"26-09-12 13:37:18.120","-5.5247525E-02"
"26-09-12 13:37:19.019","-5.5297030E-02"
"26-09-12 13:37:19.734","-5.4672030E-02"
"26-09-12 13:37:20.630","-5.5259901E-02"
"26-09-12 13:37:21.345","-5.5228960E-02"
"26-09-12 13:37:22.239","-5.5136139E-02"
"26-09-12 13:37:22.954","-5.5377475E-02"
"26-09-12 13:37:23.849","-5.5154703E-02"
"26-09-12 13:37:24.564","-5.5513614E-02"
"26-09-12 13:37:25.462","-5.5699257E-02"
"26-09-12 13:37:26.178","-5.5278465E-02"
"26-09-12 13:37:27.071","-5.5377475E-02"
"26-09-12 13:37:27.784","-5.5365099E-02"
"26-09-12 13:37:28.702","-5.5457921E-02"
"26-09-12 13:37:29.417","-5.4950495E-02"
"26-09-12 13:37:30.309","-5.5327970E-02"
"26-09-12 13:37:31.024","-5.5451733E-02"
"26-09-12 13:37:31.924","-5.5643564E-02"
"26-09-12 13:37:32.638","-5.5897277E-02"
"26-09-12 13:37:33.531","-5.4944307E-02"
"26-09-12 13:37:34.245","-5.5179455E-02"
"26-09-12 13:37:35.142","-5.5303218E-02"
"26-09-12 13:37:35.856","-5.5030941E-02"
"26-09-12 13:37:36.753","-5.5519802E-02"
"26-09-12 13:37:37.469","-5.5996287E-02"
"26-09-12 13:37:38.623","-5.5433168E-02"
"26-09-12 13:37:39.337","-5.5321782E-02"
"26-09-12 13:37:40.233","-5.5129950E-02"
"26-09-12 13:37:40.948","-5.5612624E-02"
"26-09-12 13:37:41.852","-5.5266089E-02"
"26-09-12 13:37:42.567","-5.5365099E-02"
"26-09-12 13:37:43.464","-5.5142327E-02"
"26-09-12 13:37:44.177","-5.5959158E-02"
"26-09-12 13:37:45.077","-5.4839109E-02"
"26-09-12 13:37:45.791","-5.4919554E-02"
"26-09-12 13:37:46.697","-5.5111386E-02"
"26-09-12 13:37:47.412","-5.5123762E-02"
"26-09-12 13:37:48.126","-5.5804455E-02"
"26-09-12 13:37:49.024","-5.5569307E-02"
"26-09-12 13:37:49.738","-5.4777228E-02"
"26-09-12 13:37:50.633","-5.5569307E-02"
"26-09-12 13:37:51.349","-5.5841584E-02"
"26-09-12 13:37:52.243","-5.5142327E-02"
"26-09-12 13:37:52.958","-5.5228960E-02"
"26-09-12 13:37:53.855","-5.5464109E-02"
"26-09-12 13:37:54.571","-5.5037129E-02"
"26-09-12 13:37:55.477","-5.5228960E-02"
"26-09-12 13:37:56.192","-5.5538366E-02"
"26-09-12 13:37:57.091","-5.5377475E-02"
"26-09-12 13:37:57.805","-5.5024752E-02"
"26-09-12 13:37:58.708","-5.4368812E-02"
"26-09-12 13:37:59.423","-5.4931931E-02"
"26-09-12 13:38:00.319","-5.5334158E-02"
"26-09-12 13:38:01.033","-5.4938119E-02"
"26-09-12 13:38:01.936","-5.4585396E-02"
"26-09-12 13:38:02.652","-5.5167079E-02"
"26-09-12 13:38:03.547","-5.5457921E-02"
"26-09-12 13:38:04.262","-5.5352723E-02"
"26-09-12 13:38:05.157","-5.4981436E-02"
"26-09-12 13:38:05.874","-5.5544554E-02"
"26-09-12 13:38:06.772","-5.5191832E-02"
"26-09-12 13:38:07.487","-5.5055693E-02"
"26-09-12 13:38:08.398","-5.4950495E-02"
"26-09-12 13:38:09.113","-5.5371287E-02"
"26-09-12 13:38:10.011","-5.5470297E-02"
"26-09-12 13:38:10.727","-5.4801980E-02"
"26-09-12 13:38:11.629","-5.5030941E-02"
"26-09-12 13:38:12.343","-5.5742574E-02"
"26-09-12 13:38:13.239","-5.4975248E-02"
"26-09-12 13:38:13.955","-5.5414604E-02"
"26-09-12 13:38:14.848","-5.4746287E-02"
"26-09-12 13:38:15.562","-5.5191832E-02"
"26-09-12 13:38:16.460","-5.5625000E-02"
"26-09-12 13:38:17.177","-5.5711634E-02"
"26-09-12 13:38:18.080","-5.5569307E-02"
"26-09-12 13:38:18.795","-5.5191832E-02"
"26-09-12 13:38:19.700","-5.5222772E-02"
"26-09-12 13:38:20.415","-5.5228960E-02"
"26-09-12 13:38:21.310","-5.4529703E-02"
"26-09-12 13:38:22.024","-5.4894802E-02"
"26-09-12 13:38:22.931","-5.5216584E-02"
"26-09-12 13:38:23.645","-5.4560644E-02"
"26-09-12 13:38:24.551","-5.5495050E-02"
"26-09-12 13:38:25.264","-5.4845297E-02"
"26-09-12 13:38:26.161","-5.5346535E-02"
"26-09-12 13:38:26.875","-5.5464109E-02"
"26-09-12 13:38:27.780","-5.5259901E-02"
"26-09-12 13:38:28.494","-5.5272277E-02"
"26-09-12 13:38:29.392","-5.5996287E-02"
"26-09-12 13:38:30.107","-5.5086634E-02"
"26-09-12 13:38:31.002","-5.5538366E-02"
"26-09-12 13:38:31.717","-5.5587871E-02"
"26-09-12 13:38:32.612","-5.5321782E-02"
"26-09-12 13:38:33.326","-5.5816832E-02"
"26-09-12 13:38:34.222","-5.5482673E-02"
"26-09-12 13:38:34.937","-5.5198020E-02"
"26-09-12 13:38:35.840","-5.5012376E-02"
"26-09-12 13:38:36.555","-5.5680693E-02"
"26-09-12 13:38:37.454","-5.5136139E-02"
"26-09-12 13:38:38.168","-5.5074257E-02"
"26-09-12 13:38:39.074","-5.5538366E-02"
"26-09-12 13:38:39.789","-5.5643564E-02"
"26-09-12 13:38:40.690","-5.5587871E-02"
"26-09-12 13:38:41.405","-5.4690594E-02"
"26-09-12 13:38:42.304","-5.4214109E-02"
"26-09-12 13:38:43.018","-5.4839109E-02"
"26-09-12 13:38:43.913","-5.4641089E-02"
"26-09-12 13:38:44.835","-5.4969059E-02"
"26-09-12 13:38:45.553","-5.5519802E-02"
"26-09-12 13:38:46.448","-5.4709158E-02"
"26-09-12 13:38:47.163","-5.5501238E-02"
"26-09-12 13:38:48.064","-5.4758663E-02"
"26-09-12 13:38:48.780","-5.4950495E-02"
"26-09-12 13:38:49.681","-5.5711634E-02"
"26-09-12 13:38:50.397","-5.5383663E-02"
"26-09-12 13:38:51.297","-5.5761139E-02"
"26-09-12 13:38:52.011","-5.5247525E-02"
"26-09-12 13:38:52.906","-5.5074257E-02"
"26-09-12 13:38:53.619","-5.6058168E-02"
"26-09-12 13:38:54.516","-5.5012376E-02"
"26-09-12 13:38:55.231","-5.5346535E-02"
"26-09-12 13:38:56.130","-5.4888614E-02"
"26-09-12 13:38:56.844","-5.4882426E-02"
"26-09-12 13:38:57.745","-5.4938119E-02"
"26-09-12 13:38:58.460","-5.5532178E-02"
"26-09-12 13:38:59.359","-5.5488861E-02"
"26-09-12 13:39:00.074","-5.4684406E-02"
"26-09-12 13:39:00.975","-5.4418317E-02"
"26-09-12 13:39:01.689","-5.5525990E-02"
"26-09-12 13:39:02.586","-5.5655941E-02"
"26-09-12 13:39:03.300","-5.5222772E-02"
"26-09-12 13:39:04.204","-5.5049505E-02"
"26-09-12 13:39:04.919","-5.4702970E-02"
"26-09-12 13:39:05.818","-5.4956683E-02"
"26-09-12 13:39:06.534","-5.5464109E-02"
"26-09-12 13:39:07.249","-5.5408416E-02"
"26-09-12 13:39:08.147","-5.4826733E-02"
"26-09-12 13:39:08.861","-5.5179455E-02"
"26-09-12 13:39:09.758","-5.4331683E-02"
"26-09-12 13:39:10.472","-5.5513614E-02"
"26-09-12 13:39:11.368","-5.4820545E-02"
"26-09-12 13:39:12.083","-5.5358911E-02"
"26-09-12 13:39:12.977","-5.5228960E-02"
"26-09-12 13:39:13.693","-5.5241337E-02"
"26-09-12 13:39:14.589","-5.5965347E-02"
"26-09-12 13:39:15.303","-5.4554455E-02"
"26-09-12 13:39:16.200","-5.4523515E-02"
"26-09-12 13:39:16.915","-5.5204208E-02"
"26-09-12 13:39:17.811","-5.5235149E-02"
"26-09-12 13:39:18.524","-5.5154703E-02"
"26-09-12 13:39:19.427","-5.5222772E-02"
"26-09-12 13:39:20.142","-5.5464109E-02"
"26-09-12 13:39:21.038","-5.6181931E-02"
"26-09-12 13:39:21.753","-5.5389851E-02"
"26-09-12 13:39:22.651","-5.5154703E-02"
"26-09-12 13:39:23.364","-5.4764851E-02"
"26-09-12 13:39:24.261","-5.5625000E-02"
"26-09-12 13:39:24.974","-5.4944307E-02"
"26-09-12 13:39:25.871","-5.4820545E-02"
"26-09-12 13:39:26.585","-5.4894802E-02"
"26-09-12 13:39:27.478","-5.5179455E-02"
"26-09-12 13:39:28.192","-5.4554455E-02"
"26-09-12 13:39:29.090","-5.5736386E-02"
"26-09-12 13:39:29.804","-5.5210396E-02"
"26-09-12 13:39:30.709","-5.5222772E-02"
"26-09-12 13:39:31.426","-5.5693069E-02"
"26-09-12 13:39:32.322","-5.5519802E-02"
"26-09-12 13:39:33.036","-5.5284653E-02"
"26-09-12 13:39:33.931","-5.5117574E-02"
"26-09-12 13:39:34.648","-5.4690594E-02"
"26-09-12 13:39:35.543","-5.5952970E-02"
"26-09-12 13:39:36.256","-5.4721535E-02"
"26-09-12 13:39:37.159","-5.5303218E-02"
"26-09-12 13:39:37.873","-5.5092822E-02"
"26-09-12 13:39:38.771","-5.5266089E-02"
"26-09-12 13:39:39.484","-5.5129950E-02"
"26-09-12 13:39:40.393","-5.5420792E-02"
"26-09-12 13:39:41.108","-5.4863861E-02"
"26-09-12 13:39:42.003","-5.5160891E-02"
"26-09-12 13:39:42.717","-5.5043317E-02"
"26-09-12 13:39:43.620","-5.4925743E-02"
"26-09-12 13:39:44.335","-5.4931931E-02"
"26-09-12 13:39:45.237","-5.4647277E-02"
"26-09-12 13:39:45.955","-5.4548267E-02"
"26-09-12 13:39:46.854","-5.5284653E-02"
"26-09-12 13:39:47.568","-5.5055693E-02"
"26-09-12 13:39:48.473","-5.4839109E-02"
"26-09-12 13:39:49.186","-5.5148515E-02"
"26-09-12 13:39:50.088","-5.5358911E-02"
"26-09-12 13:39:51.019","-5.5606436E-02"
"26-09-12 13:39:51.733","-5.5259901E-02"
"26-09-12 13:39:52.635","-5.5303218E-02"
"26-09-12 13:39:53.349","-5.4511139E-02"
"26-09-12 13:39:54.245","-5.4826733E-02"
"26-09-12 13:39:54.959","-5.5061881E-02"
"26-09-12 13:39:55.863","-5.4647277E-02"
"26-09-12 13:39:56.578","-5.4826733E-02"
"26-09-12 13:39:57.484","-5.5575495E-02"
"26-09-12 13:39:58.200","-5.5476485E-02"
"26-09-12 13:39:59.094","-5.4672030E-02"
"26-09-12 13:39:59.809","-5.5253713E-02"
"26-09-12 13:40:00.706","-5.4814356E-02"
"26-09-12 13:40:01.420","-5.5594059E-02"
"26-09-12 13:40:02.324","-5.4944307E-02"
"26-09-12 13:40:03.039","-5.5581683E-02"
"26-09-12 13:40:03.937","-5.4820545E-02"
"26-09-12 13:40:04.653","-5.5105198E-02"
"26-09-12 13:40:05.547","-5.5247525E-02"
"26-09-12 13:40:06.261","-5.5247525E-02"
"26-09-12 13:40:07.156","-5.4962871E-02"
"26-09-12 13:40:07.870","-5.5377475E-02"
"26-09-12 13:40:08.767","-5.5426980E-02"
"26-09-12 13:40:09.481","-5.5266089E-02"
"26-09-12 13:40:10.376","-5.5600248E-02"
"26-09-12 13:40:11.089","-5.5674505E-02"
"26-09-12 13:40:11.997","-5.5711634E-02"
"26-09-12 13:40:12.712","-5.5785891E-02"
"26-09-12 13:40:13.610","-5.5148515E-02"
"26-09-12 13:40:14.328","-5.4511139E-02"
"26-09-12 13:40:15.222","-5.5173267E-02"
"26-09-12 13:40:15.937","-5.4461634E-02"
"26-09-12 13:40:16.839","-5.5241337E-02"
"26-09-12 13:40:17.555","-5.5185644E-02"
"26-09-12 13:40:18.447","-5.4993812E-02"
"26-09-12 13:40:19.162","-5.5420792E-02"
"26-09-12 13:40:20.061","-5.4925743E-02"
"26-09-12 13:40:20.777","-5.5495050E-02"
"26-09-12 13:40:21.681","-5.5810644E-02"
"26-09-12 13:40:22.395","-5.5377475E-02"
"26-09-12 13:40:23.300","-5.5024752E-02"
"26-09-12 13:40:24.015","-5.4337871E-02"
"26-09-12 13:40:24.949","-5.4857673E-02"
"26-09-12 13:40:25.663","-5.4393564E-02"
"26-09-12 13:40:26.559","-5.5235149E-02"
"26-09-12 13:40:27.274","-5.5519802E-02"
"26-09-12 13:40:28.170","-5.5804455E-02"
"26-09-12 13:40:28.885","-5.5823020E-02"
"26-09-12 13:40:29.791","-5.5092822E-02"
"26-09-12 13:40:30.505","-5.5550743E-02"
"26-09-12 13:40:31.401","-5.5420792E-02"
"26-09-12 13:40:32.114","-5.5216584E-02"
"26-09-12 13:40:33.011","-5.5835396E-02"
"26-09-12 13:40:33.726","-5.5018564E-02"
"26-09-12 13:40:34.625","-5.5247525E-02"
"26-09-12 13:40:35.338","-5.5464109E-02"
"26-09-12 13:40:36.242","-5.5037129E-02"
"26-09-12 13:40:36.958","-5.5043317E-02"
"26-09-12 13:40:37.851","-5.5228960E-02"
"26-09-12 13:40:38.566","-5.5625000E-02"
"26-09-12 13:40:39.463","-5.5334158E-02"
"26-09-12 13:40:40.176","-5.4170792E-02"
"26-09-12 13:40:41.081","-5.4839109E-02"
"26-09-12 13:40:41.796","-5.5544554E-02"
"26-09-12 13:40:42.693","-5.5099010E-02"
"26-09-12 13:40:43.412","-5.5074257E-02"
"26-09-12 13:40:44.305","-5.5724010E-02"
"26-09-12 13:40:45.020","-5.5092822E-02"
"26-09-12 13:40:45.922","-5.5080446E-02"
"26-09-12 13:40:46.638","-5.5012376E-02"
"26-09-12 13:40:47.534","-5.5024752E-02"
"26-09-12 13:40:48.247","-5.5055693E-02"
"26-09-12 13:40:49.154","-5.5327970E-02"
"26-09-12 13:40:49.868","-5.4820545E-02"
"26-09-12 13:40:50.775","-5.5742574E-02"
"26-09-12 13:40:51.490","-5.5037129E-02"
"26-09-12 13:40:52.402","-5.5748762E-02"
"26-09-12 13:40:53.117","-5.5222772E-02"
"26-09-12 13:40:54.013","-5.4721535E-02"
"26-09-12 13:40:54.727","-5.5470297E-02"
"26-09-12 13:40:55.635","-5.5525990E-02"
"26-09-12 13:40:56.349","-5.5117574E-02"
"26-09-12 13:40:57.506","-5.4313119E-02"
"26-09-12 13:40:58.221","-5.5451733E-02"
"26-09-12 13:40:59.123","-5.4368812E-02"
"26-09-12 13:40:59.838","-5.5977723E-02"
"26-09-12 13:41:00.734","-5.5092822E-02"
"26-09-12 13:41:01.449","-5.4975248E-02"
"26-09-12 13:41:02.344","-5.5377475E-02"
"26-09-12 13:41:03.058","-5.5290842E-02"
"26-09-12 13:41:03.953","-5.5297030E-02"
"26-09-12 13:41:04.668","-5.5272277E-02"
"26-09-12 13:41:05.584","-5.4783416E-02"
"26-09-12 13:41:06.299","-5.4783416E-02"
"26-09-12 13:41:07.196","-5.5266089E-02"
"26-09-12 13:41:07.910","-5.4777228E-02"
"26-09-12 13:41:08.804","-5.5346535E-02"
"26-09-12 13:41:09.523","-5.5290842E-02"
"26-09-12 13:41:10.413","-5.5470297E-02"
"26-09-12 13:41:11.128","-5.5532178E-02"
"26-09-12 13:41:12.029","-5.5000000E-02"
"26-09-12 13:41:12.743","-5.5012376E-02"
"26-09-12 13:41:13.647","-5.5272277E-02"
"26-09-12 13:41:14.362","-5.5105198E-02"
"26-09-12 13:41:15.268","-5.4907178E-02"
"26-09-12 13:41:15.982","-5.5402228E-02"
"26-09-12 13:41:16.886","-5.5309406E-02"
"26-09-12 13:41:17.600","-5.5228960E-02"
"26-09-12 13:41:18.495","-5.4956683E-02"
"26-09-12 13:41:19.209","-5.4888614E-02"
"26-09-12 13:41:20.119","-5.5402228E-02"
"26-09-12 13:41:20.834","-5.4944307E-02"
"26-09-12 13:41:21.740","-5.4981436E-02"
"26-09-12 13:41:22.454","-5.5637376E-02"
"26-09-12 13:41:23.358","-5.5717822E-02"
"26-09-12 13:41:24.072","-5.5396040E-02"
"26-09-12 13:41:24.978","-5.5358911E-02"
"26-09-12 13:41:25.693","-5.5513614E-02"
"26-09-12 13:41:26.591","-5.5779703E-02"
"26-09-12 13:41:27.305","-5.5142327E-02"
"26-09-12 13:41:28.210","-5.5173267E-02"
"26-09-12 13:41:28.925","-5.5352723E-02"
"26-09-12 13:41:29.821","-5.5594059E-02"
"26-09-12 13:41:30.535","-5.5340347E-02"
"26-09-12 13:41:31.441","-5.5080446E-02"
"26-09-12 13:41:32.157","-5.4894802E-02"
"26-09-12 13:41:33.068","-5.5556931E-02"
"26-09-12 13:41:33.782","-5.4863861E-02"
"26-09-12 13:41:34.690","-5.5365099E-02"
"26-09-12 13:41:35.407","-5.5222772E-02"
"26-09-12 13:41:36.302","-5.5154703E-02"
"26-09-12 13:41:37.017","-5.4832921E-02"
"26-09-12 13:41:37.923","-5.5117574E-02"
"26-09-12 13:41:38.638","-5.5278465E-02"
"26-09-12 13:41:39.529","-5.5173267E-02"
"26-09-12 13:41:40.243","-5.4375000E-02"
"26-09-12 13:41:41.141","-5.5556931E-02"
"26-09-12 13:41:41.857","-5.5340347E-02"
"26-09-12 13:41:42.750","-5.4492574E-02"
"26-09-12 13:41:43.465","-5.5594059E-02"
"26-09-12 13:41:44.395","-5.4888614E-02"
"26-09-12 13:41:45.111","-5.4913366E-02"
"26-09-12 13:41:46.012","-5.5439356E-02"
"26-09-12 13:41:46.726","-5.4863861E-02"
"26-09-12 13:41:47.623","-5.5884901E-02"
"26-09-12 13:41:48.336","-5.5210396E-02"
"26-09-12 13:41:49.234","-5.5266089E-02"
"26-09-12 13:41:49.948","-5.4678218E-02"
"26-09-12 13:41:50.843","-5.5037129E-02"
"26-09-12 13:41:51.562","-5.5853960E-02"
"26-09-12 13:41:52.461","-5.5711634E-02"
"26-09-12 13:41:53.175","-5.5915842E-02"
"26-09-12 13:41:54.077","-5.5365099E-02"
"26-09-12 13:41:54.792","-5.5513614E-02"
"26-09-12 13:41:55.694","-5.5773515E-02"
"26-09-12 13:41:56.409","-5.5160891E-02"
"26-09-12 13:41:57.315","-5.4523515E-02"
"26-09-12 13:41:58.028","-5.4993812E-02"
"26-09-12 13:41:58.934","-5.4987624E-02"
"26-09-12 13:41:59.648","-5.4832921E-02"
"26-09-12 13:42:00.555","-5.5470297E-02"
"26-09-12 13:42:01.270","-5.4857673E-02"
"26-09-12 13:42:02.176","-5.5983911E-02"
"26-09-12 13:42:02.891","-5.4455446E-02"
"26-09-12 13:42:04.051","-5.4987624E-02"
"26-09-12 13:42:04.770","-5.4634901E-02"
"26-09-12 13:42:05.664","-5.4863861E-02"
"26-09-12 13:42:06.377","-5.5785891E-02"
"26-09-12 13:42:07.276","-5.5315594E-02"
"26-09-12 13:42:07.994","-5.4826733E-02"
"26-09-12 13:42:08.883","-5.5173267E-02"
"26-09-12 13:42:09.597","-5.4560644E-02"
"26-09-12 13:42:10.493","-5.5123762E-02"
"26-09-12 13:42:11.207","-5.5340347E-02"
"26-09-12 13:42:12.105","-5.5668317E-02"
"26-09-12 13:42:12.821","-5.5488861E-02"
"26-09-12 13:42:13.731","-5.4882426E-02"
"26-09-12 13:42:14.448","-5.5488861E-02"
"26-09-12 13:42:15.345","-5.5544554E-02"
"26-09-12 13:42:16.058","-5.5191832E-02"
"26-09-12 13:42:16.955","-5.5402228E-02"
"26-09-12 13:42:17.671","-5.5724010E-02"
"26-09-12 13:42:18.568","-5.5470297E-02"
"26-09-12 13:42:19.282","-5.5420792E-02"
"26-09-12 13:42:20.190","-5.5754950E-02"
"26-09-12 13:42:20.903","-5.5111386E-02"
"26-09-12 13:42:21.808","-5.5346535E-02"
"26-09-12 13:42:22.524","-5.5123762E-02"
"26-09-12 13:42:23.431","-5.4938119E-02"
"26-09-12 13:42:24.147","-5.5513614E-02"
"26-09-12 13:42:25.046","-5.5006188E-02"
"26-09-12 13:42:25.760","-5.5173267E-02"
"26-09-12 13:42:26.661","-5.4993812E-02"
"26-09-12 13:42:27.376","-5.5507426E-02"
"26-09-12 13:42:28.289","-5.5365099E-02"
"26-09-12 13:42:29.004","-5.5086634E-02"
"26-09-12 13:42:29.908","-5.5228960E-02"
"26-09-12 13:42:30.625","-5.5160891E-02"
"26-09-12 13:42:31.519","-5.5235149E-02"
"26-09-12 13:42:32.233","-5.5476485E-02"
"26-09-12 13:42:33.128","-5.5253713E-02"
"26-09-12 13:42:33.843","-5.4393564E-02"
"26-09-12 13:42:34.750","-5.5253713E-02"
"26-09-12 13:42:35.465","-5.5445545E-02"
"26-09-12 13:42:36.361","-5.5884901E-02"
"26-09-12 13:42:37.079","-5.4882426E-02"
"26-09-12 13:42:37.981","-5.5556931E-02"
"26-09-12 13:42:38.695","-5.5216584E-02"
"26-09-12 13:42:39.600","-5.4814356E-02"
"26-09-12 13:42:40.315","-5.5129950E-02"
"26-09-12 13:42:41.219","-5.5550743E-02"
"26-09-12 13:42:41.934","-5.5686881E-02"
"26-09-12 13:42:42.832","-5.5519802E-02"
"26-09-12 13:42:43.545","-5.5606436E-02"
"26-09-12 13:42:44.452","-5.4962871E-02"
"26-09-12 13:42:45.166","-5.4931931E-02"
"26-09-12 13:42:46.061","-5.4931931E-02"
"26-09-12 13:42:46.775","-5.5334158E-02"
"26-09-12 13:42:47.683","-5.4702970E-02"
"26-09-12 13:42:48.397","-5.4535891E-02"
"26-09-12 13:42:49.302","-5.5525990E-02"
"26-09-12 13:42:50.017","-5.5055693E-02"
"26-09-12 13:42:50.913","-5.5693069E-02"
"26-09-12 13:42:51.630","-5.4746287E-02"
"26-09-12 13:42:52.531","-5.4925743E-02"
"26-09-12 13:42:53.245","-5.5136139E-02"
"26-09-12 13:42:54.151","-5.6181931E-02"
"26-09-12 13:42:54.865","-5.4659653E-02"
"26-09-12 13:42:55.775","-5.5136139E-02"
"26-09-12 13:42:56.490","-5.4647277E-02"
"26-09-12 13:42:57.382","-5.5655941E-02"
"26-09-12 13:42:58.096","-5.4938119E-02"
"26-09-12 13:42:58.990","-5.5235149E-02"
"26-09-12 13:42:59.705","-5.5247525E-02"
"26-09-12 13:43:00.605","-5.4888614E-02"
"26-09-12 13:43:01.319","-5.4832921E-02"
"26-09-12 13:43:02.223","-5.5191832E-02"
"26-09-12 13:43:02.937","-5.5445545E-02"
"26-09-12 13:43:03.651","-5.5519802E-02"
"26-09-12 13:43:04.552","-5.5538366E-02"
"26-09-12 13:43:05.267","-5.5414604E-02"
"26-09-12 13:43:06.165","-5.4579208E-02"
"26-09-12 13:43:06.878","-5.5587871E-02"
"26-09-12 13:43:07.784","-5.5173267E-02"
"26-09-12 13:43:08.497","-5.5594059E-02"
"26-09-12 13:43:09.394","-5.5445545E-02"
"26-09-12 13:43:10.322","-5.5457921E-02"
"26-09-12 13:43:11.039","-5.5600248E-02"
"26-09-12 13:43:11.934","-5.5544554E-02"
"26-09-12 13:43:12.647","-5.5606436E-02"
"26-09-12 13:43:13.544","-5.5030941E-02"
"26-09-12 13:43:14.261","-5.5253713E-02"
"26-09-12 13:43:15.153","-5.5136139E-02"
"26-09-12 13:43:15.868","-5.4981436E-02"
"26-09-12 13:43:16.764","-5.5055693E-02"
"26-09-12 13:43:17.478","-5.5327970E-02"
"26-09-12 13:43:18.375","-5.5129950E-02"
"26-09-12 13:43:19.088","-5.5216584E-02"
"26-09-12 13:43:19.986","-5.5655941E-02"
"26-09-12 13:43:20.701","-5.5352723E-02"
"26-09-12 13:43:21.605","-5.5538366E-02"
"26-09-12 13:43:22.320","-5.4535891E-02"
"26-09-12 13:43:23.215","-5.5099010E-02"
"26-09-12 13:43:23.930","-5.4337871E-02"
"26-09-12 13:43:24.828","-5.6021040E-02"
"26-09-12 13:43:25.543","-5.4771040E-02"
"26-09-12 13:43:26.448","-5.5321782E-02"
"26-09-12 13:43:27.163","-5.5451733E-02"
"26-09-12 13:43:28.067","-5.5080446E-02"
"26-09-12 13:43:28.782","-5.5037129E-02"
"26-09-12 13:43:29.679","-5.5105198E-02"
"26-09-12 13:43:30.394","-5.4845297E-02"
"26-09-12 13:43:31.288","-5.5210396E-02"
"26-09-12 13:43:32.001","-5.5049505E-02"
"26-09-12 13:43:32.901","-5.4993812E-02"
"26-09-12 13:43:33.617","-5.5080446E-02"
"26-09-12 13:43:34.519","-5.4721535E-02"
"26-09-12 13:43:35.233","-5.4628713E-02"
"26-09-12 13:43:36.138","-5.5037129E-02"
"26-09-12 13:43:36.853","-5.5532178E-02"
"26-09-12 13:43:37.748","-5.4907178E-02"
"26-09-12 13:43:38.463","-5.4783416E-02"
"26-09-12 13:43:39.355","-5.5216584E-02"
"26-09-12 13:43:40.072","-5.5488861E-02"
"26-09-12 13:43:40.970","-5.4337871E-02"
"26-09-12 13:43:41.684","-5.6021040E-02"
"26-09-12 13:43:42.591","-5.5334158E-02"
"26-09-12 13:43:43.307","-5.5024752E-02"
"26-09-12 13:43:44.210","-5.4412129E-02"
"26-09-12 13:43:44.925","-5.4170792E-02"
"26-09-12 13:43:45.821","-5.5092822E-02"
"26-09-12 13:43:46.535","-5.6169554E-02"
"26-09-12 13:43:47.428","-5.4653465E-02"
"26-09-12 13:43:48.144","-5.4777228E-02"
"26-09-12 13:43:49.051","-5.5216584E-02"
"26-09-12 13:43:49.766","-5.5569307E-02"
"26-09-12 13:43:50.661","-5.4962871E-02"
"26-09-12 13:43:51.377","-5.4826733E-02"
"26-09-12 13:43:52.275","-5.5699257E-02"
"26-09-12 13:43:52.988","-5.5909653E-02"
"26-09-12 13:43:53.892","-5.5748762E-02"
"26-09-12 13:43:54.607","-5.5457921E-02"
"26-09-12 13:43:55.512","-5.5396040E-02"
"26-09-12 13:43:56.226","-5.5383663E-02"
"26-09-12 13:43:57.123","-5.5216584E-02"
"26-09-12 13:43:57.836","-5.4702970E-02"
"26-09-12 13:43:58.733","-5.4820545E-02"
"26-09-12 13:43:59.448","-5.4863861E-02"
"26-09-12 13:44:00.341","-5.5222772E-02"
"26-09-12 13:44:01.056","-5.4931931E-02"
"26-09-12 13:44:01.958","-5.5272277E-02"
"26-09-12 13:44:02.671","-5.5426980E-02"
"26-09-12 13:44:03.584","-5.5278465E-02"
"26-09-12 13:44:04.299","-5.5259901E-02"
"26-09-12 13:44:05.193","-5.5600248E-02"
"26-09-12 13:44:05.908","-5.4362624E-02"
"26-09-12 13:44:06.804","-5.4845297E-02"
"26-09-12 13:44:07.518","-5.5278465E-02"
"26-09-12 13:44:08.413","-5.4925743E-02"
"26-09-12 13:44:09.127","-5.4622525E-02"
"26-09-12 13:44:10.025","-5.5043317E-02"
"26-09-12 13:44:10.739","-5.5241337E-02"
"26-09-12 13:44:11.635","-5.5068069E-02"
"26-09-12 13:44:12.350","-5.5074257E-02"
"26-09-12 13:44:13.245","-5.5228960E-02"
"26-09-12 13:44:13.958","-5.5142327E-02"
"26-09-12 13:44:14.855","-5.5309406E-02"
"26-09-12 13:44:15.569","-5.5253713E-02"
"26-09-12 13:44:16.722","-5.5519802E-02"
"26-09-12 13:44:17.435","-5.5309406E-02"
"26-09-12 13:44:18.334","-5.4956683E-02"
"26-09-12 13:44:19.049","-5.5680693E-02"
"26-09-12 13:44:19.944","-5.5185644E-02"
"26-09-12 13:44:20.662","-5.5080446E-02"
"26-09-12 13:44:21.553","-5.5346535E-02"
"26-09-12 13:44:22.267","-5.5346535E-02"
"26-09-12 13:44:22.981","-5.5068069E-02"
"26-09-12 13:44:23.884","-5.5408416E-02"
"26-09-12 13:44:24.599","-5.4740099E-02"
"26-09-12 13:44:25.495","-5.5142327E-02"
"26-09-12 13:44:26.208","-5.4950495E-02"
"26-09-12 13:44:27.105","-5.5631188E-02"
"26-09-12 13:44:27.824","-5.4975248E-02"
"26-09-12 13:44:28.715","-5.5346535E-02"
"26-09-12 13:44:29.430","-5.4987624E-02"
"26-09-12 13:44:30.336","-5.5092822E-02"
"26-09-12 13:44:31.050","-5.5037129E-02"
"26-09-12 13:44:31.949","-5.4981436E-02"
"26-09-12 13:44:32.663","-5.5092822E-02"
"26-09-12 13:44:33.558","-5.5334158E-02"
"26-09-12 13:44:34.271","-5.5105198E-02"
"26-09-12 13:44:35.169","-5.4888614E-02"
"26-09-12 13:44:35.883","-5.4913366E-02"
"26-09-12 13:44:36.789","-5.4672030E-02"
"26-09-12 13:44:37.504","-5.4727723E-02"
"26-09-12 13:44:38.409","-5.5637376E-02"
"26-09-12 13:44:39.127","-5.5439356E-02"
"26-09-12 13:44:40.028","-5.5303218E-02"
"26-09-12 13:44:40.742","-5.4727723E-02"
"26-09-12 13:44:41.642","-5.5433168E-02"
"26-09-12 13:44:42.356","-5.4913366E-02"
"26-09-12 13:44:43.270","-5.5123762E-02"
"26-09-12 13:44:43.983","-5.5173267E-02"
"26-09-12 13:44:44.887","-5.5148515E-02"
"26-09-12 13:44:45.604","-5.5711634E-02"
"26-09-12 13:44:46.498","-5.4597772E-02"
"26-09-12 13:44:47.211","-5.5235149E-02"
"26-09-12 13:44:48.108","-5.4801980E-02"
"26-09-12 13:44:48.823","-5.4665842E-02"
"26-09-12 13:44:49.719","-5.5829208E-02"
"26-09-12 13:44:50.434","-5.5123762E-02"
"26-09-12 13:44:51.334","-5.5550743E-02"
"26-09-12 13:44:52.048","-5.5544554E-02"
"26-09-12 13:44:52.949","-5.4733911E-02"
"26-09-12 13:44:53.663","-5.4634901E-02"
"26-09-12 13:44:54.559","-5.4801980E-02"
"26-09-12 13:44:55.274","-5.5532178E-02"
"26-09-12 13:44:56.172","-5.4603960E-02"
"26-09-12 13:44:56.886","-5.4628713E-02"
"26-09-12 13:44:57.795","-5.5210396E-02"
"26-09-12 13:44:58.509","-5.4839109E-02"
"26-09-12 13:44:59.412","-5.4684406E-02"
"26-09-12 13:45:00.126","-5.5123762E-02"
"26-09-12 13:45:01.026","-5.4857673E-02"
"26-09-12 13:45:01.740","-5.5006188E-02"
"26-09-12 13:45:02.641","-5.4832921E-02"
"26-09-12 13:45:03.356","-5.5259901E-02"
"26-09-12 13:45:04.254","-5.5519802E-02"
"26-09-12 13:45:04.968","-5.5216584E-02"
"26-09-12 13:45:05.876","-5.4523515E-02"
"26-09-12 13:45:06.591","-5.5680693E-02"
"26-09-12 13:45:07.492","-5.4746287E-02"
"26-09-12 13:45:08.211","-5.5080446E-02"
"26-09-12 13:45:09.103","-5.4820545E-02"
"26-09-12 13:45:09.818","-5.5086634E-02"
"26-09-12 13:45:10.733","-5.5594059E-02"
"26-09-12 13:45:11.447","-5.4566832E-02"
"26-09-12 13:45:12.353","-5.4876238E-02"
"26-09-12 13:45:13.068","-5.5000000E-02"
"26-09-12 13:45:13.964","-5.4102723E-02"
"26-09-12 13:45:14.679","-5.5711634E-02"
"26-09-12 13:45:15.574","-5.5216584E-02"
"26-09-12 13:45:16.289","-5.5408416E-02"
"26-09-12 13:45:17.183","-5.4814356E-02"
"26-09-12 13:45:17.898","-5.5148515E-02"
"26-09-12 13:45:18.793","-5.5358911E-02"
"26-09-12 13:45:19.507","-5.4733911E-02"
"26-09-12 13:45:20.405","-5.5847772E-02"
"26-09-12 13:45:21.120","-5.5105198E-02"
"26-09-12 13:45:22.023","-5.4814356E-02"
"26-09-12 13:45:22.954","-5.5129950E-02"
"26-09-12 13:45:23.669","-5.4900990E-02"
"26-09-12 13:45:24.573","-5.5377475E-02"
"26-09-12 13:45:25.288","-5.5340347E-02"
"26-09-12 13:45:26.185","-5.5173267E-02"
"26-09-12 13:45:26.900","-5.4764851E-02"
"26-09-12 13:45:27.795","-5.5884901E-02"
"26-09-12 13:45:28.508","-5.4758663E-02"
"26-09-12 13:45:29.407","-5.5154703E-02"
"26-09-12 13:45:30.122","-5.4975248E-02"
"26-09-12 13:45:31.028","-5.5055693E-02"
"26-09-12 13:45:31.742","-5.5241337E-02"
"26-09-12 13:45:32.634","-5.4344059E-02"
"26-09-12 13:45:33.348","-5.4740099E-02"
"26-09-12 13:45:34.249","-5.5061881E-02"
"26-09-12 13:45:34.963","-5.4690594E-02"
"26-09-12 13:45:35.864","-5.5235149E-02"
"26-09-12 13:45:36.579","-5.5272277E-02"
"26-09-12 13:45:37.479","-5.5247525E-02"
"26-09-12 13:45:38.192","-5.4721535E-02"
"26-09-12 13:45:39.098","-5.4919554E-02"
"26-09-12 13:45:39.812","-5.5488861E-02"
"26-09-12 13:45:40.739","-5.4962871E-02"
"26-09-12 13:45:41.455","-5.4777228E-02"
"26-09-12 13:45:42.346","-5.4591584E-02"
"26-09-12 13:45:43.061","-5.5204208E-02"
"26-09-12 13:45:43.956","-5.4702970E-02"
"26-09-12 13:45:44.670","-5.5142327E-02"
"26-09-12 13:45:45.571","-5.4975248E-02"
"26-09-12 13:45:46.287","-5.5129950E-02"
"26-09-12 13:45:47.187","-5.5433168E-02"
"26-09-12 13:45:47.901","-5.4702970E-02"
"26-09-12 13:45:48.799","-5.5550743E-02"
"26-09-12 13:45:49.514","-5.5501238E-02"
"26-09-12 13:45:50.413","-5.5061881E-02"
"26-09-12 13:45:51.127","-5.5290842E-02"
"26-09-12 13:45:52.039","-5.5253713E-02"
"26-09-12 13:45:52.754","-5.5587871E-02"
"26-09-12 13:45:53.649","-5.5185644E-02"
"26-09-12 13:45:54.363","-5.5315594E-02"
"26-09-12 13:45:55.259","-5.4783416E-02"
"26-09-12 13:45:55.974","-5.5507426E-02"
"26-09-12 13:45:56.869","-5.4857673E-02"
"26-09-12 13:45:57.585","-5.4672030E-02"
"26-09-12 13:45:58.478","-5.5037129E-02"
"26-09-12 13:45:59.193","-5.5426980E-02"
"26-09-12 13:46:00.090","-5.5309406E-02"
"26-09-12 13:46:00.804","-5.5061881E-02"
"26-09-12 13:46:01.710","-5.4919554E-02"
"26-09-12 13:46:02.425","-5.4808168E-02"
"26-09-12 13:46:03.320","-5.4579208E-02"
"26-09-12 13:46:04.037","-5.5501238E-02"
"26-09-12 13:46:04.939","-5.5637376E-02"
"26-09-12 13:46:05.653","-5.4653465E-02"
"26-09-12 13:46:06.550","-5.5426980E-02"
"26-09-12 13:46:07.267","-5.5334158E-02"
"26-09-12 13:46:08.165","-5.5365099E-02"
"26-09-12 13:46:08.878","-5.4690594E-02"
"26-09-12 13:46:09.780","-5.4981436E-02"
"26-09-12 13:46:10.493","-5.5884901E-02"
"26-09-12 13:46:11.399","-5.5420792E-02"
"26-09-12 13:46:12.116","-5.5228960E-02"
"26-09-12 13:46:13.013","-5.5185644E-02"
"26-09-12 13:46:13.728","-5.5352723E-02"
"26-09-12 13:46:14.623","-5.4597772E-02"
"26-09-12 13:46:15.339","-5.5216584E-02"
"26-09-12 13:46:16.235","-5.5309406E-02"
"26-09-12 13:46:16.948","-5.4981436E-02"
"26-09-12 13:46:17.852","-5.4839109E-02"
"26-09-12 13:46:18.570","-5.5216584E-02"
"26-09-12 13:46:19.476","-5.5426980E-02"
"26-09-12 13:46:20.192","-5.5383663E-02"
"26-09-12 13:46:21.095","-5.5525990E-02"
"26-09-12 13:46:21.810","-5.5006188E-02"
"26-09-12 13:46:22.704","-5.4672030E-02"
"26-09-12 13:46:23.420","-5.5247525E-02"
"26-09-12 13:46:24.312","-5.5340347E-02"
"26-09-12 13:46:25.025","-5.5018564E-02"
"26-09-12 13:46:25.924","-5.4956683E-02"
"26-09-12 13:46:26.641","-5.5402228E-02"
"26-09-12 13:46:27.535","-5.4882426E-02"
"26-09-12 13:46:28.250","-5.5154703E-02"
"26-09-12 13:46:29.396","-5.5513614E-02"
"26-09-12 13:46:30.111","-5.4870050E-02"
"26-09-12 13:46:31.015","-5.5513614E-02"
"26-09-12 13:46:31.729","-5.5253713E-02"
"26-09-12 13:46:32.635","-5.5625000E-02"
"26-09-12 13:46:33.349","-5.4603960E-02"
"26-09-12 13:46:34.246","-5.4579208E-02"
"26-09-12 13:46:34.959","-5.5154703E-02"
"26-09-12 13:46:35.859","-5.5315594E-02"
"26-09-12 13:46:36.575","-5.4857673E-02"
"26-09-12 13:46:37.477","-5.5235149E-02"
"26-09-12 13:46:38.191","-5.5408416E-02"
"26-09-12 13:46:39.087","-5.5983911E-02"
"26-09-12 13:46:39.803","-5.5105198E-02"
"26-09-12 13:46:40.707","-5.5086634E-02"
"26-09-12 13:46:41.421","-5.4387376E-02"
"26-09-12 13:46:42.317","-5.5030941E-02"
"26-09-12 13:46:43.031","-5.4987624E-02"
"26-09-12 13:46:43.940","-5.5049505E-02"
"26-09-12 13:46:44.656","-5.5309406E-02"
"26-09-12 13:46:45.558","-5.5136139E-02"
"26-09-12 13:46:46.272","-5.5074257E-02"
"26-09-12 13:46:47.178","-5.4925743E-02"
"26-09-12 13:46:47.892","-5.5117574E-02"
"26-09-12 13:46:48.787","-5.4894802E-02"
"26-09-12 13:46:49.504","-5.5792079E-02"
"26-09-12 13:46:50.398","-5.4975248E-02"
"26-09-12 13:46:51.112","-5.4907178E-02"
"26-09-12 13:46:52.008","-5.5160891E-02"
"26-09-12 13:46:52.722","-5.5340347E-02"
"26-09-12 13:46:53.620","-5.4591584E-02"
"26-09-12 13:46:54.334","-5.5080446E-02"
"26-09-12 13:46:55.239","-5.5024752E-02"
"26-09-12 13:46:55.953","-5.5068069E-02"
"26-09-12 13:46:56.849","-5.5470297E-02"
"26-09-12 13:46:57.564","-5.4758663E-02"
"26-09-12 13:46:58.459","-5.5049505E-02"
"26-09-12 13:46:59.174","-5.4888614E-02"
"26-09-12 13:47:00.109","-5.5792079E-02"
"26-09-12 13:47:00.824","-5.4832921E-02"
"26-09-12 13:47:01.721","-5.4368812E-02"
"26-09-12 13:47:02.436","-5.5513614E-02"
"26-09-12 13:47:03.329","-5.5074257E-02"
"26-09-12 13:47:04.044","-5.4931931E-02"
"26-09-12 13:47:04.939","-5.5030941E-02"
"26-09-12 13:47:05.654","-5.4956683E-02"
"26-09-12 13:47:06.552","-5.5160891E-02"
"26-09-12 13:47:07.266","-5.5167079E-02"
"26-09-12 13:47:08.161","-5.5160891E-02"
"26-09-12 13:47:08.876","-5.5724010E-02"
"26-09-12 13:47:09.778","-5.5241337E-02"
"26-09-12 13:47:10.493","-5.4839109E-02"
"26-09-12 13:47:11.389","-5.5668317E-02"
"26-09-12 13:47:12.104","-5.5173267E-02"
"26-09-12 13:47:13.000","-5.5346535E-02"
"26-09-12 13:47:13.714","-5.5433168E-02"
"26-09-12 13:47:14.622","-5.5129950E-02"
"26-09-12 13:47:15.339","-5.5680693E-02"
"26-09-12 13:47:16.232","-5.5637376E-02"
"26-09-12 13:47:16.947","-5.5389851E-02"
"26-09-12 13:47:17.840","-5.4863861E-02"
"26-09-12 13:47:18.554","-5.4962871E-02"
"26-09-12 13:47:19.458","-5.4894802E-02"
"26-09-12 13:47:20.173","-5.5476485E-02"
"26-09-12 13:47:21.070","-5.5377475E-02"
"26-09-12 13:47:21.787","-5.5129950E-02"
"26-09-12 13:47:22.684","-5.5055693E-02"
"26-09-12 13:47:23.397","-5.5829208E-02"
"26-09-12 13:47:24.292","-5.5575495E-02"
"26-09-12 13:47:25.007","-5.5167079E-02"
"26-09-12 13:47:25.903","-5.5216584E-02"
"26-09-12 13:47:26.617","-5.4758663E-02"
"26-09-12 13:47:27.522","-5.5117574E-02"
"26-09-12 13:47:28.239","-5.5340347E-02"
"26-09-12 13:47:29.140","-5.5142327E-02"
"26-09-12 13:47:29.853","-5.4653465E-02"
"26-09-12 13:47:30.753","-5.5371287E-02"
"26-09-12 13:47:31.469","-5.5216584E-02"
"26-09-12 13:47:32.368","-5.4851485E-02"
"26-09-12 13:47:33.083","-5.5773515E-02"
"26-09-12 13:47:33.984","-5.4870050E-02"
"26-09-12 13:47:34.699","-5.4925743E-02"
"26-09-12 13:47:35.849","-5.5383663E-02"
"26-09-12 13:47:36.562","-5.4789604E-02"
"26-09-12 13:47:37.468","-5.5167079E-02"
"26-09-12 13:47:38.181","-5.5655941E-02"
"26-09-12 13:47:39.079","-5.5111386E-02"
"26-09-12 13:47:39.795","-5.5965347E-02"
"26-09-12 13:47:40.696","-5.5321782E-02"
"26-09-12 13:47:41.410","-5.5043317E-02"
"26-09-12 13:47:42.318","-5.5278465E-02"
"26-09-12 13:47:43.033","-5.5006188E-02"
"26-09-12 13:47:43.927","-5.5173267E-02"
"26-09-12 13:47:44.642","-5.4641089E-02"
"26-09-12 13:47:45.537","-5.4938119E-02"
"26-09-12 13:47:46.252","-5.5241337E-02"
"26-09-12 13:47:47.157","-5.4857673E-02"
"26-09-12 13:47:47.871","-5.5717822E-02"
"26-09-12 13:47:48.768","-5.5055693E-02"
"26-09-12 13:47:49.483","-5.4288366E-02"
"26-09-12 13:47:50.389","-5.4090347E-02"
"26-09-12 13:47:51.104","-5.5235149E-02"
"26-09-12 13:47:52.008","-5.4764851E-02"
"26-09-12 13:47:52.722","-5.5266089E-02"
"26-09-12 13:47:53.628","-5.5810644E-02"
"26-09-12 13:47:54.341","-5.5012376E-02"
"26-09-12 13:47:55.247","-5.4894802E-02"
"26-09-12 13:47:55.961","-5.5321782E-02"
"26-09-12 13:47:56.857","-5.4529703E-02"
"26-09-12 13:47:57.571","-5.6150990E-02"
"26-09-12 13:47:58.467","-5.5309406E-02"
"26-09-12 13:47:59.182","-5.5327970E-02"
"26-09-12 13:48:00.090","-5.5290842E-02"
"26-09-12 13:48:00.806","-5.5173267E-02"
"26-09-12 13:48:01.700","-5.5086634E-02"
"26-09-12 13:48:02.415","-5.5371287E-02"
"26-09-12 13:48:03.310","-5.5563119E-02"
"26-09-12 13:48:04.025","-5.4851485E-02"
"26-09-12 13:48:04.919","-5.4956683E-02"
"26-09-12 13:48:05.635","-5.5587871E-02"
"26-09-12 13:48:06.531","-5.4294554E-02"
"26-09-12 13:48:07.245","-5.5253713E-02"
"26-09-12 13:48:08.141","-5.4975248E-02"
"26-09-12 13:48:08.858","-5.4900990E-02"
"26-09-12 13:48:09.770","-5.5532178E-02"
"26-09-12 13:48:10.484","-5.4956683E-02"
"26-09-12 13:48:11.381","-5.5922030E-02"
"26-09-12 13:48:12.094","-5.4888614E-02"
"26-09-12 13:48:12.992","-5.5216584E-02"
"26-09-12 13:48:13.710","-5.5340347E-02"
"26-09-12 13:48:14.611","-5.4672030E-02"
"26-09-12 13:48:15.326","-5.4845297E-02"
"26-09-12 13:48:16.222","-5.4511139E-02"
"26-09-12 13:48:16.938","-5.4900990E-02"
"26-09-12 13:48:17.829","-5.5185644E-02"
"26-09-12 13:48:18.544","-5.5581683E-02"
"26-09-12 13:48:19.257","-5.5748762E-02"
"26-09-12 13:48:20.162","-5.5402228E-02"
"26-09-12 13:48:20.875","-5.4882426E-02"
"26-09-12 13:48:21.772","-5.5742574E-02"
"26-09-12 13:48:22.486","-5.4993812E-02"
"26-09-12 13:48:23.383","-5.4727723E-02"
"26-09-12 13:48:24.096","-5.5204208E-02"
"26-09-12 13:48:24.993","-5.4857673E-02"
"26-09-12 13:48:25.707","-5.5402228E-02"
"26-09-12 13:48:26.604","-5.5464109E-02"
"26-09-12 13:48:27.320","-5.4789604E-02"
"26-09-12 13:48:28.219","-5.4455446E-02"
"26-09-12 13:48:28.934","-5.5272277E-02"
"26-09-12 13:48:29.833","-5.4579208E-02"
"26-09-12 13:48:30.548","-5.5198020E-02"
"26-09-12 13:48:31.444","-5.4969059E-02"
"26-09-12 13:48:32.159","-5.5457921E-02"
"26-09-12 13:48:33.053","-5.4628713E-02"
"26-09-12 13:48:33.770","-5.5501238E-02"
"26-09-12 13:48:34.667","-5.4294554E-02"
"26-09-12 13:48:35.381","-5.5358911E-02"
"26-09-12 13:48:36.296","-5.5222772E-02"
"26-09-12 13:48:37.011","-5.4764851E-02"
"26-09-12 13:48:37.917","-5.5290842E-02"
"26-09-12 13:48:38.631","-5.4882426E-02"
"26-09-12 13:48:39.534","-5.5724010E-02"
"26-09-12 13:48:40.253","-5.5080446E-02"
"26-09-12 13:48:41.156","-5.5259901E-02"
"26-09-12 13:48:42.090","-5.4659653E-02"
"26-09-12 13:48:42.804","-5.4931931E-02"
"26-09-12 13:48:43.705","-5.4535891E-02"
"26-09-12 13:48:44.419","-5.5334158E-02"
"26-09-12 13:48:45.314","-5.5371287E-02"
"26-09-12 13:48:46.029","-5.4591584E-02"
"26-09-12 13:48:46.925","-5.4702970E-02"
"26-09-12 13:48:47.641","-5.4659653E-02"
"26-09-12 13:48:48.539","-5.5587871E-02"
"26-09-12 13:48:49.254","-5.5525990E-02"
"26-09-12 13:48:50.157","-5.4913366E-02"
"26-09-12 13:48:50.870","-5.5123762E-02"
"26-09-12 13:48:51.766","-5.4721535E-02"
"26-09-12 13:48:52.480","-5.4449257E-02"
"26-09-12 13:48:53.380","-5.5253713E-02"
"26-09-12 13:48:54.096","-5.5365099E-02"
"26-09-12 13:48:55.000","-5.5346535E-02"
"26-09-12 13:48:55.713","-5.5241337E-02"
"26-09-12 13:48:56.620","-5.4925743E-02"
"26-09-12 13:48:57.333","-5.5129950E-02"
"26-09-12 13:48:58.243","-5.5625000E-02"
"26-09-12 13:48:58.956","-5.5544554E-02"
"26-09-12 13:48:59.859","-5.5699257E-02"
"26-09-12 13:49:00.574","-5.5389851E-02"
"26-09-12 13:49:01.482","-5.5092822E-02"
"26-09-12 13:49:02.199","-5.4672030E-02"
"26-09-12 13:49:03.110","-5.5451733E-02"
"26-09-12 13:49:03.823","-5.5488861E-02"
"26-09-12 13:49:04.719","-5.4777228E-02"
"26-09-12 13:49:05.434","-5.4888614E-02"
"26-09-12 13:49:06.330","-5.4894802E-02"
"26-09-12 13:49:07.047","-5.5216584E-02"
"26-09-12 13:49:07.945","-5.4764851E-02"
"26-09-12 13:49:08.659","-5.4839109E-02"
"26-09-12 13:49:09.560","-5.5278465E-02"
"26-09-12 13:49:10.276","-5.5519802E-02"
"26-09-12 13:49:11.168","-5.5327970E-02"
"26-09-12 13:49:11.883","-5.5426980E-02"
"26-09-12 13:49:12.781","-5.5544554E-02"
"26-09-12 13:49:13.495","-5.5303218E-02"
"26-09-12 13:49:14.401","-5.5358911E-02"
"26-09-12 13:49:15.116","-5.5049505E-02"
"26-09-12 13:49:16.013","-5.5705446E-02"
"26-09-12 13:49:16.728","-5.4269802E-02"
"26-09-12 13:49:17.639","-5.5055693E-02"
"26-09-12 13:49:18.354","-5.4907178E-02"
"26-09-12 13:49:19.252","-5.5495050E-02"
"26-09-12 13:49:19.966","-5.6256188E-02"
"26-09-12 13:49:20.872","-5.5408416E-02"
"26-09-12 13:49:21.587","-5.5024752E-02"
"26-09-12 13:49:22.480","-5.5037129E-02"
"26-09-12 13:49:23.195","-5.5705446E-02"
"26-09-12 13:49:24.093","-5.4870050E-02"
"26-09-12 13:49:24.807","-5.4801980E-02"
"26-09-12 13:49:25.705","-5.4702970E-02"
"26-09-12 13:49:26.418","-5.4146040E-02"
"26-09-12 13:49:27.312","-5.5476485E-02"
"26-09-12 13:49:28.027","-5.4851485E-02"
"26-09-12 13:49:28.933","-5.5426980E-02"
"26-09-12 13:49:29.650","-5.5086634E-02"
"26-09-12 13:49:30.552","-5.5142327E-02"
"26-09-12 13:49:31.266","-5.5160891E-02"
"26-09-12 13:49:32.162","-5.5030941E-02"
"26-09-12 13:49:32.882","-5.4851485E-02"
"26-09-12 13:49:33.774","-5.5105198E-02"
"26-09-12 13:49:34.489","-5.4690594E-02"
"26-09-12 13:49:35.394","-5.5643564E-02"
"26-09-12 13:49:36.108","-5.5142327E-02"
"26-09-12 13:49:37.014","-5.5383663E-02"
"26-09-12 13:49:37.728","-5.4542079E-02"
"26-09-12 13:49:38.442","-5.5581683E-02"
"26-09-12 13:49:39.344","-5.4820545E-02"
"26-09-12 13:49:40.059","-5.4647277E-02"
"26-09-12 13:49:40.958","-5.4938119E-02"
"26-09-12 13:49:41.672","-5.5457921E-02"
"26-09-12 13:49:42.573","-5.4857673E-02"
"26-09-12 13:49:43.288","-5.5074257E-02"
"26-09-12 13:49:44.196","-5.4913366E-02"
"26-09-12 13:49:44.909","-5.5730198E-02"
"26-09-12 13:49:45.805","-5.5080446E-02"
"26-09-12 13:49:46.520","-5.5123762E-02"
"26-09-12 13:49:47.417","-5.5426980E-02"
"26-09-12 13:49:48.349","-5.5426980E-02"
"26-09-12 13:49:49.063","-5.5389851E-02"
"26-09-12 13:49:49.967","-5.4981436E-02"
"26-09-12 13:49:50.682","-5.5086634E-02"
"26-09-12 13:49:51.577","-5.5173267E-02"
"26-09-12 13:49:52.290","-5.5433168E-02"
"26-09-12 13:49:53.187","-5.5829208E-02"
"26-09-12 13:49:53.901","-5.4845297E-02"
"26-09-12 13:49:54.796","-5.4919554E-02"
"26-09-12 13:49:55.512","-5.5495050E-02"
"26-09-12 13:49:56.408","-5.4702970E-02"
"26-09-12 13:49:57.124","-5.4894802E-02"
"26-09-12 13:49:58.038","-5.5253713E-02"
"26-09-12 13:49:58.752","-5.5086634E-02"
"26-09-12 13:49:59.649","-5.5451733E-02"
"26-09-12 13:50:00.366","-5.4709158E-02"
"26-09-12 13:50:01.269","-5.5779703E-02"
"26-09-12 13:50:01.983","-5.4913366E-02"
"26-09-12 13:50:02.881","-5.4820545E-02"
"26-09-12 13:50:03.595","-5.5519802E-02"
"26-09-12 13:50:04.498","-5.5099010E-02"
"26-09-12 13:50:05.217","-5.5117574E-02"
"26-09-12 13:50:06.108","-5.4665842E-02"
"26-09-12 13:50:06.821","-5.4678218E-02"
"26-09-12 13:50:07.730","-5.4436881E-02"
"26-09-12 13:50:08.446","-5.5266089E-02"
"26-09-12 13:50:09.342","-5.5204208E-02"
"26-09-12 13:50:10.055","-5.5451733E-02"
"26-09-12 13:50:10.961","-5.5198020E-02"
"26-09-12 13:50:11.676","-5.4938119E-02"
"26-09-12 13:50:12.579","-5.5068069E-02"
"26-09-12 13:50:13.293","-5.5983911E-02"
"26-09-12 13:50:14.193","-5.4783416E-02"
"26-09-12 13:50:14.906","-5.5575495E-02"
"26-09-12 13:50:15.813","-5.5470297E-02"
"26-09-12 13:50:16.528","-5.5643564E-02"
"26-09-12 13:50:17.431","-5.4975248E-02"
"26-09-12 13:50:18.146","-5.5111386E-02"
"26-09-12 13:50:19.044","-5.5235149E-02"
"26-09-12 13:50:19.758","-5.4832921E-02"
"26-09-12 13:50:20.661","-5.4752475E-02"
"26-09-12 13:50:21.376","-5.4851485E-02"
"26-09-12 13:50:22.272","-5.4938119E-02"
"26-09-12 13:50:22.987","-5.5600248E-02"
"26-09-12 13:50:23.894","-5.5179455E-02"
"26-09-12 13:50:24.607","-5.5513614E-02"
"26-09-12 13:50:25.523","-5.5037129E-02"
"26-09-12 13:50:26.237","-5.5625000E-02"
"26-09-12 13:50:27.148","-5.5092822E-02"
"26-09-12 13:50:27.862","-5.5792079E-02"
"26-09-12 13:50:28.763","-5.5303218E-02"
"26-09-12 13:50:29.477","-5.5433168E-02"
"26-09-12 13:50:30.382","-5.5488861E-02"
"26-09-12 13:50:31.096","-5.4919554E-02"
"26-09-12 13:50:31.993","-5.4944307E-02"
"26-09-12 13:50:32.707","-5.4065594E-02"
"26-09-12 13:50:33.606","-5.5816832E-02"
"26-09-12 13:50:34.322","-5.4511139E-02"
"26-09-12 13:50:35.225","-5.5185644E-02"
"26-09-12 13:50:35.939","-5.5587871E-02"
"26-09-12 13:50:36.847","-5.4900990E-02"
"26-09-12 13:50:37.561","-5.4752475E-02"
"26-09-12 13:50:38.473","-5.4709158E-02"
"26-09-12 13:50:39.188","-5.5080446E-02"
"26-09-12 13:50:40.085","-5.5612624E-02"
"26-09-12 13:50:40.800","-5.4573020E-02"
"26-09-12 13:50:41.704","-5.4715347E-02"
"26-09-12 13:50:42.419","-5.4888614E-02"
"26-09-12 13:50:43.314","-5.5253713E-02"
"26-09-12 13:50:44.029","-5.5513614E-02"
"26-09-12 13:50:44.924","-5.5383663E-02"
"26-09-12 13:50:45.639","-5.5730198E-02"
"26-09-12 13:50:46.540","-5.5241337E-02"
"26-09-12 13:50:47.255","-5.4758663E-02"
"26-09-12 13:50:48.156","-5.5210396E-02"
"26-09-12 13:50:48.870","-5.4659653E-02"
"26-09-12 13:50:49.776","-5.4690594E-02"
"26-09-12 13:50:50.490","-5.5099010E-02"
"26-09-12 13:50:51.386","-5.5525990E-02"
"26-09-12 13:50:52.102","-5.4517327E-02"
"26-09-12 13:50:53.004","-5.4634901E-02"
"26-09-12 13:50:53.718","-5.4449257E-02"
"26-09-12 13:50:54.871","-5.4956683E-02"
"26-09-12 13:50:55.584","-5.5297030E-02"
"26-09-12 13:50:56.762","-5.4907178E-02"
"26-09-12 13:50:57.476","-5.5253713E-02"
"26-09-12 13:50:58.375","-5.4907178E-02"
"26-09-12 13:50:59.089","-5.4975248E-02"
"26-09-12 13:50:59.985","-5.4783416E-02"
"26-09-12 13:51:00.700","-5.4820545E-02"
"26-09-12 13:51:01.595","-5.5074257E-02"
"26-09-12 13:51:02.309","-5.4900990E-02"
"26-09-12 13:51:03.206","-5.4777228E-02"
"26-09-12 13:51:03.920","-5.6089109E-02"
"26-09-12 13:51:04.818","-5.4795792E-02"
"26-09-12 13:51:05.533","-5.5538366E-02"
"26-09-12 13:51:06.440","-5.5309406E-02"
"26-09-12 13:51:07.155","-5.5501238E-02"
"26-09-12 13:51:08.056","-5.5160891E-02"
"26-09-12 13:51:08.771","-5.5327970E-02"
"26-09-12 13:51:09.669","-5.4894802E-02"
"26-09-12 13:51:10.382","-5.5228960E-02"
"26-09-12 13:51:11.277","-5.5352723E-02"
"26-09-12 13:51:11.994","-5.5835396E-02"
"26-09-12 13:51:12.891","-5.5136139E-02"
"26-09-12 13:51:13.605","-5.4863861E-02"
"26-09-12 13:51:14.510","-5.5129950E-02"
"26-09-12 13:51:15.224","-5.4938119E-02"
"26-09-12 13:51:16.120","-5.5408416E-02"
"26-09-12 13:51:16.834","-5.5142327E-02"
"26-09-12 13:51:17.740","-5.5160891E-02"
"26-09-12 13:51:18.454","-5.4634901E-02"
"26-09-12 13:51:19.359","-5.4288366E-02"
"26-09-12 13:51:20.075","-5.6045792E-02"
"26-09-12 13:51:20.972","-5.5686881E-02"
"26-09-12 13:51:21.687","-5.5092822E-02"
"26-09-12 13:51:22.590","-5.5358911E-02"
"26-09-12 13:51:23.305","-5.5216584E-02"
"26-09-12 13:51:24.203","-5.4622525E-02"
"26-09-12 13:51:24.917","-5.4814356E-02"
"26-09-12 13:51:25.822","-5.5006188E-02"
"26-09-12 13:51:26.537","-5.4993812E-02"
"26-09-12 13:51:27.441","-5.5414604E-02"
"26-09-12 13:51:28.155","-5.5860149E-02"
"26-09-12 13:51:29.063","-5.4610149E-02"
"26-09-12 13:51:29.777","-5.4715347E-02"
"26-09-12 13:51:30.682","-5.4975248E-02"
"26-09-12 13:51:31.398","-5.4721535E-02"
"26-09-12 13:51:32.295","-5.4684406E-02"
"26-09-12 13:51:33.009","-5.5198020E-02"
"26-09-12 13:51:33.925","-5.5272277E-02"
"26-09-12 13:51:34.638","-5.5136139E-02"
"26-09-12 13:51:35.543","-5.4832921E-02"
"26-09-12 13:51:36.258","-5.5241337E-02"
"26-09-12 13:51:37.163","-5.4981436E-02"
"26-09-12 13:51:37.877","-5.4740099E-02"
"26-09-12 13:51:38.773","-5.5006188E-02"
"26-09-12 13:51:39.486","-5.4820545E-02"
"26-09-12 13:51:40.384","-5.5216584E-02"
"26-09-12 13:51:41.103","-5.5996287E-02"
"26-09-12 13:51:42.004","-5.4077970E-02"
"26-09-12 13:51:42.718","-5.4764851E-02"
"26-09-12 13:51:43.614","-5.4325495E-02"
"26-09-12 13:51:44.331","-5.5525990E-02"
"26-09-12 13:51:45.224","-5.5321782E-02"
"26-09-12 13:51:45.939","-5.5123762E-02"
"26-09-12 13:51:46.854","-5.4709158E-02"
"26-09-12 13:51:47.569","-5.5464109E-02"
"26-09-12 13:51:48.463","-5.4133663E-02"
"26-09-12 13:51:49.179","-5.5816832E-02"
"26-09-12 13:51:50.075","-5.5724010E-02"
"26-09-12 13:51:50.790","-5.5327970E-02"
"26-09-12 13:51:51.686","-5.5136139E-02"
"26-09-12 13:51:52.403","-5.5024752E-02"
"26-09-12 13:51:53.295","-5.5055693E-02"
"26-09-12 13:51:54.010","-5.5092822E-02"
"26-09-12 13:51:54.906","-5.5476485E-02"
"26-09-12 13:51:55.620","-5.5266089E-02"
"26-09-12 13:51:56.527","-5.6206683E-02"
"26-09-12 13:51:57.242","-5.5309406E-02"
"26-09-12 13:51:58.145","-5.5117574E-02"
"26-09-12 13:51:58.860","-5.4603960E-02"
"26-09-12 13:51:59.757","-5.6095297E-02"
"26-09-12 13:52:00.696","-5.5185644E-02"
"26-09-12 13:52:01.411","-5.5389851E-02"
"26-09-12 13:52:02.307","-5.4931931E-02"
"26-09-12 13:52:03.022","-5.4925743E-02"
"26-09-12 13:52:03.927","-5.5513614E-02"
"26-09-12 13:52:04.642","-5.5012376E-02"
"26-09-12 13:52:05.541","-5.4733911E-02"
"26-09-12 13:52:06.256","-5.5587871E-02"
"26-09-12 13:52:07.167","-5.4696782E-02"
"26-09-12 13:52:07.880","-5.5371287E-02"
"26-09-12 13:52:08.788","-5.5290842E-02"
"26-09-12 13:52:09.503","-5.4709158E-02"
"26-09-12 13:52:10.399","-5.6021040E-02"
"26-09-12 13:52:11.114","-5.5816832E-02"
"26-09-12 13:52:12.018","-5.4597772E-02"
"26-09-12 13:52:12.732","-5.4789604E-02"
"26-09-12 13:52:13.640","-5.4517327E-02"
"26-09-12 13:52:14.354","-5.5711634E-02"
"26-09-12 13:52:15.269","-5.5414604E-02"
"26-09-12 13:52:15.983","-5.4820545E-02"
"26-09-12 13:52:16.697","-5.5798267E-02"
"26-09-12 13:52:17.600","-5.4931931E-02"
"26-09-12 13:52:18.315","-5.5055693E-02"
"26-09-12 13:52:19.218","-5.5686881E-02"
"26-09-12 13:52:19.932","-5.5365099E-02"
"26-09-12 13:52:20.827","-5.6058168E-02"
"26-09-12 13:52:21.543","-5.5123762E-02"
"26-09-12 13:52:22.439","-5.5241337E-02"
"26-09-12 13:52:23.152","-5.5488861E-02"
"26-09-12 13:52:24.049","-5.4585396E-02"
"26-09-12 13:52:24.766","-5.4956683E-02"
"26-09-12 13:52:25.663","-5.5228960E-02"
"26-09-12 13:52:26.378","-5.5934406E-02"
"26-09-12 13:52:27.279","-5.5563119E-02"
"26-09-12 13:52:27.994","-5.5290842E-02"
"26-09-12 13:52:28.894","-5.4845297E-02"
"26-09-12 13:52:29.608","-5.5346535E-02"
"26-09-12 13:52:30.513","-5.5099010E-02"
"26-09-12 13:52:31.227","-5.5377475E-02"
"26-09-12 13:52:32.133","-5.4702970E-02"
"26-09-12 13:52:32.848","-5.5272277E-02"
"26-09-12 13:52:33.752","-5.5216584E-02"
"26-09-12 13:52:34.467","-5.5259901E-02"
"26-09-12 13:52:35.366","-5.5550743E-02"
"26-09-12 13:52:36.081","-5.5693069E-02"
"26-09-12 13:52:36.986","-5.5414604E-02"
"26-09-12 13:52:37.699","-5.5117574E-02"
"26-09-12 13:52:38.603","-5.4554455E-02"
"26-09-12 13:52:39.321","-5.5569307E-02"
"26-09-12 13:52:40.213","-5.4795792E-02"
"26-09-12 13:52:40.928","-5.5284653E-02"
"26-09-12 13:52:41.844","-5.5594059E-02"
"26-09-12 13:52:42.558","-5.4894802E-02"
"26-09-12 13:52:43.463","-5.5191832E-02"
"26-09-12 13:52:44.176","-5.5872525E-02"
"26-09-12 13:52:45.079","-5.5637376E-02"
"26-09-12 13:52:45.798","-5.4956683E-02"
"26-09-12 13:52:46.692","-5.5959158E-02"
"26-09-12 13:52:47.407","-5.5637376E-02"
"26-09-12 13:52:48.303","-5.5643564E-02"
"26-09-12 13:52:49.017","-5.5853960E-02"
"26-09-12 13:52:49.914","-5.5315594E-02"
"26-09-12 13:52:50.627","-5.5142327E-02"
"26-09-12 13:52:51.524","-5.5340347E-02"
"26-09-12 13:52:52.238","-5.5259901E-02"
"26-09-12 13:52:53.133","-5.5210396E-02"
"26-09-12 13:52:53.850","-5.5037129E-02"
"26-09-12 13:52:54.754","-5.5482673E-02"
"26-09-12 13:52:55.469","-5.5668317E-02"
"26-09-12 13:52:56.376","-5.4894802E-02"
"26-09-12 13:52:57.089","-5.5241337E-02"
"26-09-12 13:52:57.984","-5.5148515E-02"
"26-09-12 13:52:58.701","-5.5179455E-02"
"26-09-12 13:52:59.596","-5.5396040E-02"
"26-09-12 13:53:00.309","-5.5006188E-02"
"26-09-12 13:53:01.204","-5.5853960E-02"
"26-09-12 13:53:01.919","-5.4560644E-02"
"26-09-12 13:53:02.815","-5.4455446E-02"
"26-09-12 13:53:03.529","-5.5532178E-02"
"26-09-12 13:53:04.437","-5.5884901E-02"
"26-09-12 13:53:05.152","-5.4733911E-02"
"26-09-12 13:53:06.056","-5.4913366E-02"
"26-09-12 13:53:06.769","-5.5365099E-02"
"26-09-12 13:53:07.922","-5.4746287E-02"
"26-09-12 13:53:08.637","-5.5123762E-02"
"26-09-12 13:53:09.550","-5.6206683E-02"
"26-09-12 13:53:10.263","-5.5259901E-02"
"26-09-12 13:53:11.165","-5.5259901E-02"
"26-09-12 13:53:11.878","-5.5185644E-02"
"26-09-12 13:53:12.775","-5.5501238E-02"
"26-09-12 13:53:13.490","-5.5179455E-02"
"26-09-12 13:53:14.390","-5.5482673E-02"
"26-09-12 13:53:15.106","-5.5625000E-02"
"26-09-12 13:53:16.007","-5.4900990E-02"
"26-09-12 13:53:16.721","-5.5154703E-02"
"26-09-12 13:53:17.618","-5.4789604E-02"
"26-09-12 13:53:18.334","-5.5544554E-02"
"26-09-12 13:53:19.227","-5.5352723E-02"
"26-09-12 13:53:19.942","-5.4764851E-02"
"26-09-12 13:53:20.838","-5.4486386E-02"
"26-09-12 13:53:21.555","-5.5884901E-02"
"26-09-12 13:53:22.459","-5.5346535E-02"
"26-09-12 13:53:23.173","-5.5532178E-02"
"26-09-12 13:53:24.079","-5.5563119E-02"
"26-09-12 13:53:24.792","-5.5365099E-02"
"26-09-12 13:53:25.699","-5.5563119E-02"
"26-09-12 13:53:26.414","-5.5396040E-02"
"26-09-12 13:53:27.308","-5.5618812E-02"
"26-09-12 13:53:28.023","-5.4560644E-02"
"26-09-12 13:53:28.917","-5.5519802E-02"
"26-09-12 13:53:29.631","-5.5173267E-02"
"26-09-12 13:53:30.531","-5.5470297E-02"
"26-09-12 13:53:31.244","-5.5587871E-02"
"26-09-12 13:53:32.139","-5.4492574E-02"
"26-09-12 13:53:32.854","-5.4900990E-02"
"26-09-12 13:53:33.749","-5.5668317E-02"
"26-09-12 13:53:34.464","-5.4839109E-02"
"26-09-12 13:53:35.177","-5.5049505E-02"
"26-09-12 13:53:36.093","-5.5451733E-02"
"26-09-12 13:53:36.806","-5.5210396E-02"
"26-09-12 13:53:37.709","-5.5191832E-02"
"26-09-12 13:53:38.423","-5.4337871E-02"
"26-09-12 13:53:39.323","-5.5099010E-02"
"26-09-12 13:53:40.037","-5.5594059E-02"
"26-09-12 13:53:40.943","-5.5266089E-02"
"26-09-12 13:53:41.657","-5.4467822E-02"
"26-09-12 13:53:42.563","-5.5111386E-02"
"26-09-12 13:53:43.279","-5.5142327E-02"
"26-09-12 13:53:44.181","-5.4628713E-02"
"26-09-12 13:53:44.896","-5.4801980E-02"
"26-09-12 13:53:45.791","-5.5241337E-02"
"26-09-12 13:53:46.508","-5.5420792E-02"
"26-09-12 13:53:47.405","-5.5365099E-02"
"26-09-12 13:53:48.119","-5.5371287E-02"
"26-09-12 13:53:49.033","-5.5160891E-02"
"26-09-12 13:53:49.747","-5.5402228E-02"
"26-09-12 13:53:50.642","-5.5210396E-02"
"26-09-12 13:53:51.356","-5.4981436E-02"
"26-09-12 13:53:52.253","-5.5309406E-02"
"26-09-12 13:53:52.966","-5.5290842E-02"
"26-09-12 13:53:53.863","-5.4962871E-02"
"26-09-12 13:53:54.582","-5.5872525E-02"
"26-09-12 13:53:55.484","-5.5408416E-02"
"26-09-12 13:53:56.199","-5.4721535E-02"
"26-09-12 13:53:57.094","-5.5581683E-02"
"26-09-12 13:53:57.810","-5.4529703E-02"
"26-09-12 13:53:58.702","-5.5457921E-02"
"26-09-12 13:53:59.417","-5.4950495E-02"
"26-09-12 13:54:00.315","-5.5315594E-02"
"26-09-12 13:54:01.029","-5.5006188E-02"
"26-09-12 13:54:01.923","-5.5235149E-02"
"26-09-12 13:54:02.638","-5.4486386E-02"
"26-09-12 13:54:03.545","-5.4888614E-02"
"26-09-12 13:54:04.261","-5.4919554E-02"
"26-09-12 13:54:05.163","-5.5136139E-02"
"26-09-12 13:54:05.879","-5.5012376E-02"
"26-09-12 13:54:06.774","-5.5030941E-02"
"26-09-12 13:54:07.488","-5.6293317E-02"
"26-09-12 13:54:08.386","-5.5278465E-02"
"26-09-12 13:54:09.100","-5.5507426E-02"
"26-09-12 13:54:09.997","-5.4789604E-02"
"26-09-12 13:54:10.712","-5.5167079E-02"
"26-09-12 13:54:11.615","-5.5742574E-02"
"26-09-12 13:54:12.329","-5.5080446E-02"
"26-09-12 13:54:13.225","-5.5532178E-02"
"26-09-12 13:54:14.159","-5.4715347E-02"
"26-09-12 13:54:14.877","-5.4542079E-02"
"26-09-12 13:54:15.767","-5.5433168E-02"
"26-09-12 13:54:16.481","-5.5247525E-02"
"26-09-12 13:54:17.388","-5.5346535E-02"
"26-09-12 13:54:18.104","-5.5272277E-02"
"26-09-12 13:54:18.995","-5.4771040E-02"
"26-09-12 13:54:19.708","-5.5154703E-02"
"26-09-12 13:54:20.607","-5.5365099E-02"
"26-09-12 13:54:21.321","-5.5074257E-02"
"26-09-12 13:54:22.219","-5.4814356E-02"
"26-09-12 13:54:22.934","-5.5371287E-02"
"26-09-12 13:54:23.842","-5.4981436E-02"
"26-09-12 13:54:24.557","-5.4987624E-02"
"26-09-12 13:54:25.457","-5.5426980E-02"
"26-09-12 13:54:26.170","-5.4876238E-02"
"26-09-12 13:54:27.067","-5.5705446E-02"
"26-09-12 13:54:27.783","-5.5451733E-02"
"26-09-12 13:54:28.680","-5.5544554E-02"
"26-09-12 13:54:29.393","-5.5222772E-02"
"26-09-12 13:54:30.298","-5.4925743E-02"
"26-09-12 13:54:31.011","-5.5191832E-02"
"26-09-12 13:54:31.908","-5.5148515E-02"
"26-09-12 13:54:32.622","-5.5136139E-02"
"26-09-12 13:54:33.519","-5.4771040E-02"
"26-09-12 13:54:34.234","-5.4492574E-02"
"26-09-12 13:54:35.130","-5.5191832E-02"
"26-09-12 13:54:35.844","-5.4975248E-02"
"26-09-12 13:54:36.738","-5.5742574E-02"
"26-09-12 13:54:37.455","-5.4115099E-02"
"26-09-12 13:54:38.351","-5.4956683E-02"
"26-09-12 13:54:39.064","-5.4721535E-02"
"26-09-12 13:54:39.959","-5.5290842E-02"
"26-09-12 13:54:40.673","-5.3477723E-02"
"26-09-12 13:54:41.570","-5.5111386E-02"
"26-09-12 13:54:42.285","-5.5649752E-02"
"26-09-12 13:54:43.180","-5.6806931E-02"
"26-09-12 13:54:43.894","-5.5470297E-02"
"26-09-12 13:54:44.801","-5.5816832E-02"
"26-09-12 13:54:45.514","-5.6101485E-02"
"26-09-12 13:54:46.422","-5.4121287E-02"
"26-09-12 13:54:47.135","-5.4919554E-02"
"26-09-12 13:54:48.041","-5.5470297E-02"
"26-09-12 13:54:48.755","-5.5241337E-02"
"26-09-12 13:54:49.651","-5.5915842E-02"
"26-09-12 13:54:50.366","-5.5179455E-02"
"26-09-12 13:54:51.260","-5.4764851E-02"
"26-09-12 13:54:51.975","-5.5315594E-02"
"26-09-12 13:54:52.872","-5.4795792E-02"
"26-09-12 13:54:53.586","-5.5383663E-02"
"26-09-12 13:54:54.300","-5.4300743E-02"
"26-09-12 13:54:55.203","-5.4962871E-02"
"26-09-12 13:54:55.920","-5.5259901E-02"
"26-09-12 13:54:56.813","-5.5272277E-02"
"26-09-12 13:54:57.528","-5.4975248E-02"
"26-09-12 13:54:58.424","-5.5464109E-02"
"26-09-12 13:54:59.138","-5.6113861E-02"
"26-09-12 13:55:00.036","-5.5099010E-02"
"26-09-12 13:55:00.751","-5.6441832E-02"
"26-09-12 13:55:01.654","-5.4350248E-02"
"26-09-12 13:55:02.368","-5.5099010E-02"
"26-09-12 13:55:03.265","-5.5866337E-02"
"26-09-12 13:55:03.980","-5.5835396E-02"
"26-09-12 13:55:04.874","-5.4758663E-02"
"26-09-12 13:55:05.589","-5.5284653E-02"
"26-09-12 13:55:06.485","-5.4727723E-02"
"26-09-12 13:55:07.201","-5.5179455E-02"
"26-09-12 13:55:08.094","-5.5600248E-02"
"26-09-12 13:55:08.808","-5.5829208E-02"
"26-09-12 13:55:09.705","-5.6113861E-02"
"26-09-12 13:55:10.419","-5.4808168E-02"
"26-09-12 13:55:11.326","-5.5922030E-02"
"26-09-12 13:55:12.040","-5.5544554E-02"
"26-09-12 13:55:12.941","-5.5705446E-02"
"26-09-12 13:55:13.655","-5.5915842E-02"
"26-09-12 13:55:14.557","-5.5210396E-02"
"26-09-12 13:55:15.271","-5.4956683E-02"
"26-09-12 13:55:16.166","-5.4548267E-02"
"26-09-12 13:55:16.881","-5.5080446E-02"
"26-09-12 13:55:17.786","-5.5525990E-02"
"26-09-12 13:55:18.500","-5.4789604E-02"
"26-09-12 13:55:19.395","-5.4715347E-02"
"26-09-12 13:55:20.323","-5.5266089E-02"
"26-09-12 13:55:21.038","-5.5185644E-02"
"26-09-12 13:55:21.936","-5.5383663E-02"
"26-09-12 13:55:22.650","-5.5142327E-02"
"26-09-12 13:55:23.561","-5.4832921E-02"
"26-09-12 13:55:24.276","-5.4752475E-02"
"26-09-12 13:55:25.187","-5.5383663E-02"
"26-09-12 13:55:25.902","-5.5495050E-02"
"26-09-12 13:55:26.809","-5.4560644E-02"
"26-09-12 13:55:27.524","-5.4294554E-02"
"26-09-12 13:55:28.427","-5.4622525E-02"
"26-09-12 13:55:29.141","-5.4603960E-02"
"26-09-12 13:55:30.038","-5.4913366E-02"
"26-09-12 13:55:30.752","-5.5860149E-02"
"26-09-12 13:55:31.649","-5.4659653E-02"
"26-09-12 13:55:32.363","-5.5099010E-02"
"26-09-12 13:55:33.272","-5.4523515E-02"
"26-09-12 13:55:33.986","-5.4832921E-02"
"26-09-12 13:55:34.890","-5.4672030E-02"
"26-09-12 13:55:35.605","-5.5513614E-02"
"26-09-12 13:55:36.498","-5.4610149E-02"
"26-09-12 13:55:37.212","-5.5111386E-02"
"26-09-12 13:55:38.117","-5.4900990E-02"
"26-09-12 13:55:38.832","-5.5606436E-02"
"26-09-12 13:55:39.728","-5.4987624E-02"
"26-09-12 13:55:40.443","-5.5872525E-02"
"26-09-12 13:55:41.340","-5.4300743E-02"
"26-09-12 13:55:42.054","-5.5123762E-02"
"26-09-12 13:55:42.951","-5.5074257E-02"
"26-09-12 13:55:43.666","-5.5167079E-02"
"26-09-12 13:55:44.569","-5.5191832E-02"
"26-09-12 13:55:45.283","-5.5222772E-02"
"26-09-12 13:55:46.179","-5.4702970E-02"
"26-09-12 13:55:46.894","-5.6268564E-02"
"26-09-12 13:55:47.791","-5.4981436E-02"
"26-09-12 13:55:48.504","-5.5779703E-02"
"26-09-12 13:55:49.409","-5.5952970E-02"
"26-09-12 13:55:50.124","-5.5099010E-02"
"26-09-12 13:55:51.021","-5.5569307E-02"
"26-09-12 13:55:51.736","-5.5420792E-02"
"26-09-12 13:55:52.646","-5.5699257E-02"
"26-09-12 13:55:53.361","-5.4950495E-02"
"26-09-12 13:55:54.265","-5.5191832E-02"
"26-09-12 13:55:54.980","-5.5092822E-02"
"26-09-12 13:55:55.880","-5.4424505E-02"
"26-09-12 13:55:56.595","-5.4931931E-02"
"26-09-12 13:55:57.493","-5.5346535E-02"
"26-09-12 13:55:58.208","-5.5922030E-02"
"26-09-12 13:55:59.103","-5.4616337E-02"
"26-09-12 13:55:59.817","-5.4733911E-02"
"26-09-12 13:56:00.713","-5.4801980E-02"
"26-09-12 13:56:01.430","-5.5451733E-02"
"26-09-12 13:56:02.329","-5.5550743E-02"
"26-09-12 13:56:03.044","-5.5513614E-02"
"26-09-12 13:56:03.943","-5.4956683E-02"
"26-09-12 13:56:04.658","-5.5061881E-02"
"26-09-12 13:56:05.563","-5.4820545E-02"
"26-09-12 13:56:06.278","-5.5167079E-02"
"26-09-12 13:56:07.173","-5.4987624E-02"
"26-09-12 13:56:07.887","-5.5284653E-02"
"26-09-12 13:56:08.783","-5.5259901E-02"
"26-09-12 13:56:09.497","-5.4777228E-02"
"26-09-12 13:56:10.395","-5.5284653E-02"
"26-09-12 13:56:11.108","-5.7128713E-02"
"26-09-12 13:56:12.046","-5.3471535E-02"
"26-09-12 13:56:12.761","-5.5142327E-02"
"26-09-12 13:56:13.667","-5.4461634E-02"
"26-09-12 13:56:14.380","-5.5736386E-02"
"26-09-12 13:56:15.286","-5.4733911E-02"
"26-09-12 13:56:16.000","-5.5476485E-02"
"26-09-12 13:56:16.897","-5.5204208E-02"
"26-09-12 13:56:17.613","-5.5055693E-02"
"26-09-12 13:56:18.517","-5.4900990E-02"
"26-09-12 13:56:19.234","-5.5228960E-02"
"26-09-12 13:56:20.126","-5.4622525E-02"
"26-09-12 13:56:20.841","-5.5612624E-02"
"26-09-12 13:56:21.736","-5.5105198E-02"
"26-09-12 13:56:22.450","-5.3719059E-02"
"26-09-12 13:56:23.349","-5.5018564E-02"
"26-09-12 13:56:24.064","-5.5068069E-02"
"26-09-12 13:56:24.968","-5.5123762E-02"
"26-09-12 13:56:25.681","-5.4517327E-02"
"26-09-12 13:56:26.826","-5.4925743E-02"
"26-09-12 13:56:27.543","-5.6769802E-02"
"26-09-12 13:56:28.437","-5.4628713E-02"
"26-09-12 13:56:29.151","-5.4436881E-02"
"26-09-12 13:56:30.046","-5.5705446E-02"
"26-09-12 13:56:30.760","-5.5482673E-02"
"26-09-12 13:56:31.655","-5.5074257E-02"
"26-09-12 13:56:32.372","-5.5352723E-02"
"26-09-12 13:56:33.281","-5.4436881E-02"
"26-09-12 13:56:33.995","-5.4443069E-02"
"26-09-12 13:56:34.898","-5.5872525E-02"
"26-09-12 13:56:35.615","-5.5290842E-02"
"26-09-12 13:56:36.508","-5.5433168E-02"
"26-09-12 13:56:37.224","-5.6008663E-02"
"26-09-12 13:56:38.117","-5.5303218E-02"
"26-09-12 13:56:38.831","-5.5389851E-02"
"26-09-12 13:56:39.729","-5.3849010E-02"
"26-09-12 13:56:40.447","-5.4653465E-02"
"26-09-12 13:56:41.351","-5.5142327E-02"
"26-09-12 13:56:42.064","-5.5123762E-02"
"26-09-12 13:56:42.971","-5.5736386E-02"
"26-09-12 13:56:43.685","-5.4969059E-02"
"26-09-12 13:56:44.592","-5.4665842E-02"
"26-09-12 13:56:45.307","-5.5080446E-02"
"26-09-12 13:56:46.209","-5.5086634E-02"
"26-09-12 13:56:46.924","-5.4740099E-02"
"26-09-12 13:56:47.828","-5.4950495E-02"
"26-09-12 13:56:48.542","-5.6076733E-02"
"26-09-12 13:56:49.441","-5.5835396E-02"
"26-09-12 13:56:50.155","-5.5198020E-02"
"26-09-12 13:56:51.050","-5.4573020E-02"
"26-09-12 13:56:51.765","-5.5525990E-02"
"26-09-12 13:56:52.671","-5.5705446E-02"
"26-09-12 13:56:53.386","-5.5241337E-02"
"26-09-12 13:56:54.290","-5.4616337E-02"
"26-09-12 13:56:55.005","-5.5495050E-02"
"26-09-12 13:56:55.900","-5.4969059E-02"
"26-09-12 13:56:56.614","-5.5402228E-02"
"26-09-12 13:56:57.513","-5.5284653E-02"
"26-09-12 13:56:58.227","-5.4783416E-02"
"26-09-12 13:56:59.130","-5.5872525E-02"
"26-09-12 13:56:59.845","-5.4170792E-02"
"26-09-12 13:57:00.752","-5.5365099E-02"
"26-09-12 13:57:01.466","-5.6466584E-02"
"26-09-12 13:57:02.371","-5.5488861E-02"
"26-09-12 13:57:03.086","-5.5055693E-02"
"26-09-12 13:57:03.983","-5.4894802E-02"
"26-09-12 13:57:04.700","-5.4931931E-02"
"26-09-12 13:57:05.595","-5.5303218E-02"
"26-09-12 13:57:06.309","-5.5055693E-02"
"26-09-12 13:57:07.214","-5.5024752E-02"
"26-09-12 13:57:07.931","-5.5495050E-02"
"26-09-12 13:57:08.823","-5.4381188E-02"
"26-09-12 13:57:09.538","-5.4931931E-02"
"26-09-12 13:57:10.434","-5.4665842E-02"
"26-09-12 13:57:11.149","-5.4523515E-02"
"26-09-12 13:57:12.044","-5.5594059E-02"
"26-09-12 13:57:12.758","-5.5210396E-02"
"26-09-12 13:57:13.665","-5.6095297E-02"
"26-09-12 13:57:14.382","-5.5105198E-02"
"26-09-12 13:57:15.284","-5.5891089E-02"
"26-09-12 13:57:16.001","-5.5068069E-02"
"26-09-12 13:57:16.894","-5.4851485E-02"
"26-09-12 13:57:17.609","-5.3873762E-02"
"26-09-12 13:57:18.503","-5.4542079E-02"
"26-09-12 13:57:19.218","-5.6633663E-02"
"26-09-12 13:57:20.115","-5.4090347E-02"
"26-09-12 13:57:20.833","-5.4245050E-02"
"26-09-12 13:57:21.740","-5.4579208E-02"
"26-09-12 13:57:22.458","-5.4139851E-02"
"26-09-12 13:57:23.356","-5.5012376E-02"
"26-09-12 13:57:24.071","-5.4783416E-02"
"26-09-12 13:57:24.964","-5.4882426E-02"
"26-09-12 13:57:25.680","-5.5228960E-02"
"26-09-12 13:57:26.577","-5.4616337E-02"
"26-09-12 13:57:27.291","-5.3886139E-02"
"26-09-12 13:57:28.196","-5.6175743E-02"
"26-09-12 13:57:28.911","-5.4418317E-02"
"26-09-12 13:57:29.809","-5.5105198E-02"
"26-09-12 13:57:30.522","-5.4795792E-02"
"26-09-12 13:57:31.448","-5.5513614E-02"
"26-09-12 13:57:32.163","-5.4560644E-02"
"26-09-12 13:57:33.312","-5.5742574E-02"
"26-09-12 13:57:34.026","-5.5909653E-02"
"26-09-12 13:57:34.927","-5.4603960E-02"
"26-09-12 13:57:35.642","-5.5185644E-02"
"26-09-12 13:57:36.539","-5.3632426E-02"
"26-09-12 13:57:37.254","-5.5241337E-02"
"26-09-12 13:57:38.147","-5.4684406E-02"
"26-09-12 13:57:38.864","-5.5414604E-02"
"26-09-12 13:57:39.757","-5.5965347E-02"
"26-09-12 13:57:40.471","-5.5525990E-02"
"26-09-12 13:57:41.383","-5.5179455E-02"
"26-09-12 13:57:42.097","-5.4826733E-02"
"26-09-12 13:57:43.000","-5.6082921E-02"
"26-09-12 13:57:43.715","-5.4888614E-02"
"26-09-12 13:57:44.608","-5.4851485E-02"
"26-09-12 13:57:45.322","-5.4690594E-02"
"26-09-12 13:57:46.220","-5.5915842E-02"
"26-09-12 13:57:46.933","-5.4789604E-02"
"26-09-12 13:57:47.830","-5.4647277E-02"
"26-09-12 13:57:48.546","-5.4894802E-02"
"26-09-12 13:57:49.439","-5.4319307E-02"
"26-09-12 13:57:50.154","-5.5977723E-02"
"26-09-12 13:57:51.054","-5.5049505E-02"
"26-09-12 13:57:51.769","-5.6324257E-02"
"26-09-12 13:57:52.670","-5.5643564E-02"
"26-09-12 13:57:53.384","-5.5198020E-02"
"26-09-12 13:57:54.291","-5.5897277E-02"
"26-09-12 13:57:55.004","-5.4560644E-02"
"26-09-12 13:57:55.901","-5.5105198E-02"
"26-09-12 13:57:56.616","-5.5587871E-02"
"26-09-12 13:57:57.520","-5.4857673E-02"
"26-09-12 13:57:58.235","-5.5488861E-02"
"26-09-12 13:57:59.134","-5.5519802E-02"
"26-09-12 13:57:59.849","-5.4814356E-02"
"26-09-12 13:58:00.753","-5.5136139E-02"
"26-09-12 13:58:01.469","-5.4133663E-02"
"26-09-12 13:58:02.362","-5.4542079E-02"
"26-09-12 13:58:03.077","-5.5086634E-02"
"26-09-12 13:58:03.972","-5.5290842E-02"
"26-09-12 13:58:04.687","-5.5693069E-02"
"26-09-12 13:58:05.585","-5.5655941E-02"
"26-09-12 13:58:06.300","-5.5198020E-02"
"26-09-12 13:58:07.204","-5.3811881E-02"
"26-09-12 13:58:07.919","-5.4350248E-02"
"26-09-12 13:58:08.834","-5.5563119E-02"
"26-09-12 13:58:09.549","-5.4214109E-02"
"26-09-12 13:58:10.445","-5.4956683E-02"
"26-09-12 13:58:11.160","-5.5556931E-02"
"26-09-12 13:58:12.065","-5.5606436E-02"
"26-09-12 13:58:12.779","-5.5674505E-02"
"26-09-12 13:58:13.682","-5.4814356E-02"
"26-09-12 13:58:14.397","-5.3638614E-02"
"26-09-12 13:58:15.296","-5.5587871E-02"
"26-09-12 13:58:16.010","-5.4907178E-02"
"26-09-12 13:58:16.915","-5.5433168E-02"
"26-09-12 13:58:17.629","-5.5433168E-02"
"26-09-12 13:58:18.534","-5.5451733E-02"
"26-09-12 13:58:19.253","-5.5346535E-02"
"26-09-12 13:58:20.155","-5.5358911E-02"
"26-09-12 13:58:20.870","-5.3725248E-02"
"26-09-12 13:58:21.784","-5.5470297E-02"
"26-09-12 13:58:22.499","-5.5612624E-02"
"26-09-12 13:58:23.395","-5.6150990E-02"
"26-09-12 13:58:24.110","-5.3904703E-02"
"26-09-12 13:58:25.006","-5.5705446E-02"
"26-09-12 13:58:25.720","-5.5284653E-02"
"26-09-12 13:58:26.625","-5.4944307E-02"
"26-09-12 13:58:27.339","-5.4740099E-02"
"26-09-12 13:58:28.234","-5.6330446E-02"
"26-09-12 13:58:28.948","-5.5247525E-02"
"26-09-12 13:58:29.844","-5.5699257E-02"
"26-09-12 13:58:30.559","-5.4808168E-02"
"26-09-12 13:58:31.464","-5.5414604E-02"
"26-09-12 13:58:32.182","-5.4820545E-02"
"26-09-12 13:58:33.076","-5.5569307E-02"
"26-09-12 13:58:33.791","-5.5309406E-02"
"26-09-12 13:58:34.687","-5.5482673E-02"
"26-09-12 13:58:35.404","-5.3985149E-02"
"26-09-12 13:58:36.307","-5.5358911E-02"
"26-09-12 13:58:37.021","-5.5587871E-02"
"26-09-12 13:58:37.917","-5.5129950E-02"
"26-09-12 13:58:38.632","-5.4931931E-02"
"26-09-12 13:58:39.777","-5.4832921E-02"
"26-09-12 13:58:40.492","-5.6633663E-02"
"26-09-12 13:58:41.396","-5.4678218E-02"
"26-09-12 13:58:42.114","-5.5024752E-02"
"26-09-12 13:58:43.007","-5.5990099E-02"
"26-09-12 13:58:43.722","-5.5773515E-02"
"26-09-12 13:58:44.618","-5.5024752E-02"
"26-09-12 13:58:45.333","-5.4702970E-02"
"26-09-12 13:58:46.229","-5.4876238E-02"
"26-09-12 13:58:46.942","-5.2673267E-02"
"26-09-12 13:58:47.838","-5.4950495E-02"
"26-09-12 13:58:48.552","-5.3972772E-02"
"26-09-12 13:58:49.457","-5.6039604E-02"
"26-09-12 13:58:50.172","-5.6398515E-02"
"26-09-12 13:58:50.885","-5.4975248E-02"
"26-09-12 13:58:51.788","-5.4653465E-02"
"26-09-12 13:58:52.503","-5.4152228E-02"
"26-09-12 13:58:53.399","-5.5006188E-02"
"26-09-12 13:58:54.114","-5.5303218E-02"
"26-09-12 13:58:55.009","-5.5018564E-02"
"26-09-12 13:58:55.725","-5.4375000E-02"
"26-09-12 13:58:56.621","-5.4993812E-02"
"26-09-12 13:58:57.335","-5.5860149E-02"
"26-09-12 13:58:58.231","-5.6720297E-02"
"26-09-12 13:58:58.946","-5.5680693E-02"
"26-09-12 13:58:59.839","-5.4504950E-02"
"26-09-12 13:59:00.556","-5.5711634E-02"
"26-09-12 13:59:01.451","-5.5779703E-02"
"26-09-12 13:59:02.165","-5.5519802E-02"
"26-09-12 13:59:03.071","-5.5043317E-02"
"26-09-12 13:59:03.786","-5.4944307E-02"
"26-09-12 13:59:04.681","-5.5309406E-02"
"26-09-12 13:59:05.394","-5.5018564E-02"
"26-09-12 13:59:06.292","-5.5253713E-02"
"26-09-12 13:59:07.007","-5.5841584E-02"
"26-09-12 13:59:07.901","-5.4028465E-02"
"26-09-12 13:59:08.615","-5.5216584E-02"
"26-09-12 13:59:09.511","-5.2970297E-02"
"26-09-12 13:59:10.226","-5.4857673E-02"
"26-09-12 13:59:11.132","-5.4870050E-02"
"26-09-12 13:59:11.847","-5.5253713E-02"
"26-09-12 13:59:12.743","-5.5111386E-02"
"26-09-12 13:59:13.458","-5.4740099E-02"
"26-09-12 13:59:14.353","-5.4387376E-02"
"26-09-12 13:59:15.068","-5.4863861E-02"
"26-09-12 13:59:15.973","-5.4337871E-02"
"26-09-12 13:59:16.687","-5.4993812E-02"
"26-09-12 13:59:17.582","-5.4746287E-02"
"26-09-12 13:59:18.297","-5.5297030E-02"
"26-09-12 13:59:19.193","-5.5092822E-02"
"26-09-12 13:59:19.908","-5.5000000E-02"
"26-09-12 13:59:20.816","-5.6596535E-02"
"26-09-12 13:59:21.535","-5.4511139E-02"
"26-09-12 13:59:22.422","-5.4845297E-02"
"26-09-12 13:59:23.137","-5.4665842E-02"
"26-09-12 13:59:24.034","-5.4566832E-02"
"26-09-12 13:59:24.749","-5.5241337E-02"
"26-09-12 13:59:25.644","-5.4956683E-02"
"26-09-12 13:59:26.361","-5.4133663E-02"
"26-09-12 13:59:27.254","-5.4022277E-02"
"26-09-12 13:59:27.968","-5.6330446E-02"
"26-09-12 13:59:28.866","-5.5321782E-02"
"26-09-12 13:59:29.580","-5.5074257E-02"
"26-09-12 13:59:30.496","-5.5829208E-02"
"26-09-12 13:59:31.211","-5.3978960E-02"
"26-09-12 13:59:32.107","-5.5123762E-02"
"26-09-12 13:59:32.821","-5.5612624E-02"
"26-09-12 13:59:33.714","-5.5247525E-02"
"26-09-12 13:59:34.429","-5.5290842E-02"
"26-09-12 13:59:35.326","-5.4436881E-02"
"26-09-12 13:59:36.040","-5.4573020E-02"
"26-09-12 13:59:36.936","-5.5853960E-02"
"26-09-12 13:59:37.650","-5.3719059E-02"
"26-09-12 13:59:38.545","-5.4313119E-02"
"26-09-12 13:59:39.264","-5.5445545E-02"
"26-09-12 13:59:40.168","-5.4931931E-02"
"26-09-12 13:59:40.882","-5.6095297E-02"
"26-09-12 13:59:41.787","-5.5550743E-02"
"26-09-12 13:59:42.502","-5.5117574E-02"
"26-09-12 13:59:43.406","-5.4455446E-02"
"26-09-12 13:59:44.121","-5.6503713E-02"
"26-09-12 13:59:45.015","-5.5309406E-02"
"26-09-12 13:59:45.947","-5.6280941E-02"
"26-09-12 13:59:46.662","-5.5086634E-02"
"26-09-12 13:59:47.557","-5.4047030E-02"
"26-09-12 13:59:48.272","-5.4931931E-02"
"26-09-12 13:59:49.168","-5.5346535E-02"
"26-09-12 13:59:49.881","-5.4832921E-02"
"26-09-12 13:59:50.788","-5.5525990E-02"
"26-09-12 13:59:51.507","-5.4678218E-02"
"26-09-12 13:59:52.399","-5.4938119E-02"
"26-09-12 13:59:53.113","-5.5649752E-02"
"26-09-12 13:59:54.019","-5.3613861E-02"
"26-09-12 13:59:54.732","-5.5228960E-02"
"26-09-12 13:59:55.638","-5.3756188E-02"
"26-09-12 13:59:56.351","-5.5439356E-02"
"26-09-12 13:59:57.257","-5.5272277E-02"
"26-09-12 13:59:57.972","-5.4189356E-02"
"26-09-12 13:59:58.871","-5.6639851E-02"
"26-09-12 13:59:59.586","-5.4783416E-02"
"26-09-12 14:00:00.490","-5.4832921E-02"
"26-09-12 14:00:01.205","-5.7345297E-02"
"26-09-12 14:00:02.100","-5.5018564E-02"
"26-09-12 14:00:02.814","-5.4931931E-02"
"26-09-12 14:00:03.710","-5.4591584E-02"
"26-09-12 14:00:04.423","-5.5792079E-02"
"26-09-12 14:00:05.321","-5.4529703E-02"
"26-09-12 14:00:06.037","-5.5655941E-02"
"26-09-12 14:00:06.931","-5.4845297E-02"
"26-09-12 14:00:07.645","-5.4399752E-02"
"26-09-12 14:00:08.544","-5.3818069E-02"
"26-09-12 14:00:09.259","-5.5525990E-02"
"26-09-12 14:00:09.973","-5.4529703E-02"
"26-09-12 14:00:10.882","-5.5365099E-02"
"26-09-12 14:00:11.598","-5.5841584E-02"
"26-09-12 14:00:12.493","-5.5000000E-02"
"26-09-12 14:00:13.206","-5.5946782E-02"
"26-09-12 14:00:14.102","-5.4251238E-02"
"26-09-12 14:00:14.815","-5.5358911E-02"
"26-09-12 14:00:15.713","-5.5105198E-02"
"26-09-12 14:00:16.426","-5.4195545E-02"
"26-09-12 14:00:17.323","-5.4820545E-02"
"26-09-12 14:00:18.038","-5.4795792E-02"
"26-09-12 14:00:18.938","-5.5179455E-02"
"26-09-12 14:00:19.652","-5.4634901E-02"
"26-09-12 14:00:20.552","-5.5198020E-02"
"26-09-12 14:00:21.265","-5.6516089E-02"
"26-09-12 14:00:22.162","-5.6126238E-02"
"26-09-12 14:00:22.878","-5.4851485E-02"
"26-09-12 14:00:23.785","-5.5470297E-02"
"26-09-12 14:00:24.499","-5.5612624E-02"
"26-09-12 14:00:25.393","-5.4350248E-02"
"26-09-12 14:00:26.107","-5.4777228E-02"
"26-09-12 14:00:27.003","-5.5043317E-02"
"26-09-12 14:00:27.716","-5.5711634E-02"
"26-09-12 14:00:28.619","-5.5204208E-02"
"26-09-12 14:00:29.333","-5.5043317E-02"
"26-09-12 14:00:30.236","-5.5321782E-02"
"26-09-12 14:00:30.955","-5.5420792E-02"
"26-09-12 14:00:31.855","-5.4969059E-02"
"26-09-12 14:00:32.569","-5.4554455E-02"
"26-09-12 14:00:33.464","-5.5179455E-02"
"26-09-12 14:00:34.181","-5.7574257E-02"
"26-09-12 14:00:35.075","-5.5247525E-02"
"26-09-12 14:00:35.790","-5.4771040E-02"
"26-09-12 14:00:36.685","-5.5222772E-02"
"26-09-12 14:00:37.400","-5.5693069E-02"
"26-09-12 14:00:38.306","-5.4356436E-02"
"26-09-12 14:00:39.021","-5.4585396E-02"
"26-09-12 14:00:39.917","-5.5099010E-02"
"26-09-12 14:00:40.633","-5.5315594E-02"
"26-09-12 14:00:41.525","-5.5470297E-02"
"26-09-12 14:00:42.239","-5.4480198E-02"
"26-09-12 14:00:43.137","-5.6553218E-02"
"26-09-12 14:00:43.851","-5.4554455E-02"
"26-09-12 14:00:44.748","-5.5823020E-02"
"26-09-12 14:00:45.463","-5.5625000E-02"
"26-09-12 14:00:46.358","-5.4925743E-02"
"26-09-12 14:00:47.071","-5.5383663E-02"
"26-09-12 14:00:47.965","-5.6831683E-02"
"26-09-12 14:00:48.682","-5.4344059E-02"
"26-09-12 14:00:49.578","-5.5259901E-02"
"26-09-12 14:00:50.293","-5.5513614E-02"
"26-09-12 14:00:51.197","-5.4368812E-02"
"26-09-12 14:00:52.130","-5.4702970E-02"
"26-09-12 14:00:52.848","-5.5495050E-02"
"26-09-12 14:00:53.736","-5.6992574E-02"
"26-09-12 14:00:54.451","-5.4288366E-02"
"26-09-12 14:00:55.347","-5.4566832E-02"
"26-09-12 14:00:56.061","-5.4653465E-02"
"26-09-12 14:00:56.956","-5.6113861E-02"
"26-09-12 14:00:57.675","-5.5334158E-02"
"26-09-12 14:00:58.571","-5.6299505E-02"
"26-09-12 14:00:59.286","-5.4350248E-02"
"26-09-12 14:01:00.187","-5.4808168E-02"
"26-09-12 14:01:00.902","-5.4771040E-02"
"26-09-12 14:01:01.798","-5.4900990E-02"
"26-09-12 14:01:02.511","-5.3558168E-02"
"26-09-12 14:01:03.408","-5.5495050E-02"
"26-09-12 14:01:04.123","-5.4845297E-02"
"26-09-12 14:01:05.027","-5.3991337E-02"
"26-09-12 14:01:05.742","-5.4616337E-02"
"26-09-12 14:01:06.640","-5.6163366E-02"
"26-09-12 14:01:07.354","-5.5525990E-02"
"26-09-12 14:01:08.253","-5.4783416E-02"
"26-09-12 14:01:08.968","-5.4183168E-02"
"26-09-12 14:01:09.871","-5.5142327E-02"
"26-09-12 14:01:10.586","-5.5754950E-02"
"26-09-12 14:01:11.493","-5.4387376E-02"
"26-09-12 14:01:12.207","-5.5259901E-02"
"26-09-12 14:01:13.110","-5.5563119E-02"
"26-09-12 14:01:13.824","-5.5000000E-02"
"26-09-12 14:01:14.724","-5.6509901E-02"
"26-09-12 14:01:15.438","-5.5959158E-02"
"26-09-12 14:01:16.342","-5.3886139E-02"
"26-09-12 14:01:17.057","-5.5061881E-02"
"26-09-12 14:01:17.966","-5.4207921E-02"
"26-09-12 14:01:18.682","-5.5748762E-02"
"26-09-12 14:01:19.594","-5.4888614E-02"
"26-09-12 14:01:20.308","-5.4288366E-02"
"26-09-12 14:01:21.202","-5.4783416E-02"
"26-09-12 14:01:21.916","-5.5377475E-02"
"26-09-12 14:01:22.814","-5.5711634E-02"
"26-09-12 14:01:23.533","-5.4969059E-02"
"26-09-12 14:01:24.434","-5.5049505E-02"
"26-09-12 14:01:25.148","-5.5148515E-02"
"26-09-12 14:01:26.044","-5.5123762E-02"
"26-09-12 14:01:26.760","-5.4870050E-02"
"26-09-12 14:01:27.685","-5.5327970E-02"
"26-09-12 14:01:28.399","-5.5068069E-02"
"26-09-12 14:01:29.296","-5.5507426E-02"
"26-09-12 14:01:30.011","-5.4678218E-02"
"26-09-12 14:01:30.915","-5.5402228E-02"
"26-09-12 14:01:31.629","-5.3038366E-02"
"26-09-12 14:01:32.543","-5.5321782E-02"
"26-09-12 14:01:33.259","-5.4702970E-02"
"26-09-12 14:01:34.156","-5.5717822E-02"
"26-09-12 14:01:34.870","-5.5513614E-02"
"26-09-12 14:01:35.765","-5.5210396E-02"
"26-09-12 14:01:36.482","-5.4690594E-02"
"26-09-12 14:01:37.375","-5.4566832E-02"
"26-09-12 14:01:38.089","-5.6670792E-02"
"26-09-12 14:01:38.996","-5.4641089E-02"
"26-09-12 14:01:39.713","-5.5129950E-02"
"26-09-12 14:01:40.605","-5.4554455E-02"
"26-09-12 14:01:41.320","-5.5204208E-02"
"26-09-12 14:01:42.225","-5.4733911E-02"
"26-09-12 14:01:42.939","-5.4696782E-02"
"26-09-12 14:01:43.835","-5.5340347E-02"
"26-09-12 14:01:44.549","-5.4938119E-02"
"26-09-12 14:01:45.456","-5.5290842E-02"
"26-09-12 14:01:46.171","-5.4591584E-02"
"26-09-12 14:01:47.065","-5.5160891E-02"
"26-09-12 14:01:47.780","-5.4585396E-02"
"26-09-12 14:01:48.686","-5.4375000E-02"
"26-09-12 14:01:49.400","-5.7153465E-02"
"26-09-12 14:01:50.295","-5.5445545E-02"
"26-09-12 14:01:51.010","-5.6219059E-02"
"26-09-12 14:01:51.908","-5.5111386E-02"
"26-09-12 14:01:52.621","-5.5600248E-02"
"26-09-12 14:01:53.528","-5.5408416E-02"
"26-09-12 14:01:54.241","-5.5222772E-02"
"26-09-12 14:01:55.138","-5.4393564E-02"
"26-09-12 14:01:55.853","-5.4480198E-02"
"26-09-12 14:01:56.747","-5.5556931E-02"
"26-09-12 14:01:57.464","-5.5222772E-02"
"26-09-12 14:01:58.614","-5.4876238E-02"
"26-09-12 14:01:59.328","-5.5525990E-02"
"26-09-12 14:02:00.238","-5.5228960E-02"
"26-09-12 14:02:00.951","-5.5080446E-02"
"26-09-12 14:02:01.849","-5.4375000E-02"
"26-09-12 14:02:02.563","-5.4956683E-02"
"26-09-12 14:02:03.459","-5.5334158E-02"
"26-09-12 14:02:04.174","-5.5792079E-02"
"26-09-12 14:02:05.071","-5.6639851E-02"
"26-09-12 14:02:05.785","-5.6825495E-02"
"26-09-12 14:02:06.680","-5.6027228E-02"
"26-09-12 14:02:07.399","-5.4554455E-02"
"26-09-12 14:02:08.299","-5.4350248E-02"
"26-09-12 14:02:09.013","-5.4882426E-02"
"26-09-12 14:02:09.910","-5.4449257E-02"
"26-09-12 14:02:10.625","-5.5012376E-02"
"26-09-12 14:02:11.517","-5.5024752E-02"
"26-09-12 14:02:12.232","-5.4591584E-02"
"26-09-12 14:02:13.140","-5.5835396E-02"
"26-09-12 14:02:13.853","-5.5482673E-02"
"26-09-12 14:02:14.750","-5.5495050E-02"
"26-09-12 14:02:15.464","-5.5761139E-02"
"26-09-12 14:02:16.360","-5.4665842E-02"
"26-09-12 14:02:17.075","-5.4535891E-02"
"26-09-12 14:02:17.979","-5.5278465E-02"
"26-09-12 14:02:18.694","-5.5699257E-02"
"26-09-12 14:02:19.590","-5.4771040E-02"
"26-09-12 14:02:20.304","-5.4603960E-02"
"26-09-12 14:02:21.201","-5.5327970E-02"
"26-09-12 14:02:21.915","-5.4950495E-02"
"26-09-12 14:02:22.812","-5.6491337E-02"
"26-09-12 14:02:23.528","-5.5191832E-02"
"26-09-12 14:02:24.421","-5.4709158E-02"
"26-09-12 14:02:25.136","-5.7085396E-02"
"26-09-12 14:02:26.031","-5.4418317E-02"
"26-09-12 14:02:26.745","-5.5674505E-02"
"26-09-12 14:02:27.655","-5.4746287E-02"
"26-09-12 14:02:28.369","-5.4851485E-02"
"26-09-12 14:02:29.274","-5.5699257E-02"
"26-09-12 14:02:29.987","-5.5915842E-02"
"26-09-12 14:02:30.883","-5.5154703E-02"
"26-09-12 14:02:31.596","-5.5006188E-02"
"26-09-12 14:02:32.494","-5.5235149E-02"
"26-09-12 14:02:33.209","-5.5408416E-02"
"26-09-12 14:02:34.103","-5.5606436E-02"
"26-09-12 14:02:34.817","-5.5668317E-02"
"26-09-12 14:02:35.715","-5.4882426E-02"
"26-09-12 14:02:36.433","-5.5068069E-02"
"26-09-12 14:02:37.338","-5.4579208E-02"
"26-09-12 14:02:38.052","-5.6788366E-02"
"26-09-12 14:02:38.955","-5.4795792E-02"
"26-09-12 14:02:39.670","-5.4591584E-02"
"26-09-12 14:02:40.573","-5.4851485E-02"
"26-09-12 14:02:41.286","-5.5544554E-02"
"26-09-12 14:02:42.186","-5.4956683E-02"
"26-09-12 14:02:42.900","-5.5625000E-02"
"26-09-12 14:02:43.796","-5.4845297E-02"
"26-09-12 14:02:44.510","-5.4709158E-02"
"26-09-12 14:02:45.406","-5.5241337E-02"
"26-09-12 14:02:46.120","-5.4368812E-02"
"26-09-12 14:02:47.045","-5.4275990E-02"
"26-09-12 14:02:47.761","-5.4659653E-02"
"26-09-12 14:02:48.656","-5.5253713E-02"
"26-09-12 14:02:49.371","-5.4616337E-02"
"26-09-12 14:02:50.267","-5.5655941E-02"
"26-09-12 14:02:50.984","-5.4733911E-02"
"26-09-12 14:02:51.876","-5.5482673E-02"
"26-09-12 14:02:52.590","-5.4888614E-02"
"26-09-12 14:02:53.487","-5.5600248E-02"
"26-09-12 14:02:54.201","-5.4653465E-02"
"26-09-12 14:02:55.108","-5.4870050E-02"
"26-09-12 14:02:55.822","-5.4857673E-02"
"26-09-12 14:02:56.722","-5.5259901E-02"
"26-09-12 14:02:57.439","-5.4486386E-02"
"26-09-12 14:02:58.339","-5.5043317E-02"
"26-09-12 14:02:59.052","-5.5810644E-02"
"26-09-12 14:02:59.948","-5.5173267E-02"
"26-09-12 14:03:00.664","-5.4931931E-02"
"26-09-12 14:03:01.558","-5.2939356E-02"
"26-09-12 14:03:02.273","-5.5222772E-02"
"26-09-12 14:03:03.170","-5.4139851E-02"
"26-09-12 14:03:03.886","-5.5934406E-02"
"26-09-12 14:03:05.043","-5.5600248E-02"
"26-09-12 14:03:05.758","-5.5649752E-02"
"26-09-12 14:03:06.663","-5.5476485E-02"
"26-09-12 14:03:07.378","-5.4851485E-02"
"26-09-12 14:03:08.289","-5.5464109E-02"
"26-09-12 14:03:09.003","-5.4913366E-02"
"26-09-12 14:03:09.900","-5.5173267E-02"
"26-09-12 14:03:10.617","-5.5625000E-02"
"26-09-12 14:03:11.511","-5.6200495E-02"
"26-09-12 14:03:12.225","-5.5433168E-02"
"26-09-12 14:03:13.130","-5.5971535E-02"
"26-09-12 14:03:13.845","-5.5649752E-02"
"26-09-12 14:03:14.740","-5.5235149E-02"
"26-09-12 14:03:15.453","-5.8750000E-02"
"26-09-12 14:03:16.351","-5.4579208E-02"
"26-09-12 14:03:17.068","-5.6516089E-02"
"26-09-12 14:03:17.969","-5.4783416E-02"
"26-09-12 14:03:18.683","-5.4647277E-02"
"26-09-12 14:03:19.592","-5.3688119E-02"
"26-09-12 14:03:20.307","-5.5123762E-02"
"26-09-12 14:03:21.223","-5.5680693E-02"
"26-09-12 14:03:21.936","-5.6918317E-02"
"26-09-12 14:03:22.842","-5.4282178E-02"
"26-09-12 14:03:23.555","-5.4412129E-02"
"26-09-12 14:03:24.460","-5.4839109E-02"
"26-09-12 14:03:25.175","-5.5482673E-02"
"26-09-12 14:03:26.079","-5.4511139E-02"
"26-09-12 14:03:26.794","-5.5154703E-02"
"26-09-12 14:03:27.695","-5.4956683E-02"
"26-09-12 14:03:28.410","-5.4288366E-02"
"26-09-12 14:03:29.313","-5.5476485E-02"
"26-09-12 14:03:30.027","-5.5012376E-02"
"26-09-12 14:03:30.931","-5.4065594E-02"
"26-09-12 14:03:31.646","-5.5334158E-02"
"26-09-12 14:03:32.541","-5.5959158E-02"
"26-09-12 14:03:33.255","-5.5160891E-02"
"26-09-12 14:03:34.153","-5.5148515E-02"
"26-09-12 14:03:34.867","-5.4492574E-02"
"26-09-12 14:03:35.773","-5.4814356E-02"
"26-09-12 14:03:36.488","-5.5575495E-02"
"26-09-12 14:03:37.392","-5.6163366E-02"
"26-09-12 14:03:38.107","-5.5525990E-02"
"26-09-12 14:03:39.003","-5.3545792E-02"
"26-09-12 14:03:39.718","-5.5637376E-02"
"26-09-12 14:03:40.615","-5.6039604E-02"
"26-09-12 14:03:41.330","-5.4894802E-02"
"26-09-12 14:03:42.234","-5.5142327E-02"
"26-09-12 14:03:42.949","-5.4641089E-02"
"26-09-12 14:03:43.855","-5.6404703E-02"
"26-09-12 14:03:44.570","-5.4944307E-02"
"26-09-12 14:03:45.466","-5.2394802E-02"
"26-09-12 14:03:46.180","-5.5142327E-02"
"26-09-12 14:03:47.085","-5.4096535E-02"
"26-09-12 14:03:47.802","-5.5024752E-02"
"26-09-12 14:03:48.707","-5.5160891E-02"
"26-09-12 14:03:49.421","-5.4993812E-02"
"26-09-12 14:03:50.327","-5.5266089E-02"
"26-09-12 14:03:51.042","-5.5594059E-02"
"26-09-12 14:03:51.940","-5.6806931E-02"
"26-09-12 14:03:52.655","-5.4474010E-02"
"26-09-12 14:03:53.559","-5.5365099E-02"
"26-09-12 14:03:54.273","-5.4189356E-02"
"26-09-12 14:03:55.178","-5.5266089E-02"
"26-09-12 14:03:55.891","-5.3100248E-02"
"26-09-12 14:03:56.797","-5.4504950E-02"
"26-09-12 14:03:57.513","-5.5129950E-02"
"26-09-12 14:03:58.419","-5.4436881E-02"
"26-09-12 14:03:59.132","-5.3100248E-02"
"26-09-12 14:04:00.030","-5.4925743E-02"
"26-09-12 14:04:00.743","-5.2957921E-02"
"26-09-12 14:04:01.650","-5.5191832E-02"
"26-09-12 14:04:02.364","-5.5129950E-02"
"26-09-12 14:04:03.276","-5.4771040E-02"
"26-09-12 14:04:03.991","-5.4777228E-02"
"26-09-12 14:04:04.889","-5.5346535E-02"
"26-09-12 14:04:05.603","-5.4164604E-02"
"26-09-12 14:04:06.524","-5.5693069E-02"
"26-09-12 14:04:07.239","-5.4164604E-02"
"26-09-12 14:04:08.138","-5.4721535E-02"
"26-09-12 14:04:08.852","-5.6683168E-02"
"26-09-12 14:04:09.749","-5.6472772E-02"
"26-09-12 14:04:10.465","-5.5606436E-02"
"26-09-12 14:04:11.616","-5.3378713E-02"
"26-09-12 14:04:12.330","-5.5111386E-02"
"26-09-12 14:04:13.228","-5.5278465E-02"
"26-09-12 14:04:13.944","-5.4381188E-02"
"26-09-12 14:04:14.837","-5.3483911E-02"
"26-09-12 14:04:15.551","-5.3304455E-02"
"26-09-12 14:04:16.461","-5.5055693E-02"
"26-09-12 14:04:17.174","-5.5297030E-02"
"26-09-12 14:04:18.082","-5.4956683E-02"
"26-09-12 14:04:18.795","-5.5569307E-02"
"26-09-12 14:04:19.700","-5.5037129E-02"
"26-09-12 14:04:20.414","-5.5501238E-02"
"26-09-12 14:04:21.308","-5.4096535E-02"
"26-09-12 14:04:22.024","-5.5068069E-02"
"26-09-12 14:04:22.920","-5.5210396E-02"
"26-09-12 14:04:23.635","-5.5426980E-02"
"26-09-12 14:04:24.528","-5.5383663E-02"
"26-09-12 14:04:25.242","-5.4894802E-02"
"26-09-12 14:04:26.145","-5.3688119E-02"
"26-09-12 14:04:26.859","-5.5068069E-02"
"26-09-12 14:04:27.762","-5.4226485E-02"
"26-09-12 14:04:28.476","-5.6206683E-02"
"26-09-12 14:04:29.381","-5.4300743E-02"
"26-09-12 14:04:30.099","-5.4931931E-02"
"26-09-12 14:04:31.001","-5.6652228E-02"
"26-09-12 14:04:31.716","-5.5426980E-02"
"26-09-12 14:04:32.612","-5.5550743E-02"
"26-09-12 14:04:33.327","-5.4647277E-02"
"26-09-12 14:04:34.222","-5.5402228E-02"
"26-09-12 14:04:34.936","-5.5371287E-02"
"26-09-12 14:04:35.837","-5.4925743E-02"
"26-09-12 14:04:36.552","-5.6045792E-02"
"26-09-12 14:04:37.451","-5.6918317E-02"
"26-09-12 14:04:38.165","-5.4535891E-02"
"26-09-12 14:04:39.063","-5.4585396E-02"
"26-09-12 14:04:39.777","-5.4882426E-02"
"26-09-12 14:04:40.671","-5.4053218E-02"
"26-09-12 14:04:41.385","-5.4560644E-02"
"26-09-12 14:04:42.283","-5.6237624E-02"
"26-09-12 14:04:42.999","-5.5346535E-02"
"26-09-12 14:04:43.903","-5.4752475E-02"
"26-09-12 14:04:44.616","-5.2431931E-02"
"26-09-12 14:04:45.519","-5.5160891E-02"
"26-09-12 14:04:46.233","-5.4672030E-02"
"26-09-12 14:04:47.134","-5.5297030E-02"
"26-09-12 14:04:47.848","-5.4925743E-02"
"26-09-12 14:04:48.745","-5.5259901E-02"
"26-09-12 14:04:49.459","-5.4678218E-02"
"26-09-12 14:04:50.354","-5.7852723E-02"
"26-09-12 14:04:51.069","-5.5915842E-02"
"26-09-12 14:04:51.965","-5.5866337E-02"
"26-09-12 14:04:52.679","-5.5829208E-02"
"26-09-12 14:04:53.575","-5.4560644E-02"
"26-09-12 14:04:54.289","-5.5748762E-02"
"26-09-12 14:04:55.187","-5.5451733E-02"
"26-09-12 14:04:55.901","-5.3799505E-02"
"26-09-12 14:04:56.805","-5.4764851E-02"
"26-09-12 14:04:57.519","-5.5266089E-02"
"26-09-12 14:04:58.426","-5.5556931E-02"
"26-09-12 14:04:59.140","-5.2908416E-02"
"26-09-12 14:05:00.035","-5.4443069E-02"
"26-09-12 14:05:00.750","-5.5000000E-02"
"26-09-12 14:05:01.649","-5.4319307E-02"
"26-09-12 14:05:02.363","-5.4727723E-02"
"26-09-12 14:05:03.267","-5.7209158E-02"
"26-09-12 14:05:03.983","-5.4981436E-02"
"26-09-12 14:05:04.877","-5.5043317E-02"
"26-09-12 14:05:05.592","-5.4900990E-02"
"26-09-12 14:05:06.499","-5.6206683E-02"
"26-09-12 14:05:07.214","-5.4579208E-02"
"26-09-12 14:05:08.106","-5.5049505E-02"
"26-09-12 14:05:08.821","-5.5092822E-02"
"26-09-12 14:05:09.717","-5.5414604E-02"
"26-09-12 14:05:10.433","-5.5222772E-02"
"26-09-12 14:05:11.338","-5.5136139E-02"
"26-09-12 14:05:12.053","-5.4907178E-02"
"26-09-12 14:05:12.948","-5.5377475E-02"
"26-09-12 14:05:13.663","-5.4863861E-02"
"26-09-12 14:05:14.569","-5.5074257E-02"
"26-09-12 14:05:15.284","-5.4016089E-02"
"26-09-12 14:05:16.188","-5.4832921E-02"
"26-09-12 14:05:16.902","-5.5092822E-02"
"26-09-12 14:05:18.051","-5.5724010E-02"
"26-09-12 14:05:18.767","-5.4350248E-02"
"26-09-12 14:05:19.659","-5.4696782E-02"
"26-09-12 14:05:20.373","-5.3768564E-02"
"26-09-12 14:05:21.268","-5.5439356E-02"
"26-09-12 14:05:21.982","-5.4882426E-02"
"26-09-12 14:05:22.882","-5.5371287E-02"
"26-09-12 14:05:23.596","-5.5358911E-02"
"26-09-12 14:05:24.509","-5.4517327E-02"
"26-09-12 14:05:25.462","-5.5253713E-02"
"26-09-12 14:05:26.176","-5.5439356E-02"
"26-09-12 14:05:27.079","-5.5649752E-02"
"26-09-12 14:05:27.795","-5.5043317E-02"
"26-09-12 14:05:28.689","-5.4269802E-02"
"26-09-12 14:05:29.408","-5.5773515E-02"
"26-09-12 14:05:30.300","-5.5006188E-02"
"26-09-12 14:05:31.015","-5.5996287E-02"
"26-09-12 14:05:31.912","-5.4461634E-02"
"26-09-12 14:05:32.627","-5.5043317E-02"
"26-09-12 14:05:33.521","-5.7122525E-02"
"26-09-12 14:05:34.236","-5.6181931E-02"
"26-09-12 14:05:35.145","-5.4381188E-02"
"26-09-12 14:05:35.860","-5.5037129E-02"
"26-09-12 14:05:36.761","-5.5866337E-02"
"26-09-12 14:05:37.476","-5.5662129E-02"
"26-09-12 14:05:38.382","-5.6330446E-02"
"26-09-12 14:05:39.095","-5.6571782E-02"
"26-09-12 14:05:39.991","-5.4882426E-02"
"26-09-12 14:05:40.707","-5.4597772E-02"
"26-09-12 14:05:41.602","-5.5538366E-02"
"26-09-12 14:05:42.316","-5.4220297E-02"
"26-09-12 14:05:43.211","-5.5544554E-02"
"26-09-12 14:05:43.925","-5.5086634E-02"
"26-09-12 14:05:44.829","-5.6076733E-02"
"26-09-12 14:05:45.542","-5.6658416E-02"
"26-09-12 14:05:46.443","-5.4721535E-02"
"26-09-12 14:05:47.157","-5.4641089E-02"
"26-09-12 14:05:48.052","-5.5426980E-02"
"26-09-12 14:05:48.766","-5.4975248E-02"
"26-09-12 14:05:49.663","-5.4474010E-02"
"26-09-12 14:05:50.378","-5.4876238E-02"
"26-09-12 14:05:51.283","-5.5049505E-02"
"26-09-12 14:05:51.997","-5.5216584E-02"
"26-09-12 14:05:52.894","-5.5309406E-02"
"26-09-12 14:05:53.609","-5.4381188E-02"
"26-09-12 14:05:54.506","-5.5198020E-02"
"26-09-12 14:05:55.220","-5.4591584E-02"
"26-09-12 14:05:56.126","-5.4900990E-02"
"26-09-12 14:05:56.841","-5.3477723E-02"
"26-09-12 14:05:57.745","-5.5247525E-02"
"26-09-12 14:05:58.459","-5.4560644E-02"
"26-09-12 14:05:59.366","-5.5216584E-02"
"26-09-12 14:06:00.081","-5.5049505E-02"
"26-09-12 14:06:00.986","-5.3533416E-02"
"26-09-12 14:06:01.700","-5.3941832E-02"
"26-09-12 14:06:02.597","-5.5266089E-02"
"26-09-12 14:06:03.314","-5.5266089E-02"
"26-09-12 14:06:04.216","-5.5699257E-02"
"26-09-12 14:06:04.931","-5.5000000E-02"
"26-09-12 14:06:05.845","-5.4121287E-02"
"26-09-12 14:06:06.559","-5.5247525E-02"
"26-09-12 14:06:07.456","-5.5154703E-02"
"26-09-12 14:06:08.171","-5.4108911E-02"
"26-09-12 14:06:09.064","-5.5358911E-02"
"26-09-12 14:06:09.779","-5.5668317E-02"
"26-09-12 14:06:10.677","-5.5024752E-02"
"26-09-12 14:06:11.393","-5.6076733E-02"
"26-09-12 14:06:12.289","-5.4832921E-02"
"26-09-12 14:06:13.005","-5.5092822E-02"
"26-09-12 14:06:13.908","-5.4969059E-02"
"26-09-12 14:06:14.622","-5.5241337E-02"
"26-09-12 14:06:15.527","-5.4443069E-02"
"26-09-12 14:06:16.241","-5.5662129E-02"
"26-09-12 14:06:17.139","-5.5569307E-02"
"26-09-12 14:06:17.854","-5.5730198E-02"
"26-09-12 14:06:18.759","-5.5092822E-02"
"26-09-12 14:06:19.473","-5.7537129E-02"
"26-09-12 14:06:20.368","-5.5154703E-02"
"26-09-12 14:06:21.083","-5.5321782E-02"
"26-09-12 14:06:21.978","-5.2654703E-02"
"26-09-12 14:06:22.693","-5.5915842E-02"
"26-09-12 14:06:23.846","-5.4740099E-02"
"26-09-12 14:06:24.560","-5.4381188E-02"
"26-09-12 14:06:25.458","-5.4647277E-02"
"26-09-12 14:06:26.175","-5.5111386E-02"
"26-09-12 14:06:27.069","-5.4647277E-02"
"26-09-12 14:06:27.782","-5.5092822E-02"
"26-09-12 14:06:28.680","-5.5563119E-02"
"26-09-12 14:06:29.394","-5.4653465E-02"
"26-09-12 14:06:30.290","-5.5377475E-02"
"26-09-12 14:06:31.005","-5.5556931E-02"
"26-09-12 14:06:31.899","-5.5006188E-02"
"26-09-12 14:06:32.614","-5.4467822E-02"
"26-09-12 14:06:33.520","-5.4709158E-02"
"26-09-12 14:06:34.235","-5.5024752E-02"
"26-09-12 14:06:35.141","-5.5352723E-02"
"26-09-12 14:06:35.857","-5.3075495E-02"
"26-09-12 14:06:36.749","-5.5266089E-02"
"26-09-12 14:06:37.463","-5.5142327E-02"
"26-09-12 14:06:38.361","-5.3836634E-02"
"26-09-12 14:06:39.075","-5.4727723E-02"
"26-09-12 14:06:39.972","-5.5847772E-02"
"26-09-12 14:06:40.688","-5.5290842E-02"
"26-09-12 14:06:41.581","-5.4913366E-02"
"26-09-12 14:06:42.295","-5.5191832E-02"
"26-09-12 14:06:43.191","-5.4170792E-02"
"26-09-12 14:06:43.906","-5.5297030E-02"
"26-09-12 14:06:44.830","-5.5680693E-02"
"26-09-12 14:06:45.545","-5.5724010E-02"
"26-09-12 14:06:46.452","-5.4498762E-02"
"26-09-12 14:06:47.165","-5.5148515E-02"
"26-09-12 14:06:48.062","-5.4746287E-02"
"26-09-12 14:06:48.779","-5.5222772E-02"
"26-09-12 14:06:49.671","-5.4585396E-02"
"26-09-12 14:06:50.386","-5.5680693E-02"
"26-09-12 14:06:51.284","-5.5123762E-02"
"26-09-12 14:06:51.998","-5.4591584E-02"
"26-09-12 14:06:52.894","-5.5173267E-02"
"26-09-12 14:06:53.610","-5.5699257E-02"
"26-09-12 14:06:54.517","-5.5030941E-02"
"26-09-12 14:06:55.231","-5.5439356E-02"
"26-09-12 14:06:56.133","-5.4430693E-02"
"26-09-12 14:06:56.847","-5.5000000E-02"
"26-09-12 14:06:57.747","-5.5346535E-02"
"26-09-12 14:06:58.463","-5.5587871E-02"
"26-09-12 14:06:59.374","-5.5105198E-02"
"26-09-12 14:07:00.089","-5.4467822E-02"
"26-09-12 14:07:00.993","-5.6138614E-02"
"26-09-12 14:07:01.708","-5.3446782E-02"
"26-09-12 14:07:02.604","-5.4665842E-02"
"26-09-12 14:07:03.319","-5.7741337E-02"
"26-09-12 14:07:04.219","-5.4542079E-02"
"26-09-12 14:07:04.935","-5.5785891E-02"
"26-09-12 14:07:05.836","-5.5816832E-02"
"26-09-12 14:07:06.549","-5.5018564E-02"
"26-09-12 14:07:07.445","-5.5284653E-02"
"26-09-12 14:07:08.159","-5.6280941E-02"
"26-09-12 14:07:09.056","-5.5241337E-02"
"26-09-12 14:07:09.769","-5.5563119E-02"
"26-09-12 14:07:10.666","-5.5000000E-02"
"26-09-12 14:07:11.381","-5.5891089E-02"
"26-09-12 14:07:12.286","-5.5068069E-02"
"26-09-12 14:07:13.000","-5.4183168E-02"
"26-09-12 14:07:13.911","-5.3923267E-02"
"26-09-12 14:07:14.626","-5.4585396E-02"
"26-09-12 14:07:15.527","-5.4981436E-02"
"26-09-12 14:07:16.243","-5.3966584E-02"
"26-09-12 14:07:17.137","-5.5420792E-02"
"26-09-12 14:07:17.852","-5.5866337E-02"
"26-09-12 14:07:18.745","-5.5773515E-02"
"26-09-12 14:07:19.460","-5.7654703E-02"
"26-09-12 14:07:20.358","-5.6980198E-02"
"26-09-12 14:07:21.073","-5.3193069E-02"
"26-09-12 14:07:21.976","-5.6212871E-02"
"26-09-12 14:07:22.694","-5.6033416E-02"
"26-09-12 14:07:23.591","-5.4826733E-02"
"26-09-12 14:07:24.306","-5.7345297E-02"
"26-09-12 14:07:25.208","-5.5408416E-02"
"26-09-12 14:07:25.923","-5.8242574E-02"
"26-09-12 14:07:26.827","-5.5278465E-02"
"26-09-12 14:07:27.543","-5.5377475E-02"
"26-09-12 14:07:28.439","-5.5451733E-02"
"26-09-12 14:07:29.153","-5.5340347E-02"
"26-09-12 14:07:30.304","-5.5680693E-02"
"26-09-12 14:07:31.019","-5.4115099E-02"
"26-09-12 14:07:31.921","-5.6559406E-02"
"26-09-12 14:07:32.635","-5.4090347E-02"
"26-09-12 14:07:33.539","-5.4913366E-02"
"26-09-12 14:07:34.254","-5.5767327E-02"
"26-09-12 14:07:35.148","-5.5649752E-02"
"26-09-12 14:07:35.863","-5.5977723E-02"
"26-09-12 14:07:36.760","-5.4900990E-02"
"26-09-12 14:07:37.477","-5.5810644E-02"
"26-09-12 14:07:38.370","-5.4907178E-02"
"26-09-12 14:07:39.084","-5.5259901E-02"
"26-09-12 14:07:39.982","-5.5674505E-02"
"26-09-12 14:07:40.696","-5.5841584E-02"
"26-09-12 14:07:41.601","-5.4702970E-02"
"26-09-12 14:07:42.316","-5.6051980E-02"
"26-09-12 14:07:43.214","-5.4808168E-02"
"26-09-12 14:07:43.930","-5.5055693E-02"
"26-09-12 14:07:44.831","-5.5136139E-02"
"26-09-12 14:07:45.545","-5.5068069E-02"
"26-09-12 14:07:46.441","-5.6794554E-02"
"26-09-12 14:07:47.155","-5.4183168E-02"
"26-09-12 14:07:48.052","-5.5550743E-02"
"26-09-12 14:07:48.766","-5.5426980E-02"
"26-09-12 14:07:49.661","-5.6002475E-02"
"26-09-12 14:07:50.377","-5.5433168E-02"
"26-09-12 14:07:51.282","-5.5099010E-02"
"26-09-12 14:07:51.996","-5.4721535E-02"
"26-09-12 14:07:52.893","-5.4956683E-02"
"26-09-12 14:07:53.609","-5.1974010E-02"
"26-09-12 14:07:54.521","-5.5148515E-02"
"26-09-12 14:07:55.234","-5.4814356E-02"
"26-09-12 14:07:56.132","-5.4269802E-02"
"26-09-12 14:07:56.847","-5.5000000E-02"
"26-09-12 14:07:57.743","-5.4771040E-02"
"26-09-12 14:07:58.456","-5.4956683E-02"
"26-09-12 14:07:59.354","-5.5581683E-02"
"26-09-12 14:08:00.069","-5.5525990E-02"
"26-09-12 14:08:00.963","-5.5160891E-02"
"26-09-12 14:08:01.679","-5.4826733E-02"
"26-09-12 14:08:02.574","-5.4919554E-02"
"26-09-12 14:08:03.287","-5.4925743E-02"
"26-09-12 14:08:04.002","-5.5488861E-02"
"26-09-12 14:08:04.906","-5.4183168E-02"
"26-09-12 14:08:05.621","-5.4077970E-02"
"26-09-12 14:08:06.526","-5.5457921E-02"
"26-09-12 14:08:07.241","-5.5563119E-02"
"26-09-12 14:08:08.155","-5.5482673E-02"
"26-09-12 14:08:08.870","-5.4894802E-02"
"26-09-12 14:08:09.765","-5.4653465E-02"
"26-09-12 14:08:10.479","-5.6689356E-02"
"26-09-12 14:08:11.375","-5.5216584E-02"
"26-09-12 14:08:12.092","-5.4740099E-02"
"26-09-12 14:08:12.989","-5.3205446E-02"
"26-09-12 14:08:13.704","-5.4498762E-02"
"26-09-12 14:08:14.610","-5.4857673E-02"
"26-09-12 14:08:15.326","-5.5383663E-02"
"26-09-12 14:08:16.226","-5.5519802E-02"
"26-09-12 14:08:16.940","-5.4387376E-02"
"26-09-12 14:08:17.837","-5.4548267E-02"
"26-09-12 14:08:18.550","-5.5680693E-02"
"26-09-12 14:08:19.445","-5.5891089E-02"
"26-09-12 14:08:20.159","-5.5321782E-02"
"26-09-12 14:08:21.066","-5.5303218E-02"
"26-09-12 14:08:21.781","-5.7289604E-02"
"26-09-12 14:08:22.680","-5.7215347E-02"
"26-09-12 14:08:23.395","-5.4486386E-02"
"26-09-12 14:08:24.296","-5.9758663E-02"
"26-09-12 14:08:25.011","-5.7988861E-02"
"26-09-12 14:08:25.906","-5.5142327E-02"
"26-09-12 14:08:26.624","-5.4931931E-02"
"26-09-12 14:08:27.518","-5.4690594E-02"
"26-09-12 14:08:28.232","-5.5556931E-02"
"26-09-12 14:08:29.138","-5.5872525E-02"
"26-09-12 14:08:29.853","-5.5167079E-02"
"26-09-12 14:08:30.757","-5.5711634E-02"
"26-09-12 14:08:31.470","-5.5154703E-02"
"26-09-12 14:08:32.369","-5.4368812E-02"
"26-09-12 14:08:33.084","-5.8948020E-02"
"26-09-12 14:08:33.989","-5.4232673E-02"
"26-09-12 14:08:34.704","-5.4461634E-02"
"26-09-12 14:08:35.619","-5.3756188E-02"
"26-09-12 14:08:36.548","-5.5909653E-02"
"26-09-12 14:08:37.264","-5.4913366E-02"
"26-09-12 14:08:38.159","-5.6534653E-02"
"26-09-12 14:08:38.874","-5.6355198E-02"
"26-09-12 14:08:39.768","-5.4511139E-02"
"26-09-12 14:08:40.482","-5.5365099E-02"
"26-09-12 14:08:41.380","-5.4863861E-02"
"26-09-12 14:08:42.094","-5.4585396E-02"
"26-09-12 14:08:42.994","-5.5377475E-02"
"26-09-12 14:08:43.708","-5.5284653E-02"
"26-09-12 14:08:44.610","-5.6039604E-02"
"26-09-12 14:08:45.325","-5.5804455E-02"
"26-09-12 14:08:46.220","-5.5278465E-02"
"26-09-12 14:08:46.935","-5.4764851E-02"
"26-09-12 14:08:47.829","-5.5352723E-02"
"26-09-12 14:08:48.547","-5.4399752E-02"
"26-09-12 14:08:49.450","-5.5241337E-02"
"26-09-12 14:08:50.163","-5.5117574E-02"
"26-09-12 14:08:51.061","-5.5847772E-02"
"26-09-12 14:08:51.776","-5.6448020E-02"
"26-09-12 14:08:52.676","-5.4839109E-02"
"26-09-12 14:08:53.391","-5.4387376E-02"
"26-09-12 14:08:54.291","-5.5247525E-02"
"26-09-12 14:08:55.006","-5.5272277E-02"
"26-09-12 14:08:55.903","-5.4845297E-02"
"26-09-12 14:08:56.618","-5.6417079E-02"
"26-09-12 14:08:57.511","-5.3985149E-02"
"26-09-12 14:08:58.226","-5.4783416E-02"
"26-09-12 14:08:59.124","-5.5544554E-02"
"26-09-12 14:08:59.838","-5.4474010E-02"
"26-09-12 14:09:00.744","-5.5767327E-02"
"26-09-12 14:09:01.459","-5.1460396E-02"
"26-09-12 14:09:02.367","-5.4789604E-02"
"26-09-12 14:09:03.082","-5.5965347E-02"
"26-09-12 14:09:03.984","-5.5847772E-02"
"26-09-12 14:09:04.699","-5.5569307E-02"
"26-09-12 14:09:05.593","-5.4913366E-02"
"26-09-12 14:09:06.308","-5.6051980E-02"
"26-09-12 14:09:07.205","-5.4771040E-02"
"26-09-12 14:09:07.920","-5.5637376E-02"
"26-09-12 14:09:08.814","-5.6534653E-02"
"26-09-12 14:09:09.529","-5.5606436E-02"
"26-09-12 14:09:10.423","-5.6206683E-02"
"26-09-12 14:09:11.138","-5.5699257E-02"
"26-09-12 14:09:12.040","-5.4727723E-02"
"26-09-12 14:09:12.754","-5.5000000E-02"
"26-09-12 14:09:13.655","-5.3465347E-02"
"26-09-12 14:09:14.370","-5.4381188E-02"
"26-09-12 14:09:15.266","-5.5327970E-02"
"26-09-12 14:09:15.980","-5.4808168E-02"
"26-09-12 14:09:16.896","-5.5668317E-02"
"26-09-12 14:09:17.609","-5.5990099E-02"
"26-09-12 14:09:18.516","-5.4900990E-02"
"26-09-12 14:09:19.231","-5.6330446E-02"
"26-09-12 14:09:20.126","-5.5699257E-02"
"26-09-12 14:09:20.841","-5.5006188E-02"
"26-09-12 14:09:21.737","-5.4659653E-02"
"26-09-12 14:09:22.456","-5.5024752E-02"
"26-09-12 14:09:23.169","-5.3168317E-02"
"26-09-12 14:09:24.067","-5.5148515E-02"
"26-09-12 14:09:24.782","-5.4288366E-02"
"26-09-12 14:09:25.675","-5.4721535E-02"
"26-09-12 14:09:26.394","-5.3824257E-02"
"26-09-12 14:09:27.286","-5.4944307E-02"
"26-09-12 14:09:28.000","-5.5228960E-02"
"26-09-12 14:09:28.897","-5.5594059E-02"
"26-09-12 14:09:29.612","-5.4170792E-02"
"26-09-12 14:09:30.508","-5.6126238E-02"
"26-09-12 14:09:31.222","-5.4956683E-02"
"26-09-12 14:09:32.131","-5.5129950E-02"
"26-09-12 14:09:32.845","-5.4585396E-02"
"26-09-12 14:09:33.747","-5.4077970E-02"
"26-09-12 14:09:34.460","-5.5253713E-02"
"26-09-12 14:09:35.361","-5.3799505E-02"
"26-09-12 14:09:36.075","-5.4337871E-02"
"26-09-12 14:09:36.979","-5.5810644E-02"
"26-09-12 14:09:37.697","-5.3360149E-02"
"26-09-12 14:09:38.598","-5.4857673E-02"
"26-09-12 14:09:39.312","-5.6565594E-02"
"26-09-12 14:09:40.209","-5.4616337E-02"
"26-09-12 14:09:40.925","-5.5346535E-02"
"26-09-12 14:09:41.822","-5.7134901E-02"
"26-09-12 14:09:42.537","-5.5464109E-02"
"26-09-12 14:09:43.700","-5.5148515E-02"
"26-09-12 14:09:44.414","-5.5563119E-02"
"26-09-12 14:09:45.322","-5.4337871E-02"
"26-09-12 14:09:46.037","-5.5903465E-02"
"26-09-12 14:09:46.942","-5.5111386E-02"
"26-09-12 14:09:47.656","-5.5674505E-02"
"26-09-12 14:09:48.562","-5.5352723E-02"
"26-09-12 14:09:49.277","-5.5129950E-02"
"26-09-12 14:09:50.182","-5.5816832E-02"
"26-09-12 14:09:50.898","-5.4653465E-02"
"26-09-12 14:09:51.808","-5.5352723E-02"
"26-09-12 14:09:52.522","-5.4368812E-02"
"26-09-12 14:09:53.424","-5.5563119E-02"
"26-09-12 14:09:54.138","-5.7172030E-02"
"26-09-12 14:09:55.043","-5.5334158E-02"
"26-09-12 14:09:55.758","-5.4721535E-02"
"26-09-12 14:09:56.673","-5.5507426E-02"
"26-09-12 14:09:57.388","-5.5352723E-02"
"26-09-12 14:09:58.291","-5.4956683E-02"
"26-09-12 14:09:59.008","-5.4801980E-02"
"26-09-12 14:09:59.903","-5.4467822E-02"
"26-09-12 14:10:00.617","-5.5222772E-02"
"26-09-12 14:10:01.516","-5.4777228E-02"
"26-09-12 14:10:02.230","-5.7110149E-02"
"26-09-12 14:10:03.131","-5.5476485E-02"
"26-09-12 14:10:03.846","-5.4622525E-02"
"26-09-12 14:10:04.743","-5.3446782E-02"
"26-09-12 14:10:05.458","-5.3700495E-02"
"26-09-12 14:10:06.354","-5.3985149E-02"
"26-09-12 14:10:07.068","-5.5099010E-02"
"26-09-12 14:10:07.965","-5.5074257E-02"
"26-09-12 14:10:08.681","-5.5600248E-02"
"26-09-12 14:10:09.573","-5.5228960E-02"
"26-09-12 14:10:10.286","-5.5507426E-02"
"26-09-12 14:10:11.196","-5.5210396E-02"
"26-09-12 14:10:11.912","-5.3273515E-02"
"26-09-12 14:10:12.817","-5.4282178E-02"
"26-09-12 14:10:13.532","-5.4183168E-02"
"26-09-12 14:10:14.426","-5.3886139E-02"
"26-09-12 14:10:15.140","-5.7419554E-02"
"26-09-12 14:10:16.033","-5.5043317E-02"
"26-09-12 14:10:16.748","-5.5123762E-02"
"26-09-12 14:10:17.643","-5.7066832E-02"
"26-09-12 14:10:18.359","-5.4944307E-02"
"26-09-12 14:10:19.258","-5.5946782E-02"
"26-09-12 14:10:19.973","-5.2846535E-02"
"26-09-12 14:10:20.876","-5.5513614E-02"
"26-09-12 14:10:21.590","-5.5476485E-02"
"26-09-12 14:10:22.497","-5.4727723E-02"
"26-09-12 14:10:23.213","-5.6058168E-02"
"26-09-12 14:10:24.124","-5.5414604E-02"
"26-09-12 14:10:24.841","-5.5154703E-02"
"26-09-12 14:10:25.736","-5.2902228E-02"
"26-09-12 14:10:26.451","-5.5736386E-02"
"26-09-12 14:10:27.357","-5.5525990E-02"
"26-09-12 14:10:28.072","-5.6324257E-02"
"26-09-12 14:10:28.966","-5.5142327E-02"
"26-09-12 14:10:29.681","-5.6800743E-02"
"26-09-12 14:10:30.577","-5.0538366E-02"
"26-09-12 14:10:31.292","-5.3452970E-02"
"26-09-12 14:10:32.196","-5.5117574E-02"
"26-09-12 14:10:32.911","-5.5247525E-02"
"26-09-12 14:10:33.807","-5.5228960E-02"
"26-09-12 14:10:34.521","-5.3780941E-02"
"26-09-12 14:10:35.416","-5.5043317E-02"
"26-09-12 14:10:36.131","-5.4263614E-02"
"26-09-12 14:10:37.028","-5.5129950E-02"
"26-09-12 14:10:37.743","-5.5037129E-02"
"26-09-12 14:10:38.648","-5.5266089E-02"
"26-09-12 14:10:39.363","-5.4789604E-02"
"26-09-12 14:10:40.259","-5.4913366E-02"
"26-09-12 14:10:40.973","-5.5352723E-02"
"26-09-12 14:10:41.687","-5.4851485E-02"
"26-09-12 14:10:42.588","-5.5383663E-02"
"26-09-12 14:10:43.304","-5.4610149E-02"
"26-09-12 14:10:44.200","-5.5736386E-02"
"26-09-12 14:10:44.915","-5.5327970E-02"
"26-09-12 14:10:45.807","-5.4047030E-02"
"26-09-12 14:10:46.522","-5.5637376E-02"
"26-09-12 14:10:47.419","-5.5222772E-02"
"26-09-12 14:10:48.134","-5.5105198E-02"
"26-09-12 14:10:49.028","-5.3688119E-02"
"26-09-12 14:10:49.743","-5.5284653E-02"
"26-09-12 14:10:50.903","-5.5309406E-02"
"26-09-12 14:10:51.616","-5.3236386E-02"
"26-09-12 14:10:52.521","-5.5074257E-02"
"26-09-12 14:10:53.237","-5.4721535E-02"
"26-09-12 14:10:54.129","-5.4059406E-02"
"26-09-12 14:10:54.844","-5.5272277E-02"
"26-09-12 14:10:55.739","-5.6745050E-02"
"26-09-12 14:10:56.453","-5.5594059E-02"
"26-09-12 14:10:57.350","-5.5247525E-02"
"26-09-12 14:10:58.065","-5.4826733E-02"
"26-09-12 14:10:58.961","-5.5099010E-02"
"26-09-12 14:10:59.676","-5.4573020E-02"
"26-09-12 14:11:00.574","-5.4523515E-02"
"26-09-12 14:11:01.290","-5.6262376E-02"
"26-09-12 14:11:02.190","-5.5315594E-02"
"26-09-12 14:11:02.905","-5.5191832E-02"
"26-09-12 14:11:03.802","-5.4257426E-02"
"26-09-12 14:11:04.516","-5.6837871E-02"
"26-09-12 14:11:05.421","-5.5327970E-02"
"26-09-12 14:11:06.140","-5.5321782E-02"
"26-09-12 14:11:07.031","-5.4969059E-02"
"26-09-12 14:11:07.746","-5.5711634E-02"
"26-09-12 14:11:08.641","-5.6355198E-02"
"26-09-12 14:11:09.356","-5.5451733E-02"
"26-09-12 14:11:10.251","-5.5965347E-02"
"26-09-12 14:11:10.968","-5.6961634E-02"
"26-09-12 14:11:11.874","-5.4665842E-02"
"26-09-12 14:11:12.589","-5.5618812E-02"
"26-09-12 14:11:13.484","-5.6342822E-02"
"26-09-12 14:11:14.198","-5.4133663E-02"
"26-09-12 14:11:15.104","-5.4288366E-02"
"26-09-12 14:11:15.818","-5.4257426E-02"
"26-09-12 14:11:16.715","-5.4535891E-02"
"26-09-12 14:11:17.430","-5.5488861E-02"
"26-09-12 14:11:18.336","-5.4622525E-02"
"26-09-12 14:11:19.049","-5.5061881E-02"
"26-09-12 14:11:19.955","-5.4474010E-02"
"26-09-12 14:11:20.670","-5.3725248E-02"
"26-09-12 14:11:21.575","-5.4220297E-02"
"26-09-12 14:11:22.290","-5.4721535E-02"
"26-09-12 14:11:23.186","-5.5556931E-02"
"26-09-12 14:11:23.901","-5.4492574E-02"
"26-09-12 14:11:24.796","-5.4412129E-02"
"26-09-12 14:11:25.511","-5.4319307E-02"
"26-09-12 14:11:26.417","-5.4331683E-02"
"26-09-12 14:11:27.131","-5.6212871E-02"
"26-09-12 14:11:28.036","-5.6417079E-02"
"26-09-12 14:11:28.750","-5.5253713E-02"
"26-09-12 14:11:29.647","-5.5736386E-02"
"26-09-12 14:11:30.362","-5.4560644E-02"
"26-09-12 14:11:31.267","-5.5525990E-02"
"26-09-12 14:11:31.982","-5.6714109E-02"
"26-09-12 14:11:32.886","-5.5377475E-02"
"26-09-12 14:11:33.599","-5.5204208E-02"
"26-09-12 14:11:34.497","-5.5290842E-02"
"26-09-12 14:11:35.212","-5.7091584E-02"
"26-09-12 14:11:36.110","-5.4077970E-02"
"26-09-12 14:11:36.825","-5.7178218E-02"
"26-09-12 14:11:37.726","-5.4573020E-02"
"26-09-12 14:11:38.440","-5.4944307E-02"
"26-09-12 14:11:39.339","-5.5160891E-02"
"26-09-12 14:11:40.053","-5.4449257E-02"
"26-09-12 14:11:40.957","-5.5024752E-02"
"26-09-12 14:11:41.672","-5.3261139E-02"
"26-09-12 14:11:42.566","-5.4486386E-02"
"26-09-12 14:11:43.281","-5.4573020E-02"
"26-09-12 14:11:44.178","-5.5513614E-02"
"26-09-12 14:11:44.893","-5.5377475E-02"
"26-09-12 14:11:45.797","-5.4573020E-02"
"26-09-12 14:11:46.512","-5.3917079E-02"
"26-09-12 14:11:47.413","-5.5148515E-02"
"26-09-12 14:11:48.128","-5.4721535E-02"
"26-09-12 14:11:49.028","-5.5761139E-02"
"26-09-12 14:11:49.743","-5.5575495E-02"
"26-09-12 14:11:50.639","-5.5129950E-02"
"26-09-12 14:11:51.356","-5.4950495E-02"
"26-09-12 14:11:52.252","-5.4808168E-02"
"26-09-12 14:11:52.966","-5.5266089E-02"
"26-09-12 14:11:53.869","-5.5259901E-02"
"26-09-12 14:11:54.584","-5.5309406E-02"
"26-09-12 14:11:55.482","-5.5569307E-02"
"26-09-12 14:11:56.197","-5.4356436E-02"
"26-09-12 14:11:57.353","-5.5160891E-02"
"26-09-12 14:11:58.067","-5.4870050E-02"
"26-09-12 14:11:58.970","-5.5736386E-02"
"26-09-12 14:11:59.685","-5.5185644E-02"
"26-09-12 14:12:00.621","-5.5829208E-02"
"26-09-12 14:12:01.336","-5.4876238E-02"
"26-09-12 14:12:02.239","-5.5241337E-02"
"26-09-12 14:12:02.953","-5.4672030E-02"
"26-09-12 14:12:03.852","-5.3409653E-02"
"26-09-12 14:12:04.565","-5.5581683E-02"
"26-09-12 14:12:05.471","-5.7766089E-02"
"26-09-12 14:12:06.185","-5.2487624E-02"
"26-09-12 14:12:07.081","-5.5173267E-02"
"26-09-12 14:12:07.796","-5.5525990E-02"
"26-09-12 14:12:08.690","-5.4808168E-02"
"26-09-12 14:12:09.405","-5.5198020E-02"
"26-09-12 14:12:10.305","-5.5532178E-02"
"26-09-12 14:12:11.020","-5.5420792E-02"
"26-09-12 14:12:11.921","-5.5321782E-02"
"26-09-12 14:12:12.638","-5.5464109E-02"
"26-09-12 14:12:13.543","-5.4709158E-02"
"26-09-12 14:12:14.257","-5.4511139E-02"
"26-09-12 14:12:15.161","-5.5476485E-02"
"26-09-12 14:12:15.875","-5.4511139E-02"
"26-09-12 14:12:16.771","-5.4232673E-02"
"26-09-12 14:12:17.486","-5.4882426E-02"
"26-09-12 14:12:18.383","-5.5334158E-02"
"26-09-12 14:12:19.097","-5.4888614E-02"
"26-09-12 14:12:19.996","-5.5117574E-02"
"26-09-12 14:12:20.713","-5.5724010E-02"
"26-09-12 14:12:21.612","-5.6386139E-02"
"26-09-12 14:12:22.326","-5.5024752E-02"
"26-09-12 14:12:23.224","-5.4987624E-02"
"26-09-12 14:12:23.942","-5.7233911E-02"
"26-09-12 14:12:24.845","-5.5043317E-02"
"26-09-12 14:12:25.558","-5.5878713E-02"
"26-09-12 14:12:26.474","-5.4795792E-02"
"26-09-12 14:12:27.190","-5.4393564E-02"
"26-09-12 14:12:28.086","-5.5000000E-02"
"26-09-12 14:12:28.799","-5.5099010E-02"
"26-09-12 14:12:29.700","-5.4412129E-02"
"26-09-12 14:12:30.419","-5.2735149E-02"
"26-09-12 14:12:31.316","-5.5365099E-02"
"26-09-12 14:12:32.030","-5.6720297E-02"
"26-09-12 14:12:32.935","-5.5841584E-02"
"26-09-12 14:12:33.648","-5.2957921E-02"
"26-09-12 14:12:34.546","-5.5445545E-02"
"26-09-12 14:12:35.260","-5.6516089E-02"
"26-09-12 14:12:36.157","-5.5680693E-02"
"26-09-12 14:12:36.871","-5.4678218E-02"
"26-09-12 14:12:37.777","-5.5327970E-02"
"26-09-12 14:12:38.491","-5.4319307E-02"
"26-09-12 14:12:39.392","-5.8056931E-02"
"26-09-12 14:12:40.106","-5.3650990E-02"
"26-09-12 14:12:41.018","-5.4826733E-02"
"26-09-12 14:12:41.731","-5.5148515E-02"
"26-09-12 14:12:42.629","-5.5247525E-02"
"26-09-12 14:12:43.342","-5.4486386E-02"
"26-09-12 14:12:44.247","-5.5327970E-02"
"26-09-12 14:12:44.962","-5.5915842E-02"
"26-09-12 14:12:45.859","-5.5507426E-02"
"26-09-12 14:12:46.575","-5.4702970E-02"
"26-09-12 14:12:47.479","-5.4857673E-02"
"26-09-12 14:12:48.196","-5.3941832E-02"
"26-09-12 14:12:49.087","-5.4925743E-02"
"26-09-12 14:12:49.802","-5.2988861E-02"
"26-09-12 14:12:50.697","-5.4368812E-02"
"26-09-12 14:12:51.412","-5.5383663E-02"
"26-09-12 14:12:52.308","-5.4876238E-02"
"26-09-12 14:12:53.026","-5.4356436E-02"
"26-09-12 14:12:53.930","-5.4851485E-02"
"26-09-12 14:12:54.644","-5.5340347E-02"
"26-09-12 14:12:55.548","-5.4641089E-02"
"26-09-12 14:12:56.262","-5.5748762E-02"
"26-09-12 14:12:57.162","-5.4993812E-02"
"26-09-12 14:12:57.878","-5.5717822E-02"
"26-09-12 14:12:58.780","-5.3855198E-02"
"26-09-12 14:12:59.497","-5.5284653E-02"
"26-09-12 14:13:00.398","-5.7530941E-02"
"26-09-12 14:13:01.112","-5.4443069E-02"
"26-09-12 14:13:02.012","-5.5785891E-02"
"26-09-12 14:13:02.728","-5.3706683E-02"
"26-09-12 14:13:03.881","-5.4907178E-02"
"26-09-12 14:13:04.595","-2.3417698E-01"
"26-09-12 14:13:05.489","-3.6173886E-01"
"26-09-12 14:13:06.204","-3.6073020E-01"
"26-09-12 14:13:07.100","-3.5926361E-01"
"26-09-12 14:13:07.814","-3.5905941E-01"
"26-09-12 14:13:08.720","-3.5805693E-01"
"26-09-12 14:13:09.435","-3.5868812E-01"
"26-09-12 14:13:10.333","-3.4717822E-01"
"26-09-12 14:13:11.048","-3.4318688E-01"
"26-09-12 14:13:11.951","-5.3409653E-02"
"26-09-12 14:13:12.664","-5.5198020E-02"
"26-09-12 14:13:13.562","-5.5439356E-02"
"26-09-12 14:13:14.275","-5.5761139E-02"
"26-09-12 14:13:15.171","-5.5711634E-02"
"26-09-12 14:13:15.886","-5.4059406E-02"
"26-09-12 14:13:16.782","-5.5241337E-02"
"26-09-12 14:13:17.496","-5.5903465E-02"
"26-09-12 14:13:18.393","-5.3663366E-02"
"26-09-12 14:13:19.111","-5.6466584E-02"
"26-09-12 14:13:19.826","-5.7240099E-02"
"26-09-12 14:13:20.723","-5.4987624E-02"
"26-09-12 14:13:21.437","-5.5297030E-02"
"26-09-12 14:13:22.341","-5.5241337E-02"
"26-09-12 14:13:23.055","-5.5724010E-02"
"26-09-12 14:13:23.954","-5.4535891E-02"
"26-09-12 14:13:24.670","-5.6002475E-02"
"26-09-12 14:13:25.573","-5.6256188E-02"
"26-09-12 14:13:26.286","-5.5525990E-02"
"26-09-12 14:13:27.184","-5.4863861E-02"
"26-09-12 14:13:27.898","-5.5983911E-02"
"26-09-12 14:13:28.798","-5.5173267E-02"
"26-09-12 14:13:29.512","-5.5513614E-02"
"26-09-12 14:13:30.412","-5.4622525E-02"
"26-09-12 14:13:31.126","-5.5451733E-02"
"26-09-12 14:13:32.025","-5.4251238E-02"
"26-09-12 14:13:32.740","-5.5680693E-02"
"26-09-12 14:13:33.645","-5.5105198E-02"
"26-09-12 14:13:34.359","-5.5235149E-02"
"26-09-12 14:13:35.267","-5.5030941E-02"
"26-09-12 14:13:35.982","-5.5068069E-02"
"26-09-12 14:13:36.884","-5.5340347E-02"
"26-09-12 14:13:37.602","-5.4591584E-02"
"26-09-12 14:13:38.494","-5.5117574E-02"
"26-09-12 14:13:39.209","-5.5049505E-02"
"26-09-12 14:13:40.104","-5.4944307E-02"
"26-09-12 14:13:40.819","-5.2778465E-02"
"26-09-12 14:13:41.716","-5.4709158E-02"
"26-09-12 14:13:42.430","-5.4808168E-02"
"26-09-12 14:13:43.335","-5.3991337E-02"
"26-09-12 14:13:44.049","-5.5878713E-02"
"26-09-12 14:13:44.945","-5.3025990E-02"
"26-09-12 14:13:45.660","-5.4356436E-02"
"26-09-12 14:13:46.557","-5.4950495E-02"
"26-09-12 14:13:47.271","-5.4523515E-02"
"26-09-12 14:13:48.176","-5.5928218E-02"
"26-09-12 14:13:48.890","-5.5841584E-02"
"26-09-12 14:13:49.799","-5.4801980E-02"
"26-09-12 14:13:50.513","-5.5495050E-02"
"26-09-12 14:13:51.417","-5.4715347E-02"
"26-09-12 14:13:52.133","-5.4523515E-02"
"26-09-12 14:13:53.028","-5.5730198E-02"
"26-09-12 14:13:53.742","-5.5136139E-02"
"26-09-12 14:13:54.637","-5.4702970E-02"
"26-09-12 14:13:55.350","-5.6423267E-02"
"26-09-12 14:13:56.247","-5.6231436E-02"
"26-09-12 14:13:56.962","-5.5501238E-02"
"26-09-12 14:13:57.858","-5.5575495E-02"
"26-09-12 14:13:58.573","-5.4969059E-02"
"26-09-12 14:13:59.478","-5.5711634E-02"
"26-09-12 14:14:00.193","-5.5482673E-02"
"26-09-12 14:14:01.088","-5.2629950E-02"
"26-09-12 14:14:01.801","-5.5334158E-02"
"26-09-12 14:14:02.710","-5.3186881E-02"
"26-09-12 14:14:03.425","-5.5290842E-02"
"26-09-12 14:14:04.322","-5.5754950E-02"
"26-09-12 14:14:05.035","-5.4801980E-02"
"26-09-12 14:14:05.941","-5.6788366E-02"
"26-09-12 14:14:06.655","-5.5810644E-02"
"26-09-12 14:14:07.559","-5.4628713E-02"
"26-09-12 14:14:08.272","-5.5693069E-02"
"26-09-12 14:14:09.180","-5.6287129E-02"
"26-09-12 14:14:10.113","-5.6008663E-02"
"26-09-12 14:14:10.827","-5.6237624E-02"
"26-09-12 14:14:11.729","-5.4888614E-02"
"26-09-12 14:14:12.444","-5.3595297E-02"
"26-09-12 14:14:13.340","-5.5241337E-02"
"26-09-12 14:14:14.053","-5.4275990E-02"
"26-09-12 14:14:14.949","-5.6225248E-02"
"26-09-12 14:14:15.664","-5.7735149E-02"
"26-09-12 14:14:16.573","-5.5587871E-02"
"26-09-12 14:14:17.288","-5.4832921E-02"
"26-09-12 14:14:18.199","-5.7500000E-02"
"26-09-12 14:14:18.913","-5.2667079E-02"
"26-09-12 14:14:19.813","-5.4900990E-02"
"26-09-12 14:14:20.529","-5.6256188E-02"
"26-09-12 14:14:21.431","-5.4956683E-02"
"26-09-12 14:14:22.145","-5.5315594E-02"
"26-09-12 14:14:23.042","-5.6775990E-02"
"26-09-12 14:14:23.758","-5.6206683E-02"
"26-09-12 14:14:24.654","-5.4455446E-02"
"26-09-12 14:14:25.368","-5.4808168E-02"
"26-09-12 14:14:26.263","-5.6231436E-02"
"26-09-12 14:14:26.977","-5.4418317E-02"
"26-09-12 14:14:27.872","-5.5191832E-02"
"26-09-12 14:14:28.587","-5.5043317E-02"
"26-09-12 14:14:29.493","-5.5414604E-02"
"26-09-12 14:14:30.208","-5.4634901E-02"
"26-09-12 14:14:31.118","-5.5587871E-02"
"26-09-12 14:14:31.833","-5.6138614E-02"
"26-09-12 14:14:32.736","-5.4777228E-02"
"26-09-12 14:14:33.449","-5.4925743E-02"
"26-09-12 14:14:34.355","-5.3428218E-02"
"26-09-12 14:14:35.068","-5.5389851E-02"
"26-09-12 14:14:35.977","-5.4969059E-02"
"26-09-12 14:14:36.691","-5.5092822E-02"
"26-09-12 14:14:37.597","-5.6540842E-02"
"26-09-12 14:14:38.312","-5.5693069E-02"
"26-09-12 14:14:39.026","-5.6621287E-02"
"26-09-12 14:14:39.927","-5.4641089E-02"
"26-09-12 14:14:40.646","-5.4938119E-02"
"26-09-12 14:14:41.547","-5.4801980E-02"
"26-09-12 14:14:42.262","-5.5018564E-02"
"26-09-12 14:14:43.175","-5.2500000E-02"
"26-09-12 14:14:43.892","-5.3978960E-02"
"26-09-12 14:14:44.786","-5.4498762E-02"
"26-09-12 14:14:45.501","-5.5470297E-02"
"26-09-12 14:14:46.395","-5.5451733E-02"
"26-09-12 14:14:47.110","-5.6008663E-02"
"26-09-12 14:14:48.010","-5.4306931E-02"
"26-09-12 14:14:48.724","-5.4845297E-02"
"26-09-12 14:14:49.626","-5.3533416E-02"
"26-09-12 14:14:50.339","-5.4047030E-02"
"26-09-12 14:14:51.236","-5.6775990E-02"
"26-09-12 14:14:51.952","-5.4795792E-02"
"26-09-12 14:14:52.844","-5.5303218E-02"
"26-09-12 14:14:53.559","-5.2964109E-02"
"26-09-12 14:14:54.455","-5.4418317E-02"
"26-09-12 14:14:55.170","-5.4783416E-02"
"26-09-12 14:14:56.076","-5.3620050E-02"
"26-09-12 14:14:56.791","-5.3087871E-02"
"26-09-12 14:14:57.693","-5.4771040E-02"
"26-09-12 14:14:58.408","-5.4715347E-02"
"26-09-12 14:14:59.305","-5.5092822E-02"
"26-09-12 14:15:00.022","-5.4702970E-02"
"26-09-12 14:15:00.918","-5.5495050E-02"
"26-09-12 14:15:01.633","-5.5816832E-02"
"26-09-12 14:15:02.525","-5.6732673E-02"
"26-09-12 14:15:03.240","-5.6404703E-02"
"26-09-12 14:15:04.138","-5.2363861E-02"
"26-09-12 14:15:04.853","-5.8712871E-02"
"26-09-12 14:15:05.748","-5.4461634E-02"
"26-09-12 14:15:06.461","-5.5315594E-02"
"26-09-12 14:15:07.362","-5.3954208E-02"
"26-09-12 14:15:08.079","-6.0934406E-02"
"26-09-12 14:15:08.971","-5.4294554E-02"
"26-09-12 14:15:09.684","-5.5420792E-02"
"26-09-12 14:15:10.602","-5.4170792E-02"
"26-09-12 14:15:11.315","-5.4987624E-02"
"26-09-12 14:15:12.220","-5.5210396E-02"
"26-09-12 14:15:12.934","-5.4795792E-02"
"26-09-12 14:15:13.829","-5.8459158E-02"
"26-09-12 14:15:14.542","-5.2865099E-02"
"26-09-12 14:15:15.442","-5.5433168E-02"
"26-09-12 14:15:16.373","-5.5853960E-02"
"26-09-12 14:15:17.087","-5.5204208E-02"
"26-09-12 14:15:17.990","-5.6336634E-02"
"26-09-12 14:15:18.704","-5.4913366E-02"
"26-09-12 14:15:19.603","-5.6181931E-02"
"26-09-12 14:15:20.317","-5.5321782E-02"
"26-09-12 14:15:21.220","-5.5179455E-02"
"26-09-12 14:15:21.935","-5.4956683E-02"
"26-09-12 14:15:22.833","-5.6379950E-02"
"26-09-12 14:15:23.548","-5.4740099E-02"
"26-09-12 14:15:24.454","-5.4077970E-02"
"26-09-12 14:15:25.173","-5.3155941E-02"
"26-09-12 14:15:26.072","-5.5563119E-02"
"26-09-12 14:15:26.786","-5.5111386E-02"
"26-09-12 14:15:27.684","-5.5117574E-02"
"26-09-12 14:15:28.400","-5.4418317E-02"
"26-09-12 14:15:29.292","-5.4969059E-02"
"26-09-12 14:15:30.007","-5.3960396E-02"
"26-09-12 14:15:30.903","-5.5123762E-02"
"26-09-12 14:15:31.618","-5.5148515E-02"
"26-09-12 14:15:32.515","-5.5185644E-02"
"26-09-12 14:15:33.229","-5.5507426E-02"
"26-09-12 14:15:34.133","-5.4275990E-02"
"26-09-12 14:15:34.848","-5.5841584E-02"
"26-09-12 14:15:35.742","-5.4826733E-02"
"26-09-12 14:15:36.456","-5.5055693E-02"
"26-09-12 14:15:37.367","-5.5915842E-02"
"26-09-12 14:15:38.080","-5.4870050E-02"
"26-09-12 14:15:38.983","-5.4542079E-02"
"26-09-12 14:15:39.702","-5.4962871E-02"
"26-09-12 14:15:40.593","-5.7209158E-02"
"26-09-12 14:15:41.308","-5.4715347E-02"
"26-09-12 14:15:42.203","-5.4721535E-02"
"26-09-12 14:15:42.918","-5.4337871E-02"
"26-09-12 14:15:43.813","-5.3985149E-02"
"26-09-12 14:15:44.530","-5.5668317E-02"
"26-09-12 14:15:45.424","-5.5829208E-02"
"26-09-12 14:15:46.137","-5.5965347E-02"
"26-09-12 14:15:47.038","-5.6219059E-02"
"26-09-12 14:15:47.754","-5.4733911E-02"
"26-09-12 14:15:48.654","-5.4535891E-02"
"26-09-12 14:15:49.368","-5.5464109E-02"
"26-09-12 14:15:50.266","-5.4350248E-02"
"26-09-12 14:15:50.981","-5.4969059E-02"
"26-09-12 14:15:51.885","-5.5717822E-02"
"26-09-12 14:15:52.601","-5.4003713E-02"
"26-09-12 14:15:53.497","-5.4795792E-02"
"26-09-12 14:15:54.211","-5.5835396E-02"
"26-09-12 14:15:55.107","-5.4108911E-02"
"26-09-12 14:15:55.820","-5.5915842E-02"
"26-09-12 14:15:56.750","-5.4894802E-02"
"26-09-12 14:15:57.463","-5.5513614E-02"
"26-09-12 14:15:58.355","-5.4603960E-02"
"26-09-12 14:15:59.070","-5.4733911E-02"
"26-09-12 14:15:59.965","-5.8434406E-02"
"26-09-12 14:16:00.681","-5.4752475E-02"
"26-09-12 14:16:01.577","-5.4888614E-02"
"26-09-12 14:16:02.292","-5.4486386E-02"
"26-09-12 14:16:03.188","-5.3935644E-02"
"26-09-12 14:16:03.905","-5.5204208E-02"
"26-09-12 14:16:04.808","-5.4987624E-02"
"26-09-12 14:16:05.521","-5.4907178E-02"
"26-09-12 14:16:06.421","-5.6095297E-02"
"26-09-12 14:16:07.137","-5.4622525E-02"
"26-09-12 14:16:08.040","-5.4449257E-02"
"26-09-12 14:16:08.756","-5.4344059E-02"
"26-09-12 14:16:09.648","-5.5996287E-02"
"26-09-12 14:16:10.363","-5.5420792E-02"
"26-09-12 14:16:11.257","-5.5891089E-02"
"26-09-12 14:16:11.973","-5.4399752E-02"
"26-09-12 14:16:12.871","-5.4870050E-02"
"26-09-12 14:16:13.587","-5.4826733E-02"
"26-09-12 14:16:14.489","-5.4573020E-02"
"26-09-12 14:16:15.205","-5.5086634E-02"
"26-09-12 14:16:16.098","-5.5878713E-02"
"26-09-12 14:16:16.813","-5.5934406E-02"
"26-09-12 14:16:17.729","-5.5018564E-02"
"26-09-12 14:16:18.444","-5.4362624E-02"
"26-09-12 14:16:19.338","-5.4814356E-02"
"26-09-12 14:16:20.053","-5.5420792E-02"
"26-09-12 14:16:20.949","-5.6875000E-02"
"26-09-12 14:16:21.664","-5.3508663E-02"
"26-09-12 14:16:22.809","-5.2549505E-02"
"26-09-12 14:16:23.523","-5.6565594E-02"
"26-09-12 14:16:24.417","-5.5495050E-02"
"26-09-12 14:16:25.132","-5.4925743E-02"
"26-09-12 14:16:26.030","-5.4152228E-02"
"26-09-12 14:16:26.745","-5.4931931E-02"
"26-09-12 14:16:27.651","-5.4801980E-02"
"26-09-12 14:16:28.367","-5.4486386E-02"
"26-09-12 14:16:29.264","-5.5668317E-02"
"26-09-12 14:16:29.978","-5.4480198E-02"
"26-09-12 14:16:30.871","-5.4430693E-02"
"26-09-12 14:16:31.585","-5.4783416E-02"
"26-09-12 14:16:32.492","-5.3712871E-02"
"26-09-12 14:16:33.207","-5.5117574E-02"
"26-09-12 14:16:34.102","-5.5977723E-02"
"26-09-12 14:16:34.820","-5.5030941E-02"
"26-09-12 14:16:35.713","-5.3168317E-02"
"26-09-12 14:16:36.426","-5.5426980E-02"
"26-09-12 14:16:37.334","-5.5365099E-02"
"26-09-12 14:16:38.049","-5.4690594E-02"
"26-09-12 14:16:38.953","-5.4888614E-02"
"26-09-12 14:16:39.670","-5.4938119E-02"
"26-09-12 14:16:40.562","-5.5513614E-02"
"26-09-12 14:16:41.276","-5.5625000E-02"
"26-09-12 14:16:42.172","-5.5006188E-02"
"26-09-12 14:16:42.887","-5.4752475E-02"
"26-09-12 14:16:43.783","-5.4529703E-02"
"26-09-12 14:16:44.496","-5.4399752E-02"
"26-09-12 14:16:45.407","-5.0278465E-02"
"26-09-12 14:16:46.124","-5.4975248E-02"
"26-09-12 14:16:47.025","-5.4585396E-02"
"26-09-12 14:16:47.738","-5.3799505E-02"
"26-09-12 14:16:48.634","-5.7475248E-02"
"26-09-12 14:16:49.350","-5.5309406E-02"
"26-09-12 14:16:50.245","-5.5587871E-02"
"26-09-12 14:16:50.960","-5.5198020E-02"
"26-09-12 14:16:51.855","-5.5575495E-02"
"26-09-12 14:16:52.572","-5.5959158E-02"
"26-09-12 14:16:53.467","-5.4771040E-02"
"26-09-12 14:16:54.182","-5.4375000E-02"
"26-09-12 14:16:55.086","-5.5724010E-02"
"26-09-12 14:16:55.800","-5.4665842E-02"
"26-09-12 14:16:56.706","-5.4387376E-02"
"26-09-12 14:16:57.421","-5.5643564E-02"
"26-09-12 14:16:58.316","-5.4808168E-02"
"26-09-12 14:16:59.030","-5.3923267E-02"
"26-09-12 14:16:59.946","-5.3180693E-02"
"26-09-12 14:17:00.661","-5.4591584E-02"
"26-09-12 14:17:01.557","-5.6076733E-02"
"26-09-12 14:17:02.270","-5.4430693E-02"
"26-09-12 14:17:03.169","-5.5730198E-02"
"26-09-12 14:17:03.884","-5.5408416E-02"
"26-09-12 14:17:04.776","-5.5717822E-02"
"26-09-12 14:17:05.490","-5.6707921E-02"
"26-09-12 14:17:06.391","-5.8267327E-02"
