"Trigger time","No1 Average Ch1"
"","A"
"26-03-20 09:13:55.313","-4.5512586E+00"
"26-03-20 09:13:56.046","-4.5452382E+00"
"26-03-20 09:13:56.751","-4.5275242E+00"
"26-03-20 09:13:57.454","-4.5237354E+00"
"26-03-20 09:13:58.159","-4.5125798E+00"
"26-03-20 09:13:58.862","-4.5039537E+00"
"26-03-20 09:13:59.569","-4.4957156E+00"
"26-03-20 09:14:00.274","-4.4832493E+00"
"26-03-20 09:14:00.979","-4.4728770E+00"
"26-03-20 09:14:01.685","-4.4624635E+00"
"26-03-20 09:14:02.390","-4.4458160E+00"
"26-03-20 09:14:03.095","-4.4431205E+00"
"26-03-20 09:14:03.800","-2.3906284E+00"
"26-03-20 09:14:04.505","+1.0234341E+01"
"26-03-20 09:14:05.268","+1.0113790E+01"
"26-03-20 09:14:05.971","+9.3630059E+00"
"26-03-20 09:14:06.676","+9.0463847E+00"
"26-03-20 09:14:07.380","+9.0107647E+00"
"26-03-20 09:14:08.135","+8.9668538E+00"
"26-03-20 09:14:08.840","+8.9901857E+00"
"26-03-20 09:14:09.545","+8.9130345E+00"
"26-03-20 09:14:10.250","+8.9556319E+00"
"26-03-20 09:14:10.955","+8.9365994E+00"
"26-03-20 09:14:11.709","+8.9469513E+00"
"26-03-20 09:14:12.416","+8.9749455E+00"
"26-03-20 09:14:13.121","+8.9381786E+00"
"26-03-20 09:14:13.824","+8.8829150E+00"
"26-03-20 09:14:14.575","+8.3763300E+00"
"26-03-20 09:14:15.280","+8.3703109E+00"
"26-03-20 09:14:15.982","+8.3243105E+00"
"26-03-20 09:14:16.688","+7.9378419E+00"
"26-03-20 09:14:17.392","+7.9348191E+00"
"26-03-20 09:14:18.146","+7.9385486E+00"
"26-03-20 09:14:18.851","+8.0188691E+00"
"26-03-20 09:14:19.554","+7.9642604E+00"
"26-03-20 09:14:20.259","+8.0066717E+00"
"26-03-20 09:14:21.012","+7.9814339E+00"
"26-03-20 09:14:21.716","+7.9706572E+00"
"26-03-20 09:14:22.421","+7.9714859E+00"
"26-03-20 09:14:23.124","+7.9896720E+00"
"26-03-20 09:14:23.829","+7.9808655E+00"
"26-03-20 09:14:24.581","+7.9765256E+00"
"26-03-20 09:14:25.284","+7.9743564E+00"
"26-03-20 09:14:25.989","+7.9437203E+00"
"26-03-20 09:14:26.695","+7.9926542E+00"
"26-03-20 09:14:27.447","+7.9692890E+00"
"26-03-20 09:14:28.153","+7.9794852E+00"
"26-03-20 09:14:28.858","+8.0428366E+00"
"26-03-20 09:14:29.565","+7.9992019E+00"
"26-03-20 09:14:30.270","+8.0373316E+00"
"26-03-20 09:14:31.020","+8.0197160E+00"
"26-03-20 09:14:31.725","+8.0106921E+00"
"26-03-20 09:14:32.430","+8.0119590E+00"
"26-03-20 09:14:33.133","+8.0340143E+00"
"26-03-20 09:14:33.884","+8.0449363E+00"
"26-03-20 09:14:34.590","+8.0452826E+00"
"26-03-20 09:14:35.293","+7.7922916E+00"
"26-03-20 09:14:35.998","+8.1714994E+00"
"26-03-20 09:14:36.702","+6.3602195E+00"
"26-03-20 09:14:37.455","+6.3502665E+00"
"26-03-20 09:14:38.161","+6.6867740E+00"
"26-03-20 09:14:38.864","+5.9048362E+00"
"26-03-20 09:14:39.569","+5.8783604E+00"
"26-03-20 09:14:40.273","+5.8179081E+00"
"26-03-20 09:14:41.026","+5.8710712E+00"
"26-03-20 09:14:41.731","+5.8755573E+00"
"26-03-20 09:14:42.435","+5.8589212E+00"
"26-03-20 09:14:43.141","+5.8533855E+00"
"26-03-20 09:14:43.895","+5.8589823E+00"
"26-03-20 09:14:44.600","+5.8808620E+00"
"26-03-20 09:14:45.305","+5.8145501E+00"
"26-03-20 09:14:46.011","+5.8284442E+00"
"26-03-20 09:14:46.715","+5.8394102E+00"
"26-03-20 09:14:47.471","+5.8432859E+00"
"26-03-20 09:14:48.177","+5.8534850E+00"
"26-03-20 09:14:48.880","+5.8884394E+00"
"26-03-20 09:14:49.585","+5.8312976E+00"
"26-03-20 09:14:50.338","+5.8249345E+00"
"26-03-20 09:14:51.041","+5.8740368E+00"
"26-03-20 09:14:51.746","+5.8678640E+00"
"26-03-20 09:14:52.449","+5.8551666E+00"
"26-03-20 09:14:53.154","+5.8288974E+00"
"26-03-20 09:14:53.907","+5.8728514E+00"
"26-03-20 09:14:54.610","+5.8468260E+00"
"26-03-20 09:14:55.315","+5.8633329E+00"
"26-03-20 09:14:56.020","+5.8591807E+00"
"26-03-20 09:14:56.774","+5.8548749E+00"
"26-03-20 09:14:57.479","+5.8404031E+00"
"26-03-20 09:14:58.183","+5.8509179E+00"
"26-03-20 09:14:58.889","+5.8787074E+00"
"26-03-20 09:14:59.594","+5.8545608E+00"
"26-03-20 09:15:00.348","+5.8574438E+00"
"26-03-20 09:15:01.053","+5.8489281E+00"
"26-03-20 09:15:01.758","+5.8692157E+00"
"26-03-20 09:15:02.463","+5.8259131E+00"
"26-03-20 09:15:03.216","+5.8558079E+00"
"26-03-20 09:15:03.921","+5.8772194E+00"
"26-03-20 09:15:04.625","+5.8602035E+00"
"26-03-20 09:15:05.331","+5.8556005E+00"
"26-03-20 09:15:06.034","+5.8314874E+00"
"26-03-20 09:15:06.787","+5.8570915E+00"
"26-03-20 09:15:07.493","+5.8145777E+00"
"26-03-20 09:15:08.196","+5.8517610E+00"
"26-03-20 09:15:08.901","+5.8753426E+00"
"26-03-20 09:15:09.648","+5.8264550E+00"
"26-03-20 09:15:10.352","+5.8475301E+00"
"26-03-20 09:15:11.057","+5.8412547E+00"
"26-03-20 09:15:11.760","+5.8866899E+00"
"26-03-20 09:15:12.465","+5.8399139E+00"
"26-03-20 09:15:13.206","+5.8511745E+00"
"26-03-20 09:15:13.909","+5.8715805E+00"
"26-03-20 09:15:14.614","+5.8578795E+00"
"26-03-20 09:15:15.317","+5.8611799E+00"
"26-03-20 09:15:16.058","+5.8247064E+00"
"26-03-20 09:15:16.764","+5.8575800E+00"
"26-03-20 09:15:17.467","+5.8256095E+00"
"26-03-20 09:15:18.172","+5.8630519E+00"
"26-03-20 09:15:18.876","+5.8771370E+00"
"26-03-20 09:15:19.617","+5.8377230E+00"
"26-03-20 09:15:20.322","+5.8515409E+00"
"26-03-20 09:15:21.025","+5.8445171E+00"
"26-03-20 09:15:21.732","+5.8875370E+00"
"26-03-20 09:15:22.472","+5.8388576E+00"
"26-03-20 09:15:23.176","+5.8545078E+00"
"26-03-20 09:15:23.881","+5.8796514E+00"
"26-03-20 09:15:24.584","+5.8580599E+00"
"26-03-20 09:15:25.289","+5.8641182E+00"
"26-03-20 09:15:26.029","+5.8317254E+00"
"26-03-20 09:15:26.733","+5.8407401E+00"
"26-03-20 09:15:27.438","+5.8523551E+00"
"26-03-20 09:15:28.141","+5.8747045E+00"
"26-03-20 09:15:28.883","+5.8841746E+00"
"26-03-20 09:15:29.588","+5.8689472E+00"
"26-03-20 09:15:30.291","+5.8602504E+00"
"26-03-20 09:15:30.998","+5.8483950E+00"
"26-03-20 09:15:31.701","+5.8912416E+00"
"26-03-20 09:15:32.442","+5.8498207E+00"
"26-03-20 09:15:33.147","+5.8665294E+00"
"26-03-20 09:15:33.850","+5.8376324E+00"
"26-03-20 09:15:34.556","+5.8725958E+00"
"26-03-20 09:15:35.298","+5.8633154E+00"
"26-03-20 09:15:36.001","+5.8301556E+00"
"26-03-20 09:15:36.706","+5.8686420E+00"
"26-03-20 09:15:37.409","+5.8527342E+00"
"26-03-20 09:15:38.114","+5.8631816E+00"
"26-03-20 09:15:38.855","+5.8784967E+00"
"26-03-20 09:15:39.561","+5.8642412E+00"
"26-03-20 09:15:40.266","+5.8549005E+00"
"26-03-20 09:15:40.969","+5.8548887E+00"
"26-03-20 09:15:41.712","+5.9140872E+00"
"26-03-20 09:15:42.417","+5.8639970E+00"
"26-03-20 09:15:43.120","+5.8557347E+00"
"26-03-20 09:15:43.825","+5.8781632E+00"
"26-03-20 09:15:44.528","+5.8467900E+00"
"26-03-20 09:15:45.275","+5.8743448E+00"
"26-03-20 09:15:45.980","+5.8480455E+00"
"26-03-20 09:15:46.683","+5.8402833E+00"
"26-03-20 09:15:47.388","+5.8568566E+00"
"26-03-20 09:15:48.133","+5.8818481E+00"
"26-03-20 09:15:48.836","+5.8816055E+00"
"26-03-20 09:15:49.541","+5.8473533E+00"
"26-03-20 09:15:50.244","+5.8509897E+00"
"26-03-20 09:15:50.949","+5.8656085E+00"
"26-03-20 09:15:51.692","+5.8818431E+00"
"26-03-20 09:15:52.395","+5.8496636E+00"
"26-03-20 09:15:53.100","+5.8788878E+00"
"26-03-20 09:15:53.803","+5.8822232E+00"
"26-03-20 09:15:54.508","+5.8625766E+00"
"26-03-20 09:15:55.255","+5.8770199E+00"
"26-03-20 09:15:55.958","+5.8267613E+00"
"26-03-20 09:15:56.665","+5.8363670E+00"
"26-03-20 09:15:57.370","+5.8653562E+00"
"26-03-20 09:15:58.120","+5.8787464E+00"
"26-03-20 09:15:58.825","+5.8788779E+00"
"26-03-20 09:15:59.529","+5.8702389E+00"
"26-03-20 09:16:00.234","+5.8716212E+00"
"26-03-20 09:16:00.939","+5.8811815E+00"
"26-03-20 09:16:01.690","+5.8959148E+00"
"26-03-20 09:16:02.396","+5.8771967E+00"
"26-03-20 09:16:03.101","+5.8636615E+00"
"26-03-20 09:16:03.805","+5.3013102E+00"
"26-03-20 09:16:04.555","+5.1618770E+00"
"26-03-20 09:16:05.262","+5.1792842E+00"
"26-03-20 09:16:05.965","+5.1295449E+00"
"26-03-20 09:16:06.670","+4.4626890E+00"
"26-03-20 09:16:07.373","+4.4582098E+00"
"26-03-20 09:16:08.123","+3.8258091E+00"
"26-03-20 09:16:08.828","+3.0210746E+00"
"26-03-20 09:16:09.531","+1.9193271E+00"
"26-03-20 09:16:10.237","+1.8013192E+00"
"26-03-20 09:16:10.983","+1.7784173E+00"
"26-03-20 09:16:11.687","+1.8285622E+00"
"26-03-20 09:16:12.392","+1.7723508E+00"
"26-03-20 09:16:13.095","+1.7855449E+00"
"26-03-20 09:16:13.800","+1.7996466E+00"
"26-03-20 09:16:14.548","+1.7994768E+00"
"26-03-20 09:16:15.251","+1.8004328E+00"
"26-03-20 09:16:15.956","+1.7609775E+00"
"26-03-20 09:16:16.659","+1.7814705E+00"
"26-03-20 09:16:17.407","+1.7884739E+00"
"26-03-20 09:16:18.112","+1.8018064E+00"
"26-03-20 09:16:18.815","+1.8019523E+00"
"26-03-20 09:16:19.520","+1.8108124E+00"
"26-03-20 09:16:20.224","+1.7978314E+00"
"26-03-20 09:16:20.973","+1.8077673E+00"
"26-03-20 09:16:21.678","+1.8272741E+00"
"26-03-20 09:16:22.384","+1.7978365E+00"
"26-03-20 09:16:23.091","+1.7956900E+00"
"26-03-20 09:16:23.838","+1.8002733E+00"
"26-03-20 09:16:24.543","+1.7970331E+00"
"26-03-20 09:16:25.249","+1.7922360E+00"
"26-03-20 09:16:25.954","+1.7936166E+00"
"26-03-20 09:16:26.659","+1.7979857E+00"
"26-03-20 09:16:27.406","+1.7490526E+00"
"26-03-20 09:16:28.118","+1.7875222E+00"
"26-03-20 09:16:28.823","+1.8025542E+00"
"26-03-20 09:16:29.528","+1.8011034E+00"
"26-03-20 09:16:30.272","+1.7871734E+00"
"26-03-20 09:16:30.977","+1.7859461E+00"
"26-03-20 09:16:31.684","+1.8028672E+00"
"26-03-20 09:16:32.387","+1.7886642E+00"
"26-03-20 09:16:33.092","+1.7803165E+00"
"26-03-20 09:16:33.835","+1.7890985E+00"
"26-03-20 09:16:34.540","+1.7840711E+00"
"26-03-20 09:16:35.246","+1.7989362E+00"
"26-03-20 09:16:35.949","+1.7836203E+00"
"26-03-20 09:16:36.695","+1.7781346E+00"
"26-03-20 09:16:37.400","+1.7996959E+00"
"26-03-20 09:16:38.103","+1.7552718E+00"
"26-03-20 09:16:38.808","+1.8028604E+00"
"26-03-20 09:16:39.511","+1.7959987E+00"
"26-03-20 09:16:40.259","+1.7785779E+00"
"26-03-20 09:16:40.964","+1.8118002E+00"
"26-03-20 09:16:41.667","+1.8337965E+00"
"26-03-20 09:16:42.372","+1.8371219E+00"
"26-03-20 09:16:43.117","+1.7816245E+00"
"26-03-20 09:16:43.820","+1.7780240E+00"
"26-03-20 09:16:44.525","+1.8001521E+00"
"26-03-20 09:16:45.229","+1.7925171E+00"
"26-03-20 09:16:45.934","+1.8044175E+00"
"26-03-20 09:16:46.677","+1.8104593E+00"
"26-03-20 09:16:47.381","+1.7540972E+00"
"26-03-20 09:16:48.086","+1.7625067E+00"
"26-03-20 09:16:48.791","+1.7802630E+00"
"26-03-20 09:16:49.537","+1.7912289E+00"
"26-03-20 09:16:50.242","+1.7974878E+00"
"26-03-20 09:16:50.945","+1.8037736E+00"
"26-03-20 09:16:51.650","+1.8091376E+00"
"26-03-20 09:16:52.353","+1.8022416E+00"
"26-03-20 09:16:53.098","+1.7854267E+00"
"26-03-20 09:16:53.804","+1.7970336E+00"
"26-03-20 09:16:54.507","+1.7884777E+00"
"26-03-20 09:16:55.212","+1.7922440E+00"
"26-03-20 09:16:55.957","+1.7779473E+00"
"26-03-20 09:16:56.660","+1.7995848E+00"
"26-03-20 09:16:57.365","+1.7692453E+00"
"26-03-20 09:16:58.071","+1.7708147E+00"
"26-03-20 09:16:58.777","+1.8013502E+00"
"26-03-20 09:16:59.522","+1.8014049E+00"
"26-03-20 09:17:00.225","+1.8002024E+00"
"26-03-20 09:17:00.930","+1.8032654E+00"
"26-03-20 09:17:01.635","+1.8183454E+00"
"26-03-20 09:17:02.340","+1.8007130E+00"
"26-03-20 09:17:03.085","+1.7843907E+00"
"26-03-20 09:17:03.789","+1.7926452E+00"
"26-03-20 09:17:04.495","+1.8349744E+00"
"26-03-20 09:17:05.200","+1.7856697E+00"
"26-03-20 09:17:05.945","+1.7847174E+00"
"26-03-20 09:17:06.653","+1.7562461E+00"
"26-03-20 09:17:07.358","+1.7573091E+00"
"26-03-20 09:17:08.063","+1.7530675E+00"
"26-03-20 09:17:08.768","+1.7537465E+00"
"26-03-20 09:17:09.511","+1.8129873E+00"
"26-03-20 09:17:10.217","+1.8024280E+00"
"26-03-20 09:17:10.922","+1.7576868E+00"
"26-03-20 09:17:11.625","+1.7852796E+00"
"26-03-20 09:17:12.369","+1.7677265E+00"
"26-03-20 09:17:13.075","+1.7880492E+00"
"26-03-20 09:17:13.780","+1.7640807E+00"
"26-03-20 09:17:14.485","+1.7975526E+00"
"26-03-20 09:17:15.190","+1.7917093E+00"
"26-03-20 09:17:15.938","+1.7943984E+00"
"26-03-20 09:17:16.644","+1.8078996E+00"
"26-03-20 09:17:17.348","+1.7646045E+00"
"26-03-20 09:17:18.053","+1.7675527E+00"
"26-03-20 09:17:18.802","+1.7697580E+00"
"26-03-20 09:17:19.505","+1.7929967E+00"
"26-03-20 09:17:20.210","+1.7608743E+00"
"26-03-20 09:17:20.913","+1.7694457E+00"
"26-03-20 09:17:21.618","+1.7973461E+00"
"26-03-20 09:17:22.369","+1.7853614E+00"
"26-03-20 09:17:23.072","+1.7671684E+00"
"26-03-20 09:17:23.779","+1.7743135E+00"
"26-03-20 09:17:24.482","+1.7884582E+00"
"26-03-20 09:17:25.235","+1.7572290E+00"
"26-03-20 09:17:25.940","+1.7752811E+00"
"26-03-20 09:17:26.643","+1.7586628E+00"
"26-03-20 09:17:27.348","+1.7758439E+00"
"26-03-20 09:17:28.053","+1.8174741E+00"
"26-03-20 09:17:28.808","+1.7570354E+00"
"26-03-20 09:17:29.514","+1.7906086E+00"
"26-03-20 09:17:30.219","+1.7558392E+00"
"26-03-20 09:17:30.924","+1.7730959E+00"
"26-03-20 09:17:33.267","+1.7718885E+00"
"26-03-20 09:17:33.974","+1.7724721E+00"
"26-03-20 09:17:34.679","+1.7955530E+00"
"26-03-20 09:17:35.382","+1.7625070E+00"
"26-03-20 09:17:36.087","+1.7862986E+00"
"26-03-20 09:17:36.790","+1.7688633E+00"
"26-03-20 09:17:37.495","+1.7902398E+00"
"26-03-20 09:17:38.198","+1.7571540E+00"
"26-03-20 09:17:38.903","+1.7626316E+00"
"26-03-20 09:17:39.607","+1.8021053E+00"
"26-03-20 09:17:40.312","+1.7869019E+00"
"26-03-20 09:17:41.018","+1.7804957E+00"
"26-03-20 09:17:41.723","+1.7799009E+00"
"26-03-20 09:17:42.429","+1.7876804E+00"
"26-03-20 09:17:43.132","+1.7874671E+00"
"26-03-20 09:17:43.837","+1.7945069E+00"
"26-03-20 09:17:44.541","+1.7877408E+00"
"26-03-20 09:17:45.246","+1.7871294E+00"
"26-03-20 09:17:45.949","+1.7647010E+00"
"26-03-20 09:17:46.654","+1.7612861E+00"
"26-03-20 09:17:47.359","+1.7694164E+00"
"26-03-20 09:17:48.064","+1.8007467E+00"
"26-03-20 09:17:48.770","+1.8000060E+00"
"26-03-20 09:17:49.473","+1.8004222E+00"
"26-03-20 09:17:50.178","+1.8023126E+00"
"26-03-20 09:17:50.881","+1.7775951E+00"
"26-03-20 09:17:51.588","+1.7884806E+00"
"26-03-20 09:17:52.291","+1.7984531E+00"
"26-03-20 09:17:52.996","+1.7679362E+00"
"26-03-20 09:17:53.701","+1.7929065E+00"
"26-03-20 09:17:54.406","+1.7966367E+00"
"26-03-20 09:17:55.111","+1.7900452E+00"
"26-03-20 09:17:55.816","+1.7700135E+00"
"26-03-20 09:17:56.521","+1.7757266E+00"
"26-03-20 09:17:57.225","+1.7952631E+00"
"26-03-20 09:17:57.930","+1.7617376E+00"
"26-03-20 09:17:58.634","+1.8003169E+00"
"26-03-20 09:17:59.339","+1.7840583E+00"
"26-03-20 09:18:00.044","+1.7748288E+00"
"26-03-20 09:18:00.749","+1.7634749E+00"
"26-03-20 09:18:01.454","+1.7957811E+00"
"26-03-20 09:18:02.159","+1.8308527E+00"
"26-03-20 09:18:02.864","+1.7763029E+00"
"26-03-20 09:18:03.569","+1.7619920E+00"
"26-03-20 09:18:04.274","+1.8125099E+00"
"26-03-20 09:18:04.977","+1.7926001E+00"
"26-03-20 09:18:05.682","+1.7651283E+00"
"26-03-20 09:18:06.385","+1.7886152E+00"
"26-03-20 09:18:07.090","+1.7834716E+00"
"26-03-20 09:18:07.793","+1.7957659E+00"
"26-03-20 09:18:08.500","+1.8175280E+00"
"26-03-20 09:18:09.205","+1.7900097E+00"
"26-03-20 09:18:09.910","+1.8518133E+00"
"26-03-20 09:18:10.615","+1.7995241E+00"
"26-03-20 09:18:11.318","+1.8113923E+00"
"26-03-20 09:18:12.023","+1.8377615E+00"
"26-03-20 09:18:12.727","+1.8319037E+00"
"26-03-20 09:18:13.432","+1.8225172E+00"
"26-03-20 09:18:14.135","+1.7984021E+00"
"26-03-20 09:18:14.840","+1.8131945E+00"
"26-03-20 09:18:15.545","+1.8053691E+00"
"26-03-20 09:18:16.251","+1.8368460E+00"
"26-03-20 09:18:16.958","+1.8535482E+00"
"26-03-20 09:18:17.663","+1.7798532E+00"
"26-03-20 09:18:18.368","+1.7894865E+00"
"26-03-20 09:18:19.071","+1.8944284E+00"
"26-03-20 09:18:19.776","+1.7765379E+00"
"26-03-20 09:18:20.479","+1.7529796E+00"
"26-03-20 09:18:21.184","+1.7815486E+00"
"26-03-20 09:18:21.887","+1.7777643E+00"
"26-03-20 09:18:22.593","+1.7216312E+00"
"26-03-20 09:18:23.298","+1.7186733E+00"
"26-03-20 09:18:24.003","+1.7472842E+00"
"26-03-20 09:18:24.708","+1.8205515E+00"
"26-03-20 09:18:25.415","+1.7778615E+00"
"26-03-20 09:18:26.120","+1.7509676E+00"
"26-03-20 09:18:26.823","+1.7207671E+00"
"26-03-20 09:18:27.528","+1.7314366E+00"
"26-03-20 09:18:28.231","+1.7287231E+00"
"26-03-20 09:18:28.936","+1.7611263E+00"
"26-03-20 09:18:29.640","+1.7772147E+00"
"26-03-20 09:18:30.346","+1.7203474E+00"
"26-03-20 09:18:31.051","+1.7506961E+00"
"26-03-20 09:18:31.756","+1.7413325E+00"
"26-03-20 09:18:32.461","+1.7189740E+00"
"26-03-20 09:18:33.164","+1.7033308E+00"
"26-03-20 09:18:33.869","+1.7214134E+00"
"26-03-20 09:18:34.574","+7.7961778E-01"
"26-03-20 09:18:35.279","+1.4957342E-01"
"26-03-20 09:18:35.982","+1.2751674E-01"
"26-03-20 09:18:36.687","+1.2912460E-01"
"26-03-20 09:18:37.393","+1.3201432E-01"
"26-03-20 09:18:38.098","+1.4651152E-01"
"26-03-20 09:18:38.804","+1.5145292E-01"
"26-03-20 09:18:39.509","+1.5724685E-01"
"26-03-20 09:18:40.214","+1.2558352E-01"
"26-03-20 09:18:40.918","+1.3207667E-01"
"26-03-20 09:18:41.623","+1.4454593E-01"
"26-03-20 09:18:42.326","+1.6006685E-01"
"26-03-20 09:18:43.033","+1.5660148E-01"
"26-03-20 09:18:43.737","+1.1980695E-01"
"26-03-20 09:18:44.443","+1.4461278E-01"
"26-03-20 09:18:45.148","+1.2868615E-01"
"26-03-20 09:18:45.853","+1.4767318E-01"
"26-03-20 09:18:46.559","+1.5563537E-01"
"26-03-20 09:18:47.263","+1.5703506E-01"
"26-03-20 09:18:47.968","+1.2136171E-01"
"26-03-20 09:18:48.670","+1.3072021E-01"
"26-03-20 09:18:49.376","+1.1934139E-01"
"26-03-20 09:18:50.079","+1.5685938E-01"
"26-03-20 09:18:50.784","+1.2428316E-01"
"26-03-20 09:18:51.491","+1.4723398E-01"
"26-03-20 09:18:52.196","+1.3786410E-01"
"26-03-20 09:18:52.902","+1.2185351E-01"
"26-03-20 09:18:53.607","+1.3947783E-01"
"26-03-20 09:18:54.312","+1.2693023E-01"
"26-03-20 09:18:55.020","+1.3872139E-01"
"26-03-20 09:18:55.725","+1.2594312E-01"
"26-03-20 09:18:56.428","+1.2421581E-01"
"26-03-20 09:18:57.133","+1.1596874E-01"
"26-03-20 09:18:57.838","+1.5353534E-01"
"26-03-20 09:18:58.543","+1.2264744E-01"
"26-03-20 09:18:59.248","+1.2109869E-01"
"26-03-20 09:18:59.954","+1.6001349E-01"
"26-03-20 09:19:00.660","+1.2166333E-01"
"26-03-20 09:19:01.363","+1.6123301E-01"
"26-03-20 09:19:02.068","+1.3488142E-01"
"26-03-20 09:19:02.772","+1.2735843E-01"
"26-03-20 09:19:03.477","+1.4685001E-01"
"26-03-20 09:19:04.179","+1.4988417E-01"
"26-03-20 09:19:04.885","+1.2088415E-01"
"26-03-20 09:19:05.591","+1.2828444E-01"
"26-03-20 09:19:06.296","+1.2753299E-01"
"26-03-20 09:19:07.001","+1.4556277E-01"
"26-03-20 09:19:07.705","+1.6370452E-01"
"26-03-20 09:19:08.412","+1.2669095E-01"
"26-03-20 09:19:09.115","+1.3616928E-01"
"26-03-20 09:19:09.820","+1.4004361E-01"
"26-03-20 09:19:10.523","+1.2623963E-01"
"26-03-20 09:19:11.228","+1.4684164E-01"
"26-03-20 09:19:11.932","+7.5943498E-02"
"26-03-20 09:19:12.638","+9.1590364E-02"
"26-03-20 09:19:13.343","+1.0108657E-01"
"26-03-20 09:19:14.048","+7.8278064E-02"
"26-03-20 09:19:14.754","+8.1654463E-02"
"26-03-20 09:19:15.457","+1.0351210E-01"
"26-03-20 09:19:16.162","+1.0582604E-01"
"26-03-20 09:19:16.864","+8.7115904E-02"
"26-03-20 09:19:17.572","+8.0752824E-02"
"26-03-20 09:19:18.275","+8.0198421E-02"
"26-03-20 09:19:18.980","+1.0296456E-01"
"26-03-20 09:19:19.685","+8.8693772E-02"
"26-03-20 09:19:20.390","+8.6415059E-02"
"26-03-20 09:19:21.095","+1.3055228E-01"
"26-03-20 09:19:21.800","+8.2360181E-02"
"26-03-20 09:19:22.505","+9.8619927E-02"
"26-03-20 09:19:23.208","+7.6123676E-02"
"26-03-20 09:19:23.914","+9.0285386E-02"
"26-03-20 09:19:24.617","+1.1125650E-01"
"26-03-20 09:19:25.322","+1.1206855E-01"
"26-03-20 09:19:26.026","+7.5083217E-02"
"26-03-20 09:19:26.732","+8.2559476E-02"
"26-03-20 09:19:27.437","+7.9293033E-02"
"26-03-20 09:19:28.142","+1.0220262E-01"
"26-03-20 09:19:28.847","+1.0176142E-01"
"26-03-20 09:19:29.550","+8.0907262E-02"
"26-03-20 09:19:30.256","+1.0085841E-01"
"26-03-20 09:19:30.959","+1.0669232E-01"
"26-03-20 09:19:31.664","+9.1262245E-02"
"26-03-20 09:19:32.367","+9.8493728E-02"
"26-03-20 09:19:33.072","+7.2493003E-02"
"26-03-20 09:19:33.777","+1.0734744E-01"
"26-03-20 09:19:34.483","+8.7934576E-02"
"26-03-20 09:19:35.190","+7.4774965E-02"
"26-03-20 09:19:35.895","+7.8244952E-02"
"26-03-20 09:19:36.600","+1.0681015E-01"
"26-03-20 09:19:37.304","+1.0411123E-01"
"26-03-20 09:19:38.009","+8.9459591E-02"
"26-03-20 09:19:38.712","+8.0494927E-02"
"26-03-20 09:19:39.417","+8.5512670E-02"
"26-03-20 09:19:40.120","+1.0538622E-01"
"26-03-20 09:19:40.825","+1.0753699E-01"
"26-03-20 09:19:41.530","+8.4516069E-02"
"26-03-20 09:19:42.235","+9.9327644E-02"
"26-03-20 09:19:42.942","+8.2174755E-02"
"26-03-20 09:19:43.647","+1.1223910E-01"
"26-03-20 09:19:44.352","+7.5443448E-02"
"26-03-20 09:19:45.055","+9.0688849E-02"
"26-03-20 09:19:45.760","+9.0496926E-02"
"26-03-20 09:19:46.463","+9.5645117E-02"
"26-03-20 09:19:47.168","+7.8440374E-02"
"26-03-20 09:19:47.871","+7.3927429E-02"
"26-03-20 09:19:48.576","+8.7553604E-02"
"26-03-20 09:19:49.280","+1.1102759E-01"
"26-03-20 09:19:49.985","+1.1704668E-01"
"26-03-20 09:19:50.690","+8.0543658E-02"
"26-03-20 09:19:51.395","+1.2444072E-01"
"26-03-20 09:19:52.101","+7.5392468E-02"
"26-03-20 09:19:52.805","+8.4222186E-02"
"26-03-20 09:19:53.510","+9.4937025E-02"
"26-03-20 09:19:54.213","+7.3541833E-02"
"26-03-20 09:19:54.918","+1.2257572E-01"
"26-03-20 09:19:55.621","+8.8757497E-02"
"26-03-20 09:19:56.327","+9.0573646E-02"
"26-03-20 09:19:57.032","+1.2744502E-01"
"26-03-20 09:19:57.737","+1.1320622E-01"
"26-03-20 09:19:58.443","+1.1118228E-01"
"26-03-20 09:19:59.146","+8.4931028E-02"
"26-03-20 09:19:59.851","+8.9032762E-02"
"26-03-20 09:20:00.555","+9.0916758E-02"
"26-03-20 09:20:01.260","+1.4287110E-01"
"26-03-20 09:20:01.964","+8.3754498E-02"
"26-03-20 09:20:02.669","+9.2106782E-02"
"26-03-20 09:20:03.374","+7.8466239E-02"
"26-03-20 09:20:04.079","+7.2287335E-02"
"26-03-20 09:20:04.784","+1.2246451E-01"
"26-03-20 09:20:05.490","+8.0210291E-02"
"26-03-20 09:20:06.195","+9.9016643E-02"
"26-03-20 09:20:06.898","+9.8752749E-02"
"26-03-20 09:20:07.603","+8.1003099E-02"
"26-03-20 09:20:08.307","+1.1720024E-01"
"26-03-20 09:20:09.014","+1.2219987E-01"
"26-03-20 09:20:09.718","+1.4552879E-01"
"26-03-20 09:20:10.424","+1.0759534E-01"
"26-03-20 09:20:11.129","+1.0683089E-01"
"26-03-20 09:20:11.834","+1.2723511E-01"
"26-03-20 09:20:12.539","+1.1297668E-01"
"26-03-20 09:20:13.242","+7.4805953E-02"
"26-03-20 09:20:13.947","+9.4137970E-02"
"26-03-20 09:20:14.650","+7.9024640E-02"
"26-03-20 09:20:15.355","+7.6241253E-02"
"26-03-20 09:20:16.058","+1.2371339E-01"
"26-03-20 09:20:16.763","+1.0822309E-01"
"26-03-20 09:20:17.468","+8.1233257E-02"
"26-03-20 09:20:18.174","+8.3458492E-02"
"26-03-20 09:20:18.879","+8.4004023E-02"
"26-03-20 09:20:19.585","+7.8157987E-02"
"26-03-20 09:20:20.291","+7.6655463E-02"
"26-03-20 09:20:20.994","+9.6989704E-02"
"26-03-20 09:20:21.699","+1.1733282E-01"
"26-03-20 09:20:22.402","+7.8939424E-02"
"26-03-20 09:20:23.108","+7.7205743E-02"
"26-03-20 09:20:23.812","+7.6115554E-02"
"26-03-20 09:20:24.517","+8.5225035E-02"
"26-03-20 09:20:25.222","+7.2160136E-02"
"26-03-20 09:20:25.929","+8.1514394E-02"
"26-03-20 09:20:26.634","+1.1674830E-01"
"26-03-20 09:20:27.337","+1.0402564E-01"
"26-03-20 09:20:28.042","+7.1438175E-02"
"26-03-20 09:20:28.745","+7.7146266E-02"
"26-03-20 09:20:29.450","+8.6182152E-02"
"26-03-20 09:20:30.153","+5.8547831E-02"
"26-03-20 09:20:30.858","+5.9366503E-02"
"26-03-20 09:20:31.563","+5.7616828E-02"
"26-03-20 09:20:32.268","+5.5992728E-02"
"26-03-20 09:20:32.973","+8.2696172E-02"
"26-03-20 09:20:33.678","+5.9307777E-02"
"26-03-20 09:20:34.384","+5.7648441E-02"
"26-03-20 09:20:35.088","+5.5107957E-02"
"26-03-20 09:20:35.793","+5.6508771E-02"
"26-03-20 09:20:36.496","+6.1001974E-02"
"26-03-20 09:20:37.201","+6.4194322E-02"
"26-03-20 09:20:37.904","+5.7893842E-02"
"26-03-20 09:20:38.609","+5.6812275E-02"
"26-03-20 09:20:39.313","+6.3451619E-02"
"26-03-20 09:20:40.019","+5.4427979E-02"
"26-03-20 09:20:40.724","+5.3924680E-02"
"26-03-20 09:20:41.429","+5.4113355E-02"
"26-03-20 09:20:42.134","+5.5029488E-02"
"26-03-20 09:20:42.837","+5.3408886E-02"
"26-03-20 09:20:43.543","+5.5180053E-02"
"26-03-20 09:20:44.247","+5.4926904E-02"
"26-03-20 09:20:44.952","+5.2781013E-02"
"26-03-20 09:20:45.656","+5.2645942E-02"
"26-03-20 09:20:46.361","+5.4823071E-02"
"26-03-20 09:20:47.066","+5.3626549E-02"
"26-03-20 09:20:47.771","+5.3785736E-02"
"26-03-20 09:20:48.476","+5.5723461E-02"
"26-03-20 09:20:49.180","+5.4101110E-02"
"26-03-20 09:20:49.885","+5.3614179E-02"
"26-03-20 09:20:50.588","+5.4028014E-02"
"26-03-20 09:20:51.294","+5.3533087E-02"
"26-03-20 09:20:51.998","+5.2701919E-02"
"26-03-20 09:20:52.704","+5.2747776E-02"
"26-03-20 09:20:53.407","+5.3667533E-02"
"26-03-20 09:20:54.114","+5.4729983E-02"
"26-03-20 09:20:54.819","+5.4264419E-02"
"26-03-20 09:20:55.524","+5.5307502E-02"
"26-03-20 09:20:56.229","+5.5040984E-02"
"26-03-20 09:20:56.932","+5.3373026E-02"
"26-03-20 09:20:57.637","+5.5547906E-02"
"26-03-20 09:20:58.341","+5.5451819E-02"
"26-03-20 09:20:59.046","+5.4523815E-02"
"26-03-20 09:20:59.750","+5.2868977E-02"
"26-03-20 09:21:00.457","+5.3943673E-02"
"26-03-20 09:21:01.162","+5.4085991E-02"
"26-03-20 09:21:01.867","+5.5249650E-02"
"26-03-20 09:21:02.572","+5.3515344E-02"
"26-03-20 09:21:03.277","+5.3418757E-02"
"26-03-20 09:21:03.982","+5.4268418E-02"
"26-03-20 09:21:04.685","+5.3959166E-02"
"26-03-20 09:21:05.390","+5.3406262E-02"
"26-03-20 09:21:06.093","+5.4015644E-02"
"26-03-20 09:21:06.798","+5.3479233E-02"
"26-03-20 09:21:07.501","+5.3414634E-02"
"26-03-20 09:21:08.206","+5.5639869E-02"
"26-03-20 09:21:08.913","+5.5081592E-02"
"26-03-20 09:21:09.618","+5.4230058E-02"
"26-03-20 09:21:10.323","+5.4079118E-02"
"26-03-20 09:21:11.027","+5.4856807E-02"
"26-03-20 09:21:11.732","+5.5320997E-02"
"26-03-20 09:21:12.436","+5.5060476E-02"
"26-03-20 09:21:13.141","+5.3679778E-02"
"26-03-20 09:21:13.843","+5.3861081E-02"
"26-03-20 09:21:14.549","+5.3573196E-02"
"26-03-20 09:21:15.255","+5.5408087E-02"
"26-03-20 09:21:15.960","+5.4057752E-02"
"26-03-20 09:21:16.723","+5.4528314E-02"
"26-03-20 09:21:17.430","+5.5383846E-02"
"26-03-20 09:21:18.135","+5.5257022E-02"
"26-03-20 09:21:18.840","+5.4535061E-02"
"26-03-20 09:21:19.544","+5.3929678E-02"
"26-03-20 09:21:20.249","+5.3131497E-02"
"26-03-20 09:21:20.952","+5.5484806E-02"
"26-03-20 09:21:21.657","+5.4046132E-02"
"26-03-20 09:21:22.360","+5.4435976E-02"
"26-03-20 09:21:23.065","+5.3428004E-02"
"26-03-20 09:21:23.770","+5.4020142E-02"
"26-03-20 09:21:24.475","+5.3670782E-02"
"26-03-20 09:21:25.180","+5.4747351E-02"
"26-03-20 09:21:25.885","+5.3155863E-02"
"26-03-20 09:21:26.591","+1.0402601E-01"
"26-03-20 09:21:27.295","+5.4472586E-02"
"26-03-20 09:21:28.000","+5.3284436E-02"
"26-03-20 09:21:28.702","+5.3537585E-02"
"26-03-20 09:21:29.408","+5.4584166E-02"
"26-03-20 09:21:30.112","+5.5125575E-02"
"26-03-20 09:21:30.817","+5.4996626E-02"
"26-03-20 09:21:31.522","+5.4489454E-02"
"26-03-20 09:21:32.227","+5.3457617E-02"
"26-03-20 09:21:32.932","+5.3126499E-02"
"26-03-20 09:21:33.635","+5.2831867E-02"
"26-03-20 09:21:34.340","+5.2826994E-02"
"26-03-20 09:21:35.044","+5.5279638E-02"
"26-03-20 09:21:35.750","+5.3856957E-02"
"26-03-20 09:21:36.453","+5.4862430E-02"
"26-03-20 09:21:37.158","+5.3358157E-02"
"26-03-20 09:21:37.863","+5.3107632E-02"
"26-03-20 09:21:38.568","+5.3236081E-02"
"26-03-20 09:21:39.273","+5.3534086E-02"
"26-03-20 09:21:39.978","+5.4137845E-02"
"26-03-20 09:21:40.683","+5.2674805E-02"
"26-03-20 09:21:41.386","+5.3730633E-02"
"26-03-20 09:21:42.091","+5.5774690E-02"
"26-03-20 09:21:42.793","+5.5238779E-02"
"26-03-20 09:21:43.500","+5.5050480E-02"
"26-03-20 09:21:44.203","+5.3508971E-02"
"26-03-20 09:21:44.909","+5.5114079E-02"
"26-03-20 09:21:45.614","+5.5144317E-02"
"26-03-20 09:21:46.319","+5.4949145E-02"
"26-03-20 09:21:47.024","+5.2613330E-02"
"26-03-20 09:21:47.728","+5.2467138E-02"
"26-03-20 09:21:48.433","+5.4440599E-02"
"26-03-20 09:21:49.136","+5.5243403E-02"
"26-03-20 09:21:49.841","+5.5054853E-02"
"26-03-20 09:21:50.544","+5.4793083E-02"
"26-03-20 09:21:51.249","+5.3611305E-02"
"26-03-20 09:21:51.956","+5.5564524E-02"
"26-03-20 09:21:52.661","+5.3602809E-02"
"26-03-20 09:21:53.366","+5.4892293E-02"
"26-03-20 09:21:54.071","+5.3712015E-02"
"26-03-20 09:21:54.777","+5.4642643E-02"
"26-03-20 09:21:55.480","+5.3833217E-02"
"26-03-20 09:21:56.185","+5.3453744E-02"
"26-03-20 09:21:56.887","+5.4331018E-02"
"26-03-20 09:21:57.593","+5.3322796E-02"
"26-03-20 09:21:58.296","+5.5347111E-02"
"26-03-20 09:21:59.002","+5.3393143E-02"
"26-03-20 09:21:59.705","+5.4987630E-02"
"26-03-20 09:22:00.413","+5.5634871E-02"
"26-03-20 09:22:01.119","+5.4564174E-02"
"26-03-20 09:22:01.825","+5.3056527E-02"
"26-03-20 09:22:02.530","+5.4721112E-02"
"26-03-20 09:22:03.233","+5.4383122E-02"
"26-03-20 09:22:03.938","+5.4148840E-02"
"26-03-20 09:22:04.641","+5.4601160E-02"
"26-03-20 09:22:05.346","+5.3442248E-02"
"26-03-20 09:22:06.049","+5.4901539E-02"
"26-03-20 09:22:06.754","+5.4039259E-02"
"26-03-20 09:22:07.459","+5.3245077E-02"
"26-03-20 09:22:08.164","+5.4462090E-02"
"26-03-20 09:22:08.870","+5.4356882E-02"
"26-03-20 09:22:09.574","+5.3303679E-02"
"26-03-20 09:22:10.279","+5.5294882E-02"
"26-03-20 09:22:10.982","+5.4166833E-02"
"26-03-20 09:22:11.687","+5.4647641E-02"
"26-03-20 09:22:12.389","+5.5025740E-02"
"26-03-20 09:22:13.095","+5.4033137E-02"
"26-03-20 09:22:13.800","+5.5107707E-02"
"26-03-20 09:22:14.506","+5.3780863E-02"
"26-03-20 09:22:15.211","+5.4165709E-02"
"26-03-20 09:22:15.916","+5.4089614E-02"
"26-03-20 09:22:16.621","+5.4376250E-02"
"26-03-20 09:22:17.325","+5.5192048E-02"
"26-03-20 09:22:18.031","+5.5593263E-02"
"26-03-20 09:22:18.735","+5.4906287E-02"
"26-03-20 09:22:19.440","+5.4719987E-02"
"26-03-20 09:22:20.143","+5.4217063E-02"
"26-03-20 09:22:20.848","+5.3864454E-02"
"26-03-20 09:22:21.553","+5.4847811E-02"
"26-03-20 09:22:22.259","+5.2703044E-02"
"26-03-20 09:22:22.964","+5.4452219E-02"
"26-03-20 09:22:23.669","+5.3260071E-02"
"26-03-20 09:22:24.374","+5.5091463E-02"
"26-03-20 09:22:25.077","+5.4884421E-02"
"26-03-20 09:22:25.782","+5.3684526E-02"
"26-03-20 09:22:26.486","+5.4339389E-02"
"26-03-20 09:22:27.192","+5.4410111E-02"
"26-03-20 09:22:27.894","+5.5052479E-02"
"26-03-20 09:22:28.600","+5.4927279E-02"
"26-03-20 09:22:29.306","+5.4075370E-02"
"26-03-20 09:22:30.011","+5.3629423E-02"
"26-03-20 09:22:30.716","+5.3706517E-02"
"26-03-20 09:22:31.418","+5.3749000E-02"
"26-03-20 09:22:32.124","+1.1569797E-01"
"26-03-20 09:22:32.826","+5.3584316E-02"
"26-03-20 09:22:33.532","+5.3451619E-02"
"26-03-20 09:22:34.235","+5.5026989E-02"
"26-03-20 09:22:34.942","+5.4827819E-02"
"26-03-20 09:22:35.647","+5.3490604E-02"
"26-03-20 09:22:36.352","+5.2371177E-02"
"26-03-20 09:22:37.057","+5.2510621E-02"
"26-03-20 09:22:37.762","+5.3511345E-02"
"26-03-20 09:22:38.468","+5.3493228E-02"
"26-03-20 09:22:39.171","+5.4206567E-02"
"26-03-20 09:22:39.876","+5.4059251E-02"
"26-03-20 09:22:40.579","+5.3633047E-02"
"26-03-20 09:22:41.284","+5.3449620E-02"
"26-03-20 09:22:41.987","+5.5383222E-02"
"26-03-20 09:22:42.692","+5.2752899E-02"
"26-03-20 09:22:43.398","+5.4511445E-02"
"26-03-20 09:22:44.103","+5.3625925E-02"
"26-03-20 09:22:44.808","+5.5147941E-02"
"26-03-20 09:22:45.514","+5.4157837E-02"
"26-03-20 09:22:46.219","+5.5215164E-02"
"26-03-20 09:22:46.921","+5.3531337E-02"
"26-03-20 09:22:47.627","+5.3363904E-02"
"26-03-20 09:22:48.332","+5.3790734E-02"
"26-03-20 09:22:49.037","+5.3695147E-02"
"26-03-20 09:22:49.739","+5.3752749E-02"
"26-03-20 09:22:50.445","+5.2623201E-02"
"26-03-20 09:22:51.150","+5.4937275E-02"
"26-03-20 09:22:51.857","+5.3711515E-02"
"26-03-20 09:22:52.562","+5.4668757E-02"
"26-03-20 09:22:53.265","+5.3411635E-02"
"26-03-20 09:22:53.970","+5.5583517E-02"
"26-03-20 09:22:54.673","+5.3700770E-02"
"26-03-20 09:22:55.378","+5.4681128E-02"
"26-03-20 09:22:56.081","+5.5428329E-02"
"26-03-20 09:22:56.786","+5.3689274E-02"
"26-03-20 09:22:57.489","+5.4065749E-02"
"26-03-20 09:22:58.195","+5.3556952E-02"
"26-03-20 09:22:58.900","+5.3210466E-02"
"26-03-20 09:22:59.605","+5.4635271E-02"
"26-03-20 09:23:00.310","+5.3348536E-02"
"26-03-20 09:23:01.013","+5.3574445E-02"
"26-03-20 09:23:01.719","+5.4855183E-02"
"26-03-20 09:23:02.422","+5.5467688E-02"
"26-03-20 09:23:03.127","+5.4683876E-02"
"26-03-20 09:23:03.831","+5.4079743E-02"
"26-03-20 09:23:04.536","+5.2819747E-02"
"26-03-20 09:23:05.239","+5.4689624E-02"
"26-03-20 09:23:05.945","+5.4554928E-02"
"26-03-20 09:23:06.650","+5.5120452E-02"
"26-03-20 09:23:07.355","+5.3689774E-02"
"26-03-20 09:23:08.060","+5.3711265E-02"
"26-03-20 09:23:08.763","+5.4610906E-02"
"26-03-20 09:23:09.482","+5.3188725E-02"
"26-03-20 09:23:10.186","+5.4583916E-02"
"26-03-20 09:23:10.891","+5.2647066E-02"
"26-03-20 09:23:11.595","+5.2886595E-02"
"26-03-20 09:23:12.300","+5.3053778E-02"
"26-03-20 09:23:13.005","+5.5304878E-02"
"26-03-20 09:23:13.709","+5.5018118E-02"
"26-03-20 09:23:14.414","+5.4658137E-02"
"26-03-20 09:23:15.117","+5.4704868E-02"
"26-03-20 09:23:15.822","+5.4541184E-02"
"26-03-20 09:23:16.525","+5.4213440E-02"
"26-03-20 09:23:17.230","+5.4632022E-02"
"26-03-20 09:23:17.936","+5.4227309E-02"
"26-03-20 09:23:18.642","+5.2561600E-02"
"26-03-20 09:23:19.347","+5.4294282E-02"
"26-03-20 09:23:20.052","+5.5382097E-02"
"26-03-20 09:23:20.758","+5.3871576E-02"
"26-03-20 09:23:21.461","+5.3889569E-02"
"26-03-20 09:23:22.166","+5.3792358E-02"
"26-03-20 09:23:22.869","+5.4551429E-02"
"26-03-20 09:23:23.574","+5.3946421E-02"
"26-03-20 09:23:24.278","+5.3532712E-02"
"26-03-20 09:23:24.983","+5.4041009E-02"
"26-03-20 09:23:25.688","+5.3924930E-02"
"26-03-20 09:23:26.394","+5.4548431E-02"
"26-03-20 09:23:27.100","+5.4408737E-02"
"26-03-20 09:23:27.806","+5.3581068E-02"
"26-03-20 09:23:28.511","+5.4948396E-02"
"26-03-20 09:23:29.213","+5.5398216E-02"
"26-03-20 09:23:29.919","+5.3491104E-02"
"26-03-20 09:23:30.622","+5.3577569E-02"
"26-03-20 09:23:31.327","+5.4316773E-02"
"26-03-20 09:23:32.030","+5.3975535E-02"
"26-03-20 09:23:32.735","+5.3963165E-02"
"26-03-20 09:23:33.439","+5.4058252E-02"
"26-03-20 09:23:34.145","+5.4179078E-02"
"26-03-20 09:23:34.851","+5.4900665E-02"
"26-03-20 09:23:35.554","+5.3842963E-02"
"26-03-20 09:23:36.260","+6.1969587E-02"
"26-03-20 09:23:36.969","+5.3487855E-02"
"26-03-20 09:23:37.676","+5.3321671E-02"
"26-03-20 09:23:38.379","+5.2859356E-02"
"26-03-20 09:23:39.085","+5.3803729E-02"
"26-03-20 09:23:39.790","+5.4312400E-02"
"26-03-20 09:23:40.495","+5.3835716E-02"
"26-03-20 09:23:41.200","+5.4866928E-02"
"26-03-20 09:23:41.904","+5.3505973E-02"
"26-03-20 09:23:42.609","+5.5091338E-02"
"26-03-20 09:23:43.312","+5.4411735E-02"
"26-03-20 09:23:44.018","+5.3705768E-02"
"26-03-20 09:23:44.721","+5.3519092E-02"
"26-03-20 09:23:45.426","+5.4152464E-02"
"26-03-20 09:23:46.131","+5.3186725E-02"
"26-03-20 09:23:46.836","+5.4339639E-02"
"26-03-20 09:23:47.541","+5.4336265E-02"
"26-03-20 09:23:48.246","+5.3219337E-02"
"26-03-20 09:23:48.951","+5.5115329E-02"
"26-03-20 09:23:49.654","+5.4322771E-02"
"26-03-20 09:23:50.359","+5.3067273E-02"
"26-03-20 09:23:51.062","+5.3939424E-02"
"26-03-20 09:23:51.767","+5.3442373E-02"
"26-03-20 09:23:52.471","+5.3928179E-02"
"26-03-20 09:23:53.177","+5.3458117E-02"
"26-03-20 09:23:53.881","+5.5325995E-02"
"26-03-20 09:23:54.587","+5.3494852E-02"
"26-03-20 09:23:55.293","+5.3596686E-02"
"26-03-20 09:23:55.998","+5.3776614E-02"
"26-03-20 09:23:56.703","+5.5561026E-02"
"26-03-20 09:23:57.406","+5.3141743E-02"
"26-03-20 09:23:58.111","+5.4866428E-02"
"26-03-20 09:23:58.814","+5.3672031E-02"
"26-03-20 09:23:59.519","+5.3027664E-02"
"26-03-20 09:24:00.222","+5.3322546E-02"
"26-03-20 09:24:00.928","+5.3108007E-02"
"26-03-20 09:24:01.634","+5.4889169E-02"
"26-03-20 09:24:02.339","+5.4729233E-02"
"26-03-20 09:24:03.044","+5.3339539E-02"
"26-03-20 09:24:03.748","+5.4275040E-02"
"26-03-20 09:24:04.453","+5.5209166E-02"
"26-03-20 09:24:05.156","+5.5260521E-02"
"26-03-20 09:24:05.861","+5.5397716E-02"
"26-03-20 09:24:06.564","+5.2537110E-02"
"26-03-20 09:24:07.269","+5.3614179E-02"
"26-03-20 09:24:07.972","+5.4434351E-02"
"26-03-20 09:24:08.677","+5.4619027E-02"
"26-03-20 09:24:09.383","+5.4761970E-02"
"26-03-20 09:24:10.089","+5.4402364E-02"
"26-03-20 09:24:10.795","+5.4209691E-02"
"26-03-20 09:24:11.498","+5.5307127E-02"
"26-03-20 09:24:12.203","+5.4706367E-02"
"26-03-20 09:24:12.906","+5.3625050E-02"
"26-03-20 09:24:13.611","+5.4599285E-02"
"26-03-20 09:24:14.314","+5.4590414E-02"
"26-03-20 09:24:15.019","+5.3311675E-02"
"26-03-20 09:24:15.722","+5.3596936E-02"
"26-03-20 09:24:16.428","+5.4783587E-02"
"26-03-20 09:24:17.133","+5.4425355E-02"
"26-03-20 09:24:17.840","+5.4152089E-02"
"26-03-20 09:24:18.546","+5.5151190E-02"
"26-03-20 09:24:19.249","+5.3507722E-02"
"26-03-20 09:24:19.954","+5.3694897E-02"
"26-03-20 09:24:20.657","+5.3603434E-02"
"26-03-20 09:24:21.362","+5.3238330E-02"
"26-03-20 09:24:22.065","+7.0878149E-02"
"26-03-20 09:24:22.770","+7.7606208E-02"
"26-03-20 09:24:23.475","+5.5544282E-02"
"26-03-20 09:24:24.180","+5.3121876E-02"
"26-03-20 09:24:24.885","+5.4384496E-02"
"26-03-20 09:24:25.591","+5.3296931E-02"
"26-03-20 09:24:26.298","+5.5024740E-02"
"26-03-20 09:24:27.002","+5.3513095E-02"
"26-03-20 09:24:27.707","+5.2466888E-02"
"26-03-20 09:24:28.410","+5.2485631E-02"
"26-03-20 09:24:29.115","+5.3366154E-02"
"26-03-20 09:24:29.818","+5.3258572E-02"
"26-03-20 09:24:30.523","+5.5124075E-02"
"26-03-20 09:24:31.229","+5.4124100E-02"
"26-03-20 09:24:31.934","+5.3846711E-02"
"26-03-20 09:24:32.639","+5.3703644E-02"
"26-03-20 09:24:33.342","+5.3425130E-02"
"26-03-20 09:24:34.048","+5.3061525E-02"
"26-03-20 09:24:34.751","+5.4721986E-02"
"26-03-20 09:24:35.459","+5.2860606E-02"
"26-03-20 09:24:36.161","+5.5007872E-02"
"26-03-20 09:24:36.867","+5.3787360E-02"
"26-03-20 09:24:37.573","+5.3344662E-02"
"26-03-20 09:24:38.278","+5.3232332E-02"
"26-03-20 09:24:38.983","+5.3914809E-02"
"26-03-20 09:24:39.688","+5.3692898E-02"
"26-03-20 09:24:40.393","+5.4980258E-02"
"26-03-20 09:24:41.096","+5.3961415E-02"
"26-03-20 09:24:41.802","+5.3606557E-02"
"26-03-20 09:24:42.505","+5.3234206E-02"
"26-03-20 09:24:43.210","+5.3405638E-02"
"26-03-20 09:24:43.914","+5.4925530E-02"
"26-03-20 09:24:44.620","+5.4665634E-02"
"26-03-20 09:24:45.326","+5.5312250E-02"
"26-03-20 09:24:46.031","+5.4474960E-02"
"26-03-20 09:24:46.736","+5.4836565E-02"
"26-03-20 09:24:47.439","+5.4885671E-02"
"26-03-20 09:24:48.144","+5.4422606E-02"
"26-03-20 09:24:48.847","+5.2368678E-02"
"26-03-20 09:24:49.553","+5.5000875E-02"
"26-03-20 09:24:50.255","+5.5430453E-02"
"26-03-20 09:24:50.961","+5.5062350E-02"
"26-03-20 09:24:51.665","+5.4463715E-02"
"26-03-20 09:24:52.372","+5.4377874E-02"
"26-03-20 09:24:53.078","+5.3231332E-02"
"26-03-20 09:24:53.784","+5.4805953E-02"
"26-03-20 09:24:54.489","+5.5072096E-02"
"26-03-20 09:24:55.192","+5.3648416E-02"
"26-03-20 09:24:55.897","+5.2453644E-02"
"26-03-20 09:24:56.600","+5.4324645E-02"
"26-03-20 09:24:57.305","+5.3360281E-02"
"26-03-20 09:24:58.007","+5.3370652E-02"
"26-03-20 09:24:58.713","+5.5208042E-02"
"26-03-20 09:24:59.417","+5.3545082E-02"
"26-03-20 09:25:00.123","+5.4985756E-02"
"26-03-20 09:25:00.830","+5.4786835E-02"
"26-03-20 09:25:01.535","+5.5022616E-02"
"26-03-20 09:25:02.240","+5.2525115E-02"
"26-03-20 09:25:02.943","+5.4593663E-02"
"26-03-20 09:25:03.648","+5.3652039E-02"
"26-03-20 09:25:04.351","+5.3220212E-02"
"26-03-20 09:25:05.056","+5.5005373E-02"
"26-03-20 09:25:05.759","+5.4336765E-02"
"26-03-20 09:25:06.464","+5.3210216E-02"
"26-03-20 09:25:07.168","+5.5221162E-02"
"26-03-20 09:25:07.873","+5.3805603E-02"
"26-03-20 09:25:08.578","+5.3826220E-02"
"26-03-20 09:25:09.284","+5.4494827E-02"
"26-03-20 09:25:09.989","+5.2576469E-02"
"26-03-20 09:25:10.692","+5.4018767E-02"
"26-03-20 09:25:11.397","+5.5206168E-02"
"26-03-20 09:25:12.100","+5.5067098E-02"
"26-03-20 09:25:12.805","+5.5237905E-02"
"26-03-20 09:25:13.509","+5.3019667E-02"
"26-03-20 09:25:14.216","+5.5401215E-02"
"26-03-20 09:25:14.921","+5.3374525E-02"
"26-03-20 09:25:15.626","+9.7602834E-02"
"26-03-20 09:25:16.332","+5.2784761E-02"
"26-03-20 09:25:17.035","+5.4646017E-02"
"26-03-20 09:25:17.740","+5.4652139E-02"
"26-03-20 09:25:18.444","+5.5053604E-02"
"26-03-20 09:25:19.150","+5.3743628E-02"
"26-03-20 09:25:19.853","+5.5022491E-02"
"26-03-20 09:25:20.558","+5.5357232E-02"
"26-03-20 09:25:21.263","+5.3205843E-02"
"26-03-20 09:25:21.968","+5.4067623E-02"
"26-03-20 09:25:22.673","+5.4824820E-02"
"26-03-20 09:25:23.378","+5.4339014E-02"
"26-03-20 09:25:24.084","+5.4766094E-02"
"26-03-20 09:25:24.788","+5.3107132E-02"
"26-03-20 09:25:25.493","+5.4960641E-02"
"26-03-20 09:25:26.196","+5.5357857E-02"
"26-03-20 09:25:26.903","+5.3310176E-02"
"26-03-20 09:25:27.608","+5.3891443E-02"
"26-03-20 09:25:28.313","+5.3750000E-02"
"26-03-20 09:25:29.018","+5.4595537E-02"
"26-03-20 09:25:29.723","+5.2716288E-02"
"26-03-20 09:25:30.428","+5.3835716E-02"
"26-03-20 09:25:31.132","+5.2500500E-02"
"26-03-20 09:25:31.837","+5.4340014E-02"
"26-03-20 09:25:32.540","+5.3330043E-02"
"26-03-20 09:25:33.245","+5.3454743E-02"
"26-03-20 09:25:33.948","+5.4936650E-02"
"26-03-20 09:25:34.653","+5.4365379E-02"
"26-03-20 09:25:35.358","+5.4482207E-02"
"26-03-20 09:25:36.064","+5.4624775E-02"
"26-03-20 09:25:36.769","+5.4151714E-02"
"26-03-20 09:25:37.474","+5.4498451E-02"
"26-03-20 09:25:38.179","+5.3043408E-02"
"26-03-20 09:25:38.882","+5.3057027E-02"
"26-03-20 09:25:39.587","+5.5452444E-02"
"26-03-20 09:25:40.291","+5.3399640E-02"
"26-03-20 09:25:40.996","+5.3189349E-02"
"26-03-20 09:25:41.700","+5.4022516E-02"
"26-03-20 09:25:42.405","+5.4426854E-02"
"26-03-20 09:25:43.110","+5.3119627E-02"
"26-03-20 09:25:43.817","+5.2914834E-02"
"26-03-20 09:25:44.522","+5.2908462E-02"
"26-03-20 09:25:45.225","+5.5012370E-02"
"26-03-20 09:25:45.930","+5.3280688E-02"
"26-03-20 09:25:46.633","+5.3128499E-02"
"26-03-20 09:25:47.338","+5.5220787E-02"
"26-03-20 09:25:48.041","+5.4722736E-02"
"26-03-20 09:25:48.746","+5.4805578E-02"
"26-03-20 09:25:49.449","+5.5158437E-02"
"26-03-20 09:25:50.154","+5.4693498E-02"
"26-03-20 09:25:50.858","+5.2717788E-02"
"26-03-20 09:25:51.563","+5.2813375E-02"
"26-03-20 09:25:52.270","+5.4719487E-02"
"26-03-20 09:25:52.973","+5.4421107E-02"
"26-03-20 09:25:53.678","+5.4736480E-02"
"26-03-20 09:25:54.381","+5.3602809E-02"
"26-03-20 09:25:55.086","+5.3676030E-02"
"26-03-20 09:25:55.789","+5.4680878E-02"
"26-03-20 09:25:56.495","+5.4445347E-02"
"26-03-20 09:25:57.199","+5.5010121E-02"
"26-03-20 09:25:57.912","+5.2741403E-02"
"26-03-20 09:25:58.617","+5.2693797E-02"
"26-03-20 09:25:59.322","+5.3273066E-02"
"26-03-20 09:26:00.027","+5.3549455E-02"
"26-03-20 09:26:00.730","+5.4360631E-02"
"26-03-20 09:26:01.436","+5.5375225E-02"
"26-03-20 09:26:02.139","+5.5318623E-02"
"26-03-20 09:26:02.844","+5.4007397E-02"
"26-03-20 09:26:03.548","+5.3886945E-02"
"26-03-20 09:26:04.253","+5.3370152E-02"
"26-03-20 09:26:04.958","+5.3769992E-02"
"26-03-20 09:26:05.663","+5.2717913E-02"
"26-03-20 09:26:06.369","+5.3846586E-02"
"26-03-20 09:26:07.072","+5.4321396E-02"
"26-03-20 09:26:07.777","+5.5585891E-02"
"26-03-20 09:26:08.480","+5.5205418E-02"
"26-03-20 09:26:09.185","+5.5261895E-02"
"26-03-20 09:26:09.889","+5.4746476E-02"
"26-03-20 09:26:10.595","+5.5305878E-02"
"26-03-20 09:26:11.299","+5.4645142E-02"
"26-03-20 09:26:12.005","+5.2444147E-02"
"26-03-20 09:26:12.710","+5.2670307E-02"
"26-03-20 09:26:13.416","+5.3619427E-02"
"26-03-20 09:26:14.121","+5.4646891E-02"
"26-03-20 09:26:14.825","+1.0544407E-01"
"26-03-20 09:26:15.530","+5.5394217E-02"
"26-03-20 09:26:16.233","+5.4936151E-02"
"26-03-20 09:26:16.938","+5.5267018E-02"
"26-03-20 09:26:17.641","+5.4718613E-02"
"26-03-20 09:26:18.348","+1.1610031E-01"
"26-03-20 09:26:19.053","+5.2519992E-02"
"26-03-20 09:26:19.758","+5.2522616E-02"
"26-03-20 09:26:20.464","+5.3558452E-02"
"26-03-20 09:26:21.167","+5.5088340E-02"
"26-03-20 09:26:21.873","+5.5495552E-02"
"26-03-20 09:26:22.576","+5.3047156E-02"
"26-03-20 09:26:23.281","+5.5314499E-02"
"26-03-20 09:26:23.985","+5.3238080E-02"
"26-03-20 09:26:24.690","+5.5450195E-02"
"26-03-20 09:26:25.394","+5.3087140E-02"
"26-03-20 09:26:26.100","+5.4556427E-02"
"26-03-20 09:26:26.807","+5.3217213E-02"
"26-03-20 09:26:27.512","+5.3397016E-02"
"26-03-20 09:26:28.217","+5.4958392E-02"
"26-03-20 09:26:28.920","+5.4401364E-02"
"26-03-20 09:26:29.625","+5.4425480E-02"
"26-03-20 09:26:30.329","+5.4907412E-02"
"26-03-20 09:26:31.034","+5.3713390E-02"
"26-03-20 09:26:31.737","+5.3419757E-02"
"26-03-20 09:26:32.442","+5.4247801E-02"
"26-03-20 09:26:33.147","+5.3563200E-02"
"26-03-20 09:26:33.852","+5.3244327E-02"
"26-03-20 09:26:34.558","+5.5263894E-02"
"26-03-20 09:26:35.265","+5.4633147E-02"
"26-03-20 09:26:35.970","+5.5529788E-02"
"26-03-20 09:26:36.673","+5.4241928E-02"
"26-03-20 09:26:37.378","+5.3423506E-02"
"26-03-20 09:26:38.081","+5.5180303E-02"
"26-03-20 09:26:38.786","+5.3829343E-02"
"26-03-20 09:26:39.489","+5.3808851E-02"
"26-03-20 09:26:40.194","+5.4418733E-02"
"26-03-20 09:26:40.899","+5.4467963E-02"
"26-03-20 09:26:41.605","+5.4765594E-02"
"26-03-20 09:26:42.311","+5.5320997E-02"
"26-03-20 09:26:43.014","+5.4747226E-02"
"26-03-20 09:26:43.720","+5.3650040E-02"
"26-03-20 09:26:44.423","+5.4131472E-02"
"26-03-20 09:26:45.128","+5.3564574E-02"
"26-03-20 09:26:45.832","+5.5088340E-02"
"26-03-20 09:26:46.537","+5.4551429E-02"
"26-03-20 09:26:47.241","+5.3569947E-02"
"26-03-20 09:26:47.947","+5.4153089E-02"
"26-03-20 09:26:48.653","+5.4866678E-02"
"26-03-20 09:26:49.359","+5.4935526E-02"
"26-03-20 09:26:50.064","+5.4988630E-02"
"26-03-20 09:26:50.767","+5.5221786E-02"
"26-03-20 09:26:51.472","+5.3337665E-02"
"26-03-20 09:26:52.176","+5.3977159E-02"
"26-03-20 09:26:52.882","+5.3649165E-02"
"26-03-20 09:26:53.586","+5.4314774E-02"
"26-03-20 09:26:54.291","+5.2694672E-02"
"26-03-20 09:26:54.995","+5.4373875E-02"
"26-03-20 09:26:55.700","+5.3742253E-02"
"26-03-20 09:26:56.405","+5.5237905E-02"
"26-03-20 09:26:57.109","+5.3367903E-02"
"26-03-20 09:26:57.814","+5.5231033E-02"
"26-03-20 09:26:58.517","+5.3919682E-02"
"26-03-20 09:26:59.222","+5.2886970E-02"
"26-03-20 09:26:59.925","+5.5151814E-02"
"26-03-20 09:27:00.630","+5.3982907E-02"
"26-03-20 09:27:01.336","+5.4304403E-02"
"26-03-20 09:27:02.042","+5.3766119E-02"
"26-03-20 09:27:02.748","+5.4066873E-02"
"26-03-20 09:27:03.453","+5.5161810E-02"
"26-03-20 09:27:04.158","+5.4893293E-02"
"26-03-20 09:27:04.861","+5.3838839E-02"
"26-03-20 09:27:05.566","+5.4206692E-02"
"26-03-20 09:27:06.269","+5.5214164E-02"
"26-03-20 09:27:06.974","+5.3980783E-02"
"26-03-20 09:27:07.677","+5.4329143E-02"
"26-03-20 09:27:08.382","+5.4141468E-02"
"26-03-20 09:27:09.086","+5.3364404E-02"
"26-03-20 09:27:09.793","+5.3923181E-02"
"26-03-20 09:27:10.499","+5.3440249E-02"
"26-03-20 09:27:11.204","+5.3136246E-02"
"26-03-20 09:27:11.909","+5.5153689E-02"
"26-03-20 09:27:12.612","+5.3540584E-02"
"26-03-20 09:27:13.317","+5.3461241E-02"
"26-03-20 09:27:14.020","+5.4701619E-02"
"26-03-20 09:27:14.725","+5.3744377E-02"
"26-03-20 09:27:15.428","+5.3904188E-02"
"26-03-20 09:27:16.134","+5.3574070E-02"
"26-03-20 09:27:16.839","+5.3303304E-02"
"26-03-20 09:27:17.544","+5.3907437E-02"
"26-03-20 09:27:18.250","+5.4316523E-02"
"26-03-20 09:27:18.954","+5.4485831E-02"
"26-03-20 09:27:19.659","+5.5256772E-02"
"26-03-20 09:27:20.363","+5.3303803E-02"
"26-03-20 09:27:21.068","+5.5065974E-02"
"26-03-20 09:27:21.771","+5.3649915E-02"
"26-03-20 09:27:22.476","+5.5692973E-02"
"26-03-20 09:27:23.181","+5.4881173E-02"
"26-03-20 09:27:23.886","+5.4834566E-02"
"26-03-20 09:27:24.591","+5.3657787E-02"
"26-03-20 09:27:25.296","+5.3154613E-02"
"26-03-20 09:27:26.001","+5.3210466E-02"
"26-03-20 09:27:26.706","+5.3582567E-02"
"26-03-20 09:27:27.411","+5.4793208E-02"
"26-03-20 09:27:28.114","+5.2772266E-02"
"26-03-20 09:27:28.819","+5.4687750E-02"
"26-03-20 09:27:29.522","+5.3786360E-02"
"26-03-20 09:27:30.227","+5.5223036E-02"
"26-03-20 09:27:30.932","+5.3508971E-02"
"26-03-20 09:27:31.637","+5.3674780E-02"
"26-03-20 09:27:32.342","+5.3127499E-02"
"26-03-20 09:27:33.047","+5.3357657E-02"
"26-03-20 09:27:33.752","+5.3747376E-02"
"26-03-20 09:27:34.455","+5.4974260E-02"
"26-03-20 09:27:35.160","+5.2630948E-02"
"26-03-20 09:27:35.865","+5.4398491E-02"
"26-03-20 09:27:36.571","+5.4886295E-02"
"26-03-20 09:27:37.274","+5.5025990E-02"
"26-03-20 09:27:37.979","+5.5102584E-02"
"26-03-20 09:27:38.683","+5.3483732E-02"
"26-03-20 09:27:39.388","+5.4557302E-02"
"26-03-20 09:27:40.093","+5.5121451E-02"
"26-03-20 09:27:40.797","+5.4420732E-02"
"26-03-20 09:27:41.503","+5.4799205E-02"
"26-03-20 09:27:42.206","+5.4212440E-02"
"26-03-20 09:27:42.911","+5.3057902E-02"
"26-03-20 09:27:43.614","+5.4300530E-02"
"26-03-20 09:27:44.321","+5.3072646E-02"
"26-03-20 09:27:45.025","+5.3669782E-02"
"26-03-20 09:27:45.731","+5.4649265E-02"
"26-03-20 09:27:46.436","+5.4782962E-02"
"26-03-20 09:27:47.141","+5.5053479E-02"
"26-03-20 09:27:47.846","+5.4001649E-02"
"26-03-20 09:27:48.550","+5.5380598E-02"
"26-03-20 09:27:49.255","+5.4440349E-02"
"26-03-20 09:27:49.958","+5.2857357E-02"
"26-03-20 09:27:50.663","+5.4477334E-02"
"26-03-20 09:27:51.367","+5.3220212E-02"
"26-03-20 09:27:52.072","+5.5094587E-02"
"26-03-20 09:27:52.778","+5.4579043E-02"
"26-03-20 09:27:53.483","+5.4855433E-02"
"26-03-20 09:27:54.188","+5.3711765E-02"
"26-03-20 09:27:54.893","+5.3199470E-02"
"26-03-20 09:27:55.598","+5.5315499E-02"
"26-03-20 09:27:56.301","+5.4490579E-02"
"26-03-20 09:27:57.006","+5.4353259E-02"
"26-03-20 09:27:57.709","+5.3623800E-02"
"26-03-20 09:27:58.414","+5.3823096E-02"
"26-03-20 09:27:59.117","+5.5171556E-02"
"26-03-20 09:27:59.822","+5.4447596E-02"
"26-03-20 09:28:00.527","+5.4467588E-02"
"26-03-20 09:28:01.233","+5.4817948E-02"
"26-03-20 09:28:01.939","+5.5124325E-02"
"26-03-20 09:28:02.642","+5.3024165E-02"
"26-03-20 09:28:03.347","+5.4441348E-02"
"26-03-20 09:28:04.050","+5.2531487E-02"
"26-03-20 09:28:04.755","+5.4892668E-02"
"26-03-20 09:28:05.458","+5.3539459E-02"
"26-03-20 09:28:06.163","+5.3825970E-02"
"26-03-20 09:28:06.867","+5.5215914E-02"
"26-03-20 09:28:07.572","+5.3377524E-02"
"26-03-20 09:28:08.277","+5.4576294E-02"
"26-03-20 09:28:08.982","+5.3307427E-02"
"26-03-20 09:28:09.690","+5.3215839E-02"
"26-03-20 09:28:10.393","+5.3583692E-02"
"26-03-20 09:28:11.098","+5.2416034E-02"
"26-03-20 09:28:11.801","+5.3004423E-02"
"26-03-20 09:28:12.506","+5.3362280E-02"
"26-03-20 09:28:13.209","+5.4790959E-02"
"26-03-20 09:28:13.914","+5.4434351E-02"
"26-03-20 09:28:14.619","+5.3043408E-02"
"26-03-20 09:28:15.324","+5.3943797E-02"
"26-03-20 09:28:16.030","+5.3397641E-02"
"26-03-20 09:28:16.735","+5.3817473E-02"
"26-03-20 09:28:17.440","+5.3192723E-02"
"26-03-20 09:28:18.143","+5.2383172E-02"
"26-03-20 09:28:18.908","+5.3716638E-02"
"26-03-20 09:28:19.613","+5.3552329E-02"
"26-03-20 09:28:20.316","+5.4445222E-02"
"26-03-20 09:28:21.022","+5.5407337E-02"
"26-03-20 09:28:21.725","+5.3740379E-02"
"26-03-20 09:28:22.479","+5.3774990E-02"
"26-03-20 09:28:23.184","+5.4277039E-02"
"26-03-20 09:28:23.889","+5.2319072E-02"
"26-03-20 09:28:24.595","+5.4751225E-02"
"26-03-20 09:28:25.349","+5.4073121E-02"
"26-03-20 09:28:26.054","+6.1516518E-02"
"26-03-20 09:28:26.759","+5.4882547E-02"
"26-03-20 09:28:27.466","+5.5341738E-02"
"26-03-20 09:28:28.169","+5.4824320E-02"
"26-03-20 09:28:28.920","+5.3911186E-02"
"26-03-20 09:28:29.626","+5.3472361E-02"
"26-03-20 09:28:30.330","+5.4244302E-02"
"26-03-20 09:28:31.035","+5.3634296E-02"
"26-03-20 09:28:31.786","+5.3860456E-02"
"26-03-20 09:28:32.490","+5.4314649E-02"
"26-03-20 09:28:33.195","+5.3230583E-02"
"26-03-20 09:28:33.898","+5.5135071E-02"
"26-03-20 09:28:34.603","+5.5132197E-02"
"26-03-20 09:28:35.354","+5.2530613E-02"
"26-03-20 09:28:36.059","+5.2531238E-02"
"26-03-20 09:28:36.765","+5.3371027E-02"
"26-03-20 09:28:37.468","+5.3979658E-02"
"26-03-20 09:28:38.220","+5.4382372E-02"
"26-03-20 09:28:38.926","+5.3636670E-02"
"26-03-20 09:28:39.629","+5.3532587E-02"
"26-03-20 09:28:40.334","+5.5173431E-02"
"26-03-20 09:28:41.039","+5.3095887E-02"
"26-03-20 09:28:41.798","+5.3020292E-02"
"26-03-20 09:28:42.504","+5.5338740E-02"
"26-03-20 09:28:43.209","+5.5135071E-02"
"26-03-20 09:28:43.914","+5.4750725E-02"
"26-03-20 09:28:44.668","+5.3726384E-02"
"26-03-20 09:28:45.373","+5.3698521E-02"
"26-03-20 09:28:46.077","+5.5027614E-02"
"26-03-20 09:28:46.782","+5.4234306E-02"
"26-03-20 09:28:47.484","+5.3573571E-02"
"26-03-20 09:28:48.237","+5.2812625E-02"
"26-03-20 09:28:48.942","+5.5518543E-02"
"26-03-20 09:28:49.645","+5.4167208E-02"
"26-03-20 09:28:50.350","+5.4235431E-02"
"26-03-20 09:28:51.099","+5.3370652E-02"
"26-03-20 09:28:51.803","+5.4980008E-02"
"26-03-20 09:28:52.508","+5.4864929E-02"
"26-03-20 09:28:53.213","+5.4506322E-02"
"26-03-20 09:28:53.918","+5.4516568E-02"
"26-03-20 09:28:54.668","+5.4662010E-02"
"26-03-20 09:28:55.371","+5.5477434E-02"
"26-03-20 09:28:56.077","+5.5242653E-02"
"26-03-20 09:28:56.782","+5.3256073E-02"
"26-03-20 09:28:57.535","+5.4704118E-02"
"26-03-20 09:28:58.240","+5.4313275E-02"
"26-03-20 09:28:58.943","+5.2987555E-02"
"26-03-20 09:28:59.649","+5.2911960E-02"
"26-03-20 09:29:00.355","+5.2647691E-02"
"26-03-20 09:29:01.110","+5.4681877E-02"
"26-03-20 09:29:01.815","+5.4254298E-02"
"26-03-20 09:29:02.521","+5.4898291E-02"
"26-03-20 09:29:03.224","+5.5164434E-02"
"26-03-20 09:29:03.929","+5.5294257E-02"
"26-03-20 09:29:04.681","+5.4204318E-02"
"26-03-20 09:29:05.385","+5.3557327E-02"
"26-03-20 09:29:06.090","+5.4564299E-02"
"26-03-20 09:29:06.793","+5.2682927E-02"
"26-03-20 09:29:07.548","+5.5343862E-02"
"26-03-20 09:29:08.253","+5.3886945E-02"
"26-03-20 09:29:08.956","+5.4981882E-02"
"26-03-20 09:29:09.661","+5.5129573E-02"
"26-03-20 09:29:10.365","+5.3480358E-02"
"26-03-20 09:29:11.121","+5.4094612E-02"
"26-03-20 09:29:11.826","+5.2649440E-02"
"26-03-20 09:29:12.529","+5.4080118E-02"
"26-03-20 09:29:13.235","+5.3539959E-02"
"26-03-20 09:29:13.989","+5.4847436E-02"
"26-03-20 09:29:14.694","+5.5089839E-02"
"26-03-20 09:29:15.399","+5.3147866E-02"
"26-03-20 09:29:16.104","+5.4517693E-02"
"26-03-20 09:29:16.810","+5.5030113E-02"
"26-03-20 09:29:17.563","+5.4384121E-02"
"26-03-20 09:29:18.268","+5.4506322E-02"
"26-03-20 09:29:18.971","+5.5380598E-02"
"26-03-20 09:29:19.679","+5.4106357E-02"
"26-03-20 09:29:20.430","+5.4911785E-02"
"26-03-20 09:29:21.133","+5.4714989E-02"
"26-03-20 09:29:21.838","+5.2963814E-02"
"26-03-20 09:29:22.541","+5.3237955E-02"
"26-03-20 09:29:23.246","+5.5006872E-02"
"26-03-20 09:29:23.993","+5.4011021E-02"
"26-03-20 09:29:24.696","+5.2469512E-02"
"26-03-20 09:29:25.401","+5.4977884E-02"
"26-03-20 09:29:26.104","+5.5389969E-02"
"26-03-20 09:29:26.845","+5.4695372E-02"
"26-03-20 09:29:27.550","+5.3375150E-02"
"26-03-20 09:29:28.254","+5.4411236E-02"
"26-03-20 09:29:28.960","+5.5423955E-02"
"26-03-20 09:29:29.663","+6.1656962E-02"
"26-03-20 09:29:30.404","+5.4435101E-02"
"26-03-20 09:29:31.109","+5.2663310E-02"
"26-03-20 09:29:31.812","+5.4052004E-02"
"26-03-20 09:29:32.517","+5.3427129E-02"
"26-03-20 09:29:33.255","+5.4853559E-02"
"26-03-20 09:29:33.958","+5.4074745E-02"
"26-03-20 09:29:34.664","+5.5051354E-02"
"26-03-20 09:29:35.368","+5.4517318E-02"
"26-03-20 09:29:36.073","+5.4711865E-02"
"26-03-20 09:29:36.814","+5.2471386E-02"
"26-03-20 09:29:37.518","+5.3430128E-02"
"26-03-20 09:29:38.223","+5.2943573E-02"
"26-03-20 09:29:38.926","+5.3266318E-02"
"26-03-20 09:29:39.668","+5.3369777E-02"
"26-03-20 09:29:40.373","+5.4427229E-02"
"26-03-20 09:29:41.076","+5.4146341E-02"
"26-03-20 09:29:41.781","+5.4407362E-02"
"26-03-20 09:29:42.484","+5.3725885E-02"
"26-03-20 09:29:43.225","+5.3749375E-02"
"26-03-20 09:29:43.931","+5.4967388E-02"
"26-03-20 09:29:44.634","+5.4086865E-02"
"26-03-20 09:29:45.340","+5.5218413E-02"
"26-03-20 09:29:46.079","+5.3721012E-02"
"26-03-20 09:29:46.784","+5.4888545E-02"
"26-03-20 09:29:47.489","+5.4217563E-02"
"26-03-20 09:29:48.193","+5.4176454E-02"
"26-03-20 09:29:48.898","+5.3569322E-02"
"26-03-20 09:29:49.640","+5.4400365E-02"
"26-03-20 09:29:50.343","+5.3929053E-02"
"26-03-20 09:29:51.048","+5.3093513E-02"
"26-03-20 09:29:51.751","+5.3675655E-02"
"26-03-20 09:29:52.456","+5.3425505E-02"
"26-03-20 09:29:53.197","+5.3265694E-02"
"26-03-20 09:29:53.901","+5.4050505E-02"
"26-03-20 09:29:54.608","+5.3778239E-02"
"26-03-20 09:29:55.311","+5.2670182E-02"
"26-03-20 09:29:56.054","+5.4501699E-02"
"26-03-20 09:29:56.759","+5.3247951E-02"
"26-03-20 09:29:57.462","+5.4059501E-02"
"26-03-20 09:29:58.167","+5.3721511E-02"
"26-03-20 09:29:58.871","+5.4998251E-02"
"26-03-20 09:29:59.616","+5.3158612E-02"
"26-03-20 09:30:00.321","+5.4095737E-02"
"26-03-20 09:30:01.024","+5.4538435E-02"
"26-03-20 09:30:01.729","+5.3893193E-02"
"26-03-20 09:30:02.472","+5.2488380E-02"
"26-03-20 09:30:03.177","+5.3215089E-02"
"26-03-20 09:30:03.882","+5.4864429E-02"
"26-03-20 09:30:04.585","+5.5180678E-02"
"26-03-20 09:30:05.290","+5.3330293E-02"
"26-03-20 09:30:06.032","+5.3006048E-02"
"26-03-20 09:30:06.735","+5.5084591E-02"
"26-03-20 09:30:07.441","+5.5212790E-02"
"26-03-20 09:30:08.144","+5.2883971E-02"
"26-03-20 09:30:08.892","+5.4019142E-02"
"26-03-20 09:30:09.598","+5.2992178E-02"
"26-03-20 09:30:10.301","+5.3062400E-02"
"26-03-20 09:30:11.006","+5.3331667E-02"
"26-03-20 09:30:11.710","+5.3279688E-02"
"26-03-20 09:30:12.459","+5.4187825E-02"
"26-03-20 09:30:13.164","+5.5611006E-02"
"26-03-20 09:30:13.867","+5.2773516E-02"
"26-03-20 09:30:14.572","+5.4247176E-02"
"26-03-20 09:30:15.321","+5.4044757E-02"
"26-03-20 09:30:16.024","+5.3428254E-02"
"26-03-20 09:30:16.729","+5.5000125E-02"
"26-03-20 09:30:17.434","+5.3638919E-02"
"26-03-20 09:30:18.139","+5.3664284E-02"
"26-03-20 09:30:18.888","+5.3336166E-02"
"26-03-20 09:30:19.592","+5.3281562E-02"
"26-03-20 09:30:20.300","+5.2729533E-02"
"26-03-20 09:30:21.005","+5.4279788E-02"
"26-03-20 09:30:21.753","+5.4369502E-02"
"26-03-20 09:30:22.459","+5.3389769E-02"
"26-03-20 09:30:23.164","+5.3426379E-02"
"26-03-20 09:30:23.869","+5.5234656E-02"
"26-03-20 09:30:24.574","+5.3740129E-02"
"26-03-20 09:30:25.321","+5.5286510E-02"
"26-03-20 09:30:26.026","+5.4708242E-02"
"26-03-20 09:30:26.731","+5.4124600E-02"
"26-03-20 09:30:27.433","+5.2553104E-02"
"26-03-20 09:30:28.182","+5.4493078E-02"
"26-03-20 09:30:28.890","+5.5045982E-02"
"26-03-20 09:30:29.592","+5.3388395E-02"
"26-03-20 09:30:30.298","+5.4060751E-02"
"26-03-20 09:30:31.002","+5.4258796E-02"
"26-03-20 09:30:31.749","+5.5236280E-02"
"26-03-20 09:30:32.454","+5.2592213E-02"
"26-03-20 09:30:33.157","+6.1524515E-02"
"26-03-20 09:30:33.862","+5.3288685E-02"
"26-03-20 09:30:34.607","+5.3903189E-02"
"26-03-20 09:30:35.311","+5.4833941E-02"
"26-03-20 09:30:36.016","+5.3404638E-02"
"26-03-20 09:30:36.719","+5.4815199E-02"
"26-03-20 09:30:37.424","+5.5170307E-02"
"26-03-20 09:30:38.170","+5.4121726E-02"
"26-03-20 09:30:38.873","+5.2711166E-02"
"26-03-20 09:30:39.578","+5.4295907E-02"
"26-03-20 09:30:40.281","+5.3678154E-02"
"26-03-20 09:30:41.027","+5.5491928E-02"
"26-03-20 09:30:41.737","+5.4894292E-02"
"26-03-20 09:30:42.440","+5.5452194E-02"
"26-03-20 09:30:43.145","+5.3269817E-02"
"26-03-20 09:30:43.850","+5.3260696E-02"
"26-03-20 09:30:44.595","+5.2578469E-02"
"26-03-20 09:30:45.301","+5.2781387E-02"
"26-03-20 09:30:46.005","+5.5052604E-02"
"26-03-20 09:30:46.713","+5.3953669E-02"
"26-03-20 09:30:47.460","+5.3986655E-02"
"26-03-20 09:30:48.165","+5.3390644E-02"
"26-03-20 09:30:48.870","+5.5025240E-02"
"26-03-20 09:30:49.575","+5.5033986E-02"
"26-03-20 09:30:50.280","+5.4989254E-02"
"26-03-20 09:30:51.025","+5.4363505E-02"
"26-03-20 09:30:51.730","+5.2750400E-02"
"26-03-20 09:30:52.435","+5.5127449E-02"
"26-03-20 09:30:53.140","+5.3132122E-02"
"26-03-20 09:30:53.884","+5.3246826E-02"
"26-03-20 09:30:54.589","+5.4752099E-02"
"26-03-20 09:30:55.296","+5.3184351E-02"
"26-03-20 09:30:56.000","+5.5074220E-02"
"26-03-20 09:30:56.705","+5.4055753E-02"
"26-03-20 09:30:57.449","+5.4304153E-02"
"26-03-20 09:30:58.155","+5.4461091E-02"
"26-03-20 09:30:58.860","+5.4469337E-02"
"26-03-20 09:30:59.563","+5.3156612E-02"
"26-03-20 09:31:00.308","+5.3766993E-02"
"26-03-20 09:31:01.014","+5.3459241E-02"
"26-03-20 09:31:01.717","+5.3536335E-02"
"26-03-20 09:31:02.422","+5.3839839E-02"
"26-03-20 09:31:03.125","+5.5065099E-02"
"26-03-20 09:31:03.872","+5.4089739E-02"
"26-03-20 09:31:04.577","+5.4746102E-02"
"26-03-20 09:31:05.280","+5.4313650E-02"
"26-03-20 09:31:05.985","+5.4073246E-02"
"26-03-20 09:31:06.728","+5.5036610E-02"
"26-03-20 09:31:07.431","+5.3211216E-02"
"26-03-20 09:31:08.136","+5.3212465E-02"
"26-03-20 09:31:08.840","+5.5130198E-02"
"26-03-20 09:31:09.545","+5.3634546E-02"
"26-03-20 09:31:10.287","+5.4295157E-02"
"26-03-20 09:31:10.990","+5.4617778E-02"
"26-03-20 09:31:11.695","+5.4459091E-02"
"26-03-20 09:31:12.400","+5.4270667E-02"
"26-03-20 09:31:13.145","+5.3156737E-02"
"26-03-20 09:31:13.850","+5.4948646E-02"
"26-03-20 09:31:14.553","+5.4565174E-02"
"26-03-20 09:31:15.258","+5.3243703E-02"
"26-03-20 09:31:15.961","+5.3457367E-02"
"26-03-20 09:31:16.706","+5.2730033E-02"
"26-03-20 09:31:17.411","+5.3564324E-02"
"26-03-20 09:31:18.114","+5.3170607E-02"
"26-03-20 09:31:18.819","+5.4215564E-02"
"26-03-20 09:31:19.522","+5.4223311E-02"
"26-03-20 09:31:20.267","+5.5384221E-02"
"26-03-20 09:31:20.973","+5.3544832E-02"
"26-03-20 09:31:21.678","+5.4285911E-02"
"26-03-20 09:31:22.383","+5.4495202E-02"
"26-03-20 09:31:23.126","+5.3113130E-02"
"26-03-20 09:31:23.829","+5.3619427E-02"
"26-03-20 09:31:24.534","+5.4731357E-02"
"26-03-20 09:31:25.237","+5.4323021E-02"
"26-03-20 09:31:25.942","+5.3857457E-02"
"26-03-20 09:31:26.685","+5.3548706E-02"
"26-03-20 09:31:27.388","+5.3534336E-02"
"26-03-20 09:31:28.093","+5.4132972E-02"
"26-03-20 09:31:28.796","+5.3688275E-02"
"26-03-20 09:31:29.544","+5.3239204E-02"
"26-03-20 09:31:30.251","+5.5077469E-02"
"26-03-20 09:31:30.954","+5.3539584E-02"
"26-03-20 09:31:31.659","+5.4161710E-02"
"26-03-20 09:31:32.364","+5.5349485E-02"
"26-03-20 09:31:33.115","+5.3646042E-02"
"26-03-20 09:31:33.820","+5.5480308E-02"
"26-03-20 09:31:34.524","+5.3168108E-02"
"26-03-20 09:31:35.229","+5.4556552E-02"
"26-03-20 09:31:35.981","+5.4829443E-02"
"26-03-20 09:31:36.686","+5.7499125E-02"
"26-03-20 09:31:37.391","+5.4477584E-02"
"26-03-20 09:31:38.096","+5.5468688E-02"
"26-03-20 09:31:38.802","+5.3203094E-02"
"26-03-20 09:31:39.554","+5.5458816E-02"
"26-03-20 09:31:40.259","+5.3689024E-02"
"26-03-20 09:31:40.962","+5.3438750E-02"
"26-03-20 09:31:41.667","+5.2587965E-02"
"26-03-20 09:31:42.417","+5.5152064E-02"
"26-03-20 09:31:43.121","+5.5326120E-02"
"26-03-20 09:31:43.826","+5.5233906E-02"
"26-03-20 09:31:44.529","+5.3381148E-02"
"26-03-20 09:31:45.234","+5.3328669E-02"
"26-03-20 09:31:47.573","+5.5302129E-02"
"26-03-20 09:31:48.279","+5.4133472E-02"
"26-03-20 09:31:48.983","+5.5137945E-02"
"26-03-20 09:31:49.689","+5.3312925E-02"
"26-03-20 09:31:50.392","+5.4539684E-02"
"26-03-20 09:31:51.097","+5.4456717E-02"
"26-03-20 09:31:51.802","+5.4337640E-02"
"26-03-20 09:31:52.507","+5.3175480E-02"
"26-03-20 09:31:53.212","+5.3547456E-02"
"26-03-20 09:31:53.916","+5.3306302E-02"
"26-03-20 09:31:54.621","+5.3346411E-02"
"26-03-20 09:31:55.324","+5.4357382E-02"
"26-03-20 09:31:56.030","+5.4167583E-02"
"26-03-20 09:31:56.733","+5.5140444E-02"
"26-03-20 09:31:57.440","+5.5262520E-02"
"26-03-20 09:31:58.144","+5.3453993E-02"
"26-03-20 09:31:58.850","+5.2470887E-02"
"26-03-20 09:31:59.555","+5.3286310E-02"
"26-03-20 09:32:00.260","+5.5377224E-02"
"26-03-20 09:32:00.965","+5.3683027E-02"
"26-03-20 09:32:01.668","+5.5054478E-02"
"26-03-20 09:32:02.374","+5.3284811E-02"
"26-03-20 09:32:03.077","+5.3068648E-02"
"26-03-20 09:32:03.782","+5.4080993E-02"
"26-03-20 09:32:04.485","+5.3992403E-02"
"26-03-20 09:32:05.190","+5.3701644E-02"
"26-03-20 09:32:05.896","+5.4534186E-02"
"26-03-20 09:32:06.602","+5.2847486E-02"
"26-03-20 09:32:07.307","+5.5136320E-02"
"26-03-20 09:32:08.011","+5.4922906E-02"
"26-03-20 09:32:08.717","+5.2877099E-02"
"26-03-20 09:32:09.420","+5.4990254E-02"
"26-03-20 09:32:10.125","+5.3524215E-02"
"26-03-20 09:32:10.827","+5.4716738E-02"
"26-03-20 09:32:11.533","+5.3807727E-02"
"26-03-20 09:32:12.238","+5.3135996E-02"
"26-03-20 09:32:12.944","+5.3398141E-02"
"26-03-20 09:32:13.649","+5.2464389E-02"
"26-03-20 09:32:14.354","+5.4844187E-02"
"26-03-20 09:32:15.061","+5.3408512E-02"
"26-03-20 09:32:15.764","+5.3609056E-02"
"26-03-20 09:32:16.469","+5.5094712E-02"
"26-03-20 09:32:17.172","+5.2946696E-02"
"26-03-20 09:32:17.877","+5.4532312E-02"
"26-03-20 09:32:18.580","+5.3583692E-02"
"26-03-20 09:32:19.285","+5.3315174E-02"
"26-03-20 09:32:19.988","+5.3811600E-02"
"26-03-20 09:32:20.694","+5.3306178E-02"
"26-03-20 09:32:21.400","+5.4203069E-02"
"26-03-20 09:32:22.105","+5.4378499E-02"
"26-03-20 09:32:22.810","+5.5105083E-02"
"26-03-20 09:32:23.527","+5.3276814E-02"
"26-03-20 09:32:24.232","+5.5061600E-02"
"26-03-20 09:32:24.935","+5.3213590E-02"
"26-03-20 09:32:25.640","+5.5092838E-02"
"26-03-20 09:32:26.344","+5.2528614E-02"
"26-03-20 09:32:27.049","+5.3946172E-02"
"26-03-20 09:32:27.754","+5.4233057E-02"
"26-03-20 09:32:28.458","+5.3034911E-02"
"26-03-20 09:32:29.163","+5.4004273E-02"
"26-03-20 09:32:29.867","+5.4158712E-02"
"26-03-20 09:32:30.572","+5.4529563E-02"
"26-03-20 09:32:31.275","+5.3553953E-02"
"26-03-20 09:32:31.982","+5.3475860E-02"
"26-03-20 09:32:32.685","+5.3298556E-02"
"26-03-20 09:32:33.391","+5.2435901E-02"
"26-03-20 09:32:34.096","+5.3256073E-02"
"26-03-20 09:32:34.801","+5.4240179E-02"
"26-03-20 09:32:35.506","+5.3105383E-02"
"26-03-20 09:32:36.209","+5.5463315E-02"
"26-03-20 09:32:36.914","+5.5153564E-02"
"26-03-20 09:32:37.618","+5.3762745E-02"
"26-03-20 09:32:38.323","+5.5216788E-02"
"26-03-20 09:32:39.026","+5.3199470E-02"
"26-03-20 09:32:39.731","+5.3393643E-02"
"26-03-20 09:32:40.438","+6.1555253E-02"
"26-03-20 09:32:41.143","+5.4023765E-02"
"26-03-20 09:32:41.848","+5.4260046E-02"
"26-03-20 09:32:42.553","+5.3212340E-02"
"26-03-20 09:32:43.258","+5.4376749E-02"
"26-03-20 09:32:43.961","+5.5119202E-02"
"26-03-20 09:32:44.666","+5.4897291E-02"
"26-03-20 09:32:45.370","+5.3849335E-02"
"26-03-20 09:32:46.075","+5.2783012E-02"
"26-03-20 09:32:46.778","+5.4031637E-02"
"26-03-20 09:32:47.483","+5.3235706E-02"
"26-03-20 09:32:48.188","+5.2424780E-02"
"26-03-20 09:32:48.894","+5.3515969E-02"
"26-03-20 09:32:49.599","+5.3664534E-02"
"26-03-20 09:32:50.303","+5.4301779E-02"
"26-03-20 09:32:51.008","+5.4380248E-02"
"26-03-20 09:32:51.711","+5.4496576E-02"
"26-03-20 09:32:52.416","+5.5062475E-02"
"26-03-20 09:32:53.119","+5.5121826E-02"
"26-03-20 09:32:53.824","+5.4822196E-02"
"26-03-20 09:32:54.527","+5.2410786E-02"
"26-03-20 09:32:55.232","+5.3375025E-02"
"26-03-20 09:32:55.936","+5.3788485E-02"
"26-03-20 09:32:56.641","+5.4557927E-02"
"26-03-20 09:32:57.346","+5.3436875E-02"
"26-03-20 09:32:58.052","+5.4899165E-02"
"26-03-20 09:32:58.757","+5.3331917E-02"
"26-03-20 09:32:59.459","+5.3916059E-02"
"26-03-20 09:33:00.165","+5.4301279E-02"
"26-03-20 09:33:00.869","+5.4441598E-02"
"26-03-20 09:33:01.574","+5.2572346E-02"
"26-03-20 09:33:02.279","+5.2651065E-02"
"26-03-20 09:33:02.985","+5.5401464E-02"
"26-03-20 09:33:03.690","+5.5134196E-02"
"26-03-20 09:33:04.395","+5.2898965E-02"
"26-03-20 09:33:05.107","+5.4564674E-02"
"26-03-20 09:33:05.810","+5.4618777E-02"
"26-03-20 09:33:06.517","+5.3382272E-02"
"26-03-20 09:33:07.220","+5.5132447E-02"
"26-03-20 09:33:07.925","+5.3153114E-02"
"26-03-20 09:33:08.630","+5.4396491E-02"
"26-03-20 09:33:09.336","+5.4428479E-02"
"26-03-20 09:33:10.041","+5.4867803E-02"
"26-03-20 09:33:10.746","+5.4731108E-02"
"26-03-20 09:33:11.451","+5.5219162E-02"
"26-03-20 09:33:12.154","+5.4234681E-02"
"26-03-20 09:33:12.859","+5.5082842E-02"
"26-03-20 09:33:13.562","+5.3684026E-02"
"26-03-20 09:33:14.267","+5.3207467E-02"
"26-03-20 09:33:14.971","+5.5106083E-02"
"26-03-20 09:33:15.677","+5.4027389E-02"
"26-03-20 09:33:16.383","+5.3186600E-02"
"26-03-20 09:33:17.088","+5.5153314E-02"
"26-03-20 09:33:17.793","+5.3806977E-02"
"26-03-20 09:33:18.497","+5.3010671E-02"
"26-03-20 09:33:19.202","+5.3259446E-02"
"26-03-20 09:33:19.906","+5.3365654E-02"
"26-03-20 09:33:20.611","+5.4467963E-02"
"26-03-20 09:33:21.314","+5.5441573E-02"
"26-03-20 09:33:22.019","+5.4505573E-02"
"26-03-20 09:33:22.724","+5.2504873E-02"
"26-03-20 09:33:23.432","+5.2966938E-02"
"26-03-20 09:33:24.137","+5.3508597E-02"
"26-03-20 09:33:24.842","+5.3093388E-02"
"26-03-20 09:33:25.547","+5.5256647E-02"
"26-03-20 09:33:26.250","+5.4309276E-02"
"26-03-20 09:33:26.955","+5.4627024E-02"
"26-03-20 09:33:27.659","+5.4946271E-02"
"26-03-20 09:33:28.364","+5.3466738E-02"
"26-03-20 09:33:29.067","+5.2917833E-02"
"26-03-20 09:33:29.772","+5.2972436E-02"
"26-03-20 09:33:30.477","+5.3985781E-02"
"26-03-20 09:33:31.182","+5.5032612E-02"
"26-03-20 09:33:31.889","+5.5497301E-02"
"26-03-20 09:33:32.594","+5.3386021E-02"
"26-03-20 09:33:33.299","+5.3299930E-02"
"26-03-20 09:33:34.003","+5.4277039E-02"
"26-03-20 09:33:34.708","+5.4422606E-02"
"26-03-20 09:33:35.412","+5.5066099E-02"
"26-03-20 09:33:36.117","+5.4200945E-02"
"26-03-20 09:33:36.822","+5.2628324E-02"
"26-03-20 09:33:37.528","+5.3468113E-02"
"26-03-20 09:33:38.233","+5.5225910E-02"
"26-03-20 09:33:38.938","+5.5729333E-02"
"26-03-20 09:33:39.643","+5.4718363E-02"
"26-03-20 09:33:40.346","+5.5191298E-02"
"26-03-20 09:33:41.053","+5.3791109E-02"
"26-03-20 09:33:41.756","+5.5067098E-02"
"26-03-20 09:33:42.461","+5.4156462E-02"
"26-03-20 09:33:43.164","+5.3618553E-02"
"26-03-20 09:33:43.869","+5.3514594E-02"
"26-03-20 09:33:44.574","+5.6124800E-02"
"26-03-20 09:33:45.279","+5.4808702E-02"
"26-03-20 09:33:45.984","+5.5037860E-02"
"26-03-20 09:33:46.689","+5.4533312E-02"
"26-03-20 09:33:47.394","+5.3485356E-02"
"26-03-20 09:33:48.098","+5.4559301E-02"
"26-03-20 09:33:48.803","+5.3450370E-02"
"26-03-20 09:33:49.507","+5.4484581E-02"
"26-03-20 09:33:50.213","+5.2521117E-02"
"26-03-20 09:33:50.919","+5.2567473E-02"
"26-03-20 09:33:51.624","+5.3661910E-02"
"26-03-20 09:33:52.329","+5.5563150E-02"
"26-03-20 09:33:53.034","+5.3950670E-02"
"26-03-20 09:33:53.739","+5.5358607E-02"
"26-03-20 09:33:54.442","+5.4941523E-02"
"26-03-20 09:33:55.147","+5.4841813E-02"
"26-03-20 09:33:55.850","+5.2903214E-02"
"26-03-20 09:33:56.555","+5.5390844E-02"
"26-03-20 09:33:57.258","+5.2506372E-02"
"26-03-20 09:33:57.965","+5.3773865E-02"
"26-03-20 09:33:58.669","+5.5274390E-02"
"26-03-20 09:33:59.375","+5.3236955E-02"
"26-03-20 09:34:00.080","+5.3873201E-02"
"26-03-20 09:34:00.785","+5.5224910E-02"
"26-03-20 09:34:01.490","+5.3332292E-02"
"26-03-20 09:34:02.194","+5.3024040E-02"
"26-03-20 09:34:02.899","+5.4016268E-02"
"26-03-20 09:34:03.602","+5.4887920E-02"
"26-03-20 09:34:04.307","+5.2506497E-02"
"26-03-20 09:34:05.010","+5.3816848E-02"
"26-03-20 09:34:05.715","+5.4449345E-02"
"26-03-20 09:34:06.423","+5.4196696E-02"
"26-03-20 09:34:07.128","+5.5057352E-02"
"26-03-20 09:34:07.833","+5.5401589E-02"
"26-03-20 09:34:08.536","+5.3367778E-02"
"26-03-20 09:34:09.242","+5.3710516E-02"
"26-03-20 09:34:09.945","+5.4302404E-02"
"26-03-20 09:34:10.650","+5.4103109E-02"
"26-03-20 09:34:11.353","+5.2467263E-02"
"26-03-20 09:34:12.058","+5.4382372E-02"
"26-03-20 09:34:12.761","+5.5243278E-02"
"26-03-20 09:34:13.466","+5.3372526E-02"
"26-03-20 09:34:14.171","+5.5274265E-02"
"26-03-20 09:34:14.879","+5.3589689E-02"
"26-03-20 09:34:15.584","+5.3482482E-02"
"26-03-20 09:34:16.289","+5.5251274E-02"
"26-03-20 09:34:16.994","+5.5224910E-02"
"26-03-20 09:34:17.697","+5.2737905E-02"
"26-03-20 09:34:18.402","+5.2969187E-02"
"26-03-20 09:34:19.105","+5.3712640E-02"
"26-03-20 09:34:19.810","+5.2957317E-02"
"26-03-20 09:34:20.514","+5.4194572E-02"
"26-03-20 09:34:21.220","+5.4777464E-02"
"26-03-20 09:34:21.926","+5.3372651E-02"
"26-03-20 09:34:22.631","+5.3627924E-02"
"26-03-20 09:34:23.337","+5.4045632E-02"
"26-03-20 09:34:24.042","+5.5762820E-02"
"26-03-20 09:34:24.747","+5.3122251E-02"
"26-03-20 09:34:25.450","+5.2451519E-02"
"26-03-20 09:34:26.155","+5.3127999E-02"
"26-03-20 09:34:26.858","+5.4773591E-02"
"26-03-20 09:34:27.563","+5.5122826E-02"
"26-03-20 09:34:28.267","+5.5167433E-02"
"26-03-20 09:34:28.972","+5.2981807E-02"
"26-03-20 09:34:29.677","+5.4949395E-02"
"26-03-20 09:34:30.381","+5.5119077E-02"
"26-03-20 09:34:31.086","+5.4994502E-02"
"26-03-20 09:34:31.789","+5.4369252E-02"
"26-03-20 09:34:32.496","+5.3122501E-02"
"26-03-20 09:34:33.199","+5.5074095E-02"
"26-03-20 09:34:33.904","+5.5270392E-02"
"26-03-20 09:34:34.609","+5.3126250E-02"
"26-03-20 09:34:35.314","+5.3194097E-02"
"26-03-20 09:34:36.019","+5.5180428E-02"
"26-03-20 09:34:36.724","+5.4988380E-02"
"26-03-20 09:34:37.430","+5.4004898E-02"
"26-03-20 09:34:38.133","+5.3862455E-02"
"26-03-20 09:34:38.838","+5.4531812E-02"
"26-03-20 09:34:39.541","+5.4136720E-02"
"26-03-20 09:34:40.246","+5.4863929E-02"
"26-03-20 09:34:40.950","+5.3371526E-02"
"26-03-20 09:34:41.656","+5.4554053E-02"
"26-03-20 09:34:42.360","+5.3932552E-02"
"26-03-20 09:34:43.066","+5.5000000E-02"
"26-03-20 09:34:43.771","+5.3709766E-02"
"26-03-20 09:34:44.476","+5.4997376E-02"
"26-03-20 09:34:45.181","+5.7137895E-02"
"26-03-20 09:34:45.885","+9.3233457E-02"
"26-03-20 09:34:46.590","+5.3448621E-02"
"26-03-20 09:34:47.293","+5.3982657E-02"
"26-03-20 09:34:47.998","+5.5127324E-02"
"26-03-20 09:34:48.701","+5.3617928E-02"
"26-03-20 09:34:49.408","+5.4932277E-02"
"26-03-20 09:34:50.113","+5.4295407E-02"
"26-03-20 09:34:50.818","+5.5675230E-02"
"26-03-20 09:34:51.523","+5.2959691E-02"
"26-03-20 09:34:52.226","+5.4153838E-02"
"26-03-20 09:34:52.931","+5.4046881E-02"
"26-03-20 09:34:53.634","+5.2557852E-02"
"26-03-20 09:34:54.339","+5.4709741E-02"
"26-03-20 09:34:55.043","+5.5104333E-02"
"26-03-20 09:34:55.748","+5.4020642E-02"
"26-03-20 09:34:56.452","+5.3021167E-02"
"26-03-20 09:34:57.158","+1.0077369E-01"
"26-03-20 09:34:57.865","+5.3273066E-02"
"26-03-20 09:34:58.570","+5.3315049E-02"
"26-03-20 09:34:59.275","+5.3195972E-02"
"26-03-20 09:34:59.978","+5.4329018E-02"
"26-03-20 09:35:00.683","+5.4610781E-02"
"26-03-20 09:35:01.386","+5.4477834E-02"
"26-03-20 09:35:02.091","+5.4671631E-02"
"26-03-20 09:35:02.794","+5.3498601E-02"
"26-03-20 09:35:03.499","+5.3318922E-02"
"26-03-20 09:35:04.204","+5.3489354E-02"
"26-03-20 09:35:04.909","+5.4028514E-02"
"26-03-20 09:35:05.615","+5.4518318E-02"
"26-03-20 09:35:06.320","+5.2974560E-02"
"26-03-20 09:35:07.026","+5.3877949E-02"
"26-03-20 09:35:07.729","+5.2865729E-02"
"26-03-20 09:35:08.434","+5.5222036E-02"
"26-03-20 09:35:09.137","+5.5455818E-02"
"26-03-20 09:35:09.842","+1.1669982E-01"
"26-03-20 09:35:10.545","+5.3496726E-02"
"26-03-20 09:35:11.250","+5.5098586E-02"
"26-03-20 09:35:11.955","+5.3548206E-02"
"26-03-20 09:35:12.660","+5.4817073E-02"
"26-03-20 09:35:13.365","+5.4387995E-02"
"26-03-20 09:35:14.070","+5.3425505E-02"
"26-03-20 09:35:14.775","+5.4355008E-02"
"26-03-20 09:35:15.480","+5.4553928E-02"
"26-03-20 09:35:16.185","+5.4482082E-02"
"26-03-20 09:35:16.888","+5.3590189E-02"
"26-03-20 09:35:17.593","+5.3805353E-02"
"26-03-20 09:35:18.297","+5.4772466E-02"
"26-03-20 09:35:19.003","+5.2867478E-02"
"26-03-20 09:35:19.708","+5.4513320E-02"
"26-03-20 09:35:20.414","+5.2579468E-02"
"26-03-20 09:35:21.119","+5.2441273E-02"
"26-03-20 09:35:21.822","+5.2834616E-02"
"26-03-20 09:35:22.527","+5.4938150E-02"
"26-03-20 09:35:23.231","+5.4828194E-02"
"26-03-20 09:35:23.938","+5.5048731E-02"
"26-03-20 09:35:24.641","+5.4517693E-02"
"26-03-20 09:35:25.346","+5.3732757E-02"
"26-03-20 09:35:26.107","+5.4839189E-02"
"26-03-20 09:35:26.812","+5.3703269E-02"
"26-03-20 09:35:27.517","+5.3474610E-02"
"26-03-20 09:35:28.222","+5.3798731E-02"
"26-03-20 09:35:28.976","+5.4980008E-02"
"26-03-20 09:35:29.681","+5.3445997E-02"
"26-03-20 09:35:30.386","+5.4045132E-02"
"26-03-20 09:35:31.089","+5.4265544E-02"
"26-03-20 09:35:31.794","+5.3812600E-02"
"26-03-20 09:35:32.547","+5.5045357E-02"
"26-03-20 09:35:33.249","+5.3791608E-02"
"26-03-20 09:35:33.955","+5.3255698E-02"
"26-03-20 09:35:34.658","+5.3129623E-02"
"26-03-20 09:35:35.409","+7.2903714E-02"
"26-03-20 09:35:36.114","+7.7016818E-02"
"26-03-20 09:35:36.817","+5.4396242E-02"
"26-03-20 09:35:37.522","+5.4414109E-02"
"26-03-20 09:35:38.225","+5.5250150E-02"
"26-03-20 09:35:38.979","+5.4064249E-02"
"26-03-20 09:35:39.684","+5.3774740E-02"
"26-03-20 09:35:40.387","+5.3784361E-02"
"26-03-20 09:35:41.094","+5.3301055E-02"
"26-03-20 09:35:41.847","+5.4744727E-02"
"26-03-20 09:35:42.550","+5.5165684E-02"
"26-03-20 09:35:43.255","+5.3185101E-02"
"26-03-20 09:35:43.960","+5.5435576E-02"
"26-03-20 09:35:44.665","+5.5674355E-02"
"26-03-20 09:35:45.417","+5.2594962E-02"
"26-03-20 09:35:46.122","+5.2635946E-02"
"26-03-20 09:35:46.827","+5.3190849E-02"
"26-03-20 09:35:47.532","+5.4106857E-02"
"26-03-20 09:35:48.282","+5.3333916E-02"
"26-03-20 09:35:48.987","+5.3825220E-02"
"26-03-20 09:35:49.693","+5.4767718E-02"
"26-03-20 09:35:50.397","+5.4004648E-02"
"26-03-20 09:35:51.102","+5.2912835E-02"
"26-03-20 09:35:51.851","+5.2944072E-02"
"26-03-20 09:35:52.555","+5.5100085E-02"
"26-03-20 09:35:53.260","+5.5363480E-02"
"26-03-20 09:35:53.963","+5.3289559E-02"
"26-03-20 09:35:54.668","+5.4227559E-02"
"26-03-20 09:35:55.419","+5.4962015E-02"
"26-03-20 09:35:56.122","+5.4698621E-02"
"26-03-20 09:35:56.827","+5.5142568E-02"
"26-03-20 09:35:57.530","+5.2703544E-02"
"26-03-20 09:35:58.282","+5.4403364E-02"
"26-03-20 09:35:58.989","+5.4022516E-02"
"26-03-20 09:35:59.692","+5.4773091E-02"
"26-03-20 09:36:00.397","+5.5235656E-02"
"26-03-20 09:36:01.101","+5.3149240E-02"
"26-03-20 09:36:01.854","+5.4713989E-02"
"26-03-20 09:36:02.560","+5.4858307E-02"
"26-03-20 09:36:03.265","+5.4664634E-02"
"26-03-20 09:36:03.970","+5.2570222E-02"
"26-03-20 09:36:04.723","+5.3842463E-02"
"26-03-20 09:36:05.429","+5.3644667E-02"
"26-03-20 09:36:06.134","+5.3388395E-02"
"26-03-20 09:36:06.839","+5.4992878E-02"
"26-03-20 09:36:07.544","+5.4559301E-02"
"26-03-20 09:36:08.299","+5.5144567E-02"
"26-03-20 09:36:09.004","+5.3640669E-02"
"26-03-20 09:36:09.707","+5.2749650E-02"
"26-03-20 09:36:10.412","+5.4255048E-02"
"26-03-20 09:36:11.164","+5.4320772E-02"
"26-03-20 09:36:11.867","+5.4285661E-02"
"26-03-20 09:36:12.572","+5.3662160E-02"
"26-03-20 09:36:13.274","+5.3974285E-02"
"26-03-20 09:36:13.980","+5.4844562E-02"
"26-03-20 09:36:14.732","+5.4400365E-02"
"26-03-20 09:36:15.435","+5.3951544E-02"
"26-03-20 09:36:16.142","+5.2498001E-02"
"26-03-20 09:36:16.846","+5.2637945E-02"
"26-03-20 09:36:17.601","+5.3645792E-02"
"26-03-20 09:36:18.306","+5.3336290E-02"
"26-03-20 09:36:19.011","+5.5370727E-02"
"26-03-20 09:36:19.716","+5.3910561E-02"
"26-03-20 09:36:20.422","+5.5303379E-02"
"26-03-20 09:36:21.175","+5.3271067E-02"
"26-03-20 09:36:21.880","+5.3393767E-02"
"26-03-20 09:36:22.585","+5.4513695E-02"
"26-03-20 09:36:23.288","+5.5270017E-02"
"26-03-20 09:36:24.041","+5.3961915E-02"
"26-03-20 09:36:24.748","+5.5424955E-02"
"26-03-20 09:36:25.451","+5.5109831E-02"
"26-03-20 09:36:26.156","+5.4732732E-02"
"26-03-20 09:36:26.860","+5.3481108E-02"
"26-03-20 09:36:27.613","+5.3854833E-02"
"26-03-20 09:36:28.318","+5.3159861E-02"
"26-03-20 09:36:29.021","+5.3747251E-02"
"26-03-20 09:36:29.726","+5.3760621E-02"
"26-03-20 09:36:30.474","+5.5080968E-02"
"26-03-20 09:36:31.177","+5.4717738E-02"
"26-03-20 09:36:31.882","+5.2845237E-02"
"26-03-20 09:36:32.585","+5.4388120E-02"
"26-03-20 09:36:33.292","+5.4213190E-02"
"26-03-20 09:36:34.030","+5.2805753E-02"
"26-03-20 09:36:34.734","+5.4239054E-02"
"26-03-20 09:36:35.439","+5.4341388E-02"
"26-03-20 09:36:36.142","+5.4589414E-02"
"26-03-20 09:36:36.883","+5.4665509E-02"
"26-03-20 09:36:37.588","+5.4952894E-02"
"26-03-20 09:36:38.291","+5.5213040E-02"
"26-03-20 09:36:38.996","+5.3342663E-02"
"26-03-20 09:36:39.699","+6.1564874E-02"
"26-03-20 09:36:40.440","+5.4325395E-02"
"26-03-20 09:36:41.145","+5.4328768E-02"
"26-03-20 09:36:41.848","+5.3341663E-02"
"26-03-20 09:36:42.555","+5.3327169E-02"
"26-03-20 09:36:43.295","+5.4010396E-02"
"26-03-20 09:36:43.997","+5.3195847E-02"
"26-03-20 09:36:44.704","+5.4369252E-02"
"26-03-20 09:36:45.408","+5.3444247E-02"
"26-03-20 09:36:46.113","+5.4756347E-02"
"26-03-20 09:36:46.853","+5.3365654E-02"
"26-03-20 09:36:47.556","+5.3501849E-02"
"26-03-20 09:36:48.261","+5.3003174E-02"
"26-03-20 09:36:48.964","+5.3723636E-02"
"26-03-20 09:36:49.705","+5.3031412E-02"
"26-03-20 09:36:50.411","+5.3355158E-02"
"26-03-20 09:36:51.115","+5.4124225E-02"
"26-03-20 09:36:51.821","+5.5301379E-02"
"26-03-20 09:36:52.524","+5.4603659E-02"
"26-03-20 09:36:53.265","+5.2713665E-02"
"26-03-20 09:36:53.971","+5.3162860E-02"
"26-03-20 09:36:54.674","+5.5200920E-02"
"26-03-20 09:36:55.379","+5.3285686E-02"
"26-03-20 09:36:56.121","+5.5109956E-02"
"26-03-20 09:36:56.824","+5.5234656E-02"
"26-03-20 09:36:57.529","+5.3218588E-02"
"26-03-20 09:36:58.232","+5.5344612E-02"
"26-03-20 09:36:58.937","+5.2910961E-02"
"26-03-20 09:36:59.680","+5.2808627E-02"
"26-03-20 09:37:00.383","+5.3017668E-02"
"26-03-20 09:37:01.088","+5.3238829E-02"
"26-03-20 09:37:01.791","+5.3484856E-02"
"26-03-20 09:37:02.534","+5.2955568E-02"
"26-03-20 09:37:03.239","+5.5357107E-02"
"26-03-20 09:37:03.943","+5.3280438E-02"
"26-03-20 09:37:04.648","+5.5123201E-02"
"26-03-20 09:37:05.352","+5.4902414E-02"
"26-03-20 09:37:06.097","+5.3678903E-02"
"26-03-20 09:37:06.802","+5.4919282E-02"
"26-03-20 09:37:07.505","+9.1180903E-02"
"26-03-20 09:37:08.212","+5.7650190E-02"
"26-03-20 09:37:08.955","+5.3806852E-02"
"26-03-20 09:37:09.658","+5.4537060E-02"
"26-03-20 09:37:10.363","+5.2946946E-02"
"26-03-20 09:37:11.066","+5.3709016E-02"
"26-03-20 09:37:11.771","+5.2775140E-02"
"26-03-20 09:37:12.513","+5.4567173E-02"
"26-03-20 09:37:13.217","+5.4452594E-02"
"26-03-20 09:37:13.922","+5.4686500E-02"
"26-03-20 09:37:14.625","+5.4012895E-02"
"26-03-20 09:37:15.330","+5.3603933E-02"
"26-03-20 09:37:16.075","+5.4231557E-02"
"26-03-20 09:37:16.780","+5.4371501E-02"
"26-03-20 09:37:17.485","+5.4180453E-02"
"26-03-20 09:37:18.189","+5.3481607E-02"
"26-03-20 09:37:18.937","+5.2316448E-02"
"26-03-20 09:37:19.642","+5.3455243E-02"
"26-03-20 09:37:20.345","+5.3108007E-02"
"26-03-20 09:37:21.050","+5.4185201E-02"
"26-03-20 09:37:21.755","+5.5341239E-02"
"26-03-20 09:37:22.504","+5.3564449E-02"
"26-03-20 09:37:23.209","+5.4894167E-02"
"26-03-20 09:37:23.914","+5.4527939E-02"
"26-03-20 09:37:24.619","+5.2420532E-02"
"26-03-20 09:37:25.367","+5.3203843E-02"
"26-03-20 09:37:26.073","+5.3649040E-02"
"26-03-20 09:37:26.779","+5.4547056E-02"
"26-03-20 09:37:27.484","+5.5413210E-02"
"26-03-20 09:37:28.187","+5.2822996E-02"
"26-03-20 09:37:28.935","+5.3405763E-02"
"26-03-20 09:37:29.640","+5.3348785E-02"
"26-03-20 09:37:30.344","+5.2691798E-02"
"26-03-20 09:37:31.049","+5.2486880E-02"
"26-03-20 09:37:31.796","+5.4057377E-02"
"26-03-20 09:37:32.501","+5.3414384E-02"
"26-03-20 09:37:33.206","+5.3433627E-02"
"26-03-20 09:37:33.910","+5.3710766E-02"
"26-03-20 09:37:34.618","+5.3774990E-02"
"26-03-20 09:37:35.363","+5.4623026E-02"
"26-03-20 09:37:36.067","+5.5125450E-02"
"26-03-20 09:37:36.772","+5.2423156E-02"
"26-03-20 09:37:37.475","+5.2713914E-02"
"26-03-20 09:37:38.222","+5.5186425E-02"
"26-03-20 09:37:38.927","+5.5598511E-02"
"26-03-20 09:37:39.630","+5.4524815E-02"
"26-03-20 09:37:40.335","+5.3495602E-02"
"26-03-20 09:37:41.038","+5.3733382E-02"
"26-03-20 09:37:41.785","+5.5469937E-02"
"26-03-20 09:37:42.490","+5.3412885E-02"
"26-03-20 09:37:43.194","+5.4738105E-02"
"26-03-20 09:37:43.900","+5.2865979E-02"
"26-03-20 09:37:44.644","+5.4855683E-02"
"26-03-20 09:37:45.347","+5.3271816E-02"
"26-03-20 09:37:46.052","+5.5150940E-02"
"26-03-20 09:37:46.756","+5.3353284E-02"
"26-03-20 09:37:47.461","+5.3708017E-02"
"26-03-20 09:37:48.204","+5.3882322E-02"
"26-03-20 09:37:48.908","+5.2989054E-02"
"26-03-20 09:37:49.613","+5.3646666E-02"
"26-03-20 09:37:50.316","+5.3261071E-02"
"26-03-20 09:37:51.061","+5.3146991E-02"
"26-03-20 09:37:51.768","+5.3773616E-02"
"26-03-20 09:37:52.479","+5.3647666E-02"
"26-03-20 09:37:53.185","+5.5504173E-02"
"26-03-20 09:37:53.891","+5.4180328E-02"
"26-03-20 09:37:54.638","+5.4658012E-02"
"26-03-20 09:37:55.344","+5.2577094E-02"
"26-03-20 09:37:56.049","+5.2769392E-02"
"26-03-20 09:37:56.754","+5.4159461E-02"
"26-03-20 09:37:57.500","+5.5124450E-02"
"26-03-20 09:37:58.206","+5.4880423E-02"
"26-03-20 09:37:58.912","+5.3657537E-02"
"26-03-20 09:37:59.617","+5.5119077E-02"
"26-03-20 09:38:00.321","+5.3767868E-02"
"26-03-20 09:38:01.066","+5.3243078E-02"
"26-03-20 09:38:01.771","+5.2438275E-02"
"26-03-20 09:38:02.476","+5.3283562E-02"
"26-03-20 09:38:03.181","+5.5178554E-02"
"26-03-20 09:38:03.925","+5.4371376E-02"
"26-03-20 09:38:04.630","+5.5594137E-02"
"26-03-20 09:38:05.335","+5.3759871E-02"
"26-03-20 09:38:06.038","+5.4999125E-02"
"26-03-20 09:38:06.743","+5.3355408E-02"
"26-03-20 09:38:07.487","+5.4374750E-02"
"26-03-20 09:38:08.191","+5.2349810E-02"
"26-03-20 09:38:08.897","+5.4306527E-02"
"26-03-20 09:38:09.600","+5.4858307E-02"
"26-03-20 09:38:10.346","+5.5008871E-02"
"26-03-20 09:38:11.051","+5.4865429E-02"
"26-03-20 09:38:11.754","+6.2575470E-02"
"26-03-20 09:38:12.459","+5.4295907E-02"
"26-03-20 09:38:13.162","+5.2956942E-02"
"26-03-20 09:38:13.907","+5.4064624E-02"
"26-03-20 09:38:14.612","+5.4340889E-02"
"26-03-20 09:38:15.315","+5.3724010E-02"
"26-03-20 09:38:16.020","+5.5546781E-02"
"26-03-20 09:38:16.723","+5.4784211E-02"
"26-03-20 09:38:17.468","+5.5049355E-02"
"26-03-20 09:38:18.174","+5.3434001E-02"
"26-03-20 09:38:18.878","+5.3337790E-02"
"26-03-20 09:38:19.583","+5.3046656E-02"
"26-03-20 09:38:20.326","+5.2995677E-02"
"26-03-20 09:38:21.029","+5.3623800E-02"
"26-03-20 09:38:21.734","+5.3349410E-02"
"26-03-20 09:38:22.437","+5.5352109E-02"
"26-03-20 09:38:23.142","+5.4950020E-02"
"26-03-20 09:38:23.884","+5.4652514E-02"
"26-03-20 09:38:24.588","+5.3108756E-02"
"26-03-20 09:38:25.293","+5.3537835E-02"
"26-03-20 09:38:25.996","+5.3528714E-02"
"26-03-20 09:38:26.743","+5.4464464E-02"
"26-03-20 09:38:27.449","+5.5352234E-02"
"26-03-20 09:38:28.152","+5.4322771E-02"
"26-03-20 09:38:28.857","+5.4998750E-02"
"26-03-20 09:38:29.560","+5.3284811E-02"
"26-03-20 09:38:30.305","+5.3951919E-02"
"26-03-20 09:38:31.010","+5.4980383E-02"
"26-03-20 09:38:31.713","+5.5324745E-02"
"26-03-20 09:38:32.419","+5.3894192E-02"
"26-03-20 09:38:33.161","+5.4406238E-02"
"26-03-20 09:38:33.865","+5.3361156E-02"
"26-03-20 09:38:34.570","+5.4165959E-02"
"26-03-20 09:38:35.274","+5.5568648E-02"
"26-03-20 09:38:35.980","+5.3762370E-02"
"26-03-20 09:38:36.725","+5.5283886E-02"
"26-03-20 09:38:37.429","+5.3564949E-02"
"26-03-20 09:38:38.134","+5.5385971E-02"
"26-03-20 09:38:38.838","+5.3294057E-02"
"26-03-20 09:38:39.589","+5.3071646E-02"
"26-03-20 09:38:40.294","+5.3629673E-02"
"26-03-20 09:38:40.999","+5.2981307E-02"
"26-03-20 09:38:41.704","+5.5558776E-02"
"26-03-20 09:38:42.409","+5.4290784E-02"
"26-03-20 09:38:43.161","+5.3860956E-02"
"26-03-20 09:38:43.867","+5.5332617E-02"
"26-03-20 09:38:44.573","+5.4223935E-02"
"26-03-20 09:38:45.276","+5.4032137E-02"
"26-03-20 09:38:46.028","+5.5259146E-02"
"26-03-20 09:38:46.734","+5.4915659E-02"
"26-03-20 09:38:47.437","+5.3479608E-02"
"26-03-20 09:38:48.142","+5.3726259E-02"
"26-03-20 09:38:48.845","+5.3725260E-02"
"26-03-20 09:38:49.598","+5.4076869E-02"
"26-03-20 09:38:50.303","+5.5208916E-02"
"26-03-20 09:38:51.006","+5.4273416E-02"
"26-03-20 09:38:51.711","+5.4105983E-02"
"26-03-20 09:38:54.051","+5.3617428E-02"
"26-03-20 09:38:54.756","+5.3891693E-02"
"26-03-20 09:38:55.459","+5.2792383E-02"
"26-03-20 09:38:56.164","+5.2544732E-02"
"26-03-20 09:38:56.867","+5.5237280E-02"
"26-03-20 09:38:57.572","+5.4056003E-02"
"26-03-20 09:38:58.277","+5.3335666E-02"
"26-03-20 09:38:58.982","+5.4530813E-02"
"26-03-20 09:38:59.687","+5.3889319E-02"
"26-03-20 09:39:00.390","+5.3282437E-02"
"26-03-20 09:39:01.095","+5.5310251E-02"
"26-03-20 09:39:01.797","+5.5557152E-02"
"26-03-20 09:39:02.503","+5.3208217E-02"
"26-03-20 09:39:03.207","+5.3394017E-02"
"26-03-20 09:39:03.913","+5.4402364E-02"
"26-03-20 09:39:04.616","+5.4133722E-02"
"26-03-20 09:39:05.322","+5.3481482E-02"
"26-03-20 09:39:06.027","+5.3500225E-02"
"26-03-20 09:39:06.732","+5.4886171E-02"
"26-03-20 09:39:07.438","+5.3321796E-02"
"26-03-20 09:39:08.141","+5.3967288E-02"
"26-03-20 09:39:08.846","+5.4576294E-02"
"26-03-20 09:39:09.549","+5.2140269E-02"
"26-03-20 09:39:10.254","+5.4430478E-02"
"26-03-20 09:39:10.957","+5.5117203E-02"
"26-03-20 09:39:11.664","+5.4882547E-02"
"26-03-20 09:39:12.369","+5.3961540E-02"
"26-03-20 09:39:13.075","+5.3909936E-02"
"26-03-20 09:39:13.780","+5.4435601E-02"
"26-03-20 09:39:14.485","+5.5232782E-02"
"26-03-20 09:39:15.190","+6.1972461E-02"
"26-03-20 09:39:15.894","+5.4859806E-02"
"26-03-20 09:39:16.599","+5.4281412E-02"
"26-03-20 09:39:17.302","+5.3052529E-02"
"26-03-20 09:39:18.007","+5.5099210E-02"
"26-03-20 09:39:18.710","+5.4518193E-02"
"26-03-20 09:39:19.415","+5.5512670E-02"
"26-03-20 09:39:20.121","+5.3083766E-02"
"26-03-20 09:39:20.826","+5.3096137E-02"
"26-03-20 09:39:21.531","+5.3262945E-02"
"26-03-20 09:39:22.235","+5.4841688E-02"
"26-03-20 09:39:22.941","+5.5110956E-02"
"26-03-20 09:39:23.644","+5.2390794E-02"
"26-03-20 09:39:24.349","+5.3591688E-02"
"26-03-20 09:39:25.052","+5.5365479E-02"
"26-03-20 09:39:25.757","+5.4594287E-02"
"26-03-20 09:39:26.462","+5.3294432E-02"
"26-03-20 09:39:27.168","+5.3417133E-02"
"26-03-20 09:39:27.873","+5.5084091E-02"
"26-03-20 09:39:28.579","+5.4301279E-02"
"26-03-20 09:39:29.285","+5.2849860E-02"
"26-03-20 09:39:29.988","+5.3789734E-02"
"26-03-20 09:39:30.693","+5.4577419E-02"
"26-03-20 09:39:31.397","+5.2560351E-02"
"26-03-20 09:39:32.102","+5.4838315E-02"
"26-03-20 09:39:32.805","+5.3535961E-02"
"26-03-20 09:39:33.510","+5.3790609E-02"
"26-03-20 09:39:34.215","+5.3149990E-02"
"26-03-20 09:39:34.920","+5.2912710E-02"
"26-03-20 09:39:35.625","+5.3701269E-02"
"26-03-20 09:39:36.330","+5.5082342E-02"
"26-03-20 09:39:37.037","+5.4729233E-02"
"26-03-20 09:39:37.740","+5.2631447E-02"
"26-03-20 09:39:38.445","+5.3885821E-02"
"26-03-20 09:39:39.148","+5.3868328E-02"
"26-03-20 09:39:39.853","+5.4087240E-02"
"26-03-20 09:39:40.557","+5.3111505E-02"
"26-03-20 09:39:41.262","+5.3764744E-02"
"26-03-20 09:39:41.968","+5.3140994E-02"
"26-03-20 09:39:42.673","+5.5035236E-02"
"26-03-20 09:39:43.378","+5.3661161E-02"
"26-03-20 09:39:44.081","+5.2552354E-02"
"26-03-20 09:39:44.786","+5.2427404E-02"
"26-03-20 09:39:45.489","+5.4500450E-02"
"26-03-20 09:39:46.196","+5.4036011E-02"
"26-03-20 09:39:46.899","+5.3868827E-02"
"26-03-20 09:39:47.604","+5.3268817E-02"
"26-03-20 09:39:48.308","+5.3505473E-02"
"26-03-20 09:39:49.014","+5.4733482E-02"
"26-03-20 09:39:49.719","+5.4795957E-02"
"26-03-20 09:39:50.425","+5.5024740E-02"
"26-03-20 09:39:51.130","+5.2280463E-02"
"26-03-20 09:39:51.833","+5.3167233E-02"
"26-03-20 09:39:52.538","+5.3245202E-02"
"26-03-20 09:39:53.241","+5.3564699E-02"
"26-03-20 09:39:53.946","+5.3474110E-02"
"26-03-20 09:39:54.650","+5.5397216E-02"
"26-03-20 09:39:55.355","+5.3477484E-02"
"26-03-20 09:39:56.059","+5.4442723E-02"
"26-03-20 09:39:56.764","+5.3018418E-02"
"26-03-20 09:39:57.470","+5.4772841E-02"
"26-03-20 09:39:58.175","+5.4342638E-02"
"26-03-20 09:39:58.880","+5.4166209E-02"
"26-03-20 09:39:59.583","+5.4975760E-02"
"26-03-20 09:40:00.288","+5.3010546E-02"
"26-03-20 09:40:00.991","+5.4341388E-02"
"26-03-20 09:40:01.696","+5.4021516E-02"
"26-03-20 09:40:02.399","+5.4592288E-02"
"26-03-20 09:40:03.106","+5.4500825E-02"
"26-03-20 09:40:03.812","+5.4971636E-02"
"26-03-20 09:40:04.517","+5.3717888E-02"
"26-03-20 09:40:05.222","+5.4171831E-02"
"26-03-20 09:40:05.926","+5.3076519E-02"
"26-03-20 09:40:06.631","+5.3952544E-02"
"26-03-20 09:40:07.334","+5.4440099E-02"
"26-03-20 09:40:08.039","+5.3114879E-02"
"26-03-20 09:40:08.743","+5.3734506E-02"
"26-03-20 09:40:09.448","+5.4854308E-02"
"26-03-20 09:40:10.151","+5.3829093E-02"
"26-03-20 09:40:10.857","+5.4646266E-02"
"26-03-20 09:40:11.564","+5.5407837E-02"
"26-03-20 09:40:12.269","+5.3505723E-02"
"26-03-20 09:40:12.974","+5.3574820E-02"
"26-03-20 09:40:13.677","+5.3398641E-02"
"26-03-20 09:40:14.382","+5.4930528E-02"
"26-03-20 09:40:15.085","+5.4957767E-02"
"26-03-20 09:40:15.797","+5.4993752E-02"
"26-03-20 09:40:16.501","+5.3338665E-02"
"26-03-20 09:40:17.207","+5.3111255E-02"
"26-03-20 09:40:17.912","+5.4394242E-02"
"26-03-20 09:40:18.617","+5.3700645E-02"
"26-03-20 09:40:19.322","+5.4559551E-02"
"26-03-20 09:40:20.026","+5.2849735E-02"
"26-03-20 09:40:20.732","+5.3126624E-02"
"26-03-20 09:40:21.436","+5.4918782E-02"
"26-03-20 09:40:22.141","+5.5553154E-02"
"26-03-20 09:40:22.845","+5.4389369E-02"
"26-03-20 09:40:23.550","+5.5222411E-02"
"26-03-20 09:40:24.254","+5.5528664E-02"
"26-03-20 09:40:24.959","+5.4460716E-02"
"26-03-20 09:40:25.664","+5.3654538E-02"
"26-03-20 09:40:26.369","+5.2517993E-02"
"26-03-20 09:40:27.074","+5.3011420E-02"
"26-03-20 09:40:27.777","+5.3272566E-02"
"26-03-20 09:40:28.482","+5.2939449E-02"
"26-03-20 09:40:29.187","+5.3286435E-02"
"26-03-20 09:40:29.892","+5.5077594E-02"
"26-03-20 09:40:30.595","+5.3681527E-02"
"26-03-20 09:40:31.300","+5.3857707E-02"
"26-03-20 09:40:32.004","+5.4948521E-02"
"26-03-20 09:40:32.710","+5.4979383E-02"
"26-03-20 09:40:33.415","+5.2254098E-02"
"26-03-20 09:40:34.118","+5.3508222E-02"
"26-03-20 09:40:34.823","+5.4298531E-02"
"26-03-20 09:40:35.526","+5.3101135E-02"
"26-03-20 09:40:36.231","+5.3310301E-02"
"26-03-20 09:40:36.935","+5.4917658E-02"
"26-03-20 09:40:37.642","+5.4622526E-02"
"26-03-20 09:40:38.345","+5.5284011E-02"
"26-03-20 09:40:39.051","+5.2832992E-02"
"26-03-20 09:40:39.757","+5.3588565E-02"
"26-03-20 09:40:40.462","+5.2588340E-02"
"26-03-20 09:40:41.167","+5.2978684E-02"
"26-03-20 09:40:41.870","+5.5015119E-02"
"26-03-20 09:40:42.575","+5.4928529E-02"
"26-03-20 09:40:43.278","+5.3202219E-02"
"26-03-20 09:40:43.983","+5.2887845E-02"
"26-03-20 09:40:44.686","+5.3046406E-02"
"26-03-20 09:40:45.391","+5.3003174E-02"
"26-03-20 09:40:46.097","+5.3112880E-02"
"26-03-20 09:40:46.802","+5.2851984E-02"
"26-03-20 09:40:47.507","+5.4226809E-02"
"26-03-20 09:40:48.212","+5.3997901E-02"
"26-03-20 09:40:48.917","+5.5571022E-02"
"26-03-20 09:40:49.620","+5.3706143E-02"
"26-03-20 09:40:50.325","+5.4176954E-02"
"26-03-20 09:40:51.028","+5.2890969E-02"
"26-03-20 09:40:51.733","+5.3039034E-02"
"26-03-20 09:40:52.437","+5.4710741E-02"
"26-03-20 09:40:53.142","+5.3482857E-02"
"26-03-20 09:40:53.846","+5.4560801E-02"
"26-03-20 09:40:54.552","+5.3699145E-02"
"26-03-20 09:40:55.258","+5.2953943E-02"
"26-03-20 09:40:55.963","+5.3941174E-02"
"26-03-20 09:40:56.668","+5.4451594E-02"
"26-03-20 09:40:57.371","+5.4879423E-02"
"26-03-20 09:40:58.076","+5.5151814E-02"
"26-03-20 09:40:58.780","+5.4877049E-02"
"26-03-20 09:40:59.485","+5.4593413E-02"
"26-03-20 09:41:00.188","+5.3728009E-02"
"26-03-20 09:41:00.893","+5.4606158E-02"
"26-03-20 09:41:01.599","+5.3332292E-02"
"26-03-20 09:41:02.304","+5.3674780E-02"
"26-03-20 09:41:03.010","+5.5042733E-02"
"26-03-20 09:41:03.714","+5.4897416E-02"
"26-03-20 09:41:04.419","+5.4951519E-02"
"26-03-20 09:41:05.122","+5.4991878E-02"
"26-03-20 09:41:05.827","+5.5123576E-02"
"26-03-20 09:41:06.530","+5.4024640E-02"
"26-03-20 09:41:07.235","+5.5623626E-02"
"26-03-20 09:41:07.940","+5.3024540E-02"
"26-03-20 09:41:08.646","+5.3957417E-02"
"26-03-20 09:41:09.351","+5.3410011E-02"
"26-03-20 09:41:10.056","+5.4880673E-02"
"26-03-20 09:41:10.761","+5.3234331E-02"
"26-03-20 09:41:11.465","+5.4283287E-02"
"26-03-20 09:41:12.171","+5.3909311E-02"
"26-03-20 09:41:12.874","+5.4303029E-02"
"26-03-20 09:41:13.579","+5.5098835E-02"
"26-03-20 09:41:14.282","+5.3131997E-02"
"26-03-20 09:41:14.987","+5.4286910E-02"
"26-03-20 09:41:15.693","+5.4345387E-02"
"26-03-20 09:41:16.398","+5.4384246E-02"
"26-03-20 09:41:17.103","+5.3174605E-02"
"26-03-20 09:41:17.807","+5.5222161E-02"
"26-03-20 09:41:18.512","+5.3922431E-02"
"26-03-20 09:41:19.215","+5.4603034E-02"
"26-03-20 09:41:19.920","+5.4691124E-02"
"26-03-20 09:41:20.624","+5.4895417E-02"
"26-03-20 09:41:21.330","+5.4498950E-02"
"26-03-20 09:41:22.034","+5.4689874E-02"
"26-03-20 09:41:22.740","+6.0654863E-02"
"26-03-20 09:41:23.445","+5.4198571E-02"
"26-03-20 09:41:24.150","+5.5213789E-02"
"26-03-20 09:41:24.855","+5.3336415E-02"
"26-03-20 09:41:25.558","+5.3426130E-02"
"26-03-20 09:41:26.263","+5.3374025E-02"
"26-03-20 09:41:26.967","+5.5098960E-02"
"26-03-20 09:41:27.672","+5.4627649E-02"
"26-03-20 09:41:28.375","+5.5289259E-02"
"26-03-20 09:41:29.082","+5.2360056E-02"
"26-03-20 09:41:29.786","+5.2981932E-02"
"26-03-20 09:41:30.492","+5.5100585E-02"
"26-03-20 09:41:31.197","+5.3548331E-02"
"26-03-20 09:41:31.902","+5.3606932E-02"
"26-03-20 09:41:32.607","+5.5044982E-02"
"26-03-20 09:41:33.311","+5.5520417E-02"
"26-03-20 09:41:34.016","+5.4263794E-02"
"26-03-20 09:41:34.719","+5.4220187E-02"
"26-03-20 09:41:35.424","+5.3125750E-02"
"26-03-20 09:41:36.127","+5.4676754E-02"
"26-03-20 09:41:36.832","+5.2357807E-02"
"26-03-20 09:41:37.551","+5.5016868E-02"
"26-03-20 09:41:38.254","+5.5385846E-02"
"26-03-20 09:41:38.959","+5.2700170E-02"
"26-03-20 09:41:39.662","+5.4308277E-02"
"26-03-20 09:41:40.367","+5.3856332E-02"
"26-03-20 09:41:41.071","+5.4683377E-02"
"26-03-20 09:41:41.776","+5.4787335E-02"
"26-03-20 09:41:42.480","+5.2672306E-02"
"26-03-20 09:41:43.185","+5.2606707E-02"
"26-03-20 09:41:43.891","+5.2487505E-02"
"26-03-20 09:41:44.596","+5.4672506E-02"
"26-03-20 09:41:45.301","+5.3973910E-02"
"26-03-20 09:41:46.005","+5.4798830E-02"
"26-03-20 09:41:46.711","+5.3788235E-02"
"26-03-20 09:41:47.415","+5.5038859E-02"
"26-03-20 09:41:48.120","+5.5021491E-02"
"26-03-20 09:41:48.823","+5.3863954E-02"
"26-03-20 09:41:49.528","+5.4093238E-02"
"26-03-20 09:41:50.232","+5.2347561E-02"
"26-03-20 09:41:50.938","+5.5485931E-02"
"26-03-20 09:41:51.643","+5.3281937E-02"
"26-03-20 09:41:52.348","+5.3971037E-02"
"26-03-20 09:41:53.053","+5.4714364E-02"
"26-03-20 09:41:53.756","+5.3587565E-02"
"26-03-20 09:41:54.462","+5.5109956E-02"
"26-03-20 09:41:55.165","+5.5507297E-02"
"26-03-20 09:41:55.870","+5.3017043E-02"
"26-03-20 09:41:56.573","+5.2128149E-02"
"26-03-20 09:41:57.278","+5.3069522E-02"
"26-03-20 09:41:57.984","+5.3732132E-02"
"26-03-20 09:41:58.689","+5.5304753E-02"
"26-03-20 09:41:59.394","+5.3102384E-02"
"26-03-20 09:42:00.099","+5.3645042E-02"
"26-03-20 09:42:00.804","+5.5621501E-02"
"26-03-20 09:42:01.507","+5.5523041E-02"
"26-03-20 09:42:02.212","+5.4144592E-02"
"26-03-20 09:42:02.915","+5.5610881E-02"
"26-03-20 09:42:03.621","+5.4430353E-02"
"26-03-20 09:42:04.326","+5.4069747E-02"
"26-03-20 09:42:05.032","+5.3361530E-02"
"26-03-20 09:42:05.737","+5.3633297E-02"
"26-03-20 09:42:06.442","+5.3980533E-02"
"26-03-20 09:42:07.147","+5.3734756E-02"
"26-03-20 09:42:07.850","+5.5309751E-02"
"26-03-20 09:42:08.555","+5.3938550E-02"
"26-03-20 09:42:09.258","+5.3788485E-02"
"26-03-20 09:42:09.963","+5.5596261E-02"
"26-03-20 09:42:10.666","+5.4084991E-02"
"26-03-20 09:42:11.371","+5.4295032E-02"
"26-03-20 09:42:12.076","+5.5039984E-02"
"26-03-20 09:42:12.782","+5.3365029E-02"
"26-03-20 09:42:13.487","+5.2875475E-02"
"26-03-20 09:42:14.192","+5.4181827E-02"
"26-03-20 09:42:14.897","+5.4442848E-02"
"26-03-20 09:42:15.601","+5.4893043E-02"
"26-03-20 09:42:16.306","+5.5030738E-02"
"26-03-20 09:42:17.009","+5.3810476E-02"
"26-03-20 09:42:17.714","+5.3926055E-02"
"26-03-20 09:42:18.418","+5.2755398E-02"
"26-03-20 09:42:19.123","+5.4264419E-02"
"26-03-20 09:42:19.828","+5.3969662E-02"
"26-03-20 09:42:20.535","+5.3293932E-02"
"26-03-20 09:42:21.240","+5.3164734E-02"
"26-03-20 09:42:21.943","+5.5003499E-02"
"26-03-20 09:42:22.649","+5.3567823E-02"
"26-03-20 09:42:23.352","+5.3774615E-02"
"26-03-20 09:42:24.057","+5.4976634E-02"
"26-03-20 09:42:24.760","+5.3440499E-02"
"26-03-20 09:42:25.465","+5.3461615E-02"
"26-03-20 09:42:26.170","+6.1397316E-02"
"26-03-20 09:42:26.876","+5.3400390E-02"
"26-03-20 09:42:27.581","+5.5437700E-02"
"26-03-20 09:42:28.286","+5.3249700E-02"
"26-03-20 09:42:28.993","+5.4771591E-02"
"26-03-20 09:42:29.696","+5.3732382E-02"
"26-03-20 09:42:30.401","+5.5417583E-02"
"26-03-20 09:42:31.105","+5.4031762E-02"
"26-03-20 09:42:31.810","+5.2385296E-02"
"26-03-20 09:42:32.513","+5.4502824E-02"
"26-03-20 09:42:33.218","+5.3456992E-02"
"26-03-20 09:42:33.923","+5.3340164E-02"
"26-03-20 09:42:34.629","+5.4710241E-02"
"26-03-20 09:42:35.334","+5.3067898E-02"
"26-03-20 09:42:36.046","+5.3995402E-02"
"26-03-20 09:42:36.803","+5.3591438E-02"
"26-03-20 09:42:37.510","+5.3000425E-02"
"26-03-20 09:42:38.214","+5.4075745E-02"
"26-03-20 09:42:38.919","+5.2491753E-02"
"26-03-20 09:42:39.671","+5.5318123E-02"
"26-03-20 09:42:40.373","+5.4404113E-02"
"26-03-20 09:42:41.079","+5.3866328E-02"
"26-03-20 09:42:41.782","+5.3172856E-02"
"26-03-20 09:42:42.487","+5.5032737E-02"
"26-03-20 09:42:43.238","+5.5189174E-02"
"26-03-20 09:42:43.940","+5.4476584E-02"
"26-03-20 09:42:44.646","+5.2547981E-02"
"26-03-20 09:42:45.350","+5.5539034E-02"
"26-03-20 09:42:46.101","+5.4963140E-02"
"26-03-20 09:42:46.809","+5.4021516E-02"
"26-03-20 09:42:47.513","+5.3497351E-02"
"26-03-20 09:42:48.218","+5.5186675E-02"
"26-03-20 09:42:48.924","+5.5417708E-02"
"26-03-20 09:42:49.678","+5.2599085E-02"
"26-03-20 09:42:50.383","+5.2431652E-02"
"26-03-20 09:42:51.088","+5.4009646E-02"
"26-03-20 09:42:51.791","+5.5131322E-02"
"26-03-20 09:42:52.544","+5.3489854E-02"
"26-03-20 09:42:53.250","+5.4964514E-02"
"26-03-20 09:42:53.953","+5.5376474E-02"
"26-03-20 09:42:54.658","+5.5076969E-02"
"26-03-20 09:42:55.362","+5.5446696E-02"
"26-03-20 09:42:56.115","+5.3133247E-02"
"26-03-20 09:42:56.820","+5.4378499E-02"
"26-03-20 09:42:57.523","+5.5054728E-02"
"26-03-20 09:42:58.228","+5.5018992E-02"
"26-03-20 09:42:58.978","+5.5345862E-02"
"26-03-20 09:42:59.680","+5.2912085E-02"
"26-03-20 09:43:00.386","+5.4642393E-02"
"26-03-20 09:43:01.089","+5.3156238E-02"
"26-03-20 09:43:01.794","+5.5306752E-02"
"26-03-20 09:43:02.544","+5.2265719E-02"
"26-03-20 09:43:03.248","+5.4245052E-02"
"26-03-20 09:43:03.955","+5.3796981E-02"
"26-03-20 09:43:04.660","+5.2932827E-02"
"26-03-20 09:43:05.412","+5.5105833E-02"
"26-03-20 09:43:06.117","+5.3069772E-02"
"26-03-20 09:43:06.822","+5.2909336E-02"
"26-03-20 09:43:07.527","+5.2881722E-02"
"26-03-20 09:43:08.232","+5.3631672E-02"
"26-03-20 09:43:08.982","+5.2779763E-02"
"26-03-20 09:43:09.688","+5.3250825E-02"
"26-03-20 09:43:10.393","+5.3839714E-02"
"26-03-20 09:43:11.096","+5.3679153E-02"
"26-03-20 09:43:11.848","+5.5001250E-02"
"26-03-20 09:43:12.554","+5.3870702E-02"
"26-03-20 09:43:13.258","+5.3440999E-02"
"26-03-20 09:43:13.963","+5.4899915E-02"
"26-03-20 09:43:14.666","+5.3932552E-02"
"26-03-20 09:43:15.419","+5.3837465E-02"
"26-03-20 09:43:16.124","+5.3742753E-02"
"26-03-20 09:43:16.827","+5.4831068E-02"
"26-03-20 09:43:17.532","+5.3582192E-02"
"26-03-20 09:43:18.285","+5.5047356E-02"
"26-03-20 09:43:18.988","+5.3063400E-02"
"26-03-20 09:43:19.693","+5.4350260E-02"
"26-03-20 09:43:20.397","+5.4576419E-02"
"26-03-20 09:43:21.104","+5.4509946E-02"
"26-03-20 09:43:21.858","+5.4439349E-02"
"26-03-20 09:43:22.563","+5.3828469E-02"
"26-03-20 09:43:23.269","+5.5152939E-02"
"26-03-20 09:43:23.975","+5.3941423E-02"
"26-03-20 09:43:24.729","+5.5038735E-02"
"26-03-20 09:43:25.434","+5.3018917E-02"
"26-03-20 09:43:26.139","+5.4389494E-02"
"26-03-20 09:43:26.842","+5.3297306E-02"
"26-03-20 09:43:27.547","+5.2136645E-02"
"26-03-20 09:43:28.299","+5.4835066E-02"
"26-03-20 09:43:29.001","+5.4652139E-02"
"26-03-20 09:43:29.707","+5.3540834E-02"
"26-03-20 09:43:30.411","+5.4060376E-02"
"26-03-20 09:43:31.166","+5.5322121E-02"
"26-03-20 09:43:31.871","+5.3567698E-02"
"26-03-20 09:43:32.574","+5.3864829E-02"
"26-03-20 09:43:33.279","+5.4263794E-02"
"26-03-20 09:43:33.982","+5.3451120E-02"
"26-03-20 09:43:34.735","+5.4227684E-02"
"26-03-20 09:43:35.440","+5.4016268E-02"
"26-03-20 09:43:36.143","+5.4473586E-02"
"26-03-20 09:43:36.848","+5.4561425E-02"
"26-03-20 09:43:37.600","+5.3787110E-02"
"26-03-20 09:43:38.304","+5.4076869E-02"
"26-03-20 09:43:39.011","+5.2301205E-02"
"26-03-20 09:43:39.716","+5.3729508E-02"
"26-03-20 09:43:40.421","+5.4771716E-02"
"26-03-20 09:43:41.170","+5.3385021E-02"
"26-03-20 09:43:41.875","+5.3127124E-02"
"26-03-20 09:43:42.580","+5.4335391E-02"
"26-03-20 09:43:43.285","+5.4285036E-02"
"26-03-20 09:43:44.023","+5.5301130E-02"
"26-03-20 09:43:44.729","+5.4135846E-02"
"26-03-20 09:43:45.435","+5.2522741E-02"
"26-03-20 09:43:46.140","+5.5309001E-02"
"26-03-20 09:43:46.845","+5.4229558E-02"
"26-03-20 09:43:47.585","+5.7028938E-02"
"26-03-20 09:43:48.290","+5.4953394E-02"
"26-03-20 09:43:48.995","+5.4960391E-02"
"26-03-20 09:43:49.700","+5.3372151E-02"
"26-03-20 09:43:50.441","+5.4544807E-02"
"26-03-20 09:43:51.146","+5.3242953E-02"
"26-03-20 09:43:51.851","+5.3279313E-02"
"26-03-20 09:43:52.556","+5.4655888E-02"
"26-03-20 09:43:53.259","+5.5233157E-02"
"26-03-20 09:43:54.002","+5.3866828E-02"
"26-03-20 09:43:54.707","+5.4503199E-02"
"26-03-20 09:43:55.412","+5.5369352E-02"
"26-03-20 09:43:56.119","+5.4041883E-02"
"26-03-20 09:43:56.859","+5.4765219E-02"
"26-03-20 09:43:57.564","+5.4065374E-02"
"26-03-20 09:43:58.269","+5.2754898E-02"
"26-03-20 09:43:58.973","+5.5536910E-02"
"26-03-20 09:43:59.678","+5.3119377E-02"
"26-03-20 09:44:00.417","+5.4532812E-02"
"26-03-20 09:44:01.123","+5.4811825E-02"
"26-03-20 09:44:01.828","+5.3939799E-02"
"26-03-20 09:44:02.531","+5.3540584E-02"
"26-03-20 09:44:03.236","+5.4414359E-02"
"26-03-20 09:44:03.975","+5.3532462E-02"
"26-03-20 09:44:04.681","+5.3674280E-02"
"26-03-20 09:44:05.387","+5.4414609E-02"
"26-03-20 09:44:06.090","+5.4642143E-02"
"26-03-20 09:44:06.834","+5.4475210E-02"
"26-03-20 09:44:07.539","+5.4406113E-02"
"26-03-20 09:44:08.244","+5.4377249E-02"
"26-03-20 09:44:08.949","+5.4073870E-02"
"26-03-20 09:44:09.653","+5.4267043E-02"
"26-03-20 09:44:10.396","+5.3244952E-02"
"26-03-20 09:44:11.101","+5.4210316E-02"
"26-03-20 09:44:11.804","+5.4297031E-02"
"26-03-20 09:44:12.509","+5.4079743E-02"
"26-03-20 09:44:13.250","+5.4369002E-02"
"26-03-20 09:44:13.956","+5.3942798E-02"
"26-03-20 09:44:14.661","+5.4513944E-02"
"26-03-20 09:44:15.364","+5.4342388E-02"
"26-03-20 09:44:16.069","+5.3799480E-02"
"26-03-20 09:44:16.812","+5.3445497E-02"
"26-03-20 09:44:17.516","+5.4048880E-02"
"26-03-20 09:44:18.221","+5.4368752E-02"
"26-03-20 09:44:18.924","+5.4136595E-02"
"26-03-20 09:44:19.670","+5.4291034E-02"
"26-03-20 09:44:20.375","+5.4014269E-02"
"26-03-20 09:44:21.078","+5.4108607E-02"
"26-03-20 09:44:21.783","+5.4297156E-02"
"26-03-20 09:44:22.488","+5.3324670E-02"
"26-03-20 09:44:23.234","+5.3403763E-02"
"26-03-20 09:44:23.939","+5.4534061E-02"
"26-03-20 09:44:24.642","+5.3894567E-02"
"26-03-20 09:44:25.347","+5.3860831E-02"
"26-03-20 09:44:26.093","+5.4020892E-02"
"26-03-20 09:44:26.797","+5.3927179E-02"
"26-03-20 09:44:27.502","+5.4073496E-02"
"26-03-20 09:44:28.205","+5.3931677E-02"
"26-03-20 09:44:28.910","+5.3430253E-02"
"26-03-20 09:44:29.655","+5.4270417E-02"
"26-03-20 09:44:30.358","+5.3895067E-02"
"26-03-20 09:44:31.066","+5.4153838E-02"
"26-03-20 09:44:31.769","+5.4125725E-02"
"26-03-20 09:44:32.518","+5.4203694E-02"
"26-03-20 09:44:33.223","+5.4411735E-02"
"26-03-20 09:44:33.926","+5.7883971E-02"
"26-03-20 09:44:34.631","+5.3385146E-02"
"26-03-20 09:44:35.335","+5.3637420E-02"
"26-03-20 09:44:36.084","+5.3977409E-02"
"26-03-20 09:44:36.789","+5.4156088E-02"
"26-03-20 09:44:37.494","+5.4160586E-02"
"26-03-20 09:44:38.199","+5.4140094E-02"
"26-03-20 09:44:38.947","+5.4147591E-02"
"26-03-20 09:44:39.653","+5.4084116E-02"
"26-03-20 09:44:40.358","+5.4449095E-02"
"26-03-20 09:44:41.063","+5.3371027E-02"
"26-03-20 09:44:41.768","+5.3427629E-02"
"26-03-20 09:44:42.516","+5.4118603E-02"
"26-03-20 09:44:43.222","+5.4139844E-02"
"26-03-20 09:44:43.927","+5.4134846E-02"
"26-03-20 09:44:44.632","+5.4246926E-02"
"26-03-20 09:44:45.377","+5.3911310E-02"
"26-03-20 09:44:46.083","+5.4161211E-02"
"26-03-20 09:44:46.788","+5.3445372E-02"
"26-03-20 09:44:47.492","+5.3582567E-02"
"26-03-20 09:44:48.199","+5.3770492E-02"
"26-03-20 09:44:48.943","+5.4290034E-02"
"26-03-20 09:44:49.647","+5.4148965E-02"
"26-03-20 09:44:50.352","+5.4187450E-02"
"26-03-20 09:44:51.055","+5.4420357E-02"
"26-03-20 09:44:51.803","+5.4320272E-02"
"26-03-20 09:44:52.508","+5.4118478E-02"
"26-03-20 09:44:53.211","+5.3365779E-02"
"26-03-20 09:44:53.916","+5.3294057E-02"
"26-03-20 09:44:54.619","+5.3990654E-02"
"26-03-20 09:44:55.365","+5.4800205E-02"
"26-03-20 09:44:56.071","+5.4157837E-02"
"26-03-20 09:44:56.775","+5.4624775E-02"
"26-03-20 09:44:57.480","+5.4260046E-02"
"26-03-20 09:44:58.183","+5.4452469E-02"
"26-03-20 09:44:58.929","+5.4062250E-02"
"26-03-20 09:44:59.643","+5.3292183E-02"
"26-03-20 09:45:00.346","+5.3122376E-02"
"26-03-20 09:45:01.051","+5.4240054E-02"
"26-03-20 09:45:01.795","+5.4047006E-02"
"26-03-20 09:45:02.498","+5.4192323E-02"
"26-03-20 09:45:03.203","+5.4436725E-02"
"26-03-20 09:45:03.906","+5.4102359E-02"
"26-03-20 09:45:04.611","+5.4472836E-02"
"26-03-20 09:45:05.357","+5.3829093E-02"
"26-03-20 09:45:06.063","+5.3633172E-02"
"26-03-20 09:45:06.768","+1.1728221E-01"
"26-03-20 09:45:07.473","+5.4218188E-02"
"26-03-20 09:45:08.218","+5.4437475E-02"
"26-03-20 09:45:08.923","+5.4323396E-02"
"26-03-20 09:45:09.628","+5.4283786E-02"
"26-03-20 09:45:10.333","+5.4135846E-02"
"26-03-20 09:45:11.038","+5.4528314E-02"
"26-03-20 09:45:11.785","+5.3468613E-02"
"26-03-20 09:45:12.491","+5.3412885E-02"
"26-03-20 09:45:13.196","+5.4211191E-02"
"26-03-20 09:45:13.901","+5.4018892E-02"
"26-03-20 09:45:14.648","+5.4158087E-02"
"26-03-20 09:45:15.353","+5.4137095E-02"
"26-03-20 09:45:16.058","+5.4417108E-02"
"26-03-20 09:45:16.763","+5.3975410E-02"
"26-03-20 09:45:17.467","+5.4221686E-02"
"26-03-20 09:45:18.212","+5.3240329E-02"
"26-03-20 09:45:18.918","+5.3603684E-02"
"26-03-20 09:45:19.621","+5.4410236E-02"
"26-03-20 09:45:20.326","+5.4134096E-02"
"26-03-20 09:45:21.069","+5.4237430E-02"
"26-03-20 09:45:21.774","+5.3830218E-02"
"26-03-20 09:45:22.480","+5.4509821E-02"
"26-03-20 09:45:23.184","+5.3975910E-02"
"26-03-20 09:45:23.890","+5.4280663E-02"
"26-03-20 09:45:24.632","+5.3398890E-02"
"26-03-20 09:45:25.336","+5.3955793E-02"
"26-03-20 09:45:26.041","+5.4342263E-02"
"26-03-20 09:45:26.744","+5.4595412E-02"
"26-03-20 09:45:27.488","+5.3879198E-02"
"26-03-20 09:45:28.194","+5.3851834E-02"
"26-03-20 09:45:28.897","+5.4010271E-02"
"26-03-20 09:45:29.602","+5.4149465E-02"
"26-03-20 09:45:30.305","+5.3644417E-02"
"26-03-20 09:45:31.050","+5.3463490E-02"
"26-03-20 09:45:31.758","+5.3978908E-02"
"26-03-20 09:45:32.461","+5.4377874E-02"
"26-03-20 09:45:33.166","+5.4312900E-02"
"26-03-20 09:45:33.908","+5.4192573E-02"
"26-03-20 09:45:34.612","+5.4042883E-02"
"26-03-20 09:45:35.317","+5.3849710E-02"
"26-03-20 09:45:36.020","+5.4690374E-02"
"26-03-20 09:45:36.725","+5.3448371E-02"
"26-03-20 09:45:37.468","+5.3359531E-02"
"26-03-20 09:45:38.171","+5.3877949E-02"
"26-03-20 09:45:38.876","+5.3827094E-02"
"26-03-20 09:45:39.579","+5.4249300E-02"
"26-03-20 09:45:40.326","+5.5865029E-02"
"26-03-20 09:45:41.031","+5.4254923E-02"
"26-03-20 09:45:41.734","+5.4039259E-02"
"26-03-20 09:45:42.439","+5.3564824E-02"
"26-03-20 09:45:43.142","+5.3284686E-02"
"26-03-20 09:45:43.886","+5.4012145E-02"
"26-03-20 09:45:44.592","+5.4412485E-02"
"26-03-20 09:45:45.295","+5.4090739E-02"
"26-03-20 09:45:46.000","+5.4084366E-02"
"26-03-20 09:45:46.746","+5.3961665E-02"
"26-03-20 09:45:47.449","+5.3959791E-02"
"26-03-20 09:45:48.155","+5.4129848E-02"
"26-03-20 09:45:48.858","+5.4052879E-02"
"26-03-20 09:45:49.564","+5.3295432E-02"
"26-03-20 09:45:50.313","+5.4385996E-02"
"26-03-20 09:45:51.016","+5.4099360E-02"
"26-03-20 09:45:51.721","+5.4148716E-02"
"26-03-20 09:45:52.425","+5.4340764E-02"
"26-03-20 09:45:53.178","+5.3918308E-02"
"26-03-20 09:45:53.883","+5.4486455E-02"
"26-03-20 09:45:54.587","+5.4395367E-02"
"26-03-20 09:45:55.294","+5.3322171E-02"
"26-03-20 09:45:55.999","+5.3417758E-02"
"26-03-20 09:45:56.751","+5.4337515E-02"
"26-03-20 09:45:57.456","+5.4106108E-02"
"26-03-20 09:45:58.163","+5.4290409E-02"
"26-03-20 09:45:58.866","+5.4165709E-02"
"26-03-20 09:45:59.619","+5.4359631E-02"
"26-03-20 09:46:00.324","+5.3946421E-02"
"26-03-20 09:46:01.028","+5.3062650E-02"
"26-03-20 09:46:01.733","+5.3855458E-02"
"26-03-20 09:46:02.436","+5.3699520E-02"
"26-03-20 09:46:04.777","+5.4385996E-02"
"26-03-20 09:46:05.481","+5.3986405E-02"
"26-03-20 09:46:06.186","+5.3650290E-02"
"26-03-20 09:46:06.889","+5.3433002E-02"
"26-03-20 09:46:07.594","+5.3841089E-02"
"26-03-20 09:46:08.301","+5.4600785E-02"
"26-03-20 09:46:09.006","+5.3932052E-02"
"26-03-20 09:46:09.712","+5.4361006E-02"
"26-03-20 09:46:10.417","+5.9434351E-02"
"26-03-20 09:46:11.122","+5.4596536E-02"
"26-03-20 09:46:11.825","+5.4317898E-02"
"26-03-20 09:46:12.531","+5.4246177E-02"
"26-03-20 09:46:13.234","+5.3547456E-02"
"26-03-20 09:46:13.939","+5.3204093E-02"
"26-03-20 09:46:14.642","+5.4384246E-02"
"26-03-20 09:46:15.347","+5.4144717E-02"
"26-03-20 09:46:16.051","+5.4580918E-02"
"26-03-20 09:46:16.758","+5.4212440E-02"
"26-03-20 09:46:17.463","+5.4319022E-02"
"26-03-20 09:46:18.168","+5.3988904E-02"
"26-03-20 09:46:18.873","+5.4298780E-02"
"26-03-20 09:46:19.577","+1.0686988E-01"
"26-03-20 09:46:20.282","+5.3376150E-02"
"26-03-20 09:46:20.986","+5.3479858E-02"
"26-03-20 09:46:21.691","+5.4164334E-02"
"26-03-20 09:46:22.395","+5.4394117E-02"
"26-03-20 09:46:23.101","+5.3997901E-02"
"26-03-20 09:46:23.806","+5.4290159E-02"
"26-03-20 09:46:24.511","+5.3867953E-02"
"26-03-20 09:46:25.218","+5.4724610E-02"
"26-03-20 09:46:25.921","+5.4116104E-02"
"26-03-20 09:46:26.626","+5.3623051E-02"
"26-03-20 09:46:27.329","+5.3369402E-02"
"26-03-20 09:46:28.034","+5.3576195E-02"
"26-03-20 09:46:28.737","+5.4387995E-02"
"26-03-20 09:46:29.442","+5.4373126E-02"
"26-03-20 09:46:30.147","+5.4513445E-02"
"26-03-20 09:46:30.852","+5.4211315E-02"
"26-03-20 09:46:31.557","+5.4379248E-02"
"26-03-20 09:46:32.262","+5.3845712E-02"
"26-03-20 09:46:32.967","+5.4389369E-02"
"26-03-20 09:46:33.670","+5.3539084E-02"
"26-03-20 09:46:34.377","+5.3234831E-02"
"26-03-20 09:46:35.080","+5.3870577E-02"
"26-03-20 09:46:35.785","+5.4177454E-02"
"26-03-20 09:46:36.488","+5.4470837E-02"
"26-03-20 09:46:37.194","+5.3925430E-02"
"26-03-20 09:46:37.899","+5.4580668E-02"
"26-03-20 09:46:38.604","+5.4402114E-02"
"26-03-20 09:46:39.309","+5.4194322E-02"
"26-03-20 09:46:40.013","+5.4039634E-02"
"26-03-20 09:46:40.718","+5.3315174E-02"
"26-03-20 09:46:41.421","+5.3275940E-02"
"26-03-20 09:46:42.126","+5.3765244E-02"
"26-03-20 09:46:42.831","+5.4109231E-02"
"26-03-20 09:46:43.536","+5.3904063E-02"
"26-03-20 09:46:44.241","+5.4358382E-02"
"26-03-20 09:46:44.946","+5.4139344E-02"
"26-03-20 09:46:45.651","+5.3999025E-02"
"26-03-20 09:46:46.356","+5.4337265E-02"
"26-03-20 09:46:47.061","+5.4075745E-02"
"26-03-20 09:46:47.764","+5.3489604E-02"
"26-03-20 09:46:48.469","+5.3638545E-02"
"26-03-20 09:46:49.172","+5.4192448E-02"
"26-03-20 09:46:49.877","+5.4116853E-02"
"26-03-20 09:46:50.580","+5.4460341E-02"
"26-03-20 09:46:51.287","+5.4027139E-02"
"26-03-20 09:46:51.992","+5.4347636E-02"
"26-03-20 09:46:52.697","+5.3989779E-02"
"26-03-20 09:46:53.402","+5.4386370E-02"
"26-03-20 09:46:54.107","+5.4334516E-02"
"26-03-20 09:46:54.812","+5.3452494E-02"
"26-03-20 09:46:55.516","+5.3404513E-02"
"26-03-20 09:46:56.221","+5.4485706E-02"
"26-03-20 09:46:56.949","+5.4558052E-02"
"26-03-20 09:46:57.656","+5.4212190E-02"
"26-03-20 09:46:58.359","+5.4321022E-02"
"26-03-20 09:46:59.065","+5.4040259E-02"
"26-03-20 09:46:59.771","+5.4383747E-02"
"26-03-20 09:47:00.477","+5.3710641E-02"
"26-03-20 09:47:01.181","+5.3533712E-02"
"26-03-20 09:47:01.889","+5.3454618E-02"
"26-03-20 09:47:02.592","+5.3724385E-02"
"26-03-20 09:47:03.299","+5.4549180E-02"
"26-03-20 09:47:04.002","+5.3908062E-02"
"26-03-20 09:47:04.709","+5.4645767E-02"
"26-03-20 09:47:05.412","+5.4605033E-02"
"26-03-20 09:47:06.118","+5.4298406E-02"
"26-03-20 09:47:06.822","+5.3871077E-02"
"26-03-20 09:47:07.529","+5.4357507E-02"
"26-03-20 09:47:08.235","+5.3526714E-02"
"26-03-20 09:47:08.941","+5.3418757E-02"
"26-03-20 09:47:09.645","+5.4332642E-02"
"26-03-20 09:47:10.351","+5.4020017E-02"
"26-03-20 09:47:11.058","+5.4203319E-02"
"26-03-20 09:47:11.765","+5.4155588E-02"
"26-03-20 09:47:12.471","+5.4641893E-02"
"26-03-20 09:47:13.178","+5.4099360E-02"
"26-03-20 09:47:13.884","+5.4123101E-02"
"26-03-20 09:47:14.590","+5.4313774E-02"
"26-03-20 09:47:15.297","+5.3495477E-02"
"26-03-20 09:47:16.003","+5.3422006E-02"
"26-03-20 09:47:16.710","+5.3927804E-02"
"26-03-20 09:47:17.418","+5.4397366E-02"
"26-03-20 09:47:18.124","+5.4229183E-02"
"26-03-20 09:47:18.829","+5.4430103E-02"
"26-03-20 09:47:19.535","+5.4195197E-02"
"26-03-20 09:47:20.239","+5.4453219E-02"
"26-03-20 09:47:20.945","+5.3646916E-02"
"26-03-20 09:47:21.649","+5.4212315E-02"
"26-03-20 09:47:22.356","+5.3409011E-02"
"26-03-20 09:47:23.066","+5.3507097E-02"
"26-03-20 09:47:23.773","+6.1713690E-02"
"26-03-20 09:47:24.476","+5.4244552E-02"
"26-03-20 09:47:25.182","+5.4556677E-02"
"26-03-20 09:47:25.888","+5.3948421E-02"
"26-03-20 09:47:26.595","+5.4339889E-02"
"26-03-20 09:47:27.299","+5.4080493E-02"
"26-03-20 09:47:28.007","+5.4400115E-02"
"26-03-20 09:47:28.710","+5.3622176E-02"
"26-03-20 09:47:29.417","+5.3479858E-02"
"26-03-20 09:47:30.120","+5.4372751E-02"
"26-03-20 09:47:30.827","+5.4034761E-02"
"26-03-20 09:47:31.530","+5.4463465E-02"
"26-03-20 09:47:32.236","+5.4386495E-02"
"26-03-20 09:47:32.940","+5.4352634E-02"
"26-03-20 09:47:33.648","+5.4013270E-02"
"26-03-20 09:47:34.356","+5.4709366E-02"
"26-03-20 09:47:35.062","+5.4077119E-02"
"26-03-20 09:47:35.770","+5.3432752E-02"
"26-03-20 09:47:36.477","+5.2993178E-02"
"26-03-20 09:47:37.183","+5.3826594E-02"
"26-03-20 09:47:37.890","+5.4171456E-02"
"26-03-20 09:47:38.597","+5.4074370E-02"
"26-03-20 09:47:39.305","+5.4193073E-02"
"26-03-20 09:47:40.011","+5.4028389E-02"
"26-03-20 09:47:40.717","+5.4241678E-02"
"26-03-20 09:47:41.424","+5.4290784E-02"
"26-03-20 09:47:42.128","+5.4154463E-02"
"26-03-20 09:47:42.838","+5.3351659E-02"
"26-03-20 09:47:43.542","+5.3369527E-02"
"26-03-20 09:47:44.248","+5.4593413E-02"
"26-03-20 09:47:44.952","+5.3987155E-02"
"26-03-20 09:47:45.659","+5.4408112E-02"
"26-03-20 09:47:46.362","+5.4223311E-02"
"26-03-20 09:47:47.070","+5.4558052E-02"
"26-03-20 09:47:47.774","+5.4164084E-02"
"26-03-20 09:47:48.480","+5.4235431E-02"
"26-03-20 09:47:49.184","+5.3524840E-02"
"26-03-20 09:47:49.890","+5.3380148E-02"
"26-03-20 09:47:50.594","+5.3603434E-02"
"26-03-20 09:47:51.303","+5.4249050E-02"
"26-03-20 09:47:52.007","+5.3964289E-02"
"26-03-20 09:47:52.713","+5.4328144E-02"
"26-03-20 09:47:53.417","+5.3837090E-02"
"26-03-20 09:47:54.124","+5.3884946E-02"
"26-03-20 09:47:54.827","+5.3988655E-02"
"26-03-20 09:47:55.534","+5.4126724E-02"
"26-03-20 09:47:56.238","+5.3545582E-02"
"26-03-20 09:47:56.944","+5.3511470E-02"
"26-03-20 09:47:57.650","+5.3996526E-02"
"26-03-20 09:47:58.357","+5.4029888E-02"
"26-03-20 09:47:59.064","+5.4384871E-02"
"26-03-20 09:47:59.772","+5.4148466E-02"
"26-03-20 09:48:00.478","+5.3986405E-02"
"26-03-20 09:48:01.186","+5.4033012E-02"
"26-03-20 09:48:01.892","+5.4327894E-02"
"26-03-20 09:48:02.599","+5.4122476E-02"
"26-03-20 09:48:03.307","+5.3224835E-02"
"26-03-20 09:48:04.013","+5.3197221E-02"
"26-03-20 09:48:04.720","+5.4315149E-02"
"26-03-20 09:48:05.424","+5.3977534E-02"
"26-03-20 09:48:06.131","+5.3834216E-02"
"26-03-20 09:48:06.835","+5.4204818E-02"
"26-03-20 09:48:07.542","+5.4159586E-02"
"26-03-20 09:48:08.247","+5.4772341E-02"
"26-03-20 09:48:08.955","+5.4281163E-02"
"26-03-20 09:48:09.658","+5.3798606E-02"
"26-03-20 09:48:10.365","+5.3304178E-02"
"26-03-20 09:48:11.069","+5.3570322E-02"
"26-03-20 09:48:11.777","+5.4119727E-02"
"26-03-20 09:48:12.480","+5.4226934E-02"
"26-03-20 09:48:13.187","+5.4022016E-02"
"26-03-20 09:48:13.891","+5.4317898E-02"
"26-03-20 09:48:14.599","+5.4150715E-02"
"26-03-20 09:48:15.303","+5.4048381E-02"
"26-03-20 09:48:16.010","+5.4061375E-02"
"26-03-20 09:48:16.714","+5.3551205E-02"
"26-03-20 09:48:17.423","+5.3345412E-02"
"26-03-20 09:48:18.126","+5.3916308E-02"
"26-03-20 09:48:18.834","+5.4279163E-02"
"26-03-20 09:48:19.539","+5.4126849E-02"
"26-03-20 09:48:20.246","+5.4354883E-02"
"26-03-20 09:48:20.953","+5.4026264E-02"
"26-03-20 09:48:21.659","+5.4513445E-02"
"26-03-20 09:48:22.367","+5.4111480E-02"
"26-03-20 09:48:23.073","+5.4416109E-02"
"26-03-20 09:48:23.781","+5.3081517E-02"
"26-03-20 09:48:24.487","+5.3681777E-02"
"26-03-20 09:48:25.194","+5.4235681E-02"
"26-03-20 09:48:25.903","+5.4253174E-02"
"26-03-20 09:48:26.610","+5.4259671E-02"
"26-03-20 09:48:27.314","+6.1609981E-02"
"26-03-20 09:48:28.021","+5.4218313E-02"
"26-03-20 09:48:28.725","+5.4341263E-02"
"26-03-20 09:48:29.432","+5.4195322E-02"
"26-03-20 09:48:30.135","+5.3757997E-02"
"26-03-20 09:48:30.841","+5.3218837E-02"
"26-03-20 09:48:31.545","+5.3403888E-02"
"26-03-20 09:48:32.252","+5.3956292E-02"
"26-03-20 09:48:32.957","+5.3789234E-02"
"26-03-20 09:48:33.663","+5.3994777E-02"
"26-03-20 09:48:34.369","+5.3973536E-02"
"26-03-20 09:48:35.076","+5.4437850E-02"
"26-03-20 09:48:35.780","+5.4474085E-02"
"26-03-20 09:48:36.486","+5.3816598E-02"
"26-03-20 09:48:37.190","+5.3426754E-02"
"26-03-20 09:48:37.897","+5.3317673E-02"
"26-03-20 09:48:38.601","+5.3729633E-02"
"26-03-20 09:48:39.308","+5.4375875E-02"
"26-03-20 09:48:40.013","+5.4028389E-02"
"26-03-20 09:48:40.719","+5.4429853E-02"
"26-03-20 09:48:41.423","+5.4073121E-02"
"26-03-20 09:48:42.130","+5.4368003E-02"
"26-03-20 09:48:42.838","+5.3928803E-02"
"26-03-20 09:48:43.544","+5.4620902E-02"
"26-03-20 09:48:44.251","+5.3772366E-02"
"26-03-20 09:48:44.958","+5.3467113E-02"
"26-03-20 09:48:45.665","+5.4411610E-02"
"26-03-20 09:48:46.372","+5.4024390E-02"
"26-03-20 09:48:47.080","+5.4190574E-02"
"26-03-20 09:48:47.786","+5.4085741E-02"
"26-03-20 09:48:48.493","+5.4335641E-02"
"26-03-20 09:48:49.198","+5.3956417E-02"
"26-03-20 09:48:49.905","+5.4380748E-02"
"26-03-20 09:48:50.609","+5.3820097E-02"
"26-03-20 09:48:51.317","+5.3733632E-02"
"26-03-20 09:48:52.022","+5.3496726E-02"
"26-03-20 09:48:52.728","+5.4531812E-02"
"26-03-20 09:48:53.432","+5.4539934E-02"
"26-03-20 09:48:54.139","+5.3796981E-02"
"26-03-20 09:48:54.842","+5.3887195E-02"
"26-03-20 09:48:55.549","+5.4117478E-02"
"26-03-20 09:48:56.252","+5.4418108E-02"
"26-03-20 09:48:56.958","+5.4213065E-02"
"26-03-20 09:48:57.662","+5.3524965E-02"
"26-03-20 09:48:58.369","+5.3678404E-02"
"26-03-20 09:48:59.073","+5.3816224E-02"
"26-03-20 09:48:59.780","+5.4186700E-02"
"26-03-20 09:49:00.485","+5.4105733E-02"
"26-03-20 09:49:01.192","+5.4252924E-02"
"26-03-20 09:49:01.895","+5.4661260E-02"
"26-03-20 09:49:02.601","+5.4223311E-02"
"26-03-20 09:49:03.305","+5.4187825E-02"
"26-03-20 09:49:04.012","+5.4349760E-02"
"26-03-20 09:49:04.716","+5.3260321E-02"
"26-03-20 09:49:05.424","+5.3435251E-02"
"26-03-20 09:49:06.128","+5.4075620E-02"
"26-03-20 09:49:06.835","+5.3952044E-02"
"26-03-20 09:49:07.540","+5.4266793E-02"
"26-03-20 09:49:08.247","+5.3939299E-02"
"26-03-20 09:49:08.956","+5.4222686E-02"
"26-03-20 09:49:09.662","+5.3962915E-02"
"26-03-20 09:49:10.369","+5.4387620E-02"
"26-03-20 09:49:11.076","+5.4643143E-02"
"26-03-20 09:49:11.784","+5.3370902E-02"
"26-03-20 09:49:12.490","+5.3358906E-02"
"26-03-20 09:49:13.197","+5.4417733E-02"
"26-03-20 09:49:13.903","+5.4137970E-02"
"26-03-20 09:49:14.610","+5.4000150E-02"
"26-03-20 09:49:15.315","+5.4252549E-02"
"26-03-20 09:49:16.022","+5.4004898E-02"
"26-03-20 09:49:16.725","+5.4031262E-02"
"26-03-20 09:49:17.433","+5.4076744E-02"
"26-03-20 09:49:18.137","+5.3259071E-02"
"26-03-20 09:49:18.844","+5.3316423E-02"
"26-03-20 09:49:19.547","+5.3333791E-02"
"26-03-20 09:49:20.253","+5.4289534E-02"
"26-03-20 09:49:20.957","+5.3956792E-02"
"26-03-20 09:49:21.663","+5.4343762E-02"
"26-03-20 09:49:22.367","+5.4156213E-02"
"26-03-20 09:49:23.074","+5.4344512E-02"
"26-03-20 09:49:23.778","+5.4153214E-02"
"26-03-20 09:49:24.485","+5.4170082E-02"
"26-03-20 09:49:25.189","+5.3198845E-02"
"26-03-20 09:49:25.897","+5.3415759E-02"
"26-03-20 09:49:26.601","+5.4228059E-02"
"26-03-20 09:49:27.308","+5.4243927E-02"
"26-03-20 09:49:28.011","+5.4492953E-02"
"26-03-20 09:49:28.717","+5.4823321E-02"
"26-03-20 09:49:29.421","+5.4494452E-02"
"26-03-20 09:49:30.128","+5.3870452E-02"
"26-03-20 09:49:30.832","+6.1784411E-02"
"26-03-20 09:49:31.539","+5.3757372E-02"
"26-03-20 09:49:32.246","+5.3412635E-02"
"26-03-20 09:49:32.954","+5.3252574E-02"
"26-03-20 09:49:33.660","+5.3899690E-02"
"26-03-20 09:49:34.366","+5.4222186E-02"
"26-03-20 09:49:35.075","+5.4027389E-02"
"26-03-20 09:49:35.782","+5.4562675E-02"
"26-03-20 09:49:36.489","+5.4180203E-02"
"26-03-20 09:49:37.195","+5.4327644E-02"
"26-03-20 09:49:37.902","+5.4160961E-02"
"26-03-20 09:49:38.608","+5.3883697E-02"
"26-03-20 09:49:39.315","+5.3382147E-02"
"26-03-20 09:49:40.018","+5.3385771E-02"
"26-03-20 09:49:40.725","+5.4150715E-02"
"26-03-20 09:49:41.429","+5.3734756E-02"
"26-03-20 09:49:42.135","+5.4238055E-02"
"26-03-20 09:49:42.839","+5.4186825E-02"
"26-03-20 09:49:43.547","+5.4285661E-02"
"26-03-20 09:49:44.309","+5.4052254E-02"
"26-03-20 09:49:45.013","+5.3824970E-02"
"26-03-20 09:49:45.720","+5.3483981E-02"
"26-03-20 09:49:46.424","+5.3523091E-02"
"26-03-20 09:49:47.132","+5.4064624E-02"
"26-03-20 09:49:47.835","+5.4050880E-02"
"26-03-20 09:49:48.542","+5.4142718E-02"
"26-03-20 09:49:49.246","+5.3893568E-02"
"26-03-20 09:49:49.953","+5.4274790E-02"
"26-03-20 09:49:50.656","+5.4015519E-02"
"26-03-20 09:49:51.363","+5.3865829E-02"
"26-03-20 09:49:52.069","+5.3374275E-02"
"26-03-20 09:49:52.776","+5.3440249E-02"
"26-03-20 09:49:53.480","+5.4104108E-02"
"26-03-20 09:49:54.187","+5.3600560E-02"
"26-03-20 09:49:54.890","+5.3986280E-02"
"26-03-20 09:49:55.598","+5.4241928E-02"
"26-03-20 09:49:56.303","+5.4099735E-02"
"26-03-20 09:49:57.009","+5.4319647E-02"
"26-03-20 09:49:57.713","+5.3923431E-02"
"26-03-20 09:49:58.420","+5.4059626E-02"
"26-03-20 09:49:59.125","+5.3350910E-02"
"26-03-20 09:49:59.832","+5.3580693E-02"
"26-03-20 09:50:00.540","+5.4101984E-02"
"26-03-20 09:50:01.246","+5.4005023E-02"
"26-03-20 09:50:01.953","+5.4061126E-02"
"26-03-20 09:50:02.660","+5.4198196E-02"
"26-03-20 09:50:03.366","+5.3943673E-02"
"26-03-20 09:50:04.072","+5.4330643E-02"
"26-03-20 09:50:04.779","+5.4327019E-02"
"26-03-20 09:50:05.486","+5.4377374E-02"
"26-03-20 09:50:06.194","+5.3470362E-02"
"26-03-20 09:50:06.897","+5.3380648E-02"
"26-03-20 09:50:07.604","+5.4267293E-02"
"26-03-20 09:50:08.307","+5.4019142E-02"
"26-03-20 09:50:09.016","+5.4326894E-02"
"26-03-20 09:50:09.719","+5.3927554E-02"
"26-03-20 09:50:10.426","+5.4445847E-02"
"26-03-20 09:50:11.129","+5.3806103E-02"
"26-03-20 09:50:11.837","+5.4428853E-02"
"26-03-20 09:50:12.540","+5.3511595E-02"
"26-03-20 09:50:13.247","+5.3526714E-02"
"26-03-20 09:50:13.951","+5.4141219E-02"
"26-03-20 09:50:14.658","+5.3952919E-02"
"26-03-20 09:50:15.361","+5.4226060E-02"
"26-03-20 09:50:16.068","+5.3945172E-02"
"26-03-20 09:50:16.773","+5.4262545E-02"
"26-03-20 09:50:17.480","+5.3940299E-02"
"26-03-20 09:50:18.184","+5.4365004E-02"
"26-03-20 09:50:18.891","+5.4124350E-02"
"26-03-20 09:50:19.594","+5.3444997E-02"
"26-03-20 09:50:20.302","+5.3438000E-02"
"26-03-20 09:50:21.005","+5.3994277E-02"
"26-03-20 09:50:21.712","+5.4555678E-02"
"26-03-20 09:50:22.415","+5.4486455E-02"
"26-03-20 09:50:23.122","+5.4163085E-02"
"26-03-20 09:50:23.829","+5.4070747E-02"
"26-03-20 09:50:24.536","+5.4736605E-02"
"26-03-20 09:50:25.243","+5.4097486E-02"
"26-03-20 09:50:25.949","+5.4737480E-02"
"26-03-20 09:50:26.657","+5.3509846E-02"
"26-03-20 09:50:27.364","+5.3261695E-02"
"26-03-20 09:50:28.071","+5.4412985E-02"
"26-03-20 09:50:28.779","+5.3932427E-02"
"26-03-20 09:50:29.485","+5.4306277E-02"
"26-03-20 09:50:30.192","+1.1766356E-01"
"26-03-20 09:50:30.899","+7.0053104E-02"
"26-03-20 09:50:31.602","+6.7679428E-02"
"26-03-20 09:50:32.309","+9.2125150E-02"
"26-03-20 09:50:33.012","+6.9552929E-02"
"26-03-20 09:50:33.718","+6.5432702E-02"
"26-03-20 09:50:34.422","+7.4083242E-02"
"26-03-20 09:50:35.131","+1.2754248E-01"
"26-03-20 09:50:35.834","+8.3485856E-02"
"26-03-20 09:50:36.541","+7.7774140E-02"
"26-03-20 09:50:37.245","+7.9848810E-02"
"26-03-20 09:50:37.952","+8.7235481E-02"
"26-03-20 09:50:38.655","+1.0312600E-01"
"26-03-20 09:50:39.361","+8.0592638E-02"
"26-03-20 09:50:40.065","+1.0720024E-01"
"26-03-20 09:50:40.771","+7.2447646E-02"
"26-03-20 09:50:41.475","+1.2684101E-01"
"26-03-20 09:50:42.182","+1.2923281E-01"
"26-03-20 09:50:42.886","+9.8075145E-02"
"26-03-20 09:50:43.594","+9.0209416E-02"
"26-03-20 09:50:44.298","+8.2542858E-02"
"26-03-20 09:50:45.005","+1.0275302E-01"
"26-03-20 09:50:45.709","+8.1970462E-02"
"26-03-20 09:50:46.415","+8.6968088E-02"
"26-03-20 09:50:47.118","+7.3694647E-02"
"26-03-20 09:50:47.825","+1.1040384E-01"
"26-03-20 09:50:48.530","+1.0340776E-01"
"26-03-20 09:50:49.236","+7.7165009E-02"
"26-03-20 09:50:49.942","+9.9181952E-02"
"26-03-20 09:50:50.649","+7.3709516E-02"
"26-03-20 09:50:51.356","+9.1694322E-02"
"26-03-20 09:50:52.077","+9.7676929E-02"
"26-03-20 09:50:52.784","+1.1186475E-01"
"26-03-20 09:50:53.489","+8.7812625E-02"
"26-03-20 09:50:54.195","+7.6475535E-02"
"26-03-20 09:50:54.899","+9.4401489E-02"
"26-03-20 09:50:55.606","+7.9170332E-02"
"26-03-20 09:50:56.309","+1.1721686E-01"
"26-03-20 09:50:57.016","+8.0195672E-02"
"26-03-20 09:50:57.720","+1.0093675E-01"
"26-03-20 09:50:58.427","+8.2231732E-02"
"26-03-20 09:50:59.130","+7.3732257E-02"
"26-03-20 09:50:59.838","+1.3138707E-01"
"26-03-20 09:51:00.542","+7.9356257E-02"
"26-03-20 09:51:01.248","+8.9040259E-02"
"26-03-20 09:51:01.952","+9.7388045E-02"
"26-03-20 09:51:02.659","+1.0301617E-01"
"26-03-20 09:51:03.362","+1.0641281E-01"
"26-03-20 09:51:04.068","+9.1961465E-02"
"26-03-20 09:51:04.772","+9.0977734E-02"
"26-03-20 09:51:05.479","+1.1467525E-01"
"26-03-20 09:51:06.183","+7.9388120E-02"
"26-03-20 09:51:06.890","+7.3151489E-02"
"26-03-20 09:51:07.594","+1.0880948E-01"
"26-03-20 09:51:08.301","+9.8955668E-02"
"26-03-20 09:51:09.004","+1.1055503E-01"
"26-03-20 09:51:09.713","+8.5383971E-02"
"26-03-20 09:51:10.416","+7.9902414E-02"
"26-03-20 09:51:11.122","+8.7464139E-02"
"26-03-20 09:51:11.826","+1.0355745E-01"
"26-03-20 09:51:12.533","+1.0349185E-01"
"26-03-20 09:51:13.240","+7.6178654E-02"
"26-03-20 09:51:13.947","+7.6737680E-02"
"26-03-20 09:51:14.654","+8.3089264E-02"
"26-03-20 09:51:15.360","+8.3766493E-02"
"26-03-20 09:51:16.067","+7.4528314E-02"
"26-03-20 09:51:16.775","+8.5890769E-02"
"26-03-20 09:51:17.481","+1.1179678E-01"
"26-03-20 09:51:18.190","+8.5976235E-02"
"26-03-20 09:51:18.897","+7.5059601E-02"
"26-03-20 09:51:19.601","+8.7580593E-02"
"26-03-20 09:51:20.309","+1.0462765E-01"
"26-03-20 09:51:21.012","+1.0497001E-01"
"26-03-20 09:51:21.718","+1.1005835E-01"
"26-03-20 09:51:22.422","+9.6191773E-02"
"26-03-20 09:51:23.128","+7.4473336E-02"
"26-03-20 09:51:23.833","+8.6712190E-02"
"26-03-20 09:51:24.539","+7.9772091E-02"
"26-03-20 09:51:25.243","+9.4613904E-02"
"26-03-20 09:51:25.949","+7.7135271E-02"
"26-03-20 09:51:26.655","+1.1114829E-01"
"26-03-20 09:51:27.362","+9.4426479E-02"
"26-03-20 09:51:28.065","+1.0566848E-01"
"26-03-20 09:51:28.772","+8.1480783E-02"
"26-03-20 09:51:29.475","+7.5457942E-02"
"26-03-20 09:51:30.182","+1.3195484E-01"
"26-03-20 09:51:30.885","+8.4856807E-02"
"26-03-20 09:51:31.592","+1.0927229E-01"
"26-03-20 09:51:32.296","+7.2515119E-02"
"26-03-20 09:51:33.003","+7.5718463E-02"
"26-03-20 09:51:33.707","+1.0645529E-01"
"26-03-20 09:51:34.415","+8.4217438E-02"
"26-03-20 09:51:35.120","+8.8139119E-02"
"26-03-20 09:51:35.827","+7.5412335E-02"
"26-03-20 09:51:36.530","+7.7233856E-02"
"26-03-20 09:51:37.236","+9.6212515E-02"
"26-03-20 09:51:37.943","+9.5811675E-02"
"26-03-20 09:51:38.650","+8.0081093E-02"
"26-03-20 09:51:39.357","+7.3033162E-02"
"26-03-20 09:51:40.063","+7.9581043E-02"
"26-03-20 09:51:40.770","+8.7086915E-02"
"26-03-20 09:51:41.478","+1.3983307E-01"
"26-03-20 09:51:42.184","+8.4666383E-02"
"26-03-20 09:51:42.891","+7.0943997E-02"
"26-03-20 09:51:43.600","+8.9576544E-02"
"26-03-20 09:51:44.307","+7.7255348E-02"
"26-03-20 09:51:45.014","+1.1683039E-01"
"26-03-20 09:51:45.717","+8.8974035E-02"
"26-03-20 09:51:46.424","+7.2047181E-02"
"26-03-20 09:51:47.127","+7.5773691E-02"
"26-03-20 09:51:47.834","+9.6070447E-02"
"26-03-20 09:51:48.539","+1.0929541E-01"
"26-03-20 09:51:49.245","+9.6272366E-02"
"26-03-20 09:51:49.949","+7.4477334E-02"
"26-03-20 09:51:50.656","+7.3906687E-02"
"26-03-20 09:51:51.360","+1.2571346E-01"
"26-03-20 09:51:52.067","+7.6544632E-02"
"26-03-20 09:51:52.773","+7.1895117E-02"
"26-03-20 09:51:53.480","+7.6156912E-02"
"26-03-20 09:51:54.184","+7.3529588E-02"
"26-03-20 09:51:54.890","+8.2166883E-02"
"26-03-20 09:51:55.593","+7.9943023E-02"
"26-03-20 09:51:56.301","+8.2940574E-02"
"26-03-20 09:51:57.004","+8.1757172E-02"
"26-03-20 09:51:57.710","+8.3772866E-02"
"26-03-20 09:51:58.414","+6.9908786E-02"
"26-03-20 09:51:59.121","+7.2513745E-02"
"26-03-20 09:51:59.824","+6.4203569E-02"
"26-03-20 09:52:00.531","+5.4813200E-02"
"26-03-20 09:52:01.239","+5.4056377E-02"
"26-03-20 09:52:01.947","+5.4011895E-02"
"26-03-20 09:52:02.653","+5.3446247E-02"
"26-03-20 09:52:03.359","+5.3182102E-02"
"26-03-20 09:52:04.066","+5.4145217E-02"
"26-03-20 09:52:04.780","+5.4155338E-02"
"26-03-20 09:52:05.487","+5.4354633E-02"
"26-03-20 09:52:06.195","+5.4482207E-02"
"26-03-20 09:52:06.901","+5.4620277E-02"
"26-03-20 09:52:07.605","+5.4227309E-02"
"26-03-20 09:52:08.312","+5.4200570E-02"
"26-03-20 09:52:09.016","+5.3385521E-02"
"26-03-20 09:52:09.725","+5.3617053E-02"
"26-03-20 09:52:10.429","+5.4192698E-02"
"26-03-20 09:52:11.136","+5.4293033E-02"
"26-03-20 09:52:11.840","+5.4161335E-02"
"26-03-20 09:52:12.547","+5.3961540E-02"
"26-03-20 09:52:13.252","+5.3975285E-02"
"26-03-20 09:52:13.958","+5.3955293E-02"
"26-03-20 09:52:14.662","+5.4076744E-02"
"26-03-20 09:52:15.369","+5.4131722E-02"
"26-03-20 09:52:16.073","+5.3104883E-02"
"26-03-20 09:52:16.781","+5.3771242E-02"
"26-03-20 09:52:17.484","+5.4294782E-02"
"26-03-20 09:52:18.193","+5.4143093E-02"
"26-03-20 09:52:18.896","+5.4620402E-02"
"26-03-20 09:52:19.603","+7.1767043E-02"
"26-03-20 09:52:20.307","+7.7675930E-02"
"26-03-20 09:52:21.013","+5.4107607E-02"
"26-03-20 09:52:21.719","+5.4489454E-02"
"26-03-20 09:52:22.426","+5.3921057E-02"
"26-03-20 09:52:23.133","+5.3446996E-02"
"26-03-20 09:52:23.840","+5.3413260E-02"
"26-03-20 09:52:24.547","+5.4622651E-02"
"26-03-20 09:52:25.254","+5.4302404E-02"
"26-03-20 09:52:25.962","+5.3676155E-02"
"26-03-20 09:52:26.670","+5.4478209E-02"
"26-03-20 09:52:27.376","+5.4165084E-02"
"26-03-20 09:52:28.083","+5.4369752E-02"
"26-03-20 09:52:28.790","+5.4467713E-02"
"26-03-20 09:52:29.494","+5.3358032E-02"
"26-03-20 09:52:30.200","+5.3324295E-02"
"26-03-20 09:52:30.904","+5.3847336E-02"
"26-03-20 09:52:31.611","+5.4300280E-02"
"26-03-20 09:52:32.315","+5.4059751E-02"
"26-03-20 09:52:33.022","+5.4360506E-02"
"26-03-20 09:52:33.726","+5.4667008E-02"
"26-03-20 09:52:34.433","+5.4252299E-02"
"26-03-20 09:52:35.137","+5.4055503E-02"
"26-03-20 09:52:35.846","+5.4494702E-02"
"26-03-20 09:52:36.549","+5.3422381E-02"
"26-03-20 09:52:37.257","+5.3492103E-02"
"26-03-20 09:52:37.961","+5.4477959E-02"
"26-03-20 09:52:38.667","+5.4136096E-02"
"26-03-20 09:52:39.370","+5.4672256E-02"
"26-03-20 09:52:40.077","+5.4314274E-02"
"26-03-20 09:52:40.782","+5.4715989E-02"
"26-03-20 09:52:41.488","+5.3808102E-02"
"26-03-20 09:52:42.192","+5.4269917E-02"
"26-03-20 09:52:42.899","+5.4574920E-02"
"26-03-20 09:52:43.603","+5.3477359E-02"
"26-03-20 09:52:44.312","+5.3437750E-02"
"26-03-20 09:52:45.019","+5.4187700E-02"
"26-03-20 09:52:45.725","+5.3997401E-02"
"26-03-20 09:52:46.432","+5.3986530E-02"
"26-03-20 09:52:47.138","+5.4014269E-02"
"26-03-20 09:52:47.845","+5.4113979E-02"
"26-03-20 09:52:48.553","+5.4208067E-02"
"26-03-20 09:52:49.260","+5.4119602E-02"
"26-03-20 09:52:49.966","+5.3732507E-02"
"26-03-20 09:52:50.673","+5.3303179E-02"
"26-03-20 09:52:51.379","+5.3806977E-02"
"26-03-20 09:52:52.087","+5.4069372E-02"
"26-03-20 09:52:52.792","+5.3976659E-02"
"26-03-20 09:52:53.499","+5.3807727E-02"
"26-03-20 09:52:54.203","+5.4111855E-02"
"26-03-20 09:52:54.909","+5.4194947E-02"
"26-03-20 09:52:55.613","+5.4228309E-02"
"26-03-20 09:52:56.321","+5.4224685E-02"
"26-03-20 09:52:57.024","+5.3457867E-02"
"26-03-20 09:52:57.730","+5.3612305E-02"
"26-03-20 09:52:58.434","+5.4061625E-02"
"26-03-20 09:52:59.141","+5.4118228E-02"
"26-03-20 09:52:59.844","+5.3813475E-02"
"26-03-20 09:53:00.550","+5.4447096E-02"
"26-03-20 09:53:01.256","+5.4053878E-02"
"26-03-20 09:53:01.962","+5.4382247E-02"
"26-03-20 09:53:02.666","+5.3650415E-02"
"26-03-20 09:53:03.374","+5.4053629E-02"
"26-03-20 09:53:04.077","+5.3404388E-02"
"26-03-20 09:53:04.784","+5.3229833E-02"
"26-03-20 09:53:05.487","+5.4136845E-02"
"26-03-20 09:53:06.194","+5.4054753E-02"
"26-03-20 09:53:06.897","+5.4067748E-02"
"26-03-20 09:53:07.603","+5.3669032E-02"
"26-03-20 09:53:08.306","+5.4103609E-02"
"26-03-20 09:53:09.013","+5.3813600E-02"
"26-03-20 09:53:09.722","+5.4652389E-02"
"26-03-20 09:53:10.429","+5.3867078E-02"
"26-03-20 09:53:11.136","+5.3646541E-02"
"26-03-20 09:53:11.842","+5.3359906E-02"
"26-03-20 09:53:12.550","+5.4248676E-02"
"26-03-20 09:53:13.257","+5.3876075E-02"
"26-03-20 09:53:13.963","+5.4292033E-02"
"26-03-20 09:53:14.671","+5.4143593E-02"
"26-03-20 09:53:15.378","+5.4301279E-02"
"26-03-20 09:53:16.084","+5.4062125E-02"
"26-03-20 09:53:16.792","+5.3800855E-02"
"26-03-20 09:53:17.495","+5.3394642E-02"
"26-03-20 09:53:18.202","+5.3471611E-02"
"26-03-20 09:53:18.906","+5.3924055E-02"
"26-03-20 09:53:19.612","+5.4141343E-02"
"26-03-20 09:53:20.317","+5.4343263E-02"
"26-03-20 09:53:21.023","+5.4006522E-02"
"26-03-20 09:53:21.727","+5.4131972E-02"
"26-03-20 09:53:22.433","+5.3980908E-02"
"26-03-20 09:53:23.137","+5.3933052E-02"
"26-03-20 09:53:23.844","+6.1387445E-02"
"26-03-20 09:53:24.548","+5.3362155E-02"
"26-03-20 09:53:25.254","+5.3472986E-02"
"26-03-20 09:53:25.958","+5.3701020E-02"
"26-03-20 09:53:26.664","+5.4163959E-02"
"26-03-20 09:53:27.370","+5.4411985E-02"
"26-03-20 09:53:28.076","+5.4234681E-02"
"26-03-20 09:53:28.780","+5.4321896E-02"
"26-03-20 09:53:29.488","+5.4382497E-02"
"26-03-20 09:53:30.191","+5.4319772E-02"
"26-03-20 09:53:30.898","+5.4146716E-02"
"26-03-20 09:53:31.601","+5.3274690E-02"
"26-03-20 09:53:32.308","+5.3465489E-02"
"26-03-20 09:53:33.011","+5.4181327E-02"
"26-03-20 09:53:33.717","+5.3764244E-02"
"26-03-20 09:53:34.421","+5.4212190E-02"
"26-03-20 09:53:35.129","+5.4102609E-02"
"26-03-20 09:53:35.836","+5.4034886E-02"
"26-03-20 09:53:36.542","+5.4411236E-02"
"26-03-20 09:53:37.249","+5.3804228E-02"
"26-03-20 09:53:37.956","+5.3978908E-02"
"26-03-20 09:53:38.662","+5.3440874E-02"
"26-03-20 09:53:39.369","+5.3233707E-02"
"26-03-20 09:53:40.076","+5.3706392E-02"
"26-03-20 09:53:40.784","+5.3836715E-02"
"26-03-20 09:53:41.490","+5.4326269E-02"
"26-03-20 09:53:42.196","+5.4190949E-02"
"26-03-20 09:53:42.903","+5.4096112E-02"
"26-03-20 09:53:43.607","+5.3892068E-02"
"26-03-20 09:53:44.316","+5.3926804E-02"
"26-03-20 09:53:45.019","+5.3114629E-02"
"26-03-20 09:53:45.726","+5.3534211E-02"
"26-03-20 09:53:46.430","+5.3840589E-02"
"26-03-20 09:53:47.136","+5.4357757E-02"
"26-03-20 09:53:47.840","+5.4120852E-02"
"26-03-20 09:53:48.547","+5.4169957E-02"
"26-03-20 09:53:49.251","+5.4044882E-02"
"26-03-20 09:53:49.957","+5.4196197E-02"
"26-03-20 09:53:50.661","+5.4026889E-02"
"26-03-20 09:53:51.367","+5.4243303E-02"
"26-03-20 09:53:52.071","+5.3385021E-02"
"26-03-20 09:53:52.780","+5.3746002E-02"
"26-03-20 09:53:53.484","+5.4060501E-02"
"26-03-20 09:53:54.190","+5.4446222E-02"
"26-03-20 09:53:54.894","+5.3961041E-02"
"26-03-20 09:53:55.601","+5.3803479E-02"
"26-03-20 09:53:56.304","+5.4164459E-02"
"26-03-20 09:53:57.011","+5.4088740E-02"
"26-03-20 09:53:57.715","+5.3926554E-02"
"26-03-20 09:53:58.421","+5.3887945E-02"
"26-03-20 09:53:59.125","+5.3660661E-02"
"26-03-20 09:53:59.833","+5.3377274E-02"
"26-03-20 09:54:00.539","+5.4134471E-02"
"26-03-20 09:54:01.247","+5.4514319E-02"
"26-03-20 09:54:01.953","+5.3926304E-02"
"26-03-20 09:54:02.660","+5.4148965E-02"
"26-03-20 09:54:03.366","+5.4472336E-02"
"26-03-20 09:54:04.074","+5.4084241E-02"
"26-03-20 09:54:04.782","+5.4050130E-02"
"26-03-20 09:54:05.488","+5.3564074E-02"
"26-03-20 09:54:06.195","+5.3335916E-02"
"26-03-20 09:54:06.902","+5.4259421E-02"
"26-03-20 09:54:07.608","+5.3793108E-02"
"26-03-20 09:54:08.313","+5.4064874E-02"
"26-03-20 09:54:09.019","+5.3848336E-02"
"26-03-20 09:54:09.723","+5.4180328E-02"
"26-03-20 09:54:10.432","+5.3940174E-02"
"26-03-20 09:54:11.136","+5.3778988E-02"
"26-03-20 09:54:11.843","+5.4375500E-02"
"26-03-20 09:54:12.547","+5.3645167E-02"
"26-03-20 09:54:13.254","+5.3390644E-02"
"26-03-20 09:54:13.958","+5.4279038E-02"
"26-03-20 09:54:14.665","+5.4118228E-02"
"26-03-20 09:54:15.369","+5.3751874E-02"
"26-03-20 09:54:16.077","+5.4298281E-02"
"26-03-20 09:54:16.781","+5.3925680E-02"
"26-03-20 09:54:17.487","+5.4192823E-02"
"26-03-20 09:54:18.191","+5.3962165E-02"
"26-03-20 09:54:18.900","+5.4259046E-02"
"26-03-20 09:54:19.603","+5.3504973E-02"
"26-03-20 09:54:20.311","+5.3201969E-02"
"26-03-20 09:54:21.014","+5.4359256E-02"
"26-03-20 09:54:21.721","+5.3845712E-02"
"26-03-20 09:54:22.428","+5.4143593E-02"
"26-03-20 09:54:23.134","+5.3930178E-02"
"26-03-20 09:54:23.842","+5.4112105E-02"
"26-03-20 09:54:24.548","+5.4281537E-02"
"26-03-20 09:54:25.256","+5.4043258E-02"
"26-03-20 09:54:25.969","+5.3725885E-02"
"26-03-20 09:54:26.675","+5.3601684E-02"
"26-03-20 09:54:27.384","+6.1258247E-02"
"26-03-20 09:54:28.090","+5.4114729E-02"
"26-03-20 09:54:28.795","+5.4214939E-02"
"26-03-20 09:54:29.501","+5.3604183E-02"
"26-03-20 09:54:30.205","+5.4258921E-02"
"26-03-20 09:54:30.913","+5.4290159E-02"
"26-03-20 09:54:31.616","+5.4113854E-02"
"26-03-20 09:54:32.324","+5.3969412E-02"
"26-03-20 09:54:33.027","+5.3487105E-02"
"26-03-20 09:54:33.734","+5.3449620E-02"
"26-03-20 09:54:34.439","+5.4010771E-02"
"26-03-20 09:54:35.145","+5.4478334E-02"
"26-03-20 09:54:35.851","+5.4407237E-02"
"26-03-20 09:54:36.558","+5.3934176E-02"
"26-03-20 09:54:37.262","+5.4122476E-02"
"26-03-20 09:54:37.968","+5.4140094E-02"
"26-03-20 09:54:38.672","+5.4295407E-02"
"26-03-20 09:54:39.379","+5.4712990E-02"
"26-03-20 09:54:40.083","+5.3461990E-02"
"26-03-20 09:54:40.790","+5.3573196E-02"
"26-03-20 09:54:41.495","+5.4051005E-02"
"26-03-20 09:54:42.201","+5.3820222E-02"
"26-03-20 09:54:42.908","+5.4043258E-02"
"26-03-20 09:54:43.614","+5.4273291E-02"
"26-03-20 09:54:44.324","+5.4284161E-02"
"26-03-20 09:54:45.030","+5.3987655E-02"
"26-03-20 09:54:45.738","+5.4108732E-02"
"26-03-20 09:54:46.444","+5.3300805E-02"
"26-03-20 09:54:47.151","+5.3552454E-02"
"26-03-20 09:54:47.858","+5.3757247E-02"
"26-03-20 09:54:48.566","+5.4435101E-02"
"26-03-20 09:54:49.270","+5.4147841E-02"
"26-03-20 09:54:49.976","+5.3557577E-02"
"26-03-20 09:54:50.680","+5.3897441E-02"
"26-03-20 09:54:51.386","+5.3900565E-02"
"26-03-20 09:54:52.090","+5.3736630E-02"
"26-03-20 09:54:52.798","+5.3915934E-02"
"26-03-20 09:54:53.503","+5.3195222E-02"
"26-03-20 09:54:54.209","+5.3475860E-02"
"26-03-20 09:54:54.913","+5.3962790E-02"
"26-03-20 09:54:55.620","+5.3971411E-02"
"26-03-20 09:54:56.324","+5.4230183E-02"
"26-03-20 09:54:57.032","+5.4405863E-02"
"26-03-20 09:54:57.735","+5.4008522E-02"
"26-03-20 09:54:58.441","+5.4351634E-02"
"26-03-20 09:54:59.145","+5.4100735E-02"
"26-03-20 09:54:59.852","+5.4193573E-02"
"26-03-20 09:55:00.556","+5.3403389E-02"
"26-03-20 09:55:01.262","+5.3286685E-02"
"26-03-20 09:55:01.968","+5.4124725E-02"
"26-03-20 09:55:02.675","+5.4230558E-02"
"26-03-20 09:55:03.378","+5.4323646E-02"
"26-03-20 09:55:04.084","+5.4165459E-02"
"26-03-20 09:55:04.789","+5.4390494E-02"
"26-03-20 09:55:05.495","+5.3925680E-02"
"26-03-20 09:55:06.200","+5.4720237E-02"
"26-03-20 09:55:06.906","+5.3991903E-02"
"26-03-20 09:55:07.613","+5.3123875E-02"
"26-03-20 09:55:08.320","+5.3278439E-02"
"26-03-20 09:55:09.025","+5.3970287E-02"
"26-03-20 09:55:09.731","+5.4146966E-02"
"26-03-20 09:55:10.440","+5.4153838E-02"
"26-03-20 09:55:11.147","+5.3855583E-02"
"26-03-20 09:55:11.855","+5.4178329E-02"
"26-03-20 09:55:12.561","+5.3921306E-02"
"26-03-20 09:55:13.269","+5.3932302E-02"
"26-03-20 09:55:13.974","+5.3242453E-02"
"26-03-20 09:55:14.681","+5.3205593E-02"
"26-03-20 09:55:15.385","+5.3928928E-02"
"26-03-20 09:55:16.091","+5.3785111E-02"
"26-03-20 09:55:16.796","+5.4104733E-02"
"26-03-20 09:55:17.503","+5.4106982E-02"
"26-03-20 09:55:18.206","+5.4172956E-02"
"26-03-20 09:55:18.914","+5.4131223E-02"
"26-03-20 09:55:19.617","+5.4162335E-02"
"26-03-20 09:55:20.324","+5.4331892E-02"
"26-03-20 09:55:21.027","+5.3560576E-02"
"26-03-20 09:55:21.733","+5.3285061E-02"
"26-03-20 09:55:22.437","+5.4235056E-02"
"26-03-20 09:55:23.143","+5.4203818E-02"
"26-03-20 09:55:23.847","+5.4580293E-02"
"26-03-20 09:55:24.554","+5.4283412E-02"
"26-03-20 09:55:25.258","+5.4338390E-02"
"26-03-20 09:55:25.964","+5.4208692E-02"
"26-03-20 09:55:26.668","+5.3799480E-02"
"26-03-20 09:55:27.382","+5.4016019E-02"
"26-03-20 09:55:28.085","+5.3517468E-02"
"26-03-20 09:55:28.793","+5.3243703E-02"
"26-03-20 09:55:29.499","+5.3994527E-02"
"26-03-20 09:55:30.207","+5.3973536E-02"
"26-03-20 09:55:30.913","+5.3723636E-02"
"26-03-20 09:55:31.620","+5.4045632E-02"
"26-03-20 09:55:32.327","+5.4280413E-02"
"26-03-20 09:55:33.033","+5.4743603E-02"
"26-03-20 09:55:33.740","+5.3919182E-02"
"26-03-20 09:55:34.448","+5.3364529E-02"
"26-03-20 09:55:35.154","+5.3046032E-02"
"26-03-20 09:55:35.861","+5.3908936E-02"
"26-03-20 09:55:36.570","+5.4181577E-02"
"26-03-20 09:55:37.273","+5.4031138E-02"
"26-03-20 09:55:37.981","+5.3930303E-02"
"26-03-20 09:55:38.684","+5.4006772E-02"
"26-03-20 09:55:39.390","+5.4181452E-02"
"26-03-20 09:55:40.094","+5.4050880E-02"
"26-03-20 09:55:40.801","+5.3716263E-02"
"26-03-20 09:55:41.504","+5.3356782E-02"
"26-03-20 09:55:42.211","+5.3323795E-02"
"26-03-20 09:55:42.915","+5.4003524E-02"
"26-03-20 09:55:43.621","+5.4001774E-02"
"26-03-20 09:55:44.325","+5.4135346E-02"
"26-03-20 09:55:45.035","+5.3827969E-02"
"26-03-20 09:55:45.739","+5.4098361E-02"
"26-03-20 09:55:46.445","+5.3813100E-02"
"26-03-20 09:55:47.149","+5.4059251E-02"
"26-03-20 09:55:47.855","+5.4289534E-02"
"26-03-20 09:55:48.559","+5.3285186E-02"
"26-03-20 09:55:49.267","+5.3477234E-02"
"26-03-20 09:55:49.970","+5.4003024E-02"
"26-03-20 09:55:50.676","+5.3986405E-02"
"26-03-20 09:55:51.380","+5.3992028E-02"
"26-03-20 09:55:52.087","+5.4270792E-02"
"26-03-20 09:55:52.790","+5.4264669E-02"
"26-03-20 09:55:53.499","+5.4227684E-02"
"26-03-20 09:55:54.204","+5.4279788E-02"
"26-03-20 09:55:54.911","+5.3940674E-02"
"26-03-20 09:55:55.618","+5.3552954E-02"
"26-03-20 09:55:56.325","+5.3532587E-02"
"26-03-20 09:55:57.031","+5.3716014E-02"
"26-03-20 09:55:57.738","+5.3936550E-02"
"26-03-20 09:55:58.446","+5.4315649E-02"
"26-03-20 09:55:59.153","+5.4419482E-02"
"26-03-20 09:55:59.859","+5.4451844E-02"
"26-03-20 09:56:00.567","+5.4341888E-02"
"26-03-20 09:56:01.274","+5.4239929E-02"
"26-03-20 09:56:01.979","+5.3423755E-02"
"26-03-20 09:56:02.685","+5.3604808E-02"
"26-03-20 09:56:03.389","+5.4023765E-02"
"26-03-20 09:56:04.096","+5.4203444E-02"
"26-03-20 09:56:04.801","+5.4318148E-02"
"26-03-20 09:56:05.507","+5.4520067E-02"
"26-03-20 09:56:06.212","+5.4500700E-02"
"26-03-20 09:56:06.918","+5.4531188E-02"
"26-03-20 09:56:07.622","+5.4293408E-02"
"26-03-20 09:56:08.329","+5.4066124E-02"
"26-03-20 09:56:09.033","+5.3449120E-02"
"26-03-20 09:56:09.741","+5.3693897E-02"
"26-03-20 09:56:10.446","+5.4260296E-02"
"26-03-20 09:56:11.152","+5.4043757E-02"
"26-03-20 09:56:11.856","+5.4023266E-02"
"26-03-20 09:56:12.562","+5.3910811E-02"
"26-03-20 09:56:13.266","+5.4475710E-02"
"26-03-20 09:56:13.973","+5.3941673E-02"
"26-03-20 09:56:14.677","+5.4202319E-02"
"26-03-20 09:56:15.383","+5.4064374E-02"
"26-03-20 09:56:16.087","+5.3601185E-02"
"26-03-20 09:56:16.794","+5.3880948E-02"
"26-03-20 09:56:17.500","+5.4416234E-02"
"26-03-20 09:56:18.207","+5.4206942E-02"
"26-03-20 09:56:18.914","+5.3885446E-02"
"26-03-20 09:56:19.621","+5.4380623E-02"
"26-03-20 09:56:20.328","+5.4336515E-02"
"26-03-20 09:56:21.035","+5.4185076E-02"
"26-03-20 09:56:21.741","+5.4455468E-02"
"26-03-20 09:56:22.448","+5.3726135E-02"
"26-03-20 09:56:23.155","+5.3312550E-02"
"26-03-20 09:56:23.863","+5.4168583E-02"
"26-03-20 09:56:24.569","+5.4561675E-02"
"26-03-20 09:56:25.274","+5.4479583E-02"
"26-03-20 09:56:25.980","+5.4111106E-02"
"26-03-20 09:56:26.684","+5.4557302E-02"
"26-03-20 09:56:27.391","+5.4393493E-02"
"26-03-20 09:56:28.097","+5.4072371E-02"
"26-03-20 09:56:28.803","+5.4237555E-02"
"26-03-20 09:56:29.507","+5.3786985E-02"
"26-03-20 09:56:30.215","+5.3392018E-02"
"26-03-20 09:56:30.919","+5.4554303E-02"
"26-03-20 09:56:31.625","+5.4200695E-02"
"26-03-20 09:56:32.330","+5.4525940E-02"
"26-03-20 09:56:33.036","+5.4171581E-02"
"26-03-20 09:56:33.740","+5.4410236E-02"
"26-03-20 09:56:34.447","+5.3840589E-02"
"26-03-20 09:56:35.152","+5.9534436E-02"
"26-03-20 09:56:35.859","+5.4855808E-02"
"26-03-20 09:56:36.565","+5.3502724E-02"
"26-03-20 09:56:37.271","+5.3348785E-02"
"26-03-20 09:56:37.976","+5.4070622E-02"
"26-03-20 09:56:38.682","+5.4454343E-02"
"26-03-20 09:56:39.390","+5.4263045E-02"
"26-03-20 09:56:40.096","+5.4275915E-02"
"26-03-20 09:56:40.803","+5.4120977E-02"
"26-03-20 09:56:41.510","+5.4180578E-02"
"26-03-20 09:56:42.216","+5.4113105E-02"
"26-03-20 09:56:42.923","+5.3411385E-02"
"26-03-20 09:56:43.630","+5.3475235E-02"
"26-03-20 09:56:44.337","+5.4391368E-02"
"26-03-20 09:56:45.046","+5.3955918E-02"
"26-03-20 09:56:45.752","+5.3976909E-02"
"26-03-20 09:56:46.459","+5.4050255E-02"
"26-03-20 09:56:47.163","+5.4231307E-02"
"26-03-20 09:56:47.869","+5.3639794E-02"
"26-03-20 09:56:48.573","+5.4031762E-02"
"26-03-20 09:56:49.281","+5.4369377E-02"
"26-03-20 09:56:49.984","+5.3440124E-02"
"26-03-20 09:56:50.691","+5.3504223E-02"
"26-03-20 09:56:51.452","+5.4441598E-02"
"26-03-20 09:56:52.156","+5.4268168E-02"
"26-03-20 09:56:52.862","+5.4189324E-02"
"26-03-20 09:56:53.568","+5.4643018E-02"
"26-03-20 09:56:54.324","+5.4653514E-02"
"26-03-20 09:56:55.030","+5.4196571E-02"
"26-03-20 09:56:55.736","+5.3560076E-02"
"26-03-20 09:56:56.442","+5.3339414E-02"
"26-03-20 09:56:57.146","+5.4068997E-02"
"26-03-20 09:56:57.902","+5.6352459E-02"
"26-03-20 09:56:58.608","+5.4393992E-02"
"26-03-20 09:56:59.315","+5.4328644E-02"
"26-03-20 09:57:00.021","+5.3853709E-02"
"26-03-20 09:57:00.774","+5.4127849E-02"
"26-03-20 09:57:01.481","+5.3178729E-02"
"26-03-20 09:57:02.189","+5.3537960E-02"
"26-03-20 09:57:02.895","+5.4358132E-02"
"26-03-20 09:57:03.602","+5.4204443E-02"
"26-03-20 09:57:04.358","+5.4221811E-02"
"26-03-20 09:57:05.065","+5.4145342E-02"
"26-03-20 09:57:05.771","+5.4222311E-02"
"26-03-20 09:57:06.478","+5.4022516E-02"
"26-03-20 09:57:07.232","+5.3725760E-02"
"26-03-20 09:57:07.939","+5.3627799E-02"
"26-03-20 09:57:08.645","+5.3368153E-02"
"26-03-20 09:57:09.353","+5.4217313E-02"
"26-03-20 09:57:10.059","+5.3962415E-02"
"26-03-20 09:57:10.813","+5.4165959E-02"
"26-03-20 09:57:11.522","+5.4493827E-02"
"26-03-20 09:57:12.228","+5.4049630E-02"
"26-03-20 09:57:12.934","+5.3913185E-02"
"26-03-20 09:57:13.687","+5.3506098E-02"
"26-03-20 09:57:14.393","+5.3261320E-02"
"26-03-20 09:57:15.097","+5.3889444E-02"
"26-03-20 09:57:15.804","+5.4039384E-02"
"26-03-20 09:57:16.509","+5.4063999E-02"
"26-03-20 09:57:17.263","+5.4136221E-02"
"26-03-20 09:57:17.970","+5.4011770E-02"
"26-03-20 09:57:18.674","+5.4138720E-02"
"26-03-20 09:57:19.381","+5.4131223E-02"
"26-03-20 09:57:20.132","+5.3476734E-02"
"26-03-20 09:57:20.837","+5.4365754E-02"
"26-03-20 09:57:21.543","+5.4178953E-02"
"26-03-20 09:57:22.247","+5.4556552E-02"
"26-03-20 09:57:22.954","+5.3882322E-02"
"26-03-20 09:57:23.705","+5.4461216E-02"
"26-03-20 09:57:24.409","+5.4479333E-02"
"26-03-20 09:57:25.117","+5.4414984E-02"
"26-03-20 09:57:25.822","+5.3638545E-02"
"26-03-20 09:57:26.529","+5.3414259E-02"
"26-03-20 09:57:27.280","+5.4659761E-02"
"26-03-20 09:57:27.986","+5.3854583E-02"
"26-03-20 09:57:28.695","+5.4137345E-02"
"26-03-20 09:57:29.401","+5.4379873E-02"
"26-03-20 09:57:30.156","+5.4268792E-02"
"26-03-20 09:57:30.864","+5.3940424E-02"
"26-03-20 09:57:31.570","+5.3337790E-02"
"26-03-20 09:57:32.278","+5.3641668E-02"
"26-03-20 09:57:32.984","+5.4064874E-02"
"26-03-20 09:57:33.740","+5.4396616E-02"
"26-03-20 09:57:34.448","+5.4191698E-02"
"26-03-20 09:57:35.154","+5.4186201E-02"
"26-03-20 09:57:35.861","+5.3981033E-02"
"26-03-20 09:57:36.618","+5.4581043E-02"
"26-03-20 09:57:37.326","+5.3616678E-02"
"26-03-20 09:57:38.033","+5.3568573E-02"
"26-03-20 09:57:38.740","+6.1298106E-02"
"26-03-20 09:57:39.447","+5.4430478E-02"
"26-03-20 09:57:40.202","+5.3990529E-02"
"26-03-20 09:57:40.910","+5.4160336E-02"
"26-03-20 09:57:41.616","+5.4029138E-02"
"26-03-20 09:57:42.324","+5.4223935E-02"
"26-03-20 09:57:43.079","+5.3058402E-02"
"26-03-20 09:57:43.785","+5.3420257E-02"
"26-03-20 09:57:44.492","+5.4142218E-02"
"26-03-20 09:57:45.199","+5.4244677E-02"
"26-03-20 09:57:45.908","+5.4296406E-02"
"26-03-20 09:57:46.663","+5.4250425E-02"
"26-03-20 09:57:47.369","+5.4377999E-02"
"26-03-20 09:57:48.076","+5.3906188E-02"
"26-03-20 09:57:48.784","+5.4295032E-02"
"26-03-20 09:57:49.538","+5.3326045E-02"
"26-03-20 09:57:50.244","+5.3528464E-02"
"26-03-20 09:57:50.951","+5.3787110E-02"
"26-03-20 09:57:51.657","+5.3993653E-02"
"26-03-20 09:57:52.365","+5.3900940E-02"
"26-03-20 09:57:53.121","+5.4138095E-02"
"26-03-20 09:57:53.829","+5.4236680E-02"
"26-03-20 09:57:54.535","+5.3830593E-02"
"26-03-20 09:57:55.243","+5.3574945E-02"
"26-03-20 09:57:55.994","+5.3283687E-02"
"26-03-20 09:57:56.698","+5.4078744E-02"
"26-03-20 09:57:57.404","+5.4167083E-02"
"26-03-20 09:57:58.110","+5.3846586E-02"
"26-03-20 09:57:58.818","+5.4122226E-02"
"26-03-20 09:57:59.557","+5.3948671E-02"
"26-03-20 09:58:00.260","+5.3782987E-02"
"26-03-20 09:58:00.967","+5.3818847E-02"
"26-03-20 09:58:01.671","+5.3245452E-02"
"26-03-20 09:58:02.414","+5.3993028E-02"
"26-03-20 09:58:03.121","+5.3822096E-02"
"26-03-20 09:58:03.830","+5.4437600E-02"
"26-03-20 09:58:04.537","+5.4131347E-02"
"26-03-20 09:58:05.241","+5.4385246E-02"
"26-03-20 09:58:05.984","+5.3969662E-02"
"26-03-20 09:58:06.689","+5.4092738E-02"
"26-03-20 09:58:07.395","+5.3214339E-02"
"26-03-20 09:58:08.102","+5.3243952E-02"
"26-03-20 09:58:08.846","+5.3897816E-02"
"26-03-20 09:58:09.553","+5.4189699E-02"
"26-03-20 09:58:10.256","+5.4391493E-02"
"26-03-20 09:58:10.963","+5.4335766E-02"
"26-03-20 09:58:11.667","+5.3997776E-02"
"26-03-20 09:58:12.413","+5.4272041E-02"
"26-03-20 09:58:13.120","+5.4169457E-02"
"26-03-20 09:58:13.823","+5.3165609E-02"
"26-03-20 09:58:14.531","+5.3410011E-02"
"26-03-20 09:58:15.272","+5.4199445E-02"
"26-03-20 09:58:15.978","+5.4359631E-02"
"26-03-20 09:58:16.685","+5.3788984E-02"
"26-03-20 09:58:17.391","+5.4637145E-02"
"26-03-20 09:58:18.097","+5.4141219E-02"
"26-03-20 09:58:18.841","+5.4228684E-02"
"26-03-20 09:58:19.547","+5.3395267E-02"
"26-03-20 09:58:20.251","+5.3598686E-02"
"26-03-20 09:58:20.959","+5.3589314E-02"
"26-03-20 09:58:21.701","+5.4045632E-02"
"26-03-20 09:58:22.405","+5.4239679E-02"
"26-03-20 09:58:23.111","+5.4804078E-02"
"26-03-20 09:58:23.815","+5.4268668E-02"
"26-03-20 09:58:24.521","+5.4404988E-02"
"26-03-20 09:58:25.263","+5.4026264E-02"
"26-03-20 09:58:25.970","+5.2748026E-02"
"26-03-20 09:58:26.676","+5.3443748E-02"
"26-03-20 09:58:27.384","+5.4058127E-02"
"26-03-20 09:58:28.128","+5.3967538E-02"
"26-03-20 09:58:28.834","+5.3945297E-02"
"26-03-20 09:58:29.542","+5.4304403E-02"
"26-03-20 09:58:30.248","+5.3932677E-02"
"26-03-20 09:58:30.954","+5.4248925E-02"
"26-03-20 09:58:31.701","+5.3818847E-02"
"26-03-20 09:58:32.404","+5.3324795E-02"
"26-03-20 09:58:33.111","+5.3710391E-02"
"26-03-20 09:58:33.816","+5.4410486E-02"
"26-03-20 09:58:34.562","+5.4074870E-02"
"26-03-20 09:58:35.270","+5.4329018E-02"
"26-03-20 09:58:35.973","+5.4024890E-02"
"26-03-20 09:58:36.679","+5.4477084E-02"
"26-03-20 09:58:37.383","+5.4318023E-02"
"26-03-20 09:58:38.129","+5.3230833E-02"
"26-03-20 09:58:38.837","+5.3513844E-02"
"26-03-20 09:58:39.544","+5.3892568E-02"
"26-03-20 09:58:40.252","+5.4732732E-02"
"26-03-20 09:58:40.998","+5.4491079E-02"
"26-03-20 09:58:41.704","+5.4355633E-02"
"26-03-20 09:58:42.411","+6.1092563E-02"
"26-03-20 09:58:43.117","+5.4304153E-02"
"26-03-20 09:58:43.825","+5.3930428E-02"
"26-03-20 09:58:44.575","+5.3345162E-02"
"26-03-20 09:58:45.283","+5.4008022E-02"
"26-03-20 09:58:45.989","+5.3877199E-02"
"26-03-20 09:58:46.696","+5.4188824E-02"
"26-03-20 09:58:47.448","+5.4112480E-02"
"26-03-20 09:58:48.151","+5.4481707E-02"
"26-03-20 09:58:48.857","+5.3965039E-02"
"26-03-20 09:58:49.561","+5.4345762E-02"
"26-03-20 09:58:50.267","+5.4078868E-02"
"26-03-20 09:58:51.014","+5.3449745E-02"
"26-03-20 09:58:51.717","+5.4210066E-02"
"26-03-20 09:58:52.424","+5.4179578E-02"
"26-03-20 09:58:53.128","+5.3991653E-02"
"26-03-20 09:58:53.836","+5.4468713E-02"
"26-03-20 09:58:54.582","+5.4617403E-02"
"26-03-20 09:58:55.289","+5.4055878E-02"
"26-03-20 09:58:55.998","+5.4062250E-02"
"26-03-20 09:58:56.701","+5.3436126E-02"
"26-03-20 09:58:57.451","+5.4197446E-02"
"26-03-20 09:58:58.159","+5.4199820E-02"
"26-03-20 09:58:58.865","+5.4414234E-02"
"26-03-20 09:58:59.572","+5.4516069E-02"
"26-03-20 09:59:00.280","+5.3961790E-02"
"26-03-20 09:59:01.029","+5.4181827E-02"
"26-03-20 09:59:01.736","+5.4113730E-02"
"26-03-20 09:59:02.442","+5.3500475E-02"
"26-03-20 09:59:03.149","+5.3294307E-02"
"26-03-20 09:59:03.899","+5.4076245E-02"
"26-03-20 09:59:04.608","+5.4134096E-02"
"26-03-20 09:59:05.315","+5.4225560E-02"
"26-03-20 09:59:06.022","+5.4311275E-02"
"26-03-20 09:59:06.729","+5.3762995E-02"
"26-03-20 09:59:07.478","+5.4235306E-02"
"26-03-20 09:59:08.185","+5.4036260E-02"
"26-03-20 09:59:08.888","+5.3418508E-02"
"26-03-20 09:59:09.594","+5.3397391E-02"
"26-03-20 09:59:10.340","+5.4216688E-02"
"26-03-20 09:59:11.043","+5.4215814E-02"
"26-03-20 09:59:11.750","+5.3978659E-02"
"26-03-20 09:59:12.454","+5.3980533E-02"
"26-03-20 09:59:13.163","+5.3691898E-02"
"26-03-20 09:59:13.907","+5.4193947E-02"
"26-03-20 09:59:14.622","+5.3536710E-02"
"26-03-20 09:59:15.329","+5.3511595E-02"
"26-03-20 09:59:16.032","+5.3847086E-02"
"26-03-20 09:59:16.779","+5.4629273E-02"
"26-03-20 09:59:17.486","+5.4296032E-02"
"26-03-20 09:59:18.194","+5.4270667E-02"
"26-03-20 09:59:18.901","+5.4545182E-02"
"26-03-20 09:59:19.607","+5.3917308E-02"
"26-03-20 09:59:20.356","+5.3232707E-02"
"26-03-20 09:59:21.062","+5.3001050E-02"
"26-03-20 09:59:21.768","+5.3779988E-02"
"26-03-20 09:59:22.476","+5.4355758E-02"
"26-03-20 09:59:23.224","+5.3941673E-02"
"26-03-20 09:59:23.930","+5.4222811E-02"
"26-03-20 09:59:24.634","+5.4078494E-02"
"26-03-20 09:59:25.341","+5.4472461E-02"
"26-03-20 09:59:26.044","+5.4640269E-02"
"26-03-20 09:59:26.792","+5.3475235E-02"
"26-03-20 09:59:27.498","+5.3521966E-02"
"26-03-20 09:59:28.202","+5.4232057E-02"
"26-03-20 09:59:28.908","+5.4363630E-02"
"26-03-20 09:59:29.653","+5.4127849E-02"
"26-03-20 09:59:30.359","+5.4355133E-02"
"26-03-20 09:59:31.068","+5.3752624E-02"
"26-03-20 09:59:31.772","+5.4234556E-02"
"26-03-20 09:59:32.479","+5.4037635E-02"
"26-03-20 09:59:33.223","+5.3204843E-02"
"26-03-20 09:59:33.929","+5.4385496E-02"
"26-03-20 09:59:34.636","+5.4575420E-02"
"26-03-20 09:59:35.344","+5.4054003E-02"
"26-03-20 09:59:36.090","+5.4171956E-02"
"26-03-20 09:59:36.795","+5.4173706E-02"
"26-03-20 09:59:37.501","+5.4460216E-02"
"26-03-20 09:59:38.208","+5.3948046E-02"
"26-03-20 09:59:38.915","+5.3353284E-02"
"26-03-20 09:59:39.664","+5.3337290E-02"
"26-03-20 09:59:40.367","+5.4271541E-02"
"26-03-20 09:59:41.074","+5.4320147E-02"
"26-03-20 09:59:41.779","+5.4247551E-02"
"26-03-20 09:59:42.525","+5.4355258E-02"
"26-03-20 09:59:43.232","+5.4162710E-02"
"26-03-20 09:59:43.935","+5.4448221E-02"
"26-03-20 09:59:44.641","+5.4394492E-02"
"26-03-20 09:59:45.346","+5.3718263E-02"
"26-03-20 09:59:46.093","+6.1722311E-02"
"26-03-20 09:59:46.800","+5.4215939E-02"
"26-03-20 09:59:47.506","+5.4229308E-02"
"26-03-20 09:59:48.215","+5.4294282E-02"
"26-03-20 09:59:48.961","+5.4160211E-02"
"26-03-20 09:59:49.668","+5.4282287E-02"
"26-03-20 09:59:50.375","+5.4136345E-02"
"26-03-20 09:59:51.081","+5.3339664E-02"
"26-03-20 09:59:51.788","+5.3205593E-02"
"26-03-20 09:59:52.536","+5.4414609E-02"
"26-03-20 09:59:53.242","+5.4143842E-02"
"26-03-20 09:59:53.946","+5.3984531E-02"
"26-03-20 09:59:54.653","+5.4278289E-02"
"26-03-20 09:59:55.357","+5.3784236E-02"
"26-03-20 09:59:56.104","+5.4437975E-02"
"26-03-20 09:59:56.812","+5.4100610E-02"
"26-03-20 09:59:57.515","+5.3872701E-02"
"26-03-20 09:59:58.222","+5.3330918E-02"
"26-03-20 09:59:58.966","+5.4116104E-02"
"26-03-20 09:59:59.673","+5.4252924E-02"
"26-03-20 10:00:00.379","+5.4160461E-02"
"26-03-20 10:00:01.085","+5.4298281E-02"
"26-03-20 10:00:01.793","+5.4270292E-02"
"26-03-20 10:00:02.539","+5.4015894E-02"
"26-03-20 10:00:03.246","+5.3474485E-02"
"26-03-20 10:00:03.952","+5.3227209E-02"
"26-03-20 10:00:04.659","+5.3909811E-02"
"26-03-20 10:00:05.425","+5.4090364E-02"
"26-03-20 10:00:06.131","+5.3980908E-02"
"26-03-20 10:00:06.839","+5.4007147E-02"
"26-03-20 10:00:07.545","+5.3934926E-02"
"26-03-20 10:00:08.253","+5.3968288E-02"
"26-03-20 10:00:08.960","+5.3976784E-02"
"26-03-20 10:00:09.664","+5.3531088E-02"
"26-03-20 10:00:10.371","+5.3298556E-02"
"26-03-20 10:00:11.074","+5.4253424E-02"
"26-03-20 10:00:11.781","+5.4094362E-02"
"26-03-20 10:00:12.484","+5.4049505E-02"
"26-03-20 10:00:13.190","+5.4187450E-02"
"26-03-20 10:00:13.894","+5.3954418E-02"
"26-03-20 10:00:14.602","+5.3967788E-02"
"26-03-20 10:00:15.306","+5.4151090E-02"
"26-03-20 10:00:16.012","+5.4172956E-02"
"26-03-20 10:00:16.716","+5.3067648E-02"
"26-03-20 10:00:17.422","+5.3462365E-02"
"26-03-20 10:00:18.126","+5.4078993E-02"
"26-03-20 10:00:18.833","+5.4044632E-02"
"26-03-20 10:00:19.536","+5.4603284E-02"
"26-03-20 10:00:20.242","+5.4338515E-02"
"26-03-20 10:00:20.946","+5.4283412E-02"
"26-03-20 10:00:21.653","+5.4006148E-02"
"26-03-20 10:00:22.356","+5.4343513E-02"
"26-03-20 10:00:23.065","+5.3369402E-02"
"26-03-20 10:00:23.768","+5.3122876E-02"
"26-03-20 10:00:24.474","+5.3588814E-02"
"26-03-20 10:00:25.178","+5.3996152E-02"
"26-03-20 10:00:25.885","+5.3890819E-02"
"26-03-20 10:00:26.588","+5.4206567E-02"
"26-03-20 10:00:27.295","+5.4210441E-02"
"26-03-20 10:00:27.998","+5.3976160E-02"
"26-03-20 10:00:28.704","+5.4395367E-02"
"26-03-20 10:00:29.410","+5.3863829E-02"
"26-03-20 10:00:30.117","+5.3479733E-02"
"26-03-20 10:00:30.824","+5.3246077E-02"
"26-03-20 10:00:31.532","+5.3957792E-02"
"26-03-20 10:00:32.238","+5.3831967E-02"
"26-03-20 10:00:32.946","+5.4413859E-02"
"26-03-20 10:00:33.652","+5.4126599E-02"
"26-03-20 10:00:34.359","+5.3919682E-02"
"26-03-20 10:00:35.066","+5.4077244E-02"
"26-03-20 10:00:35.773","+5.3813974E-02"
"26-03-20 10:00:36.481","+5.4010271E-02"
"26-03-20 10:00:37.184","+5.3472361E-02"
"26-03-20 10:00:37.890","+5.3395767E-02"
"26-03-20 10:00:38.594","+5.4167708E-02"
"26-03-20 10:00:39.301","+5.3881322E-02"
"26-03-20 10:00:40.006","+5.3801729E-02"
"26-03-20 10:00:40.712","+5.4045382E-02"
"26-03-20 10:00:41.416","+5.4221436E-02"
"26-03-20 10:00:42.123","+5.3953169E-02"
"26-03-20 10:00:42.826","+5.4125600E-02"
"26-03-20 10:00:43.534","+5.4143343E-02"
"26-03-20 10:00:44.238","+5.3184851E-02"
"26-03-20 10:00:44.944","+5.3297556E-02"
"26-03-20 10:00:45.648","+5.4080368E-02"
"26-03-20 10:00:46.355","+5.4346886E-02"
"26-03-20 10:00:47.058","+5.3979283E-02"
"26-03-20 10:00:47.765","+5.4167833E-02"
"26-03-20 10:00:48.471","+5.4011895E-02"
"26-03-20 10:00:49.177","+5.4162585E-02"
"26-03-20 10:00:49.881","+5.8448246E-02"
"26-03-20 10:00:50.588","+5.3575695E-02"
"26-03-20 10:00:51.291","+5.3319297E-02"
"26-03-20 10:00:51.998","+5.3709266E-02"
"26-03-20 10:00:52.702","+5.3941049E-02"
"26-03-20 10:00:53.409","+5.4072246E-02"
"26-03-20 10:00:54.115","+5.3863829E-02"
"26-03-20 10:00:54.823","+5.4031387E-02"
"26-03-20 10:00:55.529","+5.4670757E-02"
"26-03-20 10:00:56.235","+5.4297906E-02"
"26-03-20 10:00:56.942","+5.4533437E-02"
"26-03-20 10:00:57.651","+5.3469112E-02"
"26-03-20 10:00:58.358","+5.3549705E-02"
"26-03-20 10:00:59.065","+5.3987780E-02"
"26-03-20 10:00:59.772","+5.4191323E-02"
"26-03-20 10:01:00.478","+5.4183826E-02"
"26-03-20 10:01:01.185","+5.4001899E-02"
"26-03-20 10:01:01.889","+5.4038385E-02"
"26-03-20 10:01:02.596","+5.3903813E-02"
"26-03-20 10:01:03.301","+5.3560451E-02"
"26-03-20 10:01:04.007","+5.3845087E-02"
"26-03-20 10:01:04.712","+5.3292558E-02"
"26-03-20 10:01:05.418","+5.3746251E-02"
"26-03-20 10:01:06.124","+5.4033761E-02"
"26-03-20 10:01:06.830","+5.3796107E-02"
"26-03-20 10:01:07.534","+5.4388245E-02"
"26-03-20 10:01:08.242","+5.3977534E-02"
"26-03-20 10:01:08.945","+5.4013769E-02"
"26-03-20 10:01:09.651","+5.3942048E-02"
"26-03-20 10:01:10.355","+5.3640544E-02"
"26-03-20 10:01:11.061","+5.3444122E-02"
"26-03-20 10:01:11.765","+5.3395892E-02"
"26-03-20 10:01:12.472","+5.3292058E-02"
"26-03-20 10:01:13.176","+5.4415359E-02"
"26-03-20 10:01:13.882","+5.3977284E-02"
"26-03-20 10:01:14.588","+5.3920307E-02"
"26-03-20 10:01:15.295","+5.3855458E-02"
"26-03-20 10:01:15.998","+5.3867328E-02"
"26-03-20 10:01:16.704","+5.4170207E-02"
"26-03-20 10:01:17.411","+5.4133971E-02"
"26-03-20 10:01:18.118","+5.3358657E-02"
"26-03-20 10:01:18.825","+5.3383272E-02"
"26-03-20 10:01:19.531","+5.4175580E-02"
"26-03-20 10:01:20.238","+5.4309526E-02"
"26-03-20 10:01:20.945","+5.4125225E-02"
"26-03-20 10:01:21.652","+5.3663285E-02"
"26-03-20 10:01:22.360","+5.4542683E-02"
"26-03-20 10:01:23.068","+5.4374250E-02"
"26-03-20 10:01:23.775","+5.3587815E-02"
"26-03-20 10:01:24.481","+5.4135471E-02"
"26-03-20 10:01:25.185","+5.3493478E-02"
"26-03-20 10:01:25.892","+5.3685276E-02"
"26-03-20 10:01:26.596","+5.4065749E-02"
"26-03-20 10:01:27.303","+5.4046132E-02"
"26-03-20 10:01:28.007","+5.3785986E-02"
"26-03-20 10:01:28.714","+5.4053753E-02"
"26-03-20 10:01:29.419","+5.4027639E-02"
"26-03-20 10:01:30.125","+5.3935676E-02"
"26-03-20 10:01:30.830","+5.3897191E-02"
"26-03-20 10:01:31.538","+5.3904563E-02"
"26-03-20 10:01:32.241","+5.2946571E-02"
"26-03-20 10:01:32.948","+5.3561201E-02"
"26-03-20 10:01:33.652","+5.4210691E-02"
"26-03-20 10:01:34.361","+5.4278664E-02"
"26-03-20 10:01:35.064","+5.4131722E-02"
"26-03-20 10:01:35.778","+5.4239179E-02"
"26-03-20 10:01:36.484","+5.3887445E-02"
"26-03-20 10:01:37.191","+5.3782362E-02"
"26-03-20 10:01:37.898","+5.4033262E-02"
"26-03-20 10:01:38.604","+5.3285811E-02"
"26-03-20 10:01:39.312","+5.3665409E-02"
"26-03-20 10:01:40.019","+5.4529813E-02"
"26-03-20 10:01:40.727","+5.4239429E-02"
"26-03-20 10:01:41.433","+5.3792233E-02"
"26-03-20 10:01:42.140","+5.3920182E-02"
"26-03-20 10:01:42.847","+5.3856957E-02"
"26-03-20 10:01:43.555","+5.3642043E-02"
"26-03-20 10:01:44.258","+5.4104108E-02"
"26-03-20 10:01:44.964","+5.4291283E-02"
"26-03-20 10:01:45.668","+5.3436375E-02"
"26-03-20 10:01:46.374","+5.3604058E-02"
"26-03-20 10:01:47.079","+5.3934926E-02"
"26-03-20 10:01:47.785","+5.4380123E-02"
"26-03-20 10:01:48.489","+5.4019767E-02"
"26-03-20 10:01:49.197","+5.4695122E-02"
"26-03-20 10:01:49.900","+5.4242428E-02"
"26-03-20 10:01:50.607","+5.4051130E-02"
"26-03-20 10:01:51.312","+9.6930728E-02"
"26-03-20 10:01:52.018","+5.3751374E-02"
"26-03-20 10:01:52.722","+5.3291308E-02"
"26-03-20 10:01:53.429","+5.3459116E-02"
"26-03-20 10:01:54.134","+5.4036385E-02"
"26-03-20 10:01:54.841","+5.4108357E-02"
"26-03-20 10:01:55.544","+5.4009646E-02"
"26-03-20 10:01:56.251","+5.3797356E-02"
"26-03-20 10:01:56.955","+5.4078993E-02"
"26-03-20 10:01:57.664","+5.3884446E-02"
"26-03-20 10:01:58.367","+5.6635971E-02"
"26-03-20 10:01:59.074","+5.3165109E-02"
"26-03-20 10:01:59.780","+5.3635296E-02"
"26-03-20 10:02:00.487","+5.4044757E-02"
"26-03-20 10:02:01.194","+5.4246426E-02"
"26-03-20 10:02:01.900","+5.3916059E-02"
"26-03-20 10:02:02.607","+5.4261920E-02"
"26-03-20 10:02:03.314","+5.4363754E-02"
"26-03-20 10:02:04.022","+5.3819222E-02"
"26-03-20 10:02:04.728","+5.3933677E-02"
"26-03-20 10:02:05.435","+5.3901190E-02"
"26-03-20 10:02:06.144","+5.3193348E-02"
"26-03-20 10:02:06.852","+5.3697396E-02"
"26-03-20 10:02:07.555","+5.4066748E-02"
"26-03-20 10:02:08.262","+5.4348511E-02"
"26-03-20 10:02:08.965","+5.4016768E-02"
"26-03-20 10:02:09.671","+5.4167083E-02"
"26-03-20 10:02:10.375","+5.3721386E-02"
"26-03-20 10:02:11.081","+5.4151464E-02"
"26-03-20 10:02:11.786","+5.4082617E-02"
"26-03-20 10:02:12.492","+5.3721636E-02"
"26-03-20 10:02:13.196","+5.3054403E-02"
"26-03-20 10:02:13.902","+5.3290809E-02"
"26-03-20 10:02:14.608","+5.4191823E-02"
"26-03-20 10:02:15.315","+5.3938050E-02"
"26-03-20 10:02:16.019","+5.4552679E-02"
"26-03-20 10:02:16.725","+5.3859581E-02"
"26-03-20 10:02:17.429","+5.4075245E-02"
"26-03-20 10:02:18.135","+5.3900940E-02"
"26-03-20 10:02:18.840","+5.3926304E-02"
"26-03-20 10:02:19.546","+5.3699520E-02"
"26-03-20 10:02:20.250","+5.3533212E-02"
"26-03-20 10:02:20.956","+5.3631422E-02"
"26-03-20 10:02:21.660","+5.4164584E-02"
"26-03-20 10:02:22.366","+5.4201944E-02"
"26-03-20 10:02:23.070","+5.3662160E-02"
"26-03-20 10:02:23.778","+5.3980658E-02"
"26-03-20 10:02:24.486","+5.4052504E-02"
"26-03-20 10:02:25.192","+5.4571296E-02"
"26-03-20 10:02:25.899","+5.4488330E-02"
"26-03-20 10:02:26.606","+5.3205843E-02"
"26-03-20 10:02:27.313","+5.3087515E-02"
"26-03-20 10:02:28.019","+5.4242928E-02"
"26-03-20 10:02:28.726","+5.4185576E-02"
"26-03-20 10:02:29.433","+5.3935301E-02"
"26-03-20 10:02:30.140","+5.3982657E-02"
"26-03-20 10:02:30.847","+5.4598286E-02"
"26-03-20 10:02:31.554","+5.3770117E-02"
"26-03-20 10:02:32.260","+5.4559801E-02"
"26-03-20 10:02:32.967","+5.4025640E-02"
"26-03-20 10:02:33.670","+5.3746501E-02"
"26-03-20 10:02:34.376","+5.3478858E-02"
"26-03-20 10:02:35.080","+5.4165834E-02"
"26-03-20 10:02:35.787","+5.4194197E-02"
"26-03-20 10:02:36.490","+5.4162710E-02"
"26-03-20 10:02:37.197","+5.4654013E-02"
"26-03-20 10:02:37.901","+5.4296032E-02"
"26-03-20 10:02:38.607","+5.4606158E-02"
"26-03-20 10:02:39.311","+5.4672506E-02"
"26-03-20 10:02:40.019","+5.3647666E-02"
"26-03-20 10:02:40.724","+5.3143992E-02"
"26-03-20 10:02:41.430","+5.3358906E-02"
"26-03-20 10:02:42.134","+5.4289284E-02"
"26-03-20 10:02:42.841","+5.4378749E-02"
"26-03-20 10:02:43.544","+5.4417108E-02"
"26-03-20 10:02:44.251","+5.3901689E-02"
"26-03-20 10:02:44.955","+5.4271791E-02"
"26-03-20 10:02:45.661","+5.3877574E-02"
"26-03-20 10:02:46.365","+5.4437725E-02"
"26-03-20 10:02:47.072","+5.3464739E-02"
"26-03-20 10:02:47.775","+5.3155113E-02"
"26-03-20 10:02:48.481","+5.4667508E-02"
"26-03-20 10:02:49.189","+5.4082867E-02"
"26-03-20 10:02:49.896","+5.4535811E-02"
"26-03-20 10:02:50.603","+5.3894317E-02"
"26-03-20 10:02:51.310","+5.4513445E-02"
"26-03-20 10:02:52.016","+5.4251924E-02"
"26-03-20 10:02:52.724","+5.4274915E-02"
"26-03-20 10:02:53.430","+5.4067498E-02"
"26-03-20 10:02:54.138","+5.3528214E-02"
"26-03-20 10:02:54.844","+5.3473736E-02"
"26-03-20 10:02:55.551","+6.1403938E-02"
"26-03-20 10:02:56.259","+5.3879323E-02"
"26-03-20 10:02:56.962","+5.4194697E-02"
"26-03-20 10:02:57.670","+5.3932177E-02"
"26-03-20 10:02:58.374","+5.4266169E-02"
"26-03-20 10:02:59.080","+5.4127599E-02"
"26-03-20 10:02:59.784","+5.4063874E-02"
"26-03-20 10:03:00.491","+5.3839714E-02"
"26-03-20 10:03:01.195","+5.3554328E-02"
"26-03-20 10:03:01.902","+5.3480483E-02"
"26-03-20 10:03:02.606","+5.4180953E-02"
"26-03-20 10:03:03.313","+5.4093738E-02"
"26-03-20 10:03:04.016","+5.4171456E-02"
"26-03-20 10:03:04.722","+5.4051130E-02"
"26-03-20 10:03:05.426","+5.4109481E-02"
"26-03-20 10:03:06.133","+5.4187450E-02"
"26-03-20 10:03:06.837","+5.4322896E-02"
"26-03-20 10:03:07.545","+5.3095012E-02"
"26-03-20 10:03:08.248","+5.3584691E-02"
"26-03-20 10:03:08.955","+5.4284286E-02"
"26-03-20 10:03:09.659","+5.4795457E-02"
"26-03-20 10:03:10.365","+5.4153589E-02"
"26-03-20 10:03:11.069","+5.4183077E-02"
"26-03-20 10:03:11.776","+5.3757372E-02"
"26-03-20 10:03:12.479","+5.4184326E-02"
"26-03-20 10:03:13.185","+5.3839089E-02"
"26-03-20 10:03:13.889","+5.4050130E-02"
"26-03-20 10:03:14.596","+5.3143368E-02"
"26-03-20 10:03:15.305","+5.3412135E-02"
"26-03-20 10:03:16.011","+5.4163335E-02"
"26-03-20 10:03:16.718","+5.3959416E-02"
"26-03-20 10:03:17.424","+5.4092363E-02"
"26-03-20 10:03:18.131","+5.4258172E-02"
"26-03-20 10:03:18.839","+5.4331018E-02"
"26-03-20 10:03:19.546","+5.4022016E-02"
"26-03-20 10:03:20.253","+5.4155463E-02"
"26-03-20 10:03:20.960","+5.4063375E-02"
"26-03-20 10:03:21.665","+5.3431377E-02"
"26-03-20 10:03:22.373","+5.3744627E-02"
"26-03-20 10:03:23.076","+5.3664409E-02"
"26-03-20 10:03:23.785","+5.4076869E-02"
"26-03-20 10:03:24.489","+5.4247176E-02"
"26-03-20 10:03:25.196","+5.4280288E-02"
"26-03-20 10:03:25.901","+5.4043508E-02"
"26-03-20 10:03:26.607","+5.4108357E-02"
"26-03-20 10:03:27.312","+5.3959041E-02"
"26-03-20 10:03:28.019","+5.3529588E-02"
"26-03-20 10:03:28.722","+5.3524715E-02"
"26-03-20 10:03:29.429","+5.3236081E-02"
"26-03-20 10:03:30.133","+5.4249550E-02"
"26-03-20 10:03:30.841","+5.3918932E-02"
"26-03-20 10:03:31.544","+5.4000400E-02"
"26-03-20 10:03:32.253","+5.3953918E-02"
"26-03-20 10:03:32.957","+5.4267043E-02"
"26-03-20 10:03:33.663","+5.4170832E-02"
"26-03-20 10:03:34.367","+5.4154463E-02"
"26-03-20 10:03:35.074","+5.3235706E-02"
"26-03-20 10:03:35.779","+5.3301180E-02"
"26-03-20 10:03:36.485","+5.4479958E-02"
"26-03-20 10:03:37.192","+5.3807102E-02"
"26-03-20 10:03:37.899","+5.4366628E-02"
"26-03-20 10:03:38.606","+5.4193698E-02"
"26-03-20 10:03:39.313","+5.3855583E-02"
"26-03-20 10:03:40.020","+5.4062875E-02"
"26-03-20 10:03:40.728","+5.3940924E-02"
"26-03-20 10:03:41.434","+5.3779488E-02"
"26-03-20 10:03:42.141","+5.3212590E-02"
"26-03-20 10:03:42.849","+5.3338914E-02"
"26-03-20 10:03:43.554","+5.4049130E-02"
"26-03-20 10:03:44.260","+5.3885196E-02"
"26-03-20 10:03:44.964","+5.3943048E-02"
"26-03-20 10:03:45.671","+5.4602409E-02"
"26-03-20 10:03:46.375","+5.3957917E-02"
"26-03-20 10:03:47.082","+5.4133472E-02"
"26-03-20 10:03:47.787","+5.4323770E-02"
"26-03-20 10:03:48.494","+5.3341164E-02"
"26-03-20 10:03:49.199","+5.3369902E-02"
"26-03-20 10:03:49.905","+5.3640794E-02"
"26-03-20 10:03:50.610","+5.3872826E-02"
"26-03-20 10:03:51.316","+5.4113480E-02"
"26-03-20 10:03:52.020","+5.4047006E-02"
"26-03-20 10:03:52.727","+5.4259046E-02"
"26-03-20 10:03:53.431","+5.4066623E-02"
"26-03-20 10:03:54.139","+5.4065999E-02"
"26-03-20 10:03:54.843","+5.4781462E-02"
"26-03-20 10:03:55.549","+5.3479608E-02"
"26-03-20 10:03:56.253","+5.3193723E-02"
"26-03-20 10:03:57.019","+5.3988405E-02"
"26-03-20 10:03:57.725","+5.4135596E-02"
"26-03-20 10:03:58.431","+5.3680653E-02"
"26-03-20 10:03:59.137","+6.2556228E-02"
"26-03-20 10:03:59.842","+5.3900690E-02"
"26-03-20 10:04:00.597","+5.3961665E-02"
"26-03-20 10:04:01.305","+5.3455368E-02"
"26-03-20 10:04:02.008","+5.3492103E-02"
"26-03-20 10:04:02.715","+5.3934801E-02"
"26-03-20 10:04:03.467","+5.4455718E-02"
"26-03-20 10:04:04.171","+5.3835091E-02"
"26-03-20 10:04:04.878","+5.3828094E-02"
"26-03-20 10:04:05.581","+5.3983157E-02"
"26-03-20 10:04:06.288","+5.3904438E-02"
"26-03-20 10:04:07.039","+5.4085741E-02"
"26-03-20 10:04:07.745","+5.3652039E-02"
"26-03-20 10:04:08.452","+5.3621676E-02"
"26-03-20 10:04:09.156","+5.4019892E-02"
"26-03-20 10:04:09.912","+5.4012895E-02"
"26-03-20 10:04:10.619","+5.3931302E-02"
"26-03-20 10:04:11.326","+5.4050130E-02"
"26-03-20 10:04:12.033","+5.3896192E-02"
"26-03-20 10:04:12.738","+5.4867053E-02"
"26-03-20 10:04:13.494","+5.3361031E-02"
"26-03-20 10:04:14.201","+5.3561201E-02"
"26-03-20 10:04:14.908","+5.3987405E-02"
"26-03-20 10:04:15.616","+5.3813225E-02"
"26-03-20 10:04:16.370","+5.4130723E-02"
"26-03-20 10:04:17.076","+5.3864579E-02"
"26-03-20 10:04:17.784","+5.3811600E-02"
"26-03-20 10:04:18.490","+5.4214689E-02"
"26-03-20 10:04:19.198","+5.3963665E-02"
"26-03-20 10:04:19.952","+5.3566948E-02"
"26-03-20 10:04:20.658","+5.4245427E-02"
"26-03-20 10:04:21.364","+5.4466588E-02"
"26-03-20 10:04:22.071","+5.4098985E-02"
"26-03-20 10:04:22.826","+5.3989154E-02"
"26-03-20 10:04:23.532","+5.4022266E-02"
"26-03-20 10:04:24.240","+5.3739004E-02"
"26-03-20 10:04:24.946","+5.4230058E-02"
"26-03-20 10:04:25.654","+5.3338665E-02"
"26-03-20 10:04:26.408","+5.4161086E-02"
"26-03-20 10:04:27.114","+5.4149090E-02"
"26-03-20 10:04:27.821","+5.3916683E-02"
"26-03-20 10:04:28.527","+5.4093738E-02"
"26-03-20 10:04:29.281","+5.4211815E-02"
"26-03-20 10:04:29.988","+5.4460841E-02"
"26-03-20 10:04:30.695","+5.4756223E-02"
"26-03-20 10:04:31.402","+5.3494602E-02"
"26-03-20 10:04:32.109","+5.3570947E-02"
"26-03-20 10:04:32.864","+5.4045132E-02"
"26-03-20 10:04:33.571","+5.3929928E-02"
"26-03-20 10:04:34.275","+5.4012520E-02"
"26-03-20 10:04:34.982","+5.4118977E-02"
"26-03-20 10:04:35.738","+5.4228684E-02"
"26-03-20 10:04:36.441","+5.4049255E-02"
"26-03-20 10:04:37.147","+5.3406138E-02"
"26-03-20 10:04:37.852","+5.3475485E-02"
"26-03-20 10:04:38.558","+5.4160586E-02"
"26-03-20 10:04:39.312","+5.4509196E-02"
"26-03-20 10:04:40.015","+5.4044507E-02"
"26-03-20 10:04:40.722","+5.4014144E-02"
"26-03-20 10:04:41.425","+5.4173206E-02"
"26-03-20 10:04:42.184","+5.4048755E-02"
"26-03-20 10:04:42.890","+5.3699770E-02"
"26-03-20 10:04:43.594","+5.3216338E-02"
"26-03-20 10:04:44.301","+5.3197221E-02"
"26-03-20 10:04:45.004","+5.4192823E-02"
"26-03-20 10:04:45.761","+5.4311151E-02"
"26-03-20 10:04:46.468","+5.3973910E-02"
"26-03-20 10:04:47.172","+5.4283786E-02"
"26-03-20 10:04:47.880","+5.4150090E-02"
"26-03-20 10:04:48.583","+5.4755598E-02"
"26-03-20 10:04:49.340","+5.3599060E-02"
"26-03-20 10:04:50.046","+5.3084391E-02"
"26-03-20 10:04:50.755","+5.4066249E-02"
"26-03-20 10:04:51.462","+5.4843188E-02"
"26-03-20 10:04:52.215","+8.8129998E-02"
"26-03-20 10:04:52.922","+1.1059801E-01"
"26-03-20 10:04:53.630","+1.0901827E-01"
"26-03-20 10:04:54.337","+5.4343513E-02"
"26-03-20 10:04:55.045","+5.3779488E-02"
"26-03-20 10:04:55.797","+5.3398391E-02"
"26-03-20 10:04:56.503","+5.4011395E-02"
"26-03-20 10:04:57.210","+5.4525690E-02"
"26-03-20 10:04:57.917","+5.3976035E-02"
"26-03-20 10:04:58.672","+5.4017518E-02"
"26-03-20 10:04:59.380","+5.4247426E-02"
"26-03-20 10:05:00.086","+5.4335391E-02"
"26-03-20 10:05:00.794","+5.4101984E-02"
"26-03-20 10:05:01.500","+5.3055403E-02"
"26-03-20 10:05:02.253","+5.4114479E-02"
"26-03-20 10:05:02.958","+5.4222311E-02"
"26-03-20 10:05:03.664","+5.4022141E-02"
"26-03-20 10:05:04.371","+5.3941798E-02"
"26-03-20 10:05:05.115","+5.4245177E-02"
"26-03-20 10:05:05.822","+5.4021266E-02"
"26-03-20 10:05:06.525","+5.4508697E-02"
"26-03-20 10:05:07.232","+5.3526090E-02"
"26-03-20 10:05:07.938","+5.3203094E-02"
"26-03-20 10:05:08.680","+5.4048755E-02"
"26-03-20 10:05:09.388","+5.4173331E-02"
"26-03-20 10:05:10.091","+5.4080243E-02"
"26-03-20 10:05:10.798","+5.3928429E-02"
"26-03-20 10:05:11.538","+5.3981407E-02"
"26-03-20 10:05:12.245","+5.4003649E-02"
"26-03-20 10:05:12.952","+5.4166833E-02"
"26-03-20 10:05:13.659","+5.3618553E-02"
"26-03-20 10:05:14.366","+5.3343413E-02"
"26-03-20 10:05:15.112","+5.4447846E-02"
"26-03-20 10:05:15.819","+5.3883572E-02"
"26-03-20 10:05:16.527","+5.3825095E-02"
"26-03-20 10:05:17.233","+5.4120227E-02"
"26-03-20 10:05:17.978","+5.4180203E-02"
"26-03-20 10:05:18.681","+5.3966538E-02"
"26-03-20 10:05:19.387","+5.3133372E-02"
"26-03-20 10:05:20.091","+5.3571571E-02"
"26-03-20 10:05:20.798","+5.4360631E-02"
"26-03-20 10:05:21.538","+5.3993278E-02"
"26-03-20 10:05:22.243","+5.3989529E-02"
"26-03-20 10:05:22.950","+5.4397616E-02"
"26-03-20 10:05:23.654","+5.4015769E-02"
"26-03-20 10:05:24.397","+5.4404488E-02"
"26-03-20 10:05:25.102","+5.3873326E-02"
"26-03-20 10:05:25.810","+5.3817223E-02"
"26-03-20 10:05:26.516","+5.3468987E-02"
"26-03-20 10:05:27.223","+5.3980033E-02"
"26-03-20 10:05:27.970","+5.3954043E-02"
"26-03-20 10:05:28.673","+5.4088740E-02"
"26-03-20 10:05:29.379","+5.4355008E-02"
"26-03-20 10:05:30.083","+5.3859956E-02"
"26-03-20 10:05:30.829","+5.3909311E-02"
"26-03-20 10:05:31.535","+5.3360406E-02"
"26-03-20 10:05:32.239","+5.3453868E-02"
"26-03-20 10:05:32.947","+5.4102234E-02"
"26-03-20 10:05:33.650","+5.4178329E-02"
"26-03-20 10:05:34.398","+5.4048755E-02"
"26-03-20 10:05:35.105","+5.3743752E-02"
"26-03-20 10:05:35.812","+5.4013145E-02"
"26-03-20 10:05:36.519","+5.3962290E-02"
"26-03-20 10:05:37.263","+5.4194072E-02"
"26-03-20 10:05:37.969","+5.3547081E-02"
"26-03-20 10:05:38.675","+5.3347286E-02"
"26-03-20 10:05:39.382","+5.4214439E-02"
"26-03-20 10:05:40.090","+5.3902689E-02"
"26-03-20 10:05:40.840","+5.4006522E-02"
"26-03-20 10:05:41.547","+5.4086990E-02"
"26-03-20 10:05:42.254","+5.4614654E-02"
"26-03-20 10:05:42.962","+5.4044007E-02"
"26-03-20 10:05:43.710","+5.3007922E-02"
"26-03-20 10:05:44.413","+5.3198096E-02"
"26-03-20 10:05:45.119","+5.4075745E-02"
"26-03-20 10:05:45.823","+5.3777239E-02"
"26-03-20 10:05:46.530","+5.4153963E-02"
"26-03-20 10:05:47.279","+5.4012395E-02"
"26-03-20 10:05:47.982","+5.3872451E-02"
"26-03-20 10:05:48.688","+5.3883821E-02"
"26-03-20 10:05:49.392","+5.4144092E-02"
"26-03-20 10:05:50.098","+5.3657037E-02"
"26-03-20 10:05:50.847","+5.2912460E-02"
"26-03-20 10:05:51.555","+5.4012770E-02"
"26-03-20 10:05:52.261","+5.3880323E-02"
"26-03-20 10:05:52.965","+5.3829218E-02"
"26-03-20 10:05:53.716","+5.4234931E-02"
"26-03-20 10:05:54.423","+5.3964039E-02"
"26-03-20 10:05:55.129","+5.4221936E-02"
"26-03-20 10:05:55.836","+5.4184201E-02"
"26-03-20 10:05:56.544","+5.3254073E-02"
"26-03-20 10:05:57.295","+5.4195947E-02"
"26-03-20 10:05:58.001","+5.4069247E-02"
"26-03-20 10:05:58.707","+5.4243678E-02"
"26-03-20 10:05:59.414","+5.4109481E-02"
"26-03-20 10:06:00.169","+5.4103109E-02"
"26-03-20 10:06:00.876","+5.4193698E-02"
"26-03-20 10:06:01.582","+5.4221561E-02"
"26-03-20 10:06:02.289","+5.3729383E-02"
"26-03-20 10:06:02.996","+5.3347036E-02"
"26-03-20 10:06:03.747","+1.0617491E-01"
"26-03-20 10:06:04.454","+9.7175130E-02"
"26-03-20 10:06:05.161","+6.2298331E-02"
"26-03-20 10:06:05.868","+8.6484281E-02"
"26-03-20 10:06:06.617","+5.3966788E-02"
"26-03-20 10:06:07.320","+5.3929428E-02"
"26-03-20 10:06:08.027","+5.2857482E-02"
"26-03-20 10:06:08.732","+5.3259696E-02"
"26-03-20 10:06:09.439","+5.3964539E-02"
"26-03-20 10:06:10.186","+5.4030013E-02"
"26-03-20 10:06:10.889","+5.4029763E-02"
"26-03-20 10:06:11.595","+5.3864704E-02"
"26-03-20 10:06:12.300","+5.3921057E-02"
"26-03-20 10:06:13.049","+5.3718263E-02"
"26-03-20 10:06:13.755","+5.3956667E-02"
"26-03-20 10:06:14.462","+5.3399890E-02"
"26-03-20 10:06:15.169","+5.3128749E-02"
"26-03-20 10:06:15.877","+5.3681402E-02"
"26-03-20 10:06:16.625","+5.4083242E-02"
"26-03-20 10:06:17.331","+5.4150215E-02"
"26-03-20 10:06:18.040","+5.4486955E-02"
"26-03-20 10:06:18.747","+5.4230808E-02"
"26-03-20 10:06:19.497","+5.3945172E-02"
"26-03-20 10:06:20.211","+5.3781238E-02"
"26-03-20 10:06:20.917","+5.3249325E-02"
"26-03-20 10:06:21.624","+5.4472211E-02"
"26-03-20 10:06:22.332","+5.4144842E-02"
"26-03-20 10:06:23.082","+5.4022766E-02"
"26-03-20 10:06:23.788","+5.3948920E-02"
"26-03-20 10:06:24.495","+5.3874575E-02"
"26-03-20 10:06:25.202","+5.4131098E-02"
"26-03-20 10:06:25.949","+5.3100260E-02"
"26-03-20 10:06:26.654","+5.3253948E-02"
"26-03-20 10:06:27.361","+5.3803479E-02"
"26-03-20 10:06:28.064","+5.4056877E-02"
"26-03-20 10:06:28.771","+5.4013645E-02"
"26-03-20 10:06:29.516","+5.3806352E-02"
"26-03-20 10:06:30.219","+5.4358132E-02"
"26-03-20 10:06:30.925","+5.3855958E-02"
"26-03-20 10:06:31.629","+5.4251549E-02"
"26-03-20 10:06:32.378","+5.3452119E-02"
"26-03-20 10:06:33.086","+5.3750250E-02"
"26-03-20 10:06:33.794","+5.4140969E-02"
"26-03-20 10:06:34.500","+5.3883322E-02"
"26-03-20 10:06:35.207","+5.3641169E-02"
"26-03-20 10:06:35.956","+5.4632272E-02"
"26-03-20 10:06:36.662","+1.0817498E-01"
"26-03-20 10:06:37.369","+5.4371002E-02"
"26-03-20 10:06:38.076","+5.4021516E-02"
"26-03-20 10:06:38.826","+5.3360156E-02"
"26-03-20 10:06:39.534","+5.4079368E-02"
"26-03-20 10:06:40.240","+6.0717213E-02"
"26-03-20 10:06:40.946","+8.7299080E-02"
"26-03-20 10:06:41.653","+5.3798231E-02"
"26-03-20 10:06:42.401","+5.4364379E-02"
"26-03-20 10:06:43.107","+5.4195447E-02"
"26-03-20 10:06:43.813","+5.4056752E-02"
"26-03-20 10:06:44.520","+5.3172731E-02"
"26-03-20 10:06:45.265","+5.3854333E-02"
"26-03-20 10:06:45.968","+5.3912810E-02"
"26-03-20 10:06:46.675","+5.3724260E-02"
"26-03-20 10:06:47.378","+5.3979158E-02"
"26-03-20 10:06:48.085","+5.4032387E-02"
"26-03-20 10:06:48.829","+5.4312650E-02"
"26-03-20 10:06:49.536","+5.3982782E-02"
"26-03-20 10:06:50.244","+5.3667783E-02"
"26-03-20 10:06:50.949","+5.3277689E-02"
"26-03-20 10:06:51.656","+5.3631422E-02"
"26-03-20 10:06:52.404","+5.3872951E-02"
"26-03-20 10:06:53.111","+5.3995027E-02"
"26-03-20 10:06:53.819","+5.4622276E-02"
"26-03-20 10:06:54.525","+5.3985531E-02"
"26-03-20 10:06:55.272","+5.3933177E-02"
"26-03-20 10:06:55.978","+5.3800480E-02"
"26-03-20 10:06:56.685","+5.3441498E-02"
"26-03-20 10:06:57.392","+5.3603434E-02"
"26-03-20 10:06:58.099","+5.5085216E-02"
"26-03-20 10:06:58.845","+5.4330643E-02"
"26-03-20 10:06:59.548","+5.4265919E-02"
"26-03-20 10:07:00.254","+5.4071122E-02"
"26-03-20 10:07:00.958","+5.4267668E-02"
"26-03-20 10:07:01.705","+5.4014769E-02"
"26-03-20 10:07:02.411","+5.3522716E-02"
"26-03-20 10:07:03.115","+5.3441373E-02"
"26-03-20 10:07:03.822","+5.3832967E-02"
"26-03-20 10:07:04.526","+5.4248051E-02"
"26-03-20 10:07:05.272","+5.3900315E-02"
"26-03-20 10:07:05.979","+5.4133222E-02"
"26-03-20 10:07:06.686","+5.4297656E-02"
"26-03-20 10:07:07.393","+5.4335891E-02"
"26-03-20 10:07:08.144","+5.4270917E-02"
"26-03-20 10:07:08.851","+5.3551579E-02"
"26-03-20 10:07:09.557","+5.3386270E-02"
"26-03-20 10:07:10.266","+5.4023141E-02"
"26-03-20 10:07:10.973","+5.4026514E-02"
"26-03-20 10:07:11.728","+5.4468088E-02"
"26-03-20 10:07:12.434","+5.4476709E-02"
"26-03-20 10:07:13.141","+5.4190699E-02"
"26-03-20 10:07:13.849","+5.4052754E-02"
"26-03-20 10:07:14.604","+5.3123376E-02"
"26-03-20 10:07:15.309","+5.3233207E-02"
"26-03-20 10:07:16.017","+5.3895317E-02"
"26-03-20 10:07:16.723","+5.4125100E-02"
"26-03-20 10:07:17.430","+5.3950670E-02"
"26-03-20 10:07:18.184","+5.4347761E-02"
"26-03-20 10:07:18.892","+5.3924680E-02"
"26-03-20 10:07:19.599","+5.4115854E-02"
"26-03-20 10:07:20.305","+5.4225185E-02"
"26-03-20 10:07:21.061","+5.3451494E-02"
"26-03-20 10:07:21.767","+5.4052379E-02"
"26-03-20 10:07:22.475","+5.4328144E-02"
"26-03-20 10:07:23.182","+5.4210441E-02"
"26-03-20 10:07:23.889","+5.4089114E-02"
"26-03-20 10:07:26.232","+5.3989029E-02"
"26-03-20 10:07:26.936","+5.3848086E-02"
"26-03-20 10:07:27.643","+5.3915684E-02"
"26-03-20 10:07:28.346","+5.4111231E-02"
"26-03-20 10:07:29.055","+5.3969287E-02"
"26-03-20 10:07:29.759","+5.4665509E-02"
"26-03-20 10:07:30.466","+5.4104858E-02"
"26-03-20 10:07:31.170","+5.3919807E-02"
"26-03-20 10:07:31.876","+5.3298181E-02"
"26-03-20 10:07:32.580","+5.3412260E-02"
"26-03-20 10:07:33.288","+5.4065249E-02"
"26-03-20 10:07:33.991","+5.4201694E-02"
"26-03-20 10:07:34.697","+5.3777989E-02"
"26-03-20 10:07:35.403","+5.3752624E-02"
"26-03-20 10:07:36.110","+5.3886945E-02"
"26-03-20 10:07:36.817","+5.4110606E-02"
"26-03-20 10:07:37.525","+5.3948296E-02"
"26-03-20 10:07:38.231","+5.3863080E-02"
"26-03-20 10:07:38.939","+5.3682277E-02"
"26-03-20 10:07:39.645","+5.3563575E-02"
"26-03-20 10:07:40.353","+5.3846836E-02"
"26-03-20 10:07:41.059","+5.3828219E-02"
"26-03-20 10:07:41.766","+5.4068748E-02"
"26-03-20 10:07:42.473","+5.3758622E-02"
"26-03-20 10:07:43.177","+5.3743253E-02"
"26-03-20 10:07:43.884","+5.4202319E-02"
"26-03-20 10:07:44.588","+6.1506397E-02"
"26-03-20 10:07:45.295","+5.3269567E-02"
"26-03-20 10:07:46.000","+5.3548081E-02"
"26-03-20 10:07:46.708","+5.4091863E-02"
"26-03-20 10:07:47.412","+5.4862805E-02"
"26-03-20 10:07:48.118","+5.4021891E-02"
"26-03-20 10:07:48.823","+5.3847836E-02"
"26-03-20 10:07:49.529","+5.4267293E-02"
"26-03-20 10:07:50.233","+5.3894567E-02"
"26-03-20 10:07:50.939","+5.3876699E-02"
"26-03-20 10:07:51.643","+5.4101859E-02"
"26-03-20 10:07:52.349","+5.3366778E-02"
"26-03-20 10:07:53.053","+5.3673406E-02"
"26-03-20 10:07:53.759","+5.3697271E-02"
"26-03-20 10:07:54.463","+5.3930303E-02"
"26-03-20 10:07:55.172","+5.4251299E-02"
"26-03-20 10:07:55.875","+5.4332017E-02"
"26-03-20 10:07:56.581","+5.4677879E-02"
"26-03-20 10:07:57.285","+5.3646541E-02"
"26-03-20 10:07:57.991","+5.4054003E-02"
"26-03-20 10:07:58.695","+5.3748875E-02"
"26-03-20 10:07:59.402","+1.1421644E-01"
"26-03-20 10:08:00.107","+5.3440374E-02"
"26-03-20 10:08:00.815","+5.3811350E-02"
"26-03-20 10:08:01.521","+5.3988280E-02"
"26-03-20 10:08:02.227","+5.4138345E-02"
"26-03-20 10:08:02.934","+5.4443473E-02"
"26-03-20 10:08:03.643","+5.4124725E-02"
"26-03-20 10:08:04.349","+5.4316898E-02"
"26-03-20 10:08:05.057","+5.3997026E-02"
"26-03-20 10:08:05.763","+5.3429128E-02"
"26-03-20 10:08:06.470","+5.3349410E-02"
"26-03-20 10:08:07.177","+5.3612055E-02"
"26-03-20 10:08:07.881","+5.4053004E-02"
"26-03-20 10:08:08.589","+5.4048381E-02"
"26-03-20 10:08:09.293","+5.3886820E-02"
"26-03-20 10:08:10.000","+5.3601060E-02"
"26-03-20 10:08:10.703","+5.4018767E-02"
"26-03-20 10:08:11.410","+5.4118228E-02"
"26-03-20 10:08:12.116","+5.3798481E-02"
"26-03-20 10:08:12.823","+5.3350410E-02"
"26-03-20 10:08:13.527","+5.3639044E-02"
"26-03-20 10:08:14.235","+5.4447846E-02"
"26-03-20 10:08:14.939","+5.3910561E-02"
"26-03-20 10:08:15.646","+5.3941298E-02"
"26-03-20 10:08:16.351","+5.3987030E-02"
"26-03-20 10:08:17.057","+5.4107732E-02"
"26-03-20 10:08:17.761","+5.4119352E-02"
"26-03-20 10:08:18.468","+5.3727259E-02"
"26-03-20 10:08:19.173","+5.3796856E-02"
"26-03-20 10:08:19.879","+5.3223211E-02"
"26-03-20 10:08:20.588","+5.3728009E-02"
"26-03-20 10:08:21.295","+5.4030013E-02"
"26-03-20 10:08:22.001","+5.3864204E-02"
"26-03-20 10:08:22.707","+5.4026514E-02"
"26-03-20 10:08:23.414","+5.4595162E-02"
"26-03-20 10:08:24.121","+5.3936925E-02"
"26-03-20 10:08:24.828","+5.4182077E-02"
"26-03-20 10:08:25.534","+5.4093987E-02"
"26-03-20 10:08:26.241","+5.3832592E-02"
"26-03-20 10:08:26.948","+5.3614929E-02"
"26-03-20 10:08:27.655","+5.3593063E-02"
"26-03-20 10:08:28.359","+5.3889944E-02"
"26-03-20 10:08:29.067","+5.4403739E-02"
"26-03-20 10:08:29.771","+5.4336890E-02"
"26-03-20 10:08:30.478","+5.3897441E-02"
"26-03-20 10:08:31.182","+5.4052254E-02"
"26-03-20 10:08:31.888","+5.3966663E-02"
"26-03-20 10:08:32.592","+5.4219187E-02"
"26-03-20 10:08:33.299","+5.3393393E-02"
"26-03-20 10:08:34.002","+5.3369652E-02"
"26-03-20 10:08:34.709","+5.4222186E-02"
"26-03-20 10:08:35.413","+5.3892693E-02"
"26-03-20 10:08:36.120","+5.4486955E-02"
"26-03-20 10:08:36.825","+1.0391056E-01"
"26-03-20 10:08:37.531","+5.4171331E-02"
"26-03-20 10:08:38.237","+5.3807227E-02"
"26-03-20 10:08:38.943","+5.3705143E-02"
"26-03-20 10:08:39.647","+5.3961290E-02"
"26-03-20 10:08:40.355","+5.3257822E-02"
"26-03-20 10:08:41.058","+5.3585316E-02"
"26-03-20 10:08:41.765","+5.4100610E-02"
"26-03-20 10:08:42.468","+5.4081243E-02"
"26-03-20 10:08:43.175","+5.4207817E-02"
"26-03-20 10:08:43.886","+5.3952669E-02"
"26-03-20 10:08:44.593","+5.4071996E-02"
"26-03-20 10:08:45.301","+5.4153214E-02"
"26-03-20 10:08:46.007","+5.4391618E-02"
"26-03-20 10:08:46.716","+5.4002524E-02"
"26-03-20 10:08:47.423","+5.3264444E-02"
"26-03-20 10:08:48.130","+5.3339164E-02"
"26-03-20 10:08:48.838","+5.3903314E-02"
"26-03-20 10:08:49.545","+5.3841588E-02"
"26-03-20 10:08:50.248","+5.4482582E-02"
"26-03-20 10:08:50.955","+5.3914434E-02"
"26-03-20 10:08:51.658","+5.3746876E-02"
"26-03-20 10:08:52.365","+5.4008272E-02"
"26-03-20 10:08:53.068","+5.4016643E-02"
"26-03-20 10:08:53.774","+5.3600185E-02"
"26-03-20 10:08:54.478","+5.3233457E-02"
"26-03-20 10:08:55.187","+5.3975285E-02"
"26-03-20 10:08:55.891","+5.4227059E-02"
"26-03-20 10:08:56.597","+5.4085616E-02"
"26-03-20 10:08:57.301","+5.4097236E-02"
"26-03-20 10:08:58.009","+5.4298406E-02"
"26-03-20 10:08:58.712","+5.4143093E-02"
"26-03-20 10:08:59.418","+5.4521192E-02"
"26-03-20 10:09:00.122","+5.4141843E-02"
"26-03-20 10:09:00.829","+5.3581567E-02"
"26-03-20 10:09:01.532","+5.3318298E-02"
"26-03-20 10:09:02.239","+5.4098860E-02"
"26-03-20 10:09:02.943","+5.4036260E-02"
"26-03-20 10:09:03.652","+5.3926055E-02"
"26-03-20 10:09:04.356","+5.3808352E-02"
"26-03-20 10:09:05.063","+5.3845212E-02"
"26-03-20 10:09:05.767","+5.4126474E-02"
"26-03-20 10:09:06.473","+5.4096361E-02"
"26-03-20 10:09:07.177","+5.3977284E-02"
"26-03-20 10:09:07.883","+5.3060026E-02"
"26-03-20 10:09:08.589","+5.3642293E-02"
"26-03-20 10:09:09.296","+5.3853459E-02"
"26-03-20 10:09:10.003","+5.4068748E-02"
"26-03-20 10:09:10.710","+5.4257547E-02"
"26-03-20 10:09:11.417","+5.4016768E-02"
"26-03-20 10:09:12.126","+5.4095862E-02"
"26-03-20 10:09:12.833","+5.4187450E-02"
"26-03-20 10:09:13.539","+5.3616553E-02"
"26-03-20 10:09:14.246","+5.3660161E-02"
"26-03-20 10:09:14.952","+5.3873451E-02"
"26-03-20 10:09:15.660","+5.3849585E-02"
"26-03-20 10:09:16.363","+5.4071371E-02"
"26-03-20 10:09:17.070","+5.4830693E-02"
"26-03-20 10:09:17.774","+5.4083117E-02"
"26-03-20 10:09:18.480","+5.4133472E-02"
"26-03-20 10:09:19.184","+5.3849710E-02"
"26-03-20 10:09:19.891","+5.4133347E-02"
"26-03-20 10:09:20.595","+5.3706517E-02"
"26-03-20 10:09:21.316","+5.3317048E-02"
"26-03-20 10:09:22.020","+5.3319797E-02"
"26-03-20 10:09:22.727","+5.3932677E-02"
"26-03-20 10:09:23.430","+5.4110981E-02"
"26-03-20 10:09:24.136","+5.3906312E-02"
"26-03-20 10:09:24.840","+5.4021516E-02"
"26-03-20 10:09:25.547","+5.3806852E-02"
"26-03-20 10:09:26.253","+5.4516568E-02"
"26-03-20 10:09:26.960","+5.4039509E-02"
"26-03-20 10:09:27.667","+5.4088365E-02"
"26-03-20 10:09:28.373","+5.3171107E-02"
"26-03-20 10:09:29.080","+5.3384396E-02"
"26-03-20 10:09:29.790","+5.3965289E-02"
"26-03-20 10:09:30.497","+5.3762370E-02"
"26-03-20 10:09:31.203","+5.3933926E-02"
"26-03-20 10:09:31.910","+5.4376374E-02"
"26-03-20 10:09:32.617","+5.4300405E-02"
"26-03-20 10:09:33.324","+5.4216189E-02"
"26-03-20 10:09:34.027","+5.4005523E-02"
"26-03-20 10:09:34.733","+5.3204843E-02"
"26-03-20 10:09:35.437","+5.3639169E-02"
"26-03-20 10:09:36.143","+5.4141094E-02"
"26-03-20 10:09:36.848","+5.4368752E-02"
"26-03-20 10:09:37.554","+5.4270667E-02"
"26-03-20 10:09:38.260","+5.4037385E-02"
"26-03-20 10:09:38.966","+5.4028014E-02"
"26-03-20 10:09:39.670","+5.3596811E-02"
"26-03-20 10:09:40.377","+5.3993278E-02"
"26-03-20 10:09:41.080","+5.9546681E-02"
"26-03-20 10:09:41.787","+5.3425130E-02"
"26-03-20 10:09:42.490","+5.3077769E-02"
"26-03-20 10:09:43.196","+5.4174455E-02"
"26-03-20 10:09:43.900","+5.4712115E-02"
"26-03-20 10:09:44.607","+5.5165684E-02"
"26-03-20 10:09:45.311","+5.4064999E-02"
"26-03-20 10:09:46.018","+5.4107982E-02"
"26-03-20 10:09:46.724","+5.3868203E-02"
"26-03-20 10:09:47.431","+5.4017518E-02"
"26-03-20 10:09:48.134","+5.4112855E-02"
"26-03-20 10:09:48.842","+5.3720512E-02"
"26-03-20 10:09:49.545","+5.3451120E-02"
"26-03-20 10:09:50.251","+5.4069622E-02"
"26-03-20 10:09:50.958","+5.4060126E-02"
"26-03-20 10:09:51.664","+5.4402739E-02"
"26-03-20 10:09:52.371","+5.3858207E-02"
"26-03-20 10:09:53.078","+5.4320147E-02"
"26-03-20 10:09:53.784","+5.3871451E-02"
"26-03-20 10:09:54.493","+5.3987780E-02"
"26-03-20 10:09:55.201","+5.3479358E-02"
"26-03-20 10:09:55.907","+5.3127999E-02"
"26-03-20 10:09:56.614","+5.3546706E-02"
"26-03-20 10:09:57.322","+5.4238929E-02"
"26-03-20 10:09:58.028","+5.3880948E-02"
"26-03-20 10:09:58.732","+5.4188949E-02"
"26-03-20 10:09:59.439","+5.4126849E-02"
"26-03-20 10:10:00.143","+5.3808102E-02"
"26-03-20 10:10:00.851","+5.4117478E-02"
"26-03-20 10:10:01.555","+5.4090489E-02"
"26-03-20 10:10:02.262","+5.3269192E-02"
"26-03-20 10:10:02.965","+5.3240579E-02"
"26-03-20 10:10:03.672","+5.4409361E-02"
"26-03-20 10:10:04.378","+5.3872326E-02"
"26-03-20 10:10:05.085","+5.4014894E-02"
"26-03-20 10:10:05.789","+5.4509571E-02"
"26-03-20 10:10:06.495","+5.4285911E-02"
"26-03-20 10:10:07.198","+5.4447971E-02"
"26-03-20 10:10:07.905","+5.3966288E-02"
"26-03-20 10:10:08.610","+5.3841713E-02"
"26-03-20 10:10:09.316","+5.3257697E-02"
"26-03-20 10:10:10.020","+5.3437875E-02"
"26-03-20 10:10:10.727","+5.4574920E-02"
"26-03-20 10:10:11.431","+5.3845337E-02"
"26-03-20 10:10:12.138","+5.4131972E-02"
"26-03-20 10:10:12.846","+5.3802604E-02"
"26-03-20 10:10:13.554","+5.4094987E-02"
"26-03-20 10:10:14.260","+5.3974785E-02"
"26-03-20 10:10:14.966","+5.4240804E-02"
"26-03-20 10:10:15.673","+5.3828594E-02"
"26-03-20 10:10:16.380","+5.3410636E-02"
"26-03-20 10:10:17.087","+5.3554703E-02"
"26-03-20 10:10:17.795","+5.4178704E-02"
"26-03-20 10:10:18.501","+5.4459466E-02"
"26-03-20 10:10:19.209","+5.3971037E-02"
"26-03-20 10:10:19.915","+5.4477709E-02"
"26-03-20 10:10:20.619","+6.9886670E-02"
"26-03-20 10:10:21.328","+7.8022541E-02"
"26-03-20 10:10:22.032","+5.3968413E-02"
"26-03-20 10:10:22.740","+5.3706892E-02"
"26-03-20 10:10:23.443","+5.3287435E-02"
"26-03-20 10:10:24.150","+5.4255673E-02"
"26-03-20 10:10:24.855","+5.4012520E-02"
"26-03-20 10:10:25.561","+5.3882072E-02"
"26-03-20 10:10:26.266","+5.4040509E-02"
"26-03-20 10:10:26.972","+5.3901939E-02"
"26-03-20 10:10:27.676","+5.4184576E-02"
"26-03-20 10:10:28.383","+5.3901439E-02"
"26-03-20 10:10:29.087","+5.4485831E-02"
"26-03-20 10:10:29.797","+5.3417633E-02"
"26-03-20 10:10:30.500","+5.3028913E-02"
"26-03-20 10:10:31.207","+5.4104983E-02"
"26-03-20 10:10:31.911","+5.4050505E-02"
"26-03-20 10:10:32.618","+5.4202819E-02"
"26-03-20 10:10:33.326","+5.4115604E-02"
"26-03-20 10:10:34.033","+1.0938762E-01"
"26-03-20 10:10:34.739","+5.4467338E-02"
"26-03-20 10:10:35.445","+5.4394367E-02"
"26-03-20 10:10:36.152","+5.3751749E-02"
"26-03-20 10:10:36.860","+5.3425380E-02"
"26-03-20 10:10:37.567","+5.3747751E-02"
"26-03-20 10:10:38.275","+5.3856582E-02"
"26-03-20 10:10:38.981","+5.3792358E-02"
"26-03-20 10:10:39.688","+5.4038510E-02"
"26-03-20 10:10:40.396","+5.4229433E-02"
"26-03-20 10:10:41.099","+5.4247926E-02"
"26-03-20 10:10:41.806","+5.4047131E-02"
"26-03-20 10:10:42.509","+5.4321896E-02"
"26-03-20 10:10:43.216","+5.3378898E-02"
"26-03-20 10:10:43.919","+5.3580943E-02"
"26-03-20 10:10:44.627","+5.4255923E-02"
"26-03-20 10:10:45.331","+5.4031013E-02"
"26-03-20 10:10:46.038","+5.4248800E-02"
"26-03-20 10:10:46.742","+5.4380873E-02"
"26-03-20 10:10:47.450","+5.4047131E-02"
"26-03-20 10:10:48.154","+5.3886445E-02"
"26-03-20 10:10:48.861","+5.3867078E-02"
"26-03-20 10:10:49.564","+5.4281038E-02"
"26-03-20 10:10:50.271","+5.3830468E-02"
"26-03-20 10:10:50.975","+5.3458367E-02"
"26-03-20 10:10:51.682","+5.4228933E-02"
"26-03-20 10:10:52.386","+5.3856582E-02"
"26-03-20 10:10:53.092","+5.4134471E-02"
"26-03-20 10:10:53.796","+5.3947921E-02"
"26-03-20 10:10:54.504","+5.4514319E-02"
"26-03-20 10:10:55.207","+5.3888695E-02"
"26-03-20 10:10:55.916","+5.4620527E-02"
"26-03-20 10:10:56.619","+5.3908936E-02"
"26-03-20 10:10:57.327","+5.3254448E-02"
"26-03-20 10:10:58.033","+5.3509346E-02"
"26-03-20 10:10:58.740","+5.3984781E-02"
"26-03-20 10:10:59.447","+5.4427729E-02"
"26-03-20 10:11:00.153","+5.3982907E-02"
"26-03-20 10:11:00.861","+5.4169832E-02"
"26-03-20 10:11:01.567","+5.3971286E-02"
"26-03-20 10:11:02.274","+5.4445847E-02"
"26-03-20 10:11:02.981","+5.4234181E-02"
"26-03-20 10:11:03.689","+5.3231083E-02"
"26-03-20 10:11:04.403","+5.3532962E-02"
"26-03-20 10:11:05.162","+5.3969787E-02"
"26-03-20 10:11:05.870","+5.4104483E-02"
"26-03-20 10:11:06.573","+5.3922931E-02"
"26-03-20 10:11:07.280","+5.4070497E-02"
"26-03-20 10:11:08.032","+5.4282287E-02"
"26-03-20 10:11:08.739","+1.0490129E-01"
"26-03-20 10:11:09.445","+5.3430378E-02"
"26-03-20 10:11:10.151","+5.3324295E-02"
"26-03-20 10:11:10.859","+5.4255673E-02"
"26-03-20 10:11:11.611","+5.3992778E-02"
"26-03-20 10:11:12.319","+5.4210441E-02"
"26-03-20 10:11:13.027","+5.3875200E-02"
"26-03-20 10:11:13.733","+5.4358257E-02"
"26-03-20 10:11:14.487","+5.4110481E-02"
"26-03-20 10:11:15.193","+5.3422006E-02"
"26-03-20 10:11:15.900","+5.3615804E-02"
"26-03-20 10:11:16.607","+5.3637295E-02"
"26-03-20 10:11:17.314","+5.4035386E-02"
"26-03-20 10:11:18.071","+5.3817098E-02"
"26-03-20 10:11:18.777","+5.4018518E-02"
"26-03-20 10:11:19.484","+5.4024390E-02"
"26-03-20 10:11:20.191","+5.3917058E-02"
"26-03-20 10:11:20.947","+6.7224735E-02"
"26-03-20 10:11:21.655","+8.0222161E-02"
"26-03-20 10:11:22.362","+5.3636171E-02"
"26-03-20 10:11:23.068","+5.4073371E-02"
"26-03-20 10:11:23.775","+5.4325895E-02"
"26-03-20 10:11:24.532","+5.4072371E-02"
"26-03-20 10:11:25.239","+5.4267793E-02"
"26-03-20 10:11:25.944","+5.3992653E-02"
"26-03-20 10:11:26.650","+5.4158337E-02"
"26-03-20 10:11:27.405","+5.3286560E-02"
"26-03-20 10:11:28.111","+5.3588814E-02"
"26-03-20 10:11:28.818","+5.4025515E-02"
"26-03-20 10:11:29.524","+5.4018643E-02"
"26-03-20 10:11:30.231","+5.4235306E-02"
"26-03-20 10:11:30.985","+1.1047506E-01"
"26-03-20 10:11:31.688","+5.4702994E-02"
"26-03-20 10:11:32.395","+5.4110356E-02"
"26-03-20 10:11:33.099","+5.3541958E-02"
"26-03-20 10:11:33.854","+5.3414009E-02"
"26-03-20 10:11:34.561","+5.4192198E-02"
"26-03-20 10:11:35.265","+5.4032637E-02"
"26-03-20 10:11:35.972","+5.4370377E-02"
"26-03-20 10:11:36.676","+5.3918433E-02"
"26-03-20 10:11:37.437","+5.3764994E-02"
"26-03-20 10:11:38.143","+5.3916683E-02"
"26-03-20 10:11:38.846","+5.3853958E-02"
"26-03-20 10:11:39.555","+5.3556577E-02"
"26-03-20 10:11:40.307","+5.4545182E-02"
"26-03-20 10:11:41.010","+5.4136096E-02"
"26-03-20 10:11:41.716","+5.4225435E-02"
"26-03-20 10:11:42.420","+5.4258422E-02"
"26-03-20 10:11:43.127","+5.4190574E-02"
"26-03-20 10:11:43.880","+5.3997401E-02"
"26-03-20 10:11:44.586","+5.3832467E-02"
"26-03-20 10:11:45.294","+5.3286310E-02"
"26-03-20 10:11:45.997","+5.3558202E-02"
"26-03-20 10:11:46.705","+5.4064874E-02"
"26-03-20 10:11:47.458","+5.3983407E-02"
"26-03-20 10:11:48.166","+5.3938675E-02"
"26-03-20 10:11:48.873","+5.3731382E-02"
"26-03-20 10:11:49.580","+5.4586790E-02"
"26-03-20 10:11:50.336","+5.3755373E-02"
"26-03-20 10:11:51.042","+5.3187350E-02"
"26-03-20 10:11:51.749","+5.3223586E-02"
"26-03-20 10:11:52.456","+5.4090614E-02"
"26-03-20 10:11:53.164","+5.4075370E-02"
"26-03-20 10:11:53.920","+5.4305153E-02"
"26-03-20 10:11:54.627","+5.4100985E-02"
"26-03-20 10:11:55.334","+5.4226809E-02"
"26-03-20 10:11:56.041","+5.4029263E-02"
"26-03-20 10:11:56.798","+5.3284936E-02"
"26-03-20 10:11:57.504","+5.3351035E-02"
"26-03-20 10:11:58.211","+5.4368877E-02"
"26-03-20 10:11:58.918","+5.3986405E-02"
"26-03-20 10:11:59.625","+5.4065499E-02"
"26-03-20 10:12:00.381","+5.4183951E-02"
"26-03-20 10:12:01.088","+5.3816973E-02"
"26-03-20 10:12:01.795","+5.4278164E-02"
"26-03-20 10:12:02.501","+5.4060501E-02"
"26-03-20 10:12:03.256","+5.3384896E-02"
"26-03-20 10:12:03.963","+5.3518593E-02"
"26-03-20 10:12:04.671","+5.4053129E-02"
"26-03-20 10:12:05.379","+5.3928679E-02"
"26-03-20 10:12:06.085","+5.3954918E-02"
"26-03-20 10:12:06.841","+5.4080368E-02"
"26-03-20 10:12:07.547","+5.4602034E-02"
"26-03-20 10:12:08.255","+5.3986280E-02"
"26-03-20 10:12:08.961","+5.3423506E-02"
"26-03-20 10:12:09.715","+5.3405763E-02"
"26-03-20 10:12:10.421","+5.3859581E-02"
"26-03-20 10:12:11.126","+5.4091488E-02"
"26-03-20 10:12:11.833","+5.3938425E-02"
"26-03-20 10:12:12.539","+5.3987530E-02"
"26-03-20 10:12:13.282","+5.4140594E-02"
"26-03-20 10:12:13.990","+5.4017518E-02"
"26-03-20 10:12:14.694","+5.4404488E-02"
"26-03-20 10:12:15.402","+5.3403014E-02"
"26-03-20 10:12:16.141","+5.4712615E-02"
"26-03-20 10:12:16.844","+5.4041633E-02"
"26-03-20 10:12:17.551","+5.3900690E-02"
"26-03-20 10:12:18.255","+5.3959791E-02"
"26-03-20 10:12:18.962","+5.4063250E-02"
"26-03-20 10:12:19.702","+5.3672406E-02"
"26-03-20 10:12:20.408","+5.3984031E-02"
"26-03-20 10:12:21.115","+5.3775240E-02"
"26-03-20 10:12:21.823","+5.3378274E-02"
"26-03-20 10:12:22.567","+5.4393992E-02"
"26-03-20 10:12:23.273","+5.4370127E-02"
"26-03-20 10:12:23.979","+5.3977909E-02"
"26-03-20 10:12:24.684","+5.4153714E-02"
"26-03-20 10:12:25.391","+5.4342888E-02"
"26-03-20 10:12:26.132","+5.3933926E-02"
"26-03-20 10:12:26.835","+5.4345262E-02"
"26-03-20 10:12:27.542","+5.3116378E-02"
"26-03-20 10:12:28.246","+5.3882947E-02"
"26-03-20 10:12:28.989","+5.3661036E-02"
"26-03-20 10:12:29.696","+5.4246301E-02"
"26-03-20 10:12:30.403","+5.3906562E-02"
"26-03-20 10:12:31.110","+5.3742253E-02"
"26-03-20 10:12:31.820","+5.4028014E-02"
"26-03-20 10:12:32.562","+5.3885946E-02"
"26-03-20 10:12:33.268","+5.3473860E-02"
"26-03-20 10:12:33.975","+5.3516843E-02"
"26-03-20 10:12:34.682","+5.4083367E-02"
"26-03-20 10:12:35.428","+5.3964664E-02"
"26-03-20 10:12:36.134","+5.4224685E-02"
"26-03-20 10:12:36.839","+5.4200320E-02"
"26-03-20 10:12:37.545","+5.3915934E-02"
"26-03-20 10:12:38.249","+5.3771991E-02"
"26-03-20 10:12:38.995","+5.4182577E-02"
"26-03-20 10:12:39.701","+5.3674280E-02"
"26-03-20 10:12:40.407","+5.3415134E-02"
"26-03-20 10:12:41.113","+5.3613055E-02"
"26-03-20 10:12:41.856","+5.3828719E-02"
"26-03-20 10:12:42.562","+5.3765119E-02"
"26-03-20 10:12:43.269","+5.4323271E-02"
"26-03-20 10:12:43.976","+5.3866703E-02"
"26-03-20 10:12:44.683","+5.3925680E-02"
"26-03-20 10:12:45.430","+5.3195722E-02"
"26-03-20 10:12:46.136","+5.3386021E-02"
"26-03-20 10:12:46.844","+5.3662410E-02"
"26-03-20 10:12:47.550","+5.4126724E-02"
"26-03-20 10:12:48.258","+5.4373001E-02"
"26-03-20 10:12:49.009","+5.3957917E-02"
"26-03-20 10:12:49.716","+5.3939174E-02"
"26-03-20 10:12:50.423","+5.4118977E-02"
"26-03-20 10:12:51.129","+5.4160461E-02"
"26-03-20 10:12:51.876","+5.3595062E-02"
"26-03-20 10:12:52.580","+5.3727259E-02"
"26-03-20 10:12:53.287","+5.4194947E-02"
"26-03-20 10:12:53.990","+5.4354008E-02"
"26-03-20 10:12:54.696","+5.4153089E-02"
"26-03-20 10:12:55.443","+5.3909561E-02"
"26-03-20 10:12:56.147","+5.4360256E-02"
"26-03-20 10:12:56.855","+5.4129848E-02"
"26-03-20 10:12:57.560","+5.3870827E-02"
"26-03-20 10:12:58.310","+5.3078768E-02"
"26-03-20 10:12:59.017","+5.4019767E-02"
"26-03-20 10:12:59.724","+5.4336390E-02"
"26-03-20 10:13:00.432","+5.3788235E-02"
"26-03-20 10:13:01.135","+5.4172956E-02"
"26-03-20 10:13:01.887","+5.4018643E-02"
"26-03-20 10:13:02.594","+5.4304528E-02"
"26-03-20 10:13:03.300","+5.3911435E-02"
"26-03-20 10:13:04.007","+5.3384646E-02"
"26-03-20 10:13:04.758","+5.3490104E-02"
"26-03-20 10:13:05.464","+5.3966164E-02"
"26-03-20 10:13:06.170","+5.4430728E-02"
"26-03-20 10:13:06.879","+5.4372876E-02"
"26-03-20 10:13:07.586","+8.6587115E-02"
"26-03-20 10:13:08.339","+5.6102434E-02"
"26-03-20 10:13:09.045","+5.4015894E-02"
"26-03-20 10:13:09.751","+5.3304053E-02"
"26-03-20 10:13:10.457","+5.3222586E-02"
"26-03-20 10:13:11.209","+5.3751874E-02"
"26-03-20 10:13:11.912","+5.4040634E-02"
"26-03-20 10:13:12.618","+5.3863080E-02"
"26-03-20 10:13:13.323","+5.3603309E-02"
"26-03-20 10:13:14.029","+5.4150340E-02"
"26-03-20 10:13:14.776","+5.4276289E-02"
"26-03-20 10:13:15.482","+5.3821846E-02"
"26-03-20 10:13:16.188","+5.3320422E-02"
"26-03-20 10:13:16.892","+5.3329543E-02"
"26-03-20 10:13:17.642","+5.3342788E-02"
"26-03-20 10:13:18.349","+5.4119352E-02"
"26-03-20 10:13:19.053","+5.4542308E-02"
"26-03-20 10:13:19.760","+5.4126225E-02"
"26-03-20 10:13:20.464","+5.3816973E-02"
"26-03-20 10:13:21.214","+5.4099860E-02"
"26-03-20 10:13:21.921","+5.3632172E-02"
"26-03-20 10:13:22.627","+5.3351659E-02"
"26-03-20 10:13:23.334","+5.3720887E-02"
"26-03-20 10:13:24.085","+5.4348011E-02"
"26-03-20 10:13:24.791","+5.3874075E-02"
"26-03-20 10:13:25.498","+5.4344262E-02"
"26-03-20 10:13:26.204","+5.3761246E-02"
"26-03-20 10:13:26.911","+5.3962540E-02"
"26-03-20 10:13:27.660","+5.3916184E-02"
"26-03-20 10:13:28.373","+5.3514344E-02"
"26-03-20 10:13:29.080","+5.3647291E-02"
"26-03-20 10:13:29.787","+5.3865579E-02"
"26-03-20 10:13:30.535","+5.3736006E-02"
"26-03-20 10:13:31.239","+5.4210191E-02"
"26-03-20 10:13:31.945","+5.4032387E-02"
"26-03-20 10:13:32.651","+5.4430103E-02"
"26-03-20 10:13:33.359","+5.4421356E-02"
"26-03-20 10:13:34.104","+5.3529338E-02"
"26-03-20 10:13:34.807","+5.3126749E-02"
"26-03-20 10:13:35.514","+5.3803104E-02"
"26-03-20 10:13:36.218","+5.4074870E-02"
"26-03-20 10:13:36.966","+5.4584416E-02"
"26-03-20 10:13:37.672","+5.4475335E-02"
"26-03-20 10:13:38.380","+5.3743628E-02"
"26-03-20 10:13:39.086","+5.4073496E-02"
"26-03-20 10:13:39.791","+5.4176454E-02"
"26-03-20 10:13:40.538","+5.3195097E-02"
"26-03-20 10:13:41.246","+5.3373401E-02"
"26-03-20 10:13:41.952","+5.4160086E-02"
"26-03-20 10:13:42.659","+5.4301529E-02"
"26-03-20 10:13:43.408","+5.3742003E-02"
"26-03-20 10:13:44.114","+5.3934926E-02"
"26-03-20 10:13:44.821","+5.3827344E-02"
"26-03-20 10:13:45.529","+5.4210316E-02"
"26-03-20 10:13:46.235","+5.3151614E-02"
"26-03-20 10:13:46.982","+5.3373276E-02"
"26-03-20 10:13:47.688","+5.4146716E-02"
"26-03-20 10:13:48.392","+5.4241054E-02"
"26-03-20 10:13:49.098","+5.4045632E-02"
"26-03-20 10:13:49.843","+5.3811600E-02"
"26-03-20 10:13:50.548","+5.3868827E-02"
"26-03-20 10:13:51.254","+5.3728634E-02"
"26-03-20 10:13:51.958","+5.3960666E-02"
"26-03-20 10:13:52.665","+5.3331292E-02"
"26-03-20 10:13:53.409","+5.4034761E-02"
"26-03-20 10:13:54.116","+5.3609806E-02"
"26-03-20 10:13:54.822","+5.4338515E-02"
"26-03-20 10:13:55.529","+5.3835841E-02"
"26-03-20 10:13:56.276","+5.3920307E-02"
"26-03-20 10:13:56.982","+5.4176954E-02"
"26-03-20 10:13:57.688","+5.4213065E-02"
"26-03-20 10:13:58.395","+5.3359531E-02"
"26-03-20 10:13:59.103","+5.3433502E-02"
"26-03-20 10:13:59.851","+5.4098860E-02"
"26-03-20 10:14:00.555","+5.4362630E-02"
"26-03-20 10:14:01.262","+5.4458217E-02"
"26-03-20 10:14:01.966","+5.4009896E-02"
"26-03-20 10:14:02.714","+5.3712015E-02"
"26-03-20 10:14:03.421","+5.3973411E-02"
"26-03-20 10:14:04.124","+5.4316523E-02"
"26-03-20 10:14:04.832","+5.3376274E-02"
"26-03-20 10:14:05.536","+5.3307427E-02"
"26-03-20 10:14:06.284","+5.3918683E-02"
"26-03-20 10:14:06.992","+5.4065749E-02"
"26-03-20 10:14:07.697","+5.3887195E-02"
"26-03-20 10:14:08.403","+5.4005648E-02"
"26-03-20 10:14:09.148","+5.3899440E-02"
"26-03-20 10:14:09.855","+5.3710891E-02"
"26-03-20 10:14:10.562","+5.3102884E-02"
"26-03-20 10:14:11.268","+5.3708392E-02"
"26-03-20 10:14:11.975","+5.9350760E-02"
"26-03-20 10:14:12.724","+5.4695872E-02"
"26-03-20 10:14:13.431","+5.3889569E-02"
"26-03-20 10:14:14.138","+5.4357132E-02"
"26-03-20 10:14:14.846","+5.4248676E-02"
"26-03-20 10:14:15.552","+5.3783487E-02"
"26-03-20 10:14:16.304","+5.3580818E-02"
"26-03-20 10:14:17.011","+5.3418508E-02"
"26-03-20 10:14:17.718","+5.3281437E-02"
"26-03-20 10:14:18.426","+5.4246301E-02"
"26-03-20 10:14:19.177","+5.4055503E-02"
"26-03-20 10:14:19.880","+5.4091488E-02"
"26-03-20 10:14:20.586","+5.4027264E-02"
"26-03-20 10:14:21.290","+5.4455968E-02"
"26-03-20 10:14:21.997","+5.4516318E-02"
"26-03-20 10:14:22.748","+5.3520092E-02"
"26-03-20 10:14:23.451","+5.3449745E-02"
"26-03-20 10:14:24.158","+5.3780863E-02"
"26-03-20 10:14:24.864","+5.4271916E-02"
"26-03-20 10:14:25.619","+5.3940799E-02"
"26-03-20 10:14:26.325","+5.4274790E-02"
"26-03-20 10:14:27.029","+5.4140094E-02"
"26-03-20 10:14:27.736","+5.3911560E-02"
"26-03-20 10:14:28.440","+5.3943922E-02"
"26-03-20 10:14:29.196","+5.3150615E-02"
"26-03-20 10:14:29.902","+5.4139844E-02"
"26-03-20 10:14:30.607","+5.4512570E-02"
"26-03-20 10:14:31.315","+5.4086865E-02"
"26-03-20 10:14:33.655","+5.3309301E-02"
"26-03-20 10:14:34.362","+5.3912810E-02"
"26-03-20 10:14:35.068","+5.4643643E-02"
"26-03-20 10:14:35.776","+5.3989029E-02"
"26-03-20 10:14:36.482","+5.3988405E-02"
"26-03-20 10:14:37.190","+5.4120102E-02"
"26-03-20 10:14:37.896","+5.3951045E-02"
"26-03-20 10:14:38.603","+5.4140594E-02"
"26-03-20 10:14:39.311","+5.4081617E-02"
"26-03-20 10:14:40.017","+5.3399265E-02"
"26-03-20 10:14:40.722","+5.3659536E-02"
"26-03-20 10:14:41.428","+5.3843962E-02"
"26-03-20 10:14:42.132","+5.4002399E-02"
"26-03-20 10:14:42.840","+5.4159086E-02"
"26-03-20 10:14:43.543","+5.4124850E-02"
"26-03-20 10:14:44.252","+5.4287910E-02"
"26-03-20 10:14:44.955","+5.3875200E-02"
"26-03-20 10:14:45.662","+5.4250300E-02"
"26-03-20 10:14:46.367","+5.4210441E-02"
"26-03-20 10:14:47.073","+5.3336915E-02"
"26-03-20 10:14:47.778","+5.3172481E-02"
"26-03-20 10:14:48.484","+5.4606657E-02"
"26-03-20 10:14:49.188","+5.4162585E-02"
"26-03-20 10:14:49.895","+5.3866204E-02"
"26-03-20 10:14:50.599","+5.4087365E-02"
"26-03-20 10:14:51.307","+5.4139594E-02"
"26-03-20 10:14:52.010","+5.4073995E-02"
"26-03-20 10:14:52.719","+5.4400865E-02"
"26-03-20 10:14:53.422","+5.3651165E-02"
"26-03-20 10:14:54.129","+5.3266818E-02"
"26-03-20 10:14:54.836","+5.3409636E-02"
"26-03-20 10:14:55.544","+5.3981782E-02"
"26-03-20 10:14:56.251","+5.4127099E-02"
"26-03-20 10:14:56.957","+5.4107357E-02"
"26-03-20 10:14:57.665","+5.4289659E-02"
"26-03-20 10:14:58.372","+5.4125100E-02"
"26-03-20 10:14:59.078","+5.4189074E-02"
"26-03-20 10:14:59.785","+5.4461216E-02"
"26-03-20 10:15:00.492","+5.3359281E-02"
"26-03-20 10:15:01.200","+5.3311675E-02"
"26-03-20 10:15:01.906","+5.3791109E-02"
"26-03-20 10:15:02.610","+5.4150715E-02"
"26-03-20 10:15:03.318","+5.4315524E-02"
"26-03-20 10:15:04.021","+5.4210691E-02"
"26-03-20 10:15:04.727","+5.3958417E-02"
"26-03-20 10:15:05.432","+5.4211940E-02"
"26-03-20 10:15:06.138","+5.4139719E-02"
"26-03-20 10:15:06.843","+5.4757347E-02"
"26-03-20 10:15:07.549","+5.3396266E-02"
"26-03-20 10:15:08.253","+5.3236830E-02"
"26-03-20 10:15:08.961","+5.4050255E-02"
"26-03-20 10:15:09.666","+5.3947921E-02"
"26-03-20 10:15:10.372","+5.3885946E-02"
"26-03-20 10:15:11.076","+5.4273416E-02"
"26-03-20 10:15:11.783","+5.4440599E-02"
"26-03-20 10:15:12.488","+5.4118478E-02"
"26-03-20 10:15:13.194","+5.3801979E-02"
"26-03-20 10:15:13.898","+5.3592188E-02"
"26-03-20 10:15:14.605","+5.3296931E-02"
"26-03-20 10:15:15.310","+6.0701719E-02"
"26-03-20 10:15:16.016","+5.4179078E-02"
"26-03-20 10:15:16.720","+5.4354758E-02"
"26-03-20 10:15:17.427","+5.3811101E-02"
"26-03-20 10:15:18.135","+5.4232557E-02"
"26-03-20 10:15:18.842","+5.4025515E-02"
"26-03-20 10:15:19.550","+5.4313400E-02"
"26-03-20 10:15:20.256","+5.4161335E-02"
"26-03-20 10:15:20.963","+5.3485981E-02"
"26-03-20 10:15:21.670","+5.3535586E-02"
"26-03-20 10:15:22.378","+5.3820597E-02"
"26-03-20 10:15:23.084","+5.3824720E-02"
"26-03-20 10:15:23.792","+5.4158961E-02"
"26-03-20 10:15:24.496","+5.4262545E-02"
"26-03-20 10:15:25.202","+5.4324145E-02"
"26-03-20 10:15:25.906","+5.3865954E-02"
"26-03-20 10:15:26.613","+5.4140844E-02"
"26-03-20 10:15:27.318","+5.3988904E-02"
"26-03-20 10:15:28.024","+5.3181477E-02"
"26-03-20 10:15:28.728","+5.3633921E-02"
"26-03-20 10:15:29.434","+5.3860206E-02"
"26-03-20 10:15:30.138","+5.4179328E-02"
"26-03-20 10:15:30.846","+5.3985656E-02"
"26-03-20 10:15:31.549","+5.4317773E-02"
"26-03-20 10:15:32.256","+5.4185451E-02"
"26-03-20 10:15:32.960","+5.4131597E-02"
"26-03-20 10:15:33.667","+5.4554303E-02"
"26-03-20 10:15:34.370","+5.4268668E-02"
"26-03-20 10:15:35.078","+5.3239329E-02"
"26-03-20 10:15:35.783","+5.3472861E-02"
"26-03-20 10:15:36.489","+5.4196696E-02"
"26-03-20 10:15:37.193","+5.4337640E-02"
"26-03-20 10:15:37.900","+5.4103609E-02"
"26-03-20 10:15:38.604","+5.4012020E-02"
"26-03-20 10:15:39.311","+5.3934301E-02"
"26-03-20 10:15:40.014","+5.3983781E-02"
"26-03-20 10:15:40.721","+5.3869702E-02"
"26-03-20 10:15:41.424","+5.3189849E-02"
"26-03-20 10:15:42.130","+5.3420507E-02"
"26-03-20 10:15:42.837","+5.3905938E-02"
"26-03-20 10:15:43.544","+5.4091988E-02"
"26-03-20 10:15:44.253","+5.4133472E-02"
"26-03-20 10:15:44.960","+5.4142093E-02"
"26-03-20 10:15:45.668","+5.4408986E-02"
"26-03-20 10:15:46.376","+5.4060876E-02"
"26-03-20 10:15:47.082","+5.3726135E-02"
"26-03-20 10:15:47.789","+5.4181078E-02"
"26-03-20 10:15:48.496","+5.3176354E-02"
"26-03-20 10:15:49.201","+5.3408262E-02"
"26-03-20 10:15:49.908","+5.3808602E-02"
"26-03-20 10:15:50.612","+5.4256547E-02"
"26-03-20 10:15:51.319","+5.4343138E-02"
"26-03-20 10:15:52.022","+5.4180703E-02"
"26-03-20 10:15:52.730","+5.4248176E-02"
"26-03-20 10:15:53.433","+5.3997901E-02"
"26-03-20 10:15:54.139","+5.4094487E-02"
"26-03-20 10:15:54.844","+5.3926304E-02"
"26-03-20 10:15:55.558","+5.3476484E-02"
"26-03-20 10:15:56.261","+5.3156612E-02"
"26-03-20 10:15:56.967","+5.3936800E-02"
"26-03-20 10:15:57.671","+5.3890319E-02"
"26-03-20 10:15:58.378","+5.4247801E-02"
"26-03-20 10:15:59.081","+5.3995652E-02"
"26-03-20 10:15:59.787","+5.4139094E-02"
"26-03-20 10:16:00.491","+5.4486830E-02"
"26-03-20 10:16:01.199","+5.4124975E-02"
"26-03-20 10:16:01.902","+1.0797194E-01"
"26-03-20 10:16:02.609","+5.3495727E-02"
"26-03-20 10:16:03.313","+5.3398516E-02"
"26-03-20 10:16:04.020","+5.3751874E-02"
"26-03-20 10:16:04.727","+5.3958667E-02"
"26-03-20 10:16:05.434","+5.4451220E-02"
"26-03-20 10:16:06.140","+5.4235056E-02"
"26-03-20 10:16:06.847","+5.3938675E-02"
"26-03-20 10:16:07.553","+5.4174080E-02"
"26-03-20 10:16:08.260","+1.9461828E-01"
"26-03-20 10:16:08.967","+3.7326357E-01"
"26-03-20 10:16:09.674","+3.7773266E-01"
"26-03-20 10:16:10.383","+3.8092963E-01"
"26-03-20 10:16:11.089","+3.7964064E-01"
"26-03-20 10:16:11.796","+3.8126774E-01"
"26-03-20 10:16:12.500","+3.8030100E-01"
"26-03-20 10:16:13.207","+3.7985006E-01"
"26-03-20 10:16:13.911","+3.8050805E-01"
"26-03-20 10:16:14.617","+3.7957879E-01"
"26-03-20 10:16:15.321","+3.8085803E-01"
"26-03-20 10:16:16.029","+3.7987730E-01"
"26-03-20 10:16:16.732","+3.8004836E-01"
"26-03-20 10:16:17.439","+3.8093063E-01"
"26-03-20 10:16:18.143","+3.8061813E-01"
"26-03-20 10:16:18.851","+3.7529988E-01"
"26-03-20 10:16:19.554","+3.3354858E-01"
"26-03-20 10:16:20.261","+9.8865454E-02"
"26-03-20 10:16:20.965","+5.4563799E-02"
"26-03-20 10:16:21.671","+5.4229558E-02"
"26-03-20 10:16:22.375","+5.3923431E-02"
"26-03-20 10:16:23.083","+5.3674780E-02"
"26-03-20 10:16:23.786","+5.3670282E-02"
"26-03-20 10:16:24.492","+5.4106357E-02"
"26-03-20 10:16:25.196","+5.3982907E-02"
"26-03-20 10:16:25.902","+5.4036760E-02"
"26-03-20 10:16:26.606","+5.4047006E-02"
"26-03-20 10:16:27.316","+5.4596661E-02"
"26-03-20 10:16:28.022","+5.4084366E-02"
"26-03-20 10:16:28.729","+5.4023391E-02"
"26-03-20 10:16:29.436","+5.3288934E-02"
"26-03-20 10:16:30.143","+5.3330543E-02"
"26-03-20 10:16:30.850","+5.4227684E-02"
"26-03-20 10:16:31.556","+5.4040384E-02"
"26-03-20 10:16:32.263","+5.4083492E-02"
"26-03-20 10:16:32.971","+5.4035386E-02"
"26-03-20 10:16:33.677","+5.4266543E-02"
"26-03-20 10:16:34.384","+5.3926554E-02"
"26-03-20 10:16:35.092","+5.4438475E-02"
"26-03-20 10:16:35.798","+5.3962915E-02"
"26-03-20 10:16:36.505","+5.4020642E-02"
"26-03-20 10:16:37.209","+5.3263445E-02"
"26-03-20 10:16:37.915","+5.4056128E-02"
"26-03-20 10:16:38.619","+5.3750250E-02"
"26-03-20 10:16:39.327","+5.3933302E-02"
"26-03-20 10:16:40.030","+5.4005898E-02"
"26-03-20 10:16:40.737","+5.3978284E-02"
"26-03-20 10:16:41.441","+5.4199945E-02"
"26-03-20 10:16:42.148","+5.4259796E-02"
"26-03-20 10:16:42.853","+5.3772366E-02"
"26-03-20 10:16:43.559","+5.3258322E-02"
"26-03-20 10:16:44.265","+5.3464114E-02"
"26-03-20 10:16:44.972","+5.4241803E-02"
"26-03-20 10:16:45.676","+5.3668408E-02"
"26-03-20 10:16:46.383","+5.3901439E-02"
"26-03-20 10:16:47.087","+5.4194572E-02"
"26-03-20 10:16:47.795","+5.4263794E-02"
"26-03-20 10:16:48.498","+5.4098736E-02"
"26-03-20 10:16:49.205","+5.3949920E-02"
"26-03-20 10:16:49.911","+5.3283811E-02"
"26-03-20 10:16:50.618","+5.3723760E-02"
"26-03-20 10:16:51.325","+5.4256297E-02"
"26-03-20 10:16:52.031","+5.3785111E-02"
"26-03-20 10:16:52.738","+5.4006522E-02"
"26-03-20 10:16:53.447","+5.4171956E-02"
"26-03-20 10:16:54.153","+5.4318148E-02"
"26-03-20 10:16:54.861","+5.4255048E-02"
"26-03-20 10:16:55.567","+5.3870452E-02"
"26-03-20 10:16:56.274","+5.3814474E-02"
"26-03-20 10:16:56.982","+5.3588939E-02"
"26-03-20 10:16:57.685","+5.3289309E-02"
"26-03-20 10:16:58.392","+5.4882047E-02"
"26-03-20 10:16:59.096","+5.3652789E-02"
"26-03-20 10:16:59.803","+5.4104733E-02"
"26-03-20 10:17:00.507","+5.4231557E-02"
"26-03-20 10:17:01.214","+5.3909061E-02"
"26-03-20 10:17:01.920","+5.3779113E-02"
"26-03-20 10:17:02.626","+5.3933677E-02"
"26-03-20 10:17:03.331","+5.4198571E-02"
"26-03-20 10:17:04.037","+5.3366903E-02"
"26-03-20 10:17:04.741","+5.3377774E-02"
"26-03-20 10:17:05.448","+5.3924430E-02"
"26-03-20 10:17:06.152","+5.7543608E-02"
"26-03-20 10:17:06.859","+5.4140469E-02"
"26-03-20 10:17:07.563","+5.4125850E-02"
"26-03-20 10:17:08.271","+5.4180078E-02"
"26-03-20 10:17:08.975","+5.4453968E-02"
"26-03-20 10:17:09.681","+5.4207817E-02"
"26-03-20 10:17:10.387","+5.3071521E-02"
"26-03-20 10:17:11.093","+5.3063525E-02"
"26-03-20 10:17:11.799","+5.4247176E-02"
"26-03-20 10:17:12.506","+5.4444722E-02"
"26-03-20 10:17:13.213","+5.4005898E-02"
"26-03-20 10:17:13.919","+5.4453094E-02"
"26-03-20 10:17:14.626","+5.3981657E-02"
"26-03-20 10:17:15.333","+5.4290534E-02"
"26-03-20 10:17:16.041","+5.3955668E-02"
"26-03-20 10:17:16.747","+5.4638894E-02"
"26-03-20 10:17:17.455","+5.3674405E-02"
"26-03-20 10:17:18.161","+5.3244327E-02"
"26-03-20 10:17:18.870","+5.4370627E-02"
"26-03-20 10:17:19.574","+5.4210066E-02"
"26-03-20 10:17:20.281","+5.4207567E-02"
"26-03-20 10:17:20.985","+5.4609281E-02"
"26-03-20 10:17:21.691","+5.4247676E-02"
"26-03-20 10:17:22.395","+5.3949545E-02"
"26-03-20 10:17:23.102","+5.4021391E-02"
"26-03-20 10:17:23.805","+5.4420232E-02"
"26-03-20 10:17:24.512","+5.3206093E-02"
"26-03-20 10:17:25.217","+5.3456243E-02"
"26-03-20 10:17:25.923","+5.4016019E-02"
"26-03-20 10:17:26.627","+5.4116353E-02"
"26-03-20 10:17:27.336","+5.4153464E-02"
"26-03-20 10:17:28.040","+5.4114854E-02"
"26-03-20 10:17:28.747","+5.3920432E-02"
"26-03-20 10:17:29.450","+5.4091863E-02"
"26-03-20 10:17:30.156","+5.4412860E-02"
"26-03-20 10:17:30.861","+5.3274815E-02"
"26-03-20 10:17:31.567","+5.3250825E-02"
"26-03-20 10:17:32.271","+5.3520967E-02"
"26-03-20 10:17:32.977","+5.4111355E-02"
"26-03-20 10:17:33.682","+5.3964414E-02"
"26-03-20 10:17:34.388","+5.4290659E-02"
"26-03-20 10:17:35.092","+5.3879448E-02"
"26-03-20 10:17:35.800","+5.3958417E-02"
"26-03-20 10:17:36.507","+5.4166458E-02"
"26-03-20 10:17:37.213","+5.4315524E-02"
"26-03-20 10:17:37.920","+5.3369527E-02"
"26-03-20 10:17:38.626","+5.3367028E-02"
"26-03-20 10:17:39.333","+5.4180703E-02"
"26-03-20 10:17:40.040","+5.3749250E-02"
"26-03-20 10:17:40.747","+5.3974160E-02"
"26-03-20 10:17:41.453","+5.4212565E-02"
"26-03-20 10:17:42.160","+5.3814474E-02"
"26-03-20 10:17:42.868","+5.4240679E-02"
"26-03-20 10:17:43.575","+5.4404988E-02"
"26-03-20 10:17:44.278","+5.4266418E-02"
"26-03-20 10:17:44.987","+5.3367653E-02"
"26-03-20 10:17:45.690","+5.3441998E-02"
"26-03-20 10:17:46.396","+5.3954168E-02"
"26-03-20 10:17:47.100","+5.4042883E-02"
"26-03-20 10:17:47.807","+5.4741728E-02"
"26-03-20 10:17:48.510","+5.3961166E-02"
"26-03-20 10:17:49.217","+5.4319147E-02"
"26-03-20 10:17:49.920","+5.4041009E-02"
"26-03-20 10:17:50.626","+5.4055128E-02"
"26-03-20 10:17:51.331","+5.4181827E-02"
"26-03-20 10:17:52.037","+5.3415634E-02"
"26-03-20 10:17:52.741","+5.3260821E-02"
"26-03-20 10:17:53.449","+5.4049130E-02"
"26-03-20 10:17:54.152","+5.4076369E-02"
"26-03-20 10:17:54.859","+5.4128599E-02"
"26-03-20 10:17:55.562","+5.4130973E-02"
"26-03-20 10:17:56.268","+5.3957542E-02"
"26-03-20 10:17:56.972","+5.4682252E-02"
"26-03-20 10:17:57.678","+5.4023391E-02"
"26-03-20 10:17:58.382","+5.3762120E-02"
"26-03-20 10:17:59.089","+5.3404638E-02"
"26-03-20 10:17:59.793","+5.4112730E-02"
"26-03-20 10:18:00.500","+5.4125725E-02"
"26-03-20 10:18:01.203","+5.3981158E-02"
"26-03-20 10:18:01.911","+5.4274915E-02"
"26-03-20 10:18:02.618","+5.4231932E-02"
"26-03-20 10:18:03.325","+5.4213440E-02"
"26-03-20 10:18:04.030","+5.3984281E-02"
"26-03-20 10:18:04.736","+5.4054503E-02"
"26-03-20 10:18:05.443","+5.3342038E-02"
"26-03-20 10:18:06.150","+5.3595562E-02"
"26-03-20 10:18:06.858","+5.3938175E-02"
"26-03-20 10:18:07.564","+5.3657662E-02"
"26-03-20 10:18:08.271","+5.4212065E-02"
"26-03-20 10:18:08.978","+5.4161335E-02"
"26-03-20 10:18:09.686","+6.3038160E-02"
"26-03-20 10:18:10.391","+5.3889694E-02"
"26-03-20 10:18:11.097","+5.3918183E-02"
"26-03-20 10:18:11.801","+5.4342763E-02"
"26-03-20 10:18:12.509","+5.3757372E-02"
"26-03-20 10:18:13.212","+5.3459241E-02"
"26-03-20 10:18:13.918","+5.4010021E-02"
"26-03-20 10:18:14.622","+5.4474460E-02"
"26-03-20 10:18:15.329","+5.3773616E-02"
"26-03-20 10:18:16.033","+5.3620677E-02"
"26-03-20 10:18:16.798","+5.4073621E-02"
"26-03-20 10:18:17.504","+5.4035011E-02"
"26-03-20 10:18:18.208","+5.4104858E-02"
"26-03-20 10:18:18.916","+5.3416009E-02"
"26-03-20 10:18:19.620","+5.3168233E-02"
"26-03-20 10:18:20.328","+5.4259046E-02"
"26-03-20 10:18:21.032","+5.3944672E-02"
"26-03-20 10:18:21.739","+5.3987530E-02"
"26-03-20 10:18:22.442","+5.3966164E-02"
"26-03-20 10:18:23.148","+5.4346012E-02"
"26-03-20 10:18:23.851","+5.4598910E-02"
"26-03-20 10:18:24.559","+5.3874575E-02"
"26-03-20 10:18:25.262","+5.3282187E-02"
"26-03-20 10:18:25.968","+5.3568198E-02"
"26-03-20 10:18:26.672","+5.3949545E-02"
"26-03-20 10:18:27.378","+5.4127224E-02"
"26-03-20 10:18:28.084","+5.4146217E-02"
"26-03-20 10:18:28.790","+5.3867703E-02"
"26-03-20 10:18:29.497","+5.4000900E-02"
"26-03-20 10:18:30.204","+5.3838215E-02"
"26-03-20 10:18:30.910","+5.4042383E-02"
"26-03-20 10:18:31.617","+5.4164959E-02"
"26-03-20 10:18:32.323","+5.3297931E-02"
"26-03-20 10:18:33.030","+5.3279688E-02"
"26-03-20 10:18:33.737","+5.4158587E-02"
"26-03-20 10:18:34.444","+5.4153714E-02"
"26-03-20 10:18:35.151","+5.4138095E-02"
"26-03-20 10:18:35.859","+5.4193073E-02"
"26-03-20 10:18:36.579","+5.4108482E-02"
"26-03-20 10:18:37.283","+5.4310901E-02"
"26-03-20 10:18:37.990","+5.3961915E-02"
"26-03-20 10:18:38.694","+5.3851959E-02"
"26-03-20 10:18:39.401","+5.3422881E-02"
"26-03-20 10:18:40.105","+5.3692023E-02"
"26-03-20 10:18:40.812","+5.3969162E-02"
"26-03-20 10:18:41.516","+5.5013869E-02"
"26-03-20 10:18:42.223","+5.3831218E-02"
"26-03-20 10:18:42.927","+5.3832717E-02"
"26-03-20 10:18:43.634","+5.3615929E-02"
"26-03-20 10:18:44.339","+5.4289284E-02"
"26-03-20 10:18:45.047","+5.4211191E-02"
"26-03-20 10:18:45.753","+5.3644042E-02"
"26-03-20 10:18:46.460","+5.3255698E-02"
"26-03-20 10:18:47.166","+5.3996776E-02"
"26-03-20 10:18:47.872","+5.4009021E-02"
"26-03-20 10:18:48.580","+5.3924930E-02"
"26-03-20 10:18:49.286","+5.4013645E-02"
"26-03-20 10:18:49.993","+5.3908437E-02"
"26-03-20 10:18:50.700","+5.4253798E-02"
"26-03-20 10:18:51.407","+5.4081492E-02"
"26-03-20 10:18:52.113","+5.3961166E-02"
"26-03-20 10:18:52.820","+5.3476110E-02"
"26-03-20 10:18:53.526","+5.3443748E-02"
"26-03-20 10:18:54.232","+5.4189449E-02"
"26-03-20 10:18:54.936","+5.4131347E-02"
"26-03-20 10:18:55.642","+5.3981282E-02"
"26-03-20 10:18:56.346","+5.4426105E-02"
"26-03-20 10:18:57.052","+5.3808352E-02"
"26-03-20 10:18:57.756","+5.4248925E-02"
"26-03-20 10:18:58.462","+5.4177204E-02"
"26-03-20 10:18:59.165","+5.3946172E-02"
"26-03-20 10:18:59.872","+5.3316049E-02"
"26-03-20 10:19:00.575","+5.3713515E-02"
"26-03-20 10:19:01.282","+5.4523566E-02"
"26-03-20 10:19:01.988","+5.4026514E-02"
"26-03-20 10:19:02.694","+5.4658886E-02"
"26-03-20 10:19:03.397","+5.4009021E-02"
"26-03-20 10:19:04.104","+5.4373501E-02"
"26-03-20 10:19:04.808","+5.3651289E-02"
"26-03-20 10:19:05.514","+5.4232057E-02"
"26-03-20 10:19:06.219","+5.3252074E-02"
"26-03-20 10:19:06.926","+5.3316673E-02"
"26-03-20 10:19:07.630","+5.3976534E-02"
"26-03-20 10:19:08.337","+5.4510571E-02"
"26-03-20 10:19:09.041","+5.4183951E-02"
"26-03-20 10:19:09.748","+5.4582417E-02"
"26-03-20 10:19:10.452","+5.4122851E-02"
"26-03-20 10:19:11.160","+5.3896816E-02"
"26-03-20 10:19:11.866","+5.3707142E-02"
"26-03-20 10:19:12.573","+5.3930303E-02"
"26-03-20 10:19:13.279","+6.2050055E-02"
"26-03-20 10:19:13.985","+5.3053279E-02"
"26-03-20 10:19:14.692","+5.4363380E-02"
"26-03-20 10:19:15.399","+5.4257797E-02"
"26-03-20 10:19:16.105","+5.4031138E-02"
"26-03-20 10:19:16.813","+5.4039009E-02"
"26-03-20 10:19:17.520","+5.4469837E-02"
"26-03-20 10:19:18.226","+5.3999275E-02"
"26-03-20 10:19:18.933","+5.3735006E-02"
"26-03-20 10:19:19.639","+5.4090614E-02"
"26-03-20 10:19:20.346","+5.3371901E-02"
"26-03-20 10:19:21.049","+5.3643168E-02"
"26-03-20 10:19:21.756","+5.3931427E-02"
"26-03-20 10:19:22.460","+5.3790359E-02"
"26-03-20 10:19:23.166","+5.3844712E-02"
"26-03-20 10:19:23.870","+5.3945797E-02"
"26-03-20 10:19:24.578","+5.4125850E-02"
"26-03-20 10:19:25.281","+5.4037510E-02"
"26-03-20 10:19:25.987","+5.3986780E-02"
"26-03-20 10:19:26.691","+5.3704143E-02"
"26-03-20 10:19:27.397","+5.3584941E-02"
"26-03-20 10:19:28.103","+5.3642418E-02"
"26-03-20 10:19:28.810","+5.3895817E-02"
"26-03-20 10:19:29.513","+5.4223311E-02"
"26-03-20 10:19:30.219","+5.4149840E-02"
"26-03-20 10:19:30.923","+5.3984031E-02"
"26-03-20 10:19:31.630","+5.3802979E-02"
"26-03-20 10:19:32.333","+5.4116353E-02"
"26-03-20 10:19:33.040","+5.4111231E-02"
"26-03-20 10:19:33.744","+5.3351659E-02"
"26-03-20 10:19:34.450","+5.3150990E-02"
"26-03-20 10:19:35.154","+5.4653139E-02"
"26-03-20 10:19:35.861","+5.4063250E-02"
"26-03-20 10:19:36.570","+5.4095487E-02"
"26-03-20 10:19:37.276","+5.4466214E-02"
"26-03-20 10:19:37.983","+5.4278788E-02"
"26-03-20 10:19:38.689","+5.3863080E-02"
"26-03-20 10:19:39.395","+5.3919057E-02"
"26-03-20 10:19:40.101","+5.4146591E-02"
"26-03-20 10:19:40.809","+5.3253699E-02"
"26-03-20 10:19:41.515","+5.3554578E-02"
"26-03-20 10:19:42.222","+5.3925305E-02"
"26-03-20 10:19:42.928","+5.3985031E-02"
"26-03-20 10:19:43.635","+5.4061250E-02"
"26-03-20 10:19:44.341","+5.4497826E-02"
"26-03-20 10:19:45.050","+5.4234431E-02"
"26-03-20 10:19:45.753","+5.4068498E-02"
"26-03-20 10:19:46.460","+5.4109981E-02"
"26-03-20 10:19:47.164","+5.4017143E-02"
"26-03-20 10:19:47.871","+5.3382397E-02"
"26-03-20 10:19:48.574","+5.3433627E-02"
"26-03-20 10:19:49.281","+5.4233182E-02"
"26-03-20 10:19:49.984","+5.4027514E-02"
"26-03-20 10:19:50.690","+5.4322396E-02"
"26-03-20 10:19:51.394","+5.3886071E-02"
"26-03-20 10:19:52.101","+5.4025765E-02"
"26-03-20 10:19:52.805","+5.4143218E-02"
"26-03-20 10:19:53.511","+5.4326894E-02"
"26-03-20 10:19:54.217","+5.3533961E-02"
"26-03-20 10:19:54.923","+5.3251574E-02"
"26-03-20 10:19:55.627","+5.3981282E-02"
"26-03-20 10:19:56.335","+5.3875075E-02"
"26-03-20 10:19:57.038","+5.3931677E-02"
"26-03-20 10:19:57.744","+5.3994027E-02"
"26-03-20 10:19:58.448","+5.4166583E-02"
"26-03-20 10:19:59.154","+5.3748875E-02"
"26-03-20 10:19:59.859","+5.4179578E-02"
"26-03-20 10:20:00.565","+5.4234681E-02"
"26-03-20 10:20:01.269","+5.3478983E-02"
"26-03-20 10:20:01.975","+5.3430003E-02"
"26-03-20 10:20:02.683","+5.4424105E-02"
"26-03-20 10:20:03.391","+5.3990529E-02"
"26-03-20 10:20:04.097","+5.4081867E-02"
"26-03-20 10:20:04.804","+5.4088615E-02"
"26-03-20 10:20:05.510","+5.4250925E-02"
"26-03-20 10:20:06.217","+5.4137595E-02"
"26-03-20 10:20:06.925","+5.4525315E-02"
"26-03-20 10:20:07.631","+5.4251549E-02"
"26-03-20 10:20:08.338","+5.3447621E-02"
"26-03-20 10:20:09.045","+5.3648416E-02"
"26-03-20 10:20:09.752","+5.3957542E-02"
"26-03-20 10:20:10.456","+5.4274415E-02"
"26-03-20 10:20:11.165","+5.4340014E-02"
"26-03-20 10:20:11.868","+5.4111355E-02"
"26-03-20 10:20:12.575","+5.4193947E-02"
"26-03-20 10:20:13.279","+5.4528813E-02"
"26-03-20 10:20:13.985","+5.4332267E-02"
"26-03-20 10:20:14.689","+5.3259946E-02"
"26-03-20 10:20:15.395","+5.3332542E-02"
"26-03-20 10:20:16.099","+5.2915334E-02"
"26-03-20 10:20:16.805","+6.1599110E-02"
"26-03-20 10:20:17.509","+5.4061126E-02"
"26-03-20 10:20:18.216","+5.4396866E-02"
"26-03-20 10:20:18.920","+5.3791858E-02"
"26-03-20 10:20:19.628","+5.4088365E-02"
"26-03-20 10:20:20.331","+5.4566298E-02"
"26-03-20 10:20:21.039","+5.4128099E-02"
"26-03-20 10:20:21.742","+5.3505348E-02"
"26-03-20 10:20:22.448","+5.3304803E-02"
"26-03-20 10:20:23.152","+5.4197696E-02"
"26-03-20 10:20:23.859","+5.4003149E-02"
"26-03-20 10:20:24.562","+5.4140094E-02"
"26-03-20 10:20:25.269","+5.4104108E-02"
"26-03-20 10:20:25.973","+5.3957667E-02"
"26-03-20 10:20:26.679","+5.4471336E-02"
"26-03-20 10:20:27.383","+5.3982407E-02"
"26-03-20 10:20:28.092","+5.3960416E-02"
"26-03-20 10:20:28.798","+5.3523716E-02"
"26-03-20 10:20:29.505","+5.2979558E-02"
"26-03-20 10:20:30.212","+5.4168708E-02"
"26-03-20 10:20:30.918","+5.4050630E-02"
"26-03-20 10:20:31.625","+5.4083617E-02"
"26-03-20 10:20:32.333","+5.4139594E-02"
"26-03-20 10:20:33.040","+5.4154338E-02"
"26-03-20 10:20:33.746","+5.4163710E-02"
"26-03-20 10:20:34.453","+5.4326269E-02"
"26-03-20 10:20:35.159","+5.4038260E-02"
"26-03-20 10:20:35.866","+5.3810851E-02"
"26-03-20 10:20:36.569","+5.3404513E-02"
"26-03-20 10:20:37.284","+5.3904188E-02"
"26-03-20 10:20:37.987","+5.4397241E-02"
"26-03-20 10:20:38.695","+5.3984281E-02"
"26-03-20 10:20:39.398","+5.3868453E-02"
"26-03-20 10:20:40.105","+5.3719137E-02"
"26-03-20 10:20:40.810","+5.4167708E-02"
"26-03-20 10:20:41.516","+5.4074870E-02"
"26-03-20 10:20:42.221","+5.3331792E-02"
"26-03-20 10:20:42.927","+5.3690399E-02"
"26-03-20 10:20:43.631","+5.4322021E-02"
"26-03-20 10:20:44.339","+5.4403239E-02"
"26-03-20 10:20:45.042","+5.3787235E-02"
"26-03-20 10:20:45.751","+5.3976534E-02"
"26-03-20 10:20:46.455","+5.4220687E-02"
"26-03-20 10:20:47.162","+5.4763470E-02"
"26-03-20 10:20:47.868","+5.4205568E-02"
"26-03-20 10:20:48.575","+5.3929178E-02"
"26-03-20 10:20:49.281","+5.3650540E-02"
"26-03-20 10:20:49.987","+5.3460741E-02"
"26-03-20 10:20:50.693","+5.4482707E-02"
"26-03-20 10:20:51.399","+5.3759121E-02"
"26-03-20 10:20:52.106","+5.4121351E-02"
"26-03-20 10:20:52.814","+5.4116104E-02"
"26-03-20 10:20:53.521","+5.4001150E-02"
"26-03-20 10:20:54.229","+5.4104483E-02"
"26-03-20 10:20:54.935","+5.4293033E-02"
"26-03-20 10:20:55.640","+5.4315149E-02"
"26-03-20 10:20:56.347","+5.3379148E-02"
"26-03-20 10:20:57.050","+5.3233457E-02"
"26-03-20 10:20:57.757","+5.3983532E-02"
"26-03-20 10:20:58.461","+5.3932177E-02"
"26-03-20 10:20:59.168","+5.3986905E-02"
"26-03-20 10:20:59.873","+5.4046631E-02"
"26-03-20 10:21:00.579","+5.3766244E-02"
"26-03-20 10:21:01.283","+5.3859456E-02"
"26-03-20 10:21:01.990","+5.4315274E-02"
"26-03-20 10:21:02.696","+5.3829593E-02"
"26-03-20 10:21:03.402","+5.3415259E-02"
"26-03-20 10:21:04.106","+5.4099610E-02"
"26-03-20 10:21:04.814","+5.4561675E-02"
"26-03-20 10:21:05.517","+5.4153838E-02"
"26-03-20 10:21:06.224","+5.4109481E-02"
"26-03-20 10:21:06.929","+5.3946546E-02"
"26-03-20 10:21:07.635","+5.3884071E-02"
"26-03-20 10:21:08.340","+5.3799355E-02"
"26-03-20 10:21:09.046","+5.4003024E-02"
"26-03-20 10:21:09.750","+5.3429878E-02"
"26-03-20 10:21:10.458","+5.3356158E-02"
"26-03-20 10:21:11.166","+5.4296906E-02"
"26-03-20 10:21:11.872","+5.4349885E-02"
"26-03-20 10:21:12.578","+5.4300405E-02"
"26-03-20 10:21:13.284","+5.4031262E-02"
"26-03-20 10:21:13.992","+5.4314149E-02"
"26-03-20 10:21:14.698","+5.4285536E-02"
"26-03-20 10:21:15.405","+4.0849285E-02"
"26-03-20 10:21:16.112","+1.9486206E-02"
"26-03-20 10:21:16.820","+1.9364379E-02"
"26-03-20 10:21:17.526","+1.9192823E-02"
"26-03-20 10:21:18.233","+1.9814949E-02"
"26-03-20 10:21:18.937","+1.9519442E-02"
"26-03-20 10:21:19.644","+1.9999625E-02"
"26-03-20 10:21:20.348","+2.5187175E-02"
"26-03-20 10:21:21.056","+1.9708492E-02"
"26-03-20 10:21:21.759","+1.9909036E-02"
"26-03-20 10:21:22.465","+1.9699370E-02"
"26-03-20 10:21:23.169","+1.9254548E-02"
"26-03-20 10:21:23.876","+1.9213190E-02"
"26-03-20 10:21:24.579","+1.9374500E-02"
"26-03-20 10:21:25.287","+1.9701494E-02"
"26-03-20 10:21:25.990","+1.9728484E-02"
"26-03-20 10:21:26.696","+1.9993752E-02"
"26-03-20 10:21:27.400","+1.9678004E-02"
"26-03-20 10:21:28.106","+2.0102084E-02"
"26-03-20 10:21:28.812","+1.9660636E-02"
"26-03-20 10:21:29.518","+1.9884171E-02"
"26-03-20 10:21:30.222","+1.9075870E-02"
"26-03-20 10:21:30.928","+1.8977534E-02"
"26-03-20 10:21:31.633","+1.9980008E-02"
"26-03-20 10:21:32.339","+1.9757097E-02"
"26-03-20 10:21:33.043","+1.9725360E-02"
"26-03-20 10:21:33.750","+1.9719362E-02"
"26-03-20 10:21:34.454","+1.9641268E-02"
"26-03-20 10:21:35.161","+1.9372626E-02"
"26-03-20 10:21:35.868","+1.9813325E-02"
"26-03-20 10:21:36.577","+1.9618278E-02"
"26-03-20 10:21:37.285","+1.9055128E-02"
"26-03-20 10:21:37.991","+1.9198446E-02"
"26-03-20 10:21:38.699","+1.9549805E-02"
"26-03-20 10:21:39.405","+1.9971761E-02"
"26-03-20 10:21:40.112","+1.9695497E-02"
"26-03-20 10:21:40.819","+1.9910536E-02"
"26-03-20 10:21:41.526","+1.9635021E-02"
"26-03-20 10:21:42.233","+1.9595162E-02"
"26-03-20 10:21:42.939","+1.9594162E-02"
"26-03-20 10:21:43.643","+1.9116353E-02"
"26-03-20 10:21:44.350","+1.8842838E-02"
"26-03-20 10:21:45.053","+1.8811725E-02"
"26-03-20 10:21:45.762","+1.9458592E-02"
"26-03-20 10:21:46.465","+1.9514319E-02"
"26-03-20 10:21:47.171","+1.9686250E-02"
"26-03-20 10:21:47.875","+1.9526190E-02"
"26-03-20 10:21:48.582","+1.9847311E-02"
"26-03-20 10:21:49.286","+2.0221411E-02"
"26-03-20 10:21:49.993","+2.0202419E-02"
"26-03-20 10:21:50.697","+1.9271291E-02"
"26-03-20 10:21:51.403","+1.8680278E-02"
"26-03-20 10:21:52.107","+1.9910411E-02"
"26-03-20 10:21:52.814","+1.9517943E-02"
"26-03-20 10:21:53.517","+1.9678254E-02"
"26-03-20 10:21:54.225","+2.0162685E-02"
"26-03-20 10:21:54.928","+1.9704993E-02"
"26-03-20 10:21:55.634","+1.9572296E-02"
"26-03-20 10:21:56.339","+1.9774590E-02"
"26-03-20 10:21:57.046","+1.9710116E-02"
"26-03-20 10:21:57.749","+1.9072621E-02"
"26-03-20 10:21:58.455","+1.8919057E-02"
"26-03-20 10:21:59.159","+1.9534311E-02"
"26-03-20 10:21:59.866","+4.1127424E-02"
"26-03-20 10:22:00.569","+2.7989179E-02"
"26-03-20 10:22:01.275","+3.0568398E-02"
"26-03-20 10:22:01.981","+4.1029338E-02"
"26-03-20 10:22:02.690","+2.4944897E-02"
"26-03-20 10:22:03.397","+2.8020792E-02"
"26-03-20 10:22:04.103","+3.0007247E-02"
"26-03-20 10:22:04.810","+5.6319972E-02"
"26-03-20 10:22:05.517","+4.8863205E-02"
"26-03-20 10:22:06.225","+4.7116278E-02"
"26-03-20 10:22:06.931","+8.3887445E-02"
"26-03-20 10:22:07.638","+4.0442323E-02"
"26-03-20 10:22:08.345","+6.2248726E-02"
"26-03-20 10:22:09.051","+6.2025190E-02"
"26-03-20 10:22:09.755","+4.2895592E-02"
"26-03-20 10:22:10.462","+4.0417458E-02"
"26-03-20 10:22:11.165","+3.7948571E-02"
"26-03-20 10:22:11.873","+8.2548481E-02"
"26-03-20 10:22:12.577","+6.2667058E-02"
"26-03-20 10:22:13.283","+4.7952319E-02"
"26-03-20 10:22:13.987","+4.3655413E-02"
"26-03-20 10:22:14.694","+6.1125800E-02"
"26-03-20 10:22:15.398","+4.8563450E-02"
"26-03-20 10:22:16.104","+4.3410886E-02"
"26-03-20 10:22:16.808","+4.6896491E-02"
"26-03-20 10:22:17.516","+5.1360831E-02"
"26-03-20 10:22:18.219","+6.1417933E-02"
"26-03-20 10:22:18.925","+5.2636945E-02"
"26-03-20 10:22:19.629","+4.4051879E-02"
"26-03-20 10:22:20.337","+3.9907287E-02"
"26-03-20 10:22:21.041","+6.0000875E-02"
"26-03-20 10:22:21.748","+7.5436700E-02"
"26-03-20 10:22:22.452","+7.1889494E-02"
"26-03-20 10:22:23.158","+4.5879398E-02"
"26-03-20 10:22:23.862","+4.3949045E-02"
"26-03-20 10:22:24.570","+3.7235606E-02"
"26-03-20 10:22:25.273","+5.5240029E-02"
"26-03-20 10:22:25.979","+1.1165234E-01"
"26-03-20 10:22:26.687","+6.9440599E-02"
"26-03-20 10:22:27.393","+4.1663085E-02"
"26-03-20 10:22:28.100","+4.8251324E-02"
"26-03-20 10:22:28.809","+8.7167383E-02"
"26-03-20 10:22:29.515","+8.2665059E-02"
"26-03-20 10:22:30.222","+5.1806402E-02"
"26-03-20 10:22:30.929","+3.7421781E-02"
"26-03-20 10:22:31.637","+5.6155663E-02"
"26-03-20 10:22:32.344","+6.8221961E-02"
"26-03-20 10:22:33.049","+8.3770367E-02"
"26-03-20 10:22:33.756","+4.7086041E-02"
"26-03-20 10:22:34.460","+4.0197171E-02"
"26-03-20 10:22:35.167","+4.0604383E-02"
"26-03-20 10:22:35.872","+4.9910161E-02"
"26-03-20 10:22:36.578","+4.2934451E-02"
"26-03-20 10:22:37.284","+5.0811925E-02"
"26-03-20 10:22:37.990","+4.0152689E-02"
"26-03-20 10:22:38.695","+4.6217138E-02"
"26-03-20 10:22:39.401","+5.5350360E-02"
"26-03-20 10:22:40.105","+4.6356083E-02"
"26-03-20 10:22:40.813","+4.1520892E-02"
"26-03-20 10:22:41.516","+5.3504848E-02"
"26-03-20 10:22:42.222","+6.8881073E-02"
"26-03-20 10:22:42.926","+4.4427229E-02"
"26-03-20 10:22:43.632","+5.9113854E-02"
"26-03-20 10:22:44.336","+4.7839614E-02"
"26-03-20 10:22:45.043","+4.3205343E-02"
"26-03-20 10:22:45.749","+3.9159336E-02"
"26-03-20 10:22:46.455","+4.7281587E-02"
"26-03-20 10:22:47.158","+7.9915534E-02"
"26-03-20 10:22:47.865","+4.5265269E-02"
"26-03-20 10:22:48.568","+4.8145492E-02"
"26-03-20 10:22:49.275","+7.1689574E-02"
"26-03-20 10:22:49.978","+3.8332792E-02"
"26-03-20 10:22:50.684","+6.9117603E-02"
"26-03-20 10:22:51.390","+6.3543458E-02"
"26-03-20 10:22:52.097","+6.6950470E-02"
"26-03-20 10:22:52.804","+3.8635296E-02"
"26-03-20 10:22:53.511","+4.9402364E-02"
"26-03-20 10:22:54.218","+7.9798955E-02"
"26-03-20 10:22:54.927","+4.6011096E-02"
"26-03-20 10:22:55.634","+4.2140394E-02"
"26-03-20 10:22:56.342","+5.4314899E-02"
"26-03-20 10:22:57.048","+4.7110531E-02"
"26-03-20 10:22:57.753","+4.2002574E-02"
"26-03-20 10:22:58.460","+3.8764619E-02"
"26-03-20 10:22:59.171","+4.6180278E-02"
"26-03-20 10:22:59.878","+7.0478434E-02"
"26-03-20 10:23:00.581","+3.9176829E-02"
"26-03-20 10:23:01.288","+5.6960466E-02"
"26-03-20 10:23:01.992","+5.5284386E-02"
"26-03-20 10:23:02.699","+3.6741928E-02"
"26-03-20 10:23:03.405","+6.4668258E-02"
"26-03-20 10:23:04.112","+3.9798206E-02"
"26-03-20 10:23:04.817","+6.0702969E-02"
"26-03-20 10:23:05.523","+4.3017918E-02"
"26-03-20 10:23:06.227","+3.7997926E-02"
"26-03-20 10:23:06.934","+4.2185001E-02"
"26-03-20 10:23:07.638","+4.7701794E-02"
"26-03-20 10:23:08.345","+6.3198471E-02"
"26-03-20 10:23:09.049","+4.4738605E-02"
"26-03-20 10:23:09.757","+5.3912185E-02"
"26-03-20 10:23:10.462","+4.1855008E-02"
"26-03-20 10:23:11.169","+9.1112180E-02"
"26-03-20 10:23:11.878","+6.6409436E-02"
"26-03-20 10:23:12.584","+5.1903114E-02"
"26-03-20 10:23:13.291","+1.0835941E-01"
"26-03-20 10:23:13.998","+4.3043283E-02"
"26-03-20 10:23:14.705","+5.8799355E-02"
"26-03-20 10:23:15.412","+5.7002574E-02"
"26-03-20 10:23:16.119","+4.2086415E-02"
"26-03-20 10:23:16.825","+4.1968713E-02"
"26-03-20 10:23:17.533","+7.9404988E-02"
"26-03-20 10:23:18.237","+4.5513545E-02"
"26-03-20 10:23:18.944","+3.8130498E-02"
"26-03-20 10:23:19.647","+4.5215539E-02"
"26-03-20 10:23:20.355","+5.0818922E-02"
"26-03-20 10:23:21.059","+6.9001524E-02"
"26-03-20 10:23:21.766","+6.3740004E-02"
"26-03-20 10:23:22.470","+4.9346511E-02"
"26-03-20 10:23:23.177","+3.9705993E-02"
"26-03-20 10:23:23.882","+4.0805178E-02"
"26-03-20 10:23:24.589","+4.0218413E-02"
"26-03-20 10:23:25.292","+6.7459016E-02"
"26-03-20 10:23:25.999","+4.3426130E-02"
"26-03-20 10:23:26.703","+3.7880598E-02"
"26-03-20 10:23:27.410","+5.6260371E-02"
"26-03-20 10:23:28.114","+5.9369127E-02"
"26-03-20 10:23:28.823","+5.2771142E-02"
"26-03-20 10:23:29.527","+3.6244377E-02"
"26-03-20 10:23:30.235","+2.0172681E-02"
"26-03-20 10:23:30.938","+2.0126949E-02"
"26-03-20 10:23:31.645","+1.9931902E-02"
"26-03-20 10:23:32.351","+1.9692123E-02"
"26-03-20 10:23:33.058","+1.9848686E-02"
"26-03-20 10:23:33.765","+1.9598036E-02"
"26-03-20 10:23:34.471","+1.8987655E-02"
"26-03-20 10:23:35.179","+1.9663135E-02"
"26-03-20 10:23:35.886","+1.9427854E-02"
"26-03-20 10:23:36.592","+2.0008622E-02"
"26-03-20 10:23:37.299","+1.9802954E-02"
"26-03-20 10:23:38.007","+2.0080843E-02"
"26-03-20 10:23:38.714","+1.9875300E-02"
"26-03-20 10:23:39.422","+1.9924280E-02"
"26-03-20 10:23:40.125","+1.8927179E-02"
"26-03-20 10:23:40.832","+1.9094737E-02"
"26-03-20 10:23:41.535","+1.9482832E-02"
"26-03-20 10:23:42.242","+1.9839314E-02"
"26-03-20 10:23:42.945","+1.9820572E-02"
"26-03-20 10:23:43.651","+1.9710741E-02"
"26-03-20 10:23:44.355","+1.9433352E-02"
"26-03-20 10:23:45.063","+1.9892418E-02"
"26-03-20 10:23:45.766","+2.0126574E-02"
"26-03-20 10:23:46.475","+1.9886171E-02"
"26-03-20 10:23:47.178","+1.9194072E-02"
"26-03-20 10:23:47.885","+1.9078244E-02"
"26-03-20 10:23:48.588","+1.9668508E-02"
"26-03-20 10:23:49.296","+1.9735106E-02"
"26-03-20 10:23:50.000","+1.9907787E-02"
"26-03-20 10:23:50.706","+1.9707492E-02"
"26-03-20 10:23:51.409","+2.0036610E-02"
"26-03-20 10:23:52.115","+1.9852059E-02"
"26-03-20 10:23:52.820","+1.9634146E-02"
"26-03-20 10:23:53.526","+1.9657387E-02"
"26-03-20 10:23:54.230","+1.8874575E-02"
"26-03-20 10:23:54.938","+1.9094487E-02"
"26-03-20 10:23:55.641","+1.9321521E-02"
"26-03-20 10:23:56.348","+1.9431977E-02"
"26-03-20 10:23:57.051","+1.9695872E-02"
"26-03-20 10:23:57.757","+1.9726609E-02"
"26-03-20 10:23:58.463","+1.9542558E-02"
"26-03-20 10:23:59.170","+1.9508072E-02"
"26-03-20 10:23:59.877","+1.9874425E-02"
"26-03-20 10:24:00.584","+1.9869427E-02"
"26-03-20 10:24:01.291","+2.4632147E-02"
"26-03-20 10:24:01.999","+5.3798106E-02"
"26-03-20 10:24:02.705","+1.9833567E-02"
"26-03-20 10:24:03.414","+1.9851434E-02"
"26-03-20 10:24:04.121","+1.9706243E-02"
"26-03-20 10:24:04.826","+1.9620527E-02"
"26-03-20 10:24:05.534","+1.9690999E-02"
"26-03-20 10:24:06.237","+1.9707367E-02"
"26-03-20 10:24:06.944","+1.9542808E-02"
"26-03-20 10:24:07.648","+1.9294782E-02"
"26-03-20 10:24:08.355","+1.9109231E-02"
"26-03-20 10:24:09.058","+1.9561550E-02"
"26-03-20 10:24:09.764","+1.9841938E-02"
"26-03-20 10:24:10.468","+1.9522566E-02"
"26-03-20 10:24:11.176","+1.9733232E-02"
"26-03-20 10:24:11.881","+1.9666009E-02"
"26-03-20 10:24:12.588","+1.9951269E-02"
"26-03-20 10:24:13.292","+1.9655763E-02"
"26-03-20 10:24:13.999","+1.9998001E-02"
"26-03-20 10:24:14.702","+1.9122476E-02"
"26-03-20 10:24:15.408","+1.9119352E-02"
"26-03-20 10:24:16.112","+1.9899290E-02"
"26-03-20 10:24:16.819","+1.9515194E-02"
"26-03-20 10:24:17.522","+1.9435726E-02"
"26-03-20 10:24:18.229","+1.9933277E-02"
"26-03-20 10:24:18.933","+1.9532062E-02"
"26-03-20 10:24:19.639","+1.9700370E-02"
"26-03-20 10:24:20.344","+1.9913160E-02"
"26-03-20 10:24:21.052","+1.9684376E-02"
"26-03-20 10:24:21.755","+1.9285286E-02"
"26-03-20 10:24:22.462","+1.8945547E-02"
"26-03-20 10:24:23.168","+1.9700495E-02"
"26-03-20 10:24:23.876","+1.9891543E-02"
"26-03-20 10:24:24.582","+1.9502074E-02"
"26-03-20 10:24:25.288","+1.9696122E-02"
"26-03-20 10:24:25.995","+1.9645642E-02"
"26-03-20 10:24:26.702","+1.9756098E-02"
"26-03-20 10:24:27.409","+1.9816573E-02"
"26-03-20 10:24:28.117","+1.9347261E-02"
"26-03-20 10:24:28.823","+1.9137720E-02"
"26-03-20 10:24:29.532","+1.8984781E-02"
"26-03-20 10:24:30.238","+2.0219287E-02"
"26-03-20 10:24:30.942","+1.9666883E-02"
"26-03-20 10:24:31.649","+1.9614154E-02"
"26-03-20 10:24:32.352","+1.9692873E-02"
"26-03-20 10:24:33.059","+1.9983257E-02"
"26-03-20 10:24:33.763","+1.9665009E-02"
"26-03-20 10:24:34.469","+1.9693748E-02"
"26-03-20 10:24:35.173","+1.9201319E-02"
"26-03-20 10:24:35.881","+1.9225935E-02"
"26-03-20 10:24:36.584","+1.9624900E-02"
"26-03-20 10:24:37.290","+1.9579668E-02"
"26-03-20 10:24:37.996","+1.9766343E-02"
"26-03-20 10:24:38.702","+1.9706243E-02"
"26-03-20 10:24:39.406","+2.0050980E-02"
"26-03-20 10:24:40.112","+1.9557677E-02"
"26-03-20 10:24:40.816","+1.9419232E-02"
"26-03-20 10:24:41.523","+1.9819947E-02"
"26-03-20 10:24:42.227","+1.9457842E-02"
"26-03-20 10:24:42.935","+1.9121726E-02"
"26-03-20 10:24:43.638","+1.9440599E-02"
"26-03-20 10:24:44.345","+1.9840939E-02"
"26-03-20 10:24:45.048","+1.9744477E-02"
"26-03-20 10:24:45.756","+1.9953269E-02"
"26-03-20 10:24:46.464","+2.0011121E-02"
"26-03-20 10:24:47.170","+1.9640144E-02"
"26-03-20 10:24:47.877","+1.9771217E-02"
"26-03-20 10:24:48.584","+2.0122826E-02"
"26-03-20 10:24:49.289","+1.9031887E-02"
"26-03-20 10:24:49.995","+1.9114979E-02"
"26-03-20 10:24:50.702","+1.9782212E-02"
"26-03-20 10:24:51.409","+1.9915909E-02"
"26-03-20 10:24:52.117","+1.9848061E-02"
"26-03-20 10:24:52.824","+1.9877674E-02"
"26-03-20 10:24:53.530","+1.9386246E-02"
"26-03-20 10:24:54.236","+1.9515944E-02"
"26-03-20 10:24:54.944","+1.9644642E-02"
"26-03-20 10:24:55.647","+1.8916558E-02"
"26-03-20 10:24:56.355","+1.9164834E-02"
"26-03-20 10:24:57.059","+2.0099960E-02"
"26-03-20 10:24:57.766","+1.9626274E-02"
"26-03-20 10:24:58.470","+1.9853684E-02"
"26-03-20 10:24:59.177","+1.9691748E-02"
"26-03-20 10:24:59.882","+1.9756722E-02"
"26-03-20 10:25:00.588","+1.9754723E-02"
"26-03-20 10:25:01.292","+1.9328893E-02"
"26-03-20 10:25:01.999","+1.9811201E-02"
"26-03-20 10:25:02.703","+1.8669532E-02"
"26-03-20 10:25:03.413","+1.9020892E-02"
"26-03-20 10:25:04.116","+1.9769467E-02"
"26-03-20 10:25:04.823","+1.9803704E-02"
"26-03-20 10:25:05.527","+2.8315174E-02"
"26-03-20 10:25:06.234","+2.0176679E-02"
"26-03-20 10:25:06.939","+1.9761720E-02"
"26-03-20 10:25:07.645","+2.0027489E-02"
"26-03-20 10:25:08.350","+1.9709991E-02"
"26-03-20 10:25:09.056","+1.9709241E-02"
"26-03-20 10:25:09.763","+1.8867328E-02"
"26-03-20 10:25:10.469","+1.9086990E-02"
"26-03-20 10:25:11.175","+1.9541933E-02"
"26-03-20 10:25:11.881","+1.9762970E-02"
"26-03-20 10:25:12.590","+1.9876674E-02"
"26-03-20 10:25:13.297","+1.9954643E-02"
"26-03-20 10:25:14.004","+1.9862305E-02"
"26-03-20 10:25:14.712","+1.9622401E-02"
"26-03-20 10:25:15.418","+1.9928154E-02"
"26-03-20 10:25:16.124","+1.8946421E-02"
"26-03-20 10:25:16.832","+1.8881073E-02"
"26-03-20 10:25:17.536","+1.9358507E-02"
"26-03-20 10:25:18.242","+1.9699245E-02"
"26-03-20 10:25:18.946","+1.9432977E-02"
"26-03-20 10:25:19.653","+1.9641518E-02"
"26-03-20 10:25:20.416","+1.9761595E-02"
"26-03-20 10:25:21.122","+1.9558302E-02"
"26-03-20 10:25:21.829","+1.9565299E-02"
"26-03-20 10:25:22.532","+1.9401115E-02"
"26-03-20 10:25:23.288","+1.9053878E-02"
"26-03-20 10:25:23.995","+2.0393468E-02"
"26-03-20 10:25:24.700","+1.9820447E-02"
"26-03-20 10:25:25.407","+1.9589289E-02"
"26-03-20 10:25:26.111","+1.9748850E-02"
"26-03-20 10:25:26.867","+1.9707492E-02"
"26-03-20 10:25:27.574","+1.9731607E-02"
"26-03-20 10:25:28.281","+1.8616553E-02"
"26-03-20 10:25:28.988","+1.9006522E-02"
"26-03-20 10:25:29.741","+1.9807952E-02"
"26-03-20 10:25:30.447","+1.9649265E-02"
"26-03-20 10:25:31.154","+1.9947771E-02"
"26-03-20 10:25:31.862","+1.9707242E-02"
"26-03-20 10:25:32.568","+6.7930328E-02"
"26-03-20 10:25:33.325","+2.0237030E-02"
"26-03-20 10:25:34.031","+1.9354133E-02"
"26-03-20 10:25:34.738","+1.9002899E-02"
"26-03-20 10:25:35.445","+1.9342888E-02"
"26-03-20 10:25:36.152","+1.9838939E-02"
"26-03-20 10:25:36.908","+1.9900790E-02"
"26-03-20 10:25:37.615","+1.9636770E-02"
"26-03-20 10:25:38.323","+1.9679378E-02"
"26-03-20 10:25:39.030","+1.9798706E-02"
"26-03-20 10:25:39.784","+1.9888545E-02"
"26-03-20 10:25:40.490","+1.9001274E-02"
"26-03-20 10:25:41.197","+1.9012270E-02"
"26-03-20 10:25:41.904","+1.9952894E-02"
"26-03-20 10:25:42.611","+1.9596411E-02"
"26-03-20 10:25:43.365","+1.9632022E-02"
"26-03-20 10:25:44.071","+2.0063600E-02"
"26-03-20 10:25:44.777","+1.9789334E-02"
"26-03-20 10:25:45.482","+1.9781213E-02"
"26-03-20 10:25:46.236","+1.8730633E-02"
"26-03-20 10:25:46.944","+1.8648915E-02"
"26-03-20 10:25:47.652","+1.9645642E-02"
"26-03-20 10:25:48.359","+1.9332267E-02"
"26-03-20 10:25:49.064","+1.9909786E-02"
"26-03-20 10:25:49.817","+1.9818323E-02"
"26-03-20 10:25:50.525","+1.9704618E-02"
"26-03-20 10:25:51.228","+2.0177304E-02"
"26-03-20 10:25:51.935","+1.9926155E-02"
"26-03-20 10:25:52.686","+1.8973536E-02"
"26-03-20 10:25:53.391","+1.9799455E-02"
"26-03-20 10:25:54.097","+1.9753349E-02"
"26-03-20 10:25:54.801","+1.9585916E-02"
"26-03-20 10:25:55.508","+1.9567548E-02"
"26-03-20 10:25:56.262","+1.9763969E-02"
"26-03-20 10:25:56.965","+1.9975760E-02"
"26-03-20 10:25:57.673","+1.9594662E-02"
"26-03-20 10:25:58.377","+1.9080993E-02"
"26-03-20 10:25:59.132","+1.9343762E-02"
"26-03-20 10:25:59.839","+1.9998750E-02"
"26-03-20 10:26:00.542","+1.9584916E-02"
"26-03-20 10:26:01.249","+1.9939149E-02"
"26-03-20 10:26:01.952","+1.9812950E-02"
"26-03-20 10:26:02.709","+1.9999125E-02"
"26-03-20 10:26:03.415","+1.9534186E-02"
"26-03-20 10:26:04.122","+1.9204818E-02"
"26-03-20 10:26:04.832","+1.8672281E-02"
"26-03-20 10:26:05.585","+2.0059976E-02"
"26-03-20 10:26:06.291","+1.9777839E-02"
"26-03-20 10:26:06.998","+1.9949020E-02"
"26-03-20 10:26:07.705","+2.0078968E-02"
"26-03-20 10:26:08.412","+1.9911785E-02"
"26-03-20 10:26:09.167","+2.0077094E-02"
"26-03-20 10:26:09.874","+1.9115229E-02"
"26-03-20 10:26:10.580","+1.9172206E-02"
"26-03-20 10:26:11.287","+1.9406737E-02"
"26-03-20 10:26:12.043","+1.9804828E-02"
"26-03-20 10:26:12.750","+1.9776090E-02"
"26-03-20 10:26:13.459","+1.9760346E-02"
"26-03-20 10:26:14.165","+1.9896791E-02"
"26-03-20 10:26:14.873","+1.9665009E-02"
"26-03-20 10:26:15.628","+1.9920532E-02"
"26-03-20 10:26:16.335","+1.9096736E-02"
"26-03-20 10:26:17.041","+1.8929928E-02"
"26-03-20 10:26:17.749","+2.0005623E-02"
"26-03-20 10:26:18.503","+1.9858557E-02"
"26-03-20 10:26:19.210","+1.9802954E-02"
"26-03-20 10:26:19.917","+1.9647016E-02"
"26-03-20 10:26:20.624","+1.9752349E-02"
"26-03-20 10:26:21.332","+1.9844562E-02"
"26-03-20 10:26:22.089","+1.8845212E-02"
"26-03-20 10:26:22.795","+1.9218313E-02"
"26-03-20 10:26:23.502","+1.9634271E-02"
"26-03-20 10:26:24.209","+1.9638894E-02"
"26-03-20 10:26:24.960","+1.9775840E-02"
"26-03-20 10:26:25.666","+1.9750850E-02"
"26-03-20 10:26:26.373","+1.9680878E-02"
"26-03-20 10:26:27.079","+4.0969862E-02"
"26-03-20 10:26:27.785","+3.9184826E-02"
"26-03-20 10:26:28.527","+1.8930553E-02"
"26-03-20 10:26:29.230","+2.0137945E-02"
"26-03-20 10:26:29.936","+1.9636645E-02"
"26-03-20 10:26:30.642","+1.9695747E-02"
"26-03-20 10:26:31.385","+1.9487330E-02"
"26-03-20 10:26:32.091","+1.9697121E-02"
"26-03-20 10:26:32.797","+1.9681627E-02"
"26-03-20 10:26:33.505","+1.9821821E-02"
"26-03-20 10:26:34.208","+1.8864079E-02"
"26-03-20 10:26:34.951","+1.9121102E-02"
"26-03-20 10:26:35.656","+2.0359731E-02"
"26-03-20 10:26:36.362","+1.9565799E-02"
"26-03-20 10:26:37.071","+1.9910536E-02"
"26-03-20 10:26:37.815","+1.9911910E-02"
"26-03-20 10:26:38.521","+1.9512445E-02"
"26-03-20 10:26:39.225","+1.9724735E-02"
"26-03-20 10:26:39.933","+1.9777714E-02"
"26-03-20 10:26:40.636","+1.9092988E-02"
"26-03-20 10:26:41.381","+1.9802454E-02"
"26-03-20 10:26:42.087","+1.9635146E-02"
"26-03-20 10:26:42.791","+1.9479583E-02"
"26-03-20 10:26:43.497","+1.9602659E-02"
"26-03-20 10:26:44.201","+1.9586290E-02"
"26-03-20 10:26:44.945","+2.0260271E-02"
"26-03-20 10:26:45.651","+1.9524315E-02"
"26-03-20 10:26:46.359","+1.9242178E-02"
"26-03-20 10:26:47.065","+1.8835466E-02"
"26-03-20 10:26:47.812","+4.1079318E-02"
"26-03-20 10:26:48.520","+3.8727009E-02"
"26-03-20 10:26:49.225","+1.9730358E-02"
"26-03-20 10:26:49.932","+7.5829168E-02"
"26-03-20 10:26:50.638","+1.9666633E-02"
"26-03-20 10:26:51.385","+1.9697496E-02"
"26-03-20 10:26:52.091","+6.9691124E-02"
"26-03-20 10:26:52.795","+1.8832092E-02"
"26-03-20 10:26:53.501","+1.9146841E-02"
"26-03-20 10:26:54.243","+8.3158237E-02"
"26-03-20 10:26:54.947","+1.9555178E-02"
"26-03-20 10:26:55.654","+1.9592663E-02"
"26-03-20 10:26:56.359","+1.9717988E-02"
"26-03-20 10:26:57.067","+1.9617778E-02"
"26-03-20 10:26:57.810","+1.9601284E-02"
"26-03-20 10:26:58.517","+1.9119602E-02"
"26-03-20 10:26:59.223","+1.9048506E-02"
"26-03-20 10:26:59.929","+1.9644517E-02"
"26-03-20 10:27:00.676","+1.9862055E-02"
"26-03-20 10:27:01.382","+1.9639019E-02"
"26-03-20 10:27:02.089","+1.9801829E-02"
"26-03-20 10:27:02.796","+1.9994502E-02"
"26-03-20 10:27:03.502","+1.9691373E-02"
"26-03-20 10:27:04.250","+1.9622276E-02"
"26-03-20 10:27:04.953","+1.9061875E-02"
"26-03-20 10:27:05.662","+1.9466588E-02"
"26-03-20 10:27:06.367","+1.9724110E-02"
"26-03-20 10:27:07.113","+1.9717488E-02"
"26-03-20 10:27:07.820","+2.0074970E-02"
"26-03-20 10:27:08.523","+1.9727609E-02"
"26-03-20 10:27:09.230","+1.9523691E-02"
"26-03-20 10:27:09.933","+1.9754973E-02"
"26-03-20 10:27:10.683","+1.9118103E-02"
"26-03-20 10:27:11.390","+1.8876574E-02"
"26-03-20 10:27:12.094","+1.9546182E-02"
"26-03-20 10:27:12.802","+1.9747101E-02"
"26-03-20 10:27:13.549","+1.9580043E-02"
"26-03-20 10:27:14.257","+1.9641518E-02"
"26-03-20 10:27:14.964","+1.9481707E-02"
"26-03-20 10:27:15.671","+1.9747476E-02"
"26-03-20 10:27:16.379","+1.9905038E-02"
"26-03-20 10:27:17.131","+1.8872576E-02"
"26-03-20 10:27:17.838","+1.9196197E-02"
"26-03-20 10:27:18.545","+1.9753474E-02"
"26-03-20 10:27:19.251","+1.9645142E-02"
"26-03-20 10:27:20.002","+1.9643643E-02"
"26-03-20 10:27:20.707","+2.0041858E-02"
"26-03-20 10:27:21.414","+1.9611530E-02"
"26-03-20 10:27:22.121","+1.9641268E-02"
"26-03-20 10:27:22.828","+1.9311275E-02"
"26-03-20 10:27:23.579","+1.9021641E-02"
"26-03-20 10:27:24.282","+1.9777839E-02"
"26-03-20 10:27:24.989","+1.9665134E-02"
"26-03-20 10:27:25.693","+1.9519692E-02"
"26-03-20 10:27:26.445","+2.0009371E-02"
"26-03-20 10:27:27.152","+1.9776090E-02"
"26-03-20 10:27:27.856","+1.9985631E-02"
"26-03-20 10:27:28.563","+1.9668133E-02"
"26-03-20 10:27:29.267","+1.8972286E-02"
"26-03-20 10:27:30.017","+4.5822671E-02"
"26-03-20 10:27:30.723","+3.4718113E-02"
"26-03-20 10:27:31.427","+1.9800580E-02"
"26-03-20 10:27:32.135","+1.9817573E-02"
"26-03-20 10:27:32.882","+1.9403614E-02"
"26-03-20 10:27:33.588","+1.9805328E-02"
"26-03-20 10:27:34.295","+1.9789334E-02"
"26-03-20 10:27:35.002","+1.9317148E-02"
"26-03-20 10:27:35.710","+1.8941673E-02"
"26-03-20 10:27:36.458","+1.9685626E-02"
"26-03-20 10:27:37.164","+1.9719987E-02"
"26-03-20 10:27:37.871","+1.9661260E-02"
"26-03-20 10:27:38.578","+2.0095712E-02"
"26-03-20 10:27:39.285","+1.9508946E-02"
"26-03-20 10:27:40.037","+1.9959391E-02"
"26-03-20 10:27:40.745","+1.9261545E-02"
"26-03-20 10:27:41.452","+1.9235306E-02"
"26-03-20 10:27:42.159","+1.8837215E-02"
"26-03-20 10:27:42.907","+1.9957142E-02"
"26-03-20 10:27:43.620","+1.9670882E-02"
"26-03-20 10:27:44.327","+1.9909911E-02"
"26-03-20 10:27:45.034","+1.9652389E-02"
"26-03-20 10:27:45.740","+1.9771217E-02"
"26-03-20 10:27:46.488","+1.9735356E-02"
"26-03-20 10:27:47.192","+1.8659036E-02"
"26-03-20 10:27:47.899","+1.9129348E-02"
"26-03-20 10:27:48.603","+1.9624775E-02"
"26-03-20 10:27:49.367","+1.9851434E-02"
"26-03-20 10:27:50.074","+1.9856682E-02"
"26-03-20 10:27:50.777","+1.9791209E-02"
"26-03-20 10:27:51.484","+1.9545807E-02"
"26-03-20 10:27:52.187","+6.1561126E-02"
"26-03-20 10:27:52.894","+1.9823571E-02"
"26-03-20 10:27:53.597","+1.8976909E-02"
"26-03-20 10:27:54.304","+1.9171456E-02"
"26-03-20 10:27:55.008","+1.9565424E-02"
"26-03-20 10:27:55.714","+1.9798206E-02"
"26-03-20 10:27:56.421","+2.0236530E-02"
"26-03-20 10:27:57.127","+1.9833067E-02"
"26-03-20 10:27:57.835","+1.9773466E-02"
"26-03-20 10:27:58.542","+1.9805703E-02"
"26-03-20 10:27:59.248","+1.9898166E-02"
"26-03-20 10:27:59.955","+1.9173581E-02"
"26-03-20 10:28:00.663","+1.8899315E-02"
"26-03-20 10:28:01.369","+2.0014619E-02"
"26-03-20 10:28:02.076","+1.9662135E-02"
"26-03-20 10:28:02.783","+1.9946646E-02"
"26-03-20 10:28:03.490","+1.9958517E-02"
"26-03-20 10:28:04.194","+1.9752974E-02"
"26-03-20 10:28:04.901","+1.9753224E-02"
"26-03-20 10:28:05.605","+3.2317573E-02"
"26-03-20 10:28:06.314","+7.2535861E-02"
"26-03-20 10:28:07.017","+3.4945772E-02"
"26-03-20 10:28:07.724","+1.8851210E-02"
"26-03-20 10:28:08.427","+1.9757222E-02"
"26-03-20 10:28:09.133","+1.9616403E-02"
"26-03-20 10:28:09.837","+1.9983007E-02"
"26-03-20 10:28:10.544","+1.9657262E-02"
"26-03-20 10:28:11.248","+1.9966513E-02"
"26-03-20 10:28:11.955","+1.9974385E-02"
"26-03-20 10:28:12.659","+1.9743228E-02"
"26-03-20 10:28:13.366","+1.9829693E-02"
"26-03-20 10:28:14.069","+1.9147341E-02"
"26-03-20 10:28:14.776","+1.8753124E-02"
"26-03-20 10:28:15.481","+1.9780838E-02"
"26-03-20 10:28:16.187","+1.9890794E-02"
"26-03-20 10:28:16.891","+1.9658512E-02"
"26-03-20 10:28:17.599","+1.9947646E-02"
"26-03-20 10:28:18.303","+1.9747351E-02"
"26-03-20 10:28:19.011","+1.9894917E-02"
"26-03-20 10:28:19.717","+1.9671631E-02"
"26-03-20 10:28:20.424","+1.9603908E-02"
"26-03-20 10:28:21.131","+1.8960041E-02"
"26-03-20 10:28:21.838","+1.9124850E-02"
"26-03-20 10:28:22.544","+2.0150440E-02"
"26-03-20 10:28:23.251","+1.9874925E-02"
"26-03-20 10:28:23.960","+1.9935276E-02"
"26-03-20 10:28:24.666","+2.0030238E-02"
"26-03-20 10:28:25.374","+1.9923406E-02"
"26-03-20 10:28:26.080","+1.9609156E-02"
"26-03-20 10:28:26.787","+2.0238530E-02"
"26-03-20 10:28:27.491","+1.9167333E-02"
"26-03-20 10:28:28.198","+1.8807477E-02"
"26-03-20 10:28:28.901","+1.9902414E-02"
"26-03-20 10:28:29.608","+1.9917408E-02"
"26-03-20 10:28:30.312","+1.9835941E-02"
"26-03-20 10:28:31.018","+1.9839314E-02"
"26-03-20 10:28:31.722","+2.0001125E-02"
"26-03-20 10:28:32.430","+2.0072971E-02"
"26-03-20 10:28:33.134","+1.9813075E-02"
"26-03-20 10:28:33.841","+1.9600160E-02"
"26-03-20 10:28:34.544","+1.9007397E-02"
"26-03-20 10:28:35.250","+1.8867578E-02"
"26-03-20 10:28:35.954","+1.9699120E-02"
"26-03-20 10:28:36.661","+1.9724985E-02"
"26-03-20 10:28:37.365","+2.0096087E-02"
"26-03-20 10:28:38.072","+1.9496202E-02"
"26-03-20 10:28:38.776","+1.9503823E-02"
"26-03-20 10:28:39.483","+1.9618777E-02"
"26-03-20 10:28:40.186","+1.9768468E-02"
"26-03-20 10:28:40.894","+1.9832942E-02"
"26-03-20 10:28:41.598","+1.9138720E-02"
"26-03-20 10:28:42.304","+1.9143093E-02"
"26-03-20 10:28:43.008","+1.9554928E-02"
"26-03-20 10:28:43.715","+1.9584541E-02"
"26-03-20 10:28:44.421","+1.9796082E-02"
"26-03-20 10:28:45.128","+1.9593538E-02"
"26-03-20 10:28:45.835","+1.9622901E-02"
"26-03-20 10:28:46.542","+1.9719112E-02"
"26-03-20 10:28:47.248","+2.0002499E-02"
"26-03-20 10:28:47.955","+1.9011520E-02"
"26-03-20 10:28:48.663","+1.8966913E-02"
"26-03-20 10:28:49.371","+1.9703369E-02"
"26-03-20 10:28:50.078","+2.0025365E-02"
"26-03-20 10:28:50.785","+1.9547306E-02"
"26-03-20 10:28:51.491","+1.9491578E-02"
"26-03-20 10:28:52.195","+1.9633022E-02"
"26-03-20 10:28:52.902","+1.9720737E-02"
"26-03-20 10:28:53.607","+1.9583417E-02"
"26-03-20 10:28:54.313","+1.9818323E-02"
"26-03-20 10:28:55.017","+1.8913934E-02"
"26-03-20 10:28:55.724","+1.9073121E-02"
"26-03-20 10:28:56.428","+1.9765844E-02"
"26-03-20 10:28:57.135","+1.9784961E-02"
"26-03-20 10:28:57.840","+1.9269542E-02"
"26-03-20 10:28:58.548","+1.9579543E-02"
"26-03-20 10:28:59.251","+2.0333617E-02"
"26-03-20 10:28:59.959","+1.9398241E-02"
"26-03-20 10:29:00.663","+1.9664134E-02"
"26-03-20 10:29:01.369","+1.9840939E-02"
"26-03-20 10:29:02.073","+1.9021266E-02"
"26-03-20 10:29:02.780","+1.9240429E-02"
"26-03-20 10:29:03.484","+1.9770467E-02"
"26-03-20 10:29:04.191","+1.9856058E-02"
"26-03-20 10:29:04.896","+1.9694872E-02"
"26-03-20 10:29:05.602","+1.9649515E-02"
"26-03-20 10:29:06.309","+1.9850310E-02"
"26-03-20 10:29:07.019","+1.9731982E-02"
"26-03-20 10:29:07.725","+1.9547431E-02"
"26-03-20 10:29:08.432","+1.9073621E-02"
"26-03-20 10:29:09.139","+1.8895192E-02"
"26-03-20 10:29:09.847","+1.9802454E-02"
"26-03-20 10:29:10.553","+2.7116403E-02"
"26-03-20 10:29:11.261","+1.9603034E-02"
"26-03-20 10:29:11.967","+1.9905538E-02"
"26-03-20 10:29:12.673","+1.9636021E-02"
"26-03-20 10:29:13.380","+1.9642268E-02"
"26-03-20 10:29:14.084","+1.9623276E-02"
"26-03-20 10:29:14.792","+2.0017493E-02"
"26-03-20 10:29:15.497","+1.9062500E-02"
"26-03-20 10:29:16.203","+1.9024140E-02"
"26-03-20 10:29:16.907","+2.0192798E-02"
"26-03-20 10:29:17.614","+1.9845062E-02"
"26-03-20 10:29:18.319","+1.9727234E-02"
"26-03-20 10:29:19.025","+1.9707867E-02"
"26-03-20 10:29:19.729","+1.9677879E-02"
"26-03-20 10:29:20.436","+1.9905288E-02"
"26-03-20 10:29:21.140","+1.9856932E-02"
"26-03-20 10:29:21.848","+1.9769592E-02"
"26-03-20 10:29:22.551","+1.9111231E-02"
"26-03-20 10:29:23.258","+1.9191074E-02"
"26-03-20 10:29:23.964","+1.9466713E-02"
"26-03-20 10:29:24.670","+1.9744602E-02"
"26-03-20 10:29:25.375","+1.9775090E-02"
"26-03-20 10:29:26.081","+1.9961016E-02"
"26-03-20 10:29:26.785","+1.9471212E-02"
"26-03-20 10:29:27.492","+1.9429978E-02"
"26-03-20 10:29:28.198","+1.9708117E-02"
"26-03-20 10:29:28.905","+1.9307152E-02"
"26-03-20 10:29:29.612","+1.9009146E-02"
"26-03-20 10:29:30.318","+1.9129848E-02"
"26-03-20 10:29:31.025","+1.9686625E-02"
"26-03-20 10:29:31.733","+1.9398865E-02"
"26-03-20 10:29:32.441","+1.9624400E-02"
"26-03-20 10:29:33.148","+1.9819072E-02"
"26-03-20 10:29:33.855","+1.9551929E-02"
"26-03-20 10:29:34.561","+1.9883172E-02"
"26-03-20 10:29:35.269","+2.0164684E-02"
"26-03-20 10:29:35.972","+1.9011021E-02"
"26-03-20 10:29:36.679","+1.9170082E-02"
"26-03-20 10:29:37.383","+1.9424230E-02"
"26-03-20 10:29:38.090","+1.9773466E-02"
"26-03-20 10:29:38.794","+1.9336265E-02"
"26-03-20 10:29:39.501","+1.9757347E-02"
"26-03-20 10:29:40.204","+1.9615029E-02"
"26-03-20 10:29:40.911","+1.9684876E-02"
"26-03-20 10:29:41.615","+1.9746726E-02"
"26-03-20 10:29:42.321","+1.9512445E-02"
"26-03-20 10:29:43.025","+1.9215939E-02"
"26-03-20 10:29:43.732","+1.9020017E-02"
"26-03-20 10:29:44.436","+1.9787710E-02"
"26-03-20 10:29:45.142","+1.9890544E-02"
"26-03-20 10:29:45.846","+1.9578669E-02"
"26-03-20 10:29:46.554","+1.9454843E-02"
"26-03-20 10:29:47.257","+1.9787710E-02"
"26-03-20 10:29:47.963","+1.9755473E-02"
"26-03-20 10:29:48.667","+1.9452094E-02"
"26-03-20 10:29:49.373","+1.9958517E-02"
"26-03-20 10:29:50.079","+1.9001399E-02"
"26-03-20 10:29:50.785","+1.8838715E-02"
"26-03-20 10:29:51.489","+1.9854308E-02"
"26-03-20 10:29:52.197","+1.9689999E-02"
"26-03-20 10:29:52.902","+2.0288010E-02"
"26-03-20 10:29:53.609","+1.9629273E-02"
"26-03-20 10:29:54.316","+1.9624650E-02"
"26-03-20 10:29:55.022","+1.9429103E-02"
"26-03-20 10:29:55.729","+6.5570522E-02"
"26-03-20 10:29:56.436","+1.9507072E-02"
"26-03-20 10:29:57.145","+1.9054003E-02"
"26-03-20 10:29:57.852","+8.0156562E-02"
"26-03-20 10:29:58.560","+1.9772716E-02"
"26-03-20 10:29:59.266","+1.9458966E-02"
"26-03-20 10:29:59.973","+7.6084316E-02"
"26-03-20 10:30:00.677","+1.9747351E-02"
"26-03-20 10:30:01.385","+2.1164784E-02"
"26-03-20 10:30:02.088","+6.2413909E-02"
"26-03-20 10:30:02.794","+1.9757847E-02"
"26-03-20 10:30:03.498","+1.9062250E-02"
"26-03-20 10:30:04.212","+1.9318148E-02"
"26-03-20 10:30:04.915","+1.9796581E-02"
"26-03-20 10:30:05.621","+1.9633522E-02"
"26-03-20 10:30:06.325","+1.9687500E-02"
"26-03-20 10:30:07.034","+1.9584416E-02"
"26-03-20 10:30:07.738","+1.9765219E-02"
"26-03-20 10:30:08.445","+1.9731732E-02"
"26-03-20 10:30:09.149","+1.9502449E-02"
"26-03-20 10:30:09.856","+1.9419607E-02"
"26-03-20 10:30:10.559","+3.1596861E-02"
"26-03-20 10:30:11.266","+4.7182127E-02"
"26-03-20 10:30:11.969","+1.9675755E-02"
"26-03-20 10:30:12.676","+1.9896167E-02"
"26-03-20 10:30:13.379","+2.0010496E-02"
"26-03-20 10:30:14.086","+1.9656762E-02"
"26-03-20 10:30:14.793","+1.9724485E-02"
"26-03-20 10:30:15.501","+1.9512070E-02"
"26-03-20 10:30:16.208","+1.9918658E-02"
"26-03-20 10:30:16.914","+1.8922181E-02"
"26-03-20 10:30:17.621","+1.8983157E-02"
"26-03-20 10:30:18.329","+2.0061850E-02"
"26-03-20 10:30:19.035","+1.9509321E-02"
"26-03-20 10:30:19.742","+2.0179053E-02"
"26-03-20 10:30:20.449","+1.9956517E-02"
"26-03-20 10:30:21.154","+1.9539184E-02"
"26-03-20 10:30:21.862","+1.9794957E-02"
"26-03-20 10:30:22.566","+1.9877924E-02"
"26-03-20 10:30:23.272","+1.9578169E-02"
"26-03-20 10:30:23.977","+1.8962415E-02"
"26-03-20 10:30:24.683","+1.9010396E-02"
"26-03-20 10:30:25.388","+6.2764144E-02"
"26-03-20 10:30:26.094","+2.0069097E-02"
"26-03-20 10:30:26.798","+1.9804078E-02"
"26-03-20 10:30:27.505","+1.9661260E-02"
"26-03-20 10:30:28.208","+1.9564049E-02"
"26-03-20 10:30:28.915","+2.0511420E-02"
"26-03-20 10:30:29.618","+1.9874675E-02"
"26-03-20 10:30:30.325","+1.9745727E-02"
"26-03-20 10:30:31.028","+1.9027139E-02"
"26-03-20 10:30:31.734","+1.8902064E-02"
"26-03-20 10:30:32.438","+1.9434601E-02"
"26-03-20 10:30:33.148","+1.9502699E-02"
"26-03-20 10:30:33.851","+1.9703494E-02"
"26-03-20 10:30:34.558","+1.9595037E-02"
"26-03-20 10:30:35.262","+1.9888670E-02"
"26-03-20 10:30:35.969","+1.9605783E-02"
"26-03-20 10:30:36.672","+1.9605783E-02"
"26-03-20 10:30:37.379","+1.9265669E-02"
"26-03-20 10:30:38.082","+1.9256422E-02"
"26-03-20 10:30:38.788","+1.8984781E-02"
"26-03-20 10:30:39.495","+1.9454343E-02"
"26-03-20 10:30:40.202","+1.9959766E-02"
"26-03-20 10:30:40.909","+1.9209316E-02"
"26-03-20 10:30:41.617","+1.9521067E-02"
"26-03-20 10:30:42.325","+2.0022866E-02"
"26-03-20 10:30:43.032","+1.9777214E-02"
"26-03-20 10:30:43.738","+1.9668258E-02"
"26-03-20 10:30:44.446","+1.9034386E-02"
"26-03-20 10:30:45.152","+1.8975910E-02"
"26-03-20 10:30:45.859","+1.9816323E-02"
"26-03-20 10:30:46.566","+2.0095087E-02"
"26-03-20 10:30:47.270","+1.9654013E-02"
"26-03-20 10:30:47.977","+1.9660761E-02"
"26-03-20 10:30:48.681","+2.0041358E-02"
"26-03-20 10:30:49.389","+1.9711241E-02"
"26-03-20 10:30:50.094","+1.9338515E-02"
"26-03-20 10:30:50.801","+1.9930278E-02"
"26-03-20 10:30:51.505","+1.8952669E-02"
"26-03-20 10:30:52.212","+1.9081617E-02"
"26-03-20 10:30:52.916","+1.9677504E-02"
"26-03-20 10:30:53.624","+1.9548930E-02"
"26-03-20 10:30:54.327","+1.9344637E-02"
"26-03-20 10:30:55.034","+1.9591663E-02"
"26-03-20 10:30:55.738","+2.0479933E-02"
"26-03-20 10:30:56.444","+1.9690624E-02"
"26-03-20 10:30:57.148","+1.9797331E-02"
"26-03-20 10:30:57.855","+1.9401864E-02"
"26-03-20 10:30:58.561","+1.8949420E-02"
"26-03-20 10:30:59.267","+1.8911810E-02"
"26-03-20 10:30:59.971","+1.9688250E-02"
"26-03-20 10:31:00.679","+2.0099460E-02"
"26-03-20 10:31:01.384","+1.9552554E-02"
"26-03-20 10:31:02.091","+1.9652889E-02"
"26-03-20 10:31:02.798","+1.9433227E-02"
"26-03-20 10:31:03.504","+1.9357757E-02"
"26-03-20 10:31:04.211","+1.9819072E-02"
"26-03-20 10:31:04.919","+1.9184201E-02"
"26-03-20 10:31:05.625","+1.9176704E-02"
"26-03-20 10:31:06.333","+1.9684376E-02"
"26-03-20 10:31:07.041","+1.9630398E-02"
"26-03-20 10:31:07.748","+1.9819447E-02"
"26-03-20 10:31:08.454","+1.9705618E-02"
"26-03-20 10:31:09.158","+1.9822446E-02"
"26-03-20 10:31:09.865","+1.9667883E-02"
"26-03-20 10:31:10.569","+1.9604658E-02"
"26-03-20 10:31:11.277","+2.0038110E-02"
"26-03-20 10:31:11.980","+1.8981033E-02"
"26-03-20 10:31:12.687","+1.8865454E-02"
"26-03-20 10:31:13.392","+2.0133197E-02"
"26-03-20 10:31:14.099","+1.9904288E-02"
"26-03-20 10:31:14.803","+1.9527439E-02"
"26-03-20 10:31:15.509","+1.9579418E-02"
"26-03-20 10:31:16.215","+1.9708492E-02"
"26-03-20 10:31:16.921","+1.9840939E-02"
"26-03-20 10:31:17.625","+1.9724485E-02"
"26-03-20 10:31:18.333","+1.9207692E-02"
"26-03-20 10:31:19.036","+1.9187200E-02"
"26-03-20 10:31:19.743","+1.8762245E-02"
"26-03-20 10:31:20.447","+1.9612405E-02"
"26-03-20 10:31:21.154","+1.9959641E-02"
"26-03-20 10:31:21.859","+1.9849810E-02"
"26-03-20 10:31:22.565","+2.0395717E-02"
"26-03-20 10:31:23.273","+1.9697246E-02"
"26-03-20 10:31:23.979","+1.9367878E-02"
"26-03-20 10:31:24.688","+1.9944147E-02"
"26-03-20 10:31:25.395","+1.9054753E-02"
"26-03-20 10:31:26.101","+1.8883572E-02"
"26-03-20 10:31:26.808","+8.0445072E-02"
"26-03-20 10:31:27.515","+1.9696621E-02"
"26-03-20 10:31:28.222","+1.9853559E-02"
"26-03-20 10:31:28.930","+1.9659886E-02"
"26-03-20 10:31:29.635","+1.9949145E-02"
"26-03-20 10:31:30.343","+1.9759346E-02"
"26-03-20 10:31:31.046","+1.9482957E-02"
"26-03-20 10:31:31.752","+1.9859931E-02"
"26-03-20 10:31:32.456","+1.8722511E-02"
"26-03-20 10:31:33.165","+1.9038759E-02"
"26-03-20 10:31:33.868","+1.9755348E-02"
"26-03-20 10:31:34.576","+1.9634771E-02"
"26-03-20 10:31:35.279","+1.9687375E-02"
"26-03-20 10:31:35.986","+1.9796706E-02"
"26-03-20 10:31:36.691","+1.9765094E-02"
"26-03-20 10:31:37.399","+1.9401989E-02"
"26-03-20 10:31:38.102","+1.9794832E-02"
"26-03-20 10:31:38.809","+1.9308277E-02"
"26-03-20 10:31:39.514","+1.8667158E-02"
"26-03-20 10:31:40.220","+1.8646167E-02"
"26-03-20 10:31:40.924","+1.9492078E-02"
"26-03-20 10:31:41.633","+1.9630398E-02"
"26-03-20 10:31:42.337","+1.9952894E-02"
"26-03-20 10:31:43.043","+1.9587290E-02"
"26-03-20 10:31:43.747","+1.9603159E-02"
"26-03-20 10:31:44.454","+1.9570297E-02"
"26-03-20 10:31:45.161","+1.9765219E-02"
"26-03-20 10:31:45.869","+1.9164709E-02"
"26-03-20 10:31:46.575","+1.9040009E-02"
"26-03-20 10:31:47.281","+1.9479583E-02"
"26-03-20 10:31:47.988","+1.9754473E-02"
"26-03-20 10:31:48.695","+1.9496202E-02"
"26-03-20 10:31:49.403","+2.0292383E-02"
"26-03-20 10:31:50.111","+1.9490329E-02"
"26-03-20 10:31:50.818","+1.9407737E-02"
"26-03-20 10:31:51.524","+1.9365254E-02"
"26-03-20 10:31:52.231","+1.9704993E-02"
"26-03-20 10:31:52.935","+1.9080743E-02"
"26-03-20 10:31:53.642","+1.9139594E-02"
"26-03-20 10:31:54.345","+1.9591288E-02"
"26-03-20 10:31:55.053","+1.9987005E-02"
"26-03-20 10:31:55.756","+1.9972136E-02"
"26-03-20 10:31:56.462","+2.0026989E-02"
"26-03-20 10:31:57.166","+1.9888670E-02"
"26-03-20 10:31:57.874","+1.9601909E-02"
"26-03-20 10:31:58.577","+1.9868927E-02"
"26-03-20 10:31:59.285","+2.1365579E-02"
"26-03-20 10:31:59.989","+1.9004148E-02"
"26-03-20 10:32:00.696","+1.8915559E-02"
"26-03-20 10:32:01.399","+2.0046232E-02"
"26-03-20 10:32:02.106","+1.9577044E-02"
"26-03-20 10:32:02.810","+1.9716239E-02"
"26-03-20 10:32:03.516","+1.9528064E-02"
"26-03-20 10:32:04.220","+1.9536310E-02"
"26-03-20 10:32:04.927","+1.9624525E-02"
"26-03-20 10:32:05.631","+1.9530313E-02"
"26-03-20 10:32:06.338","+1.9088115E-02"
"26-03-20 10:32:07.041","+1.9031262E-02"
"26-03-20 10:32:07.749","+1.9029763E-02"
"26-03-20 10:32:08.453","+1.9781462E-02"
"26-03-20 10:32:09.159","+1.9606532E-02"
"26-03-20 10:32:09.866","+1.9609406E-02"
"26-03-20 10:32:10.572","+1.9780963E-02"
"26-03-20 10:32:11.279","+1.9574920E-02"
"26-03-20 10:32:11.985","+1.9964764E-02"
"26-03-20 10:32:12.692","+1.9852809E-02"
"26-03-20 10:32:13.399","+1.9043258E-02"
"26-03-20 10:32:14.106","+1.8811475E-02"
"26-03-20 10:32:14.813","+1.9661510E-02"
"26-03-20 10:32:15.521","+1.9397741E-02"
"26-03-20 10:32:16.229","+1.9897666E-02"
"26-03-20 10:32:16.935","+1.9592663E-02"
"26-03-20 10:32:17.639","+1.9518318E-02"
"26-03-20 10:32:18.346","+1.9791583E-02"
"26-03-20 10:32:19.049","+1.9639519E-02"
"26-03-20 10:32:19.755","+1.9482582E-02"
"26-03-20 10:32:20.466","+1.9038510E-02"
"26-03-20 10:32:21.172","+1.8861955E-02"
"26-03-20 10:32:21.877","+1.9568548E-02"
"26-03-20 10:32:22.583","+2.0055978E-02"
"26-03-20 10:32:23.287","+1.9639519E-02"
"26-03-20 10:32:23.993","+1.9515944E-02"
"26-03-20 10:32:24.699","+1.9866553E-02"
"26-03-20 10:32:25.406","+2.0478059E-02"
"26-03-20 10:32:26.110","+1.9547556E-02"
"26-03-20 10:32:26.818","+1.9065874E-02"
"26-03-20 10:32:27.521","+1.9005773E-02"
"26-03-20 10:32:28.229","+1.9125225E-02"
"26-03-20 10:32:28.933","+1.9684001E-02"
"26-03-20 10:32:29.698","+1.9561176E-02"
"26-03-20 10:32:30.406","+1.9876175E-02"
"26-03-20 10:32:31.109","+1.9402739E-02"
"26-03-20 10:32:31.817","+1.9818323E-02"
"26-03-20 10:32:32.569","+1.9248551E-02"
"26-03-20 10:32:33.275","+1.9194197E-02"
"26-03-20 10:32:33.982","+1.9145967E-02"
"26-03-20 10:32:34.685","+1.9663260E-02"
"26-03-20 10:32:35.392","+1.9709741E-02"
"26-03-20 10:32:36.145","+1.9863430E-02"
"26-03-20 10:32:36.849","+1.9879548E-02"
"26-03-20 10:32:37.556","+1.9699745E-02"
"26-03-20 10:32:38.259","+1.9831068E-02"
"26-03-20 10:32:39.013","+1.9087990E-02"
"26-03-20 10:32:39.719","+1.9050755E-02"
"26-03-20 10:32:40.423","+1.9879298E-02"
"26-03-20 10:32:41.130","+1.9624650E-02"
"26-03-20 10:32:41.833","+1.9310526E-02"
"26-03-20 10:32:42.590","+1.9800205E-02"
"26-03-20 10:32:43.296","+2.0205043E-02"
"26-03-20 10:32:44.003","+1.9846062E-02"
"26-03-20 10:32:44.710","+1.9401739E-02"
"26-03-20 10:32:45.462","+1.8778239E-02"
"26-03-20 10:32:46.168","+1.9499450E-02"
"26-03-20 10:32:46.876","+1.9732482E-02"
"26-03-20 10:32:47.582","+1.9513570E-02"
"26-03-20 10:32:48.290","+1.9762720E-02"
"26-03-20 10:32:49.043","+1.9747976E-02"
"26-03-20 10:32:49.750","+1.9668757E-02"
"26-03-20 10:32:50.457","+1.9983257E-02"
"26-03-20 10:32:51.166","+1.8952544E-02"
"26-03-20 10:32:51.920","+2.0300630E-02"
"26-03-20 10:32:52.626","+1.9680253E-02"
"26-03-20 10:32:53.333","+1.9502199E-02"
"26-03-20 10:32:54.039","+1.9793458E-02"
"26-03-20 10:32:54.746","+1.9504573E-02"
"26-03-20 10:32:55.501","+1.9528689E-02"
"26-03-20 10:32:56.208","+1.9507072E-02"
"26-03-20 10:32:56.914","+1.8868578E-02"
"26-03-20 10:32:57.621","+1.9117228E-02"
"26-03-20 10:32:58.328","+1.9702994E-02"
"26-03-20 10:32:59.083","+1.9591663E-02"
"26-03-20 10:32:59.791","+1.9651264E-02"
"26-03-20 10:33:00.497","+1.9620277E-02"
"26-03-20 10:33:01.204","+1.9773840E-02"
"26-03-20 10:33:01.958","+1.9616403E-02"
"26-03-20 10:33:02.665","+1.9125350E-02"
"26-03-20 10:33:03.370","+6.4967388E-02"
"26-03-20 10:33:04.077","+1.9656262E-02"
"26-03-20 10:33:04.784","+1.9878174E-02"
"26-03-20 10:33:05.538","+1.9748476E-02"
"26-03-20 10:33:06.245","+2.0223411E-02"
"26-03-20 10:33:06.948","+6.2757522E-02"
"26-03-20 10:33:07.654","+1.9888420E-02"
"26-03-20 10:33:08.408","+1.9304653E-02"
"26-03-20 10:33:09.112","+1.9061750E-02"
"26-03-20 10:33:09.819","+1.9104233E-02"
"26-03-20 10:33:10.522","+1.9567923E-02"
"26-03-20 10:33:11.228","+1.9540684E-02"
"26-03-20 10:33:11.982","+1.9528813E-02"
"26-03-20 10:33:12.685","+1.9841813E-02"
"26-03-20 10:33:13.393","+1.9541308E-02"
"26-03-20 10:33:14.096","+1.9474835E-02"
"26-03-20 10:33:14.853","+1.8832717E-02"
"26-03-20 10:33:15.560","+1.8737630E-02"
"26-03-20 10:33:16.264","+1.9827069E-02"
"26-03-20 10:33:16.973","+1.9576919E-02"
"26-03-20 10:33:17.677","+1.9592038E-02"
"26-03-20 10:33:18.434","+1.9705243E-02"
"26-03-20 10:33:19.140","+2.0007122E-02"
"26-03-20 10:33:19.846","+1.9673631E-02"
"26-03-20 10:33:20.554","+1.9468338E-02"
"26-03-20 10:33:21.306","+1.9268293E-02"
"26-03-20 10:33:22.012","+1.9788585E-02"
"26-03-20 10:33:22.719","+1.9709116E-02"
"26-03-20 10:33:23.426","+1.9755223E-02"
"26-03-20 10:33:24.134","+1.9740479E-02"
"26-03-20 10:33:24.887","+1.9419982E-02"
"26-03-20 10:33:25.594","+1.9308027E-02"
"26-03-20 10:33:26.300","+1.9777089E-02"
"26-03-20 10:33:27.007","+1.8581942E-02"
"26-03-20 10:33:27.763","+2.0300255E-02"
"26-03-20 10:33:28.468","+1.9513320E-02"
"26-03-20 10:33:29.174","+1.9650515E-02"
"26-03-20 10:33:29.881","+1.9591413E-02"
"26-03-20 10:33:30.588","+1.9802204E-02"
"26-03-20 10:33:31.344","+1.9776589E-02"
"26-03-20 10:33:32.049","+1.9861805E-02"
"26-03-20 10:33:32.755","+1.9231432E-02"
"26-03-20 10:33:33.462","+1.9168583E-02"
"26-03-20 10:33:34.214","+1.9822946E-02"
"26-03-20 10:33:34.922","+1.9773716E-02"
"26-03-20 10:33:35.627","+1.9660386E-02"
"26-03-20 10:33:36.335","+1.9945522E-02"
"26-03-20 10:33:37.041","+2.0110456E-02"
"26-03-20 10:33:37.783","+1.9613530E-02"
"26-03-20 10:33:38.490","+1.9583167E-02"
"26-03-20 10:33:39.193","+1.8864954E-02"
"26-03-20 10:33:39.901","+1.8855083E-02"
"26-03-20 10:33:40.640","+1.9661885E-02"
"26-03-20 10:33:41.346","+1.9668258E-02"
"26-03-20 10:33:42.053","+1.9658637E-02"
"26-03-20 10:33:42.758","+1.9836066E-02"
"26-03-20 10:33:43.467","+1.9581792E-02"
"26-03-20 10:33:44.209","+1.9776339E-02"
"26-03-20 10:33:44.915","+1.9179828E-02"
"26-03-20 10:33:45.623","+1.8826469E-02"
"26-03-20 10:33:46.330","+1.9858057E-02"
"26-03-20 10:33:47.074","+1.9919157E-02"
"26-03-20 10:33:47.777","+1.9681003E-02"
"26-03-20 10:33:48.483","+1.9888295E-02"
"26-03-20 10:33:49.187","+1.9917658E-02"
"26-03-20 10:33:49.894","+1.9415859E-02"
"26-03-20 10:33:50.635","+1.9364254E-02"
"26-03-20 10:33:51.338","+1.9055253E-02"
"26-03-20 10:33:52.047","+1.9007397E-02"
"26-03-20 10:33:52.750","+1.9450595E-02"
"26-03-20 10:33:53.493","+2.0088090E-02"
"26-03-20 10:33:54.199","+1.9724735E-02"
"26-03-20 10:33:54.907","+2.0135196E-02"
"26-03-20 10:33:55.614","+1.9667008E-02"
"26-03-20 10:33:56.320","+1.9799580E-02"
"26-03-20 10:33:57.063","+1.8917558E-02"
"26-03-20 10:33:57.767","+1.9056752E-02"
"26-03-20 10:33:58.474","+2.0049730E-02"
"26-03-20 10:33:59.181","+1.9985506E-02"
"26-03-20 10:33:59.887","+1.9724610E-02"
"26-03-20 10:34:00.632","+1.9497951E-02"
"26-03-20 10:34:01.336","+1.9804328E-02"
"26-03-20 10:34:02.043","+1.9717738E-02"
"26-03-20 10:34:02.746","+1.9438350E-02"
"26-03-20 10:34:03.491","+1.9026140E-02"
"26-03-20 10:34:04.198","+1.8885696E-02"
"26-03-20 10:34:04.902","+1.9800205E-02"
"26-03-20 10:34:05.610","+1.9641518E-02"
"26-03-20 10:34:06.314","+1.9639894E-02"
"26-03-20 10:34:07.060","+1.9866179E-02"
"26-03-20 10:34:07.766","+1.9728734E-02"
"26-03-20 10:34:08.473","+1.9759346E-02"
"26-03-20 10:34:09.182","+1.9558801E-02"
"26-03-20 10:34:09.932","+1.8901439E-02"
"26-03-20 10:34:10.639","+2.6633971E-02"
"26-03-20 10:34:11.346","+1.9482082E-02"
"26-03-20 10:34:12.052","+1.9578169E-02"
"26-03-20 10:34:12.759","+2.0023491E-02"
"26-03-20 10:34:13.507","+1.9570172E-02"
"26-03-20 10:34:14.213","+1.9707242E-02"
"26-03-20 10:34:14.917","+1.9682752E-02"
"26-03-20 10:34:15.623","+1.8847086E-02"
"26-03-20 10:34:16.367","+1.8727134E-02"
"26-03-20 10:34:17.071","+1.9620027E-02"
"26-03-20 10:34:17.777","+1.9753349E-02"
"26-03-20 10:34:18.483","+1.9854183E-02"
"26-03-20 10:34:19.189","+1.9709741E-02"
"26-03-20 10:34:19.937","+1.9632147E-02"
"26-03-20 10:34:20.644","+1.9743353E-02"
"26-03-20 10:34:21.351","+1.9928154E-02"
"26-03-20 10:34:22.056","+1.9126599E-02"
"26-03-20 10:34:22.805","+1.9779588E-02"
"26-03-20 10:34:23.513","+1.9453719E-02"
"26-03-20 10:34:24.219","+1.9617653E-02"
"26-03-20 10:34:24.926","+1.9474835E-02"
"26-03-20 10:34:25.633","+1.9786960E-02"
"26-03-20 10:34:26.384","+1.9573546E-02"
"26-03-20 10:34:27.093","+1.9400240E-02"
"26-03-20 10:34:27.799","+1.8907937E-02"
"26-03-20 10:34:28.506","+1.8887820E-02"
"26-03-20 10:34:29.260","+1.9696371E-02"
"26-03-20 10:34:29.966","+1.9461091E-02"
"26-03-20 10:34:30.673","+2.0265269E-02"
"26-03-20 10:34:31.381","+1.9676504E-02"
"26-03-20 10:34:32.087","+1.9636770E-02"
"26-03-20 10:34:32.838","+1.9649265E-02"
"26-03-20 10:34:33.545","+1.8694022E-02"
"26-03-20 10:34:34.252","+1.9156712E-02"
"26-03-20 10:34:34.960","+1.9950645E-02"
"26-03-20 10:34:35.712","+1.9736355E-02"
"26-03-20 10:34:36.415","+1.9680128E-02"
"26-03-20 10:34:37.122","+1.9526314E-02"
"26-03-20 10:34:37.826","+1.9975885E-02"
"26-03-20 10:34:38.534","+1.9474835E-02"
"26-03-20 10:34:39.280","+1.9683377E-02"
"26-03-20 10:34:39.983","+1.9181203E-02"
"26-03-20 10:34:40.690","+1.9113730E-02"
"26-03-20 10:34:41.395","+1.9692873E-02"
"26-03-20 10:34:42.144","+1.9698621E-02"
"26-03-20 10:34:42.850","+1.9557802E-02"
"26-03-20 10:34:43.558","+1.9572546E-02"
"26-03-20 10:34:44.266","+1.9652389E-02"
"26-03-20 10:34:44.969","+1.9740604E-02"
"26-03-20 10:34:45.719","+1.9337390E-02"
"26-03-20 10:34:46.425","+1.8837340E-02"
"26-03-20 10:34:47.133","+2.0033737E-02"
"26-03-20 10:34:47.840","+1.9640144E-02"
"26-03-20 10:34:48.590","+2.0409711E-02"
"26-03-20 10:34:49.297","+1.9890919E-02"
"26-03-20 10:34:50.004","+1.9569797E-02"
"26-03-20 10:34:50.711","+1.9648141E-02"
"26-03-20 10:34:51.417","+1.9588040E-02"
"26-03-20 10:34:52.165","+1.9261295E-02"
"26-03-20 10:34:52.881","+1.9874300E-02"
"26-03-20 10:34:53.588","+1.9809701E-02"
"26-03-20 10:34:54.295","+1.9372626E-02"
"26-03-20 10:34:55.043","+1.9727734E-02"
"26-03-20 10:34:55.747","+1.9423481E-02"
"26-03-20 10:34:56.453","+1.9431602E-02"
"26-03-20 10:34:57.157","+1.9469462E-02"
"26-03-20 10:34:57.864","+1.8989654E-02"
"26-03-20 10:34:58.609","+1.8788485E-02"
"26-03-20 10:34:59.312","+1.9674755E-02"
"26-03-20 10:35:00.019","+1.9721361E-02"
"26-03-20 10:35:00.723","+1.9648141E-02"
"26-03-20 10:35:01.471","+1.9604408E-02"
"26-03-20 10:35:02.180","+1.9255548E-02"
"26-03-20 10:35:02.887","+1.9659886E-02"
"26-03-20 10:35:03.593","+1.9563050E-02"
"26-03-20 10:35:04.297","+1.9153838E-02"
"26-03-20 10:35:05.045","+1.9425605E-02"
"26-03-20 10:35:05.751","+1.9847311E-02"
"26-03-20 10:35:06.458","+2.0315999E-02"
"26-03-20 10:35:07.165","+1.9853933E-02"
"26-03-20 10:35:07.913","+1.9626399E-02"
"26-03-20 10:35:08.620","+2.0041358E-02"
"26-03-20 10:35:09.325","+1.9818323E-02"
"26-03-20 10:35:10.033","+1.8963665E-02"
"26-03-20 10:35:10.741","+3.1387320E-02"
"26-03-20 10:35:11.488","+4.2574470E-02"
"26-03-20 10:35:12.195","+1.9743228E-02"
"26-03-20 10:35:12.898","+1.9931652E-02"
"26-03-20 10:35:13.606","+1.9504448E-02"
"26-03-20 10:35:14.349","+1.9935526E-02"
"26-03-20 10:35:15.053","+1.9660011E-02"
"26-03-20 10:35:15.760","+1.9828069E-02"
"26-03-20 10:35:16.463","+1.8822346E-02"
"26-03-20 10:35:17.170","+1.9040009E-02"
"26-03-20 10:35:17.913","+1.9978634E-02"
"26-03-20 10:35:18.620","+1.9708117E-02"
"26-03-20 10:35:19.329","+1.9863055E-02"
"26-03-20 10:35:20.036","+1.9596162E-02"
"26-03-20 10:35:20.783","+1.9645267E-02"
"26-03-20 10:35:21.488","+1.9874175E-02"
"26-03-20 10:35:22.194","+1.9077119E-02"
"26-03-20 10:35:22.901","+1.8804103E-02"
"26-03-20 10:35:23.608","+8.3087640E-02"
"26-03-20 10:35:24.356","+5.5624000E-02"
"26-03-20 10:35:25.059","+4.0347236E-02"
"26-03-20 10:35:25.766","+4.5473311E-02"
"26-03-20 10:35:26.470","+1.9876674E-02"
"26-03-20 10:35:27.177","+1.9878049E-02"
"26-03-20 10:35:27.924","+1.9564299E-02"
"26-03-20 10:35:28.627","+1.9274540E-02"
"26-03-20 10:35:29.334","+1.8950045E-02"
"26-03-20 10:35:30.038","+1.9888295E-02"
"26-03-20 10:35:30.786","+3.7395167E-02"
"26-03-20 10:35:31.493","+4.2554978E-02"
"26-03-20 10:35:32.200","+1.9844562E-02"
"26-03-20 10:35:32.907","+1.9496951E-02"
"26-03-20 10:35:33.610","+2.0058976E-02"
"26-03-20 10:35:34.358","+1.8936425E-02"
"26-03-20 10:35:35.065","+1.9158836E-02"
"26-03-20 10:35:35.771","+1.9235681E-02"
"26-03-20 10:35:36.480","+1.9790709E-02"
"26-03-20 10:35:37.230","+1.9781712E-02"
"26-03-20 10:35:37.936","+1.9707492E-02"
"26-03-20 10:35:38.643","+1.9432977E-02"
"26-03-20 10:35:39.350","+1.9844437E-02"
"26-03-20 10:35:40.056","+2.4283662E-02"
"26-03-20 10:35:40.806","+7.1782912E-02"
"26-03-20 10:35:41.513","+3.7578344E-02"
"26-03-20 10:35:42.217","+2.0281013E-02"
"26-03-20 10:35:42.924","+1.9688000E-02"
"26-03-20 10:35:43.673","+1.9850185E-02"
"26-03-20 10:35:44.378","+1.9409361E-02"
"26-03-20 10:35:45.085","+1.9478584E-02"
"26-03-20 10:35:45.790","+1.9754098E-02"
"26-03-20 10:35:46.497","+1.8856208E-02"
"26-03-20 10:35:47.248","+1.9037135E-02"
"26-03-20 10:35:47.951","+1.9437975E-02"
"26-03-20 10:35:48.658","+1.9402614E-02"
"26-03-20 10:35:49.363","+1.9603908E-02"
"26-03-20 10:35:50.117","+1.9441099E-02"
"26-03-20 10:35:50.823","+1.9584791E-02"
"26-03-20 10:35:51.529","+1.9996376E-02"
"26-03-20 10:35:52.236","+1.9865804E-02"
"26-03-20 10:35:52.940","+1.9033262E-02"
"26-03-20 10:35:53.696","+1.9710616E-02"
"26-03-20 10:35:54.404","+1.9550305E-02"
"26-03-20 10:35:55.111","+1.9762970E-02"
"26-03-20 10:35:55.818","+1.9954518E-02"
"26-03-20 10:35:58.160","+1.9514444E-02"
"26-03-20 10:35:58.865","+1.9551554E-02"
"26-03-20 10:35:59.571","+1.9647016E-02"
"26-03-20 10:36:00.278","+2.0061475E-02"
"26-03-20 10:36:00.984","+1.9687750E-02"
"26-03-20 10:36:01.690","+1.9703119E-02"
"26-03-20 10:36:02.398","+1.9777464E-02"
"26-03-20 10:36:03.104","+1.9566423E-02"
"26-03-20 10:36:03.811","+1.8854083E-02"
"26-03-20 10:36:04.520","+1.9319147E-02"
"26-03-20 10:36:05.226","+1.9463590E-02"
"26-03-20 10:36:05.933","+1.9482332E-02"
"26-03-20 10:36:06.636","+1.9651764E-02"
"26-03-20 10:36:07.343","+1.9764594E-02"
"26-03-20 10:36:08.047","+1.9698371E-02"
"26-03-20 10:36:08.755","+1.9747101E-02"
"26-03-20 10:36:09.458","+1.9859431E-02"
"26-03-20 10:36:10.165","+1.8770367E-02"
"26-03-20 10:36:10.870","+1.8852459E-02"
"26-03-20 10:36:11.576","+1.9201569E-02"
"26-03-20 10:36:12.281","+1.9720987E-02"
"26-03-20 10:36:12.989","+2.0068223E-02"
"26-03-20 10:36:13.692","+1.9831317E-02"
"26-03-20 10:36:14.399","+7.4361880E-02"
"26-03-20 10:36:15.103","+1.9856807E-02"
"26-03-20 10:36:15.810","+1.9620402E-02"
"26-03-20 10:36:16.514","+1.9581168E-02"
"26-03-20 10:36:17.222","+1.9160086E-02"
"26-03-20 10:36:17.925","+1.8936176E-02"
"26-03-20 10:36:18.632","+1.9806952E-02"
"26-03-20 10:36:19.337","+1.9295907E-02"
"26-03-20 10:36:20.043","+1.9852809E-02"
"26-03-20 10:36:20.750","+1.9500825E-02"
"26-03-20 10:36:21.459","+1.9657637E-02"
"26-03-20 10:36:22.164","+1.9489829E-02"
"26-03-20 10:36:22.871","+1.9674380E-02"
"26-03-20 10:36:23.577","+1.9364629E-02"
"26-03-20 10:36:24.284","+1.9186700E-02"
"26-03-20 10:36:24.991","+1.8778863E-02"
"26-03-20 10:36:25.698","+1.9545432E-02"
"26-03-20 10:36:26.406","+1.9649390E-02"
"26-03-20 10:36:27.113","+2.0350610E-02"
"26-03-20 10:36:27.820","+1.9782837E-02"
"26-03-20 10:36:28.524","+1.9730108E-02"
"26-03-20 10:36:29.230","+1.9788085E-02"
"26-03-20 10:36:29.935","+1.9797956E-02"
"26-03-20 10:36:30.642","+1.9427979E-02"
"26-03-20 10:36:31.346","+1.8965164E-02"
"26-03-20 10:36:32.054","+1.8463365E-02"
"26-03-20 10:36:32.757","+1.9619652E-02"
"26-03-20 10:36:33.463","+1.9468088E-02"
"26-03-20 10:36:34.168","+1.9830818E-02"
"26-03-20 10:36:34.874","+1.9698621E-02"
"26-03-20 10:36:35.578","+1.9549430E-02"
"26-03-20 10:36:36.284","+2.0361605E-02"
"26-03-20 10:36:36.988","+1.9420357E-02"
"26-03-20 10:36:37.696","+1.8982407E-02"
"26-03-20 10:36:38.399","+1.9033886E-02"
"26-03-20 10:36:39.108","+1.9625525E-02"
"26-03-20 10:36:39.811","+1.9732857E-02"
"26-03-20 10:36:40.517","+1.9498076E-02"
"26-03-20 10:36:41.221","+1.9612030E-02"
"26-03-20 10:36:41.927","+1.9572671E-02"
"26-03-20 10:36:42.631","+1.9503449E-02"
"26-03-20 10:36:43.339","+1.9525065E-02"
"26-03-20 10:36:44.043","+1.9675130E-02"
"26-03-20 10:36:44.749","+1.9071247E-02"
"26-03-20 10:36:45.455","+1.8923431E-02"
"26-03-20 10:36:46.162","+2.0059976E-02"
"26-03-20 10:36:46.869","+1.9495827E-02"
"26-03-20 10:36:47.577","+1.9681627E-02"
"26-03-20 10:36:48.283","+1.9412360E-02"
"26-03-20 10:36:48.990","+1.9426604E-02"
"26-03-20 10:36:49.697","+1.9843688E-02"
"26-03-20 10:36:50.404","+1.9294532E-02"
"26-03-20 10:36:51.112","+1.9624275E-02"
"26-03-20 10:36:51.818","+1.9052129E-02"
"26-03-20 10:36:52.525","+1.9080243E-02"
"26-03-20 10:36:53.229","+1.9420857E-02"
"26-03-20 10:36:53.935","+1.9832192E-02"
"26-03-20 10:36:54.639","+1.9824945E-02"
"26-03-20 10:36:55.347","+1.9314274E-02"
"26-03-20 10:36:56.052","+1.9763720E-02"
"26-03-20 10:36:56.758","+1.9448471E-02"
"26-03-20 10:36:57.462","+1.9359006E-02"
"26-03-20 10:36:58.169","+1.9099860E-02"
"26-03-20 10:36:58.872","+1.9047256E-02"
"26-03-20 10:36:59.579","+1.9692623E-02"
"26-03-20 10:37:00.283","+2.0105333E-02"
"26-03-20 10:37:00.989","+1.9307527E-02"
"26-03-20 10:37:01.693","+1.9781712E-02"
"26-03-20 10:37:02.401","+1.9802079E-02"
"26-03-20 10:37:03.104","+2.0147316E-02"
"26-03-20 10:37:03.810","+1.9644892E-02"
"26-03-20 10:37:04.530","+1.9486455E-02"
"26-03-20 10:37:05.237","+1.9091114E-02"
"26-03-20 10:37:05.943","+1.8913060E-02"
"26-03-20 10:37:06.649","+1.9436101E-02"
"26-03-20 10:37:07.357","+1.9897791E-02"
"26-03-20 10:37:08.063","+1.9939649E-02"
"26-03-20 10:37:08.770","+2.0036236E-02"
"26-03-20 10:37:09.477","+1.9666883E-02"
"26-03-20 10:37:10.184","+1.9709866E-02"
"26-03-20 10:37:10.890","+1.9616903E-02"
"26-03-20 10:37:11.597","+1.9612030E-02"
"26-03-20 10:37:12.301","+1.9198945E-02"
"26-03-20 10:37:13.010","+1.8713764E-02"
"26-03-20 10:37:13.714","+1.9895417E-02"
"26-03-20 10:37:14.420","+1.9664884E-02"
"26-03-20 10:37:15.124","+1.9828444E-02"
"26-03-20 10:37:15.838","+1.9810451E-02"
"26-03-20 10:37:16.541","+1.9571921E-02"
"26-03-20 10:37:17.247","+1.9513819E-02"
"26-03-20 10:37:17.951","+2.0914759E-02"
"26-03-20 10:37:18.658","+1.8817098E-02"
"26-03-20 10:37:19.362","+1.9169707E-02"
"26-03-20 10:37:20.068","+1.9909536E-02"
"26-03-20 10:37:20.772","+2.0019117E-02"
"26-03-20 10:37:21.478","+1.9749975E-02"
"26-03-20 10:37:22.184","+1.9737980E-02"
"26-03-20 10:37:22.891","+1.9827944E-02"
"26-03-20 10:37:23.594","+1.9870802E-02"
"26-03-20 10:37:24.301","+1.9690749E-02"
"26-03-20 10:37:25.008","+1.9752724E-02"
"26-03-20 10:37:25.715","+1.8848835E-02"
"26-03-20 10:37:26.422","+1.8446371E-02"
"26-03-20 10:37:27.128","+1.9798830E-02"
"26-03-20 10:37:27.836","+1.9505573E-02"
"26-03-20 10:37:28.542","+1.9432102E-02"
"26-03-20 10:37:29.249","+1.9461590E-02"
"26-03-20 10:37:29.957","+2.0043608E-02"
"26-03-20 10:37:30.665","+1.9385496E-02"
"26-03-20 10:37:31.372","+1.9148466E-02"
"26-03-20 10:37:32.078","+1.9688000E-02"
"26-03-20 10:37:32.782","+1.9255048E-02"
"26-03-20 10:37:33.490","+1.8978908E-02"
"26-03-20 10:37:34.193","+1.9742353E-02"
"26-03-20 10:37:34.901","+1.9942148E-02"
"26-03-20 10:37:35.604","+1.9503324E-02"
"26-03-20 10:37:36.311","+1.9723111E-02"
"26-03-20 10:37:37.016","+1.9567923E-02"
"26-03-20 10:37:37.722","+1.9511196E-02"
"26-03-20 10:37:38.426","+1.9825320E-02"
"26-03-20 10:37:39.135","+1.9009146E-02"
"26-03-20 10:37:39.839","+1.9436850E-02"
"26-03-20 10:37:40.546","+1.9691748E-02"
"26-03-20 10:37:41.250","+1.9550055E-02"
"26-03-20 10:37:41.956","+1.9814949E-02"
"26-03-20 10:37:42.660","+1.9578544E-02"
"26-03-20 10:37:43.367","+1.9625150E-02"
"26-03-20 10:37:44.070","+1.9881297E-02"
"26-03-20 10:37:44.777","+1.9958766E-02"
"26-03-20 10:37:45.481","+1.9649015E-02"
"26-03-20 10:37:46.187","+1.9227434E-02"
"26-03-20 10:37:46.891","+1.8870327E-02"
"26-03-20 10:37:47.600","+2.0316623E-02"
"26-03-20 10:37:48.307","+1.9674380E-02"
"26-03-20 10:37:49.014","+1.9892543E-02"
"26-03-20 10:37:49.721","+1.9978509E-02"
"26-03-20 10:37:50.428","+1.9571921E-02"
"26-03-20 10:37:51.135","+2.0068847E-02"
"26-03-20 10:37:51.842","+1.9858931E-02"
"26-03-20 10:37:52.548","+1.9559051E-02"
"26-03-20 10:37:53.255","+1.8877949E-02"
"26-03-20 10:37:53.962","+1.8615679E-02"
"26-03-20 10:37:54.668","+1.9537810E-02"
"26-03-20 10:37:55.375","+1.9935276E-02"
"26-03-20 10:37:56.080","+1.9783337E-02"
"26-03-20 10:37:56.786","+2.0141693E-02"
"26-03-20 10:37:57.490","+1.9749350E-02"
"26-03-20 10:37:58.197","+1.9873551E-02"
"26-03-20 10:37:58.902","+1.9557052E-02"
"26-03-20 10:37:59.609","+1.9097736E-02"
"26-03-20 10:38:00.312","+1.9165959E-02"
"26-03-20 10:38:01.019","+1.9516318E-02"
"26-03-20 10:38:01.724","+1.9639769E-02"
"26-03-20 10:38:02.430","+1.9878049E-02"
"26-03-20 10:38:03.134","+1.9493703E-02"
"26-03-20 10:38:03.841","+1.9904413E-02"
"26-03-20 10:38:04.545","+1.9962765E-02"
"26-03-20 10:38:05.254","+1.9586415E-02"
"26-03-20 10:38:05.958","+2.0108831E-02"
"26-03-20 10:38:06.665","+1.9054128E-02"
"26-03-20 10:38:07.369","+1.9447346E-02"
"26-03-20 10:38:08.075","+1.9750225E-02"
"26-03-20 10:38:08.780","+1.9412110E-02"
"26-03-20 10:38:09.486","+1.9961016E-02"
"26-03-20 10:38:10.192","+1.9680628E-02"
"26-03-20 10:38:10.900","+1.9714739E-02"
"26-03-20 10:38:11.606","+1.9940274E-02"
"26-03-20 10:38:12.312","+1.9733732E-02"
"26-03-20 10:38:13.019","+1.9571421E-02"
"26-03-20 10:38:13.728","+1.8958167E-02"
"26-03-20 10:38:14.435","+1.9361380E-02"
"26-03-20 10:38:15.142","+1.9821197E-02"
"26-03-20 10:38:15.850","+1.9836066E-02"
"26-03-20 10:38:16.556","+1.9793832E-02"
"26-03-20 10:38:17.263","+1.9920907E-02"
"26-03-20 10:38:17.967","+1.9686001E-02"
"26-03-20 10:38:18.673","+1.9566923E-02"
"26-03-20 10:38:19.378","+2.0034986E-02"
"26-03-20 10:38:20.085","+1.8937675E-02"
"26-03-20 10:38:20.788","+1.8919932E-02"
"26-03-20 10:38:21.494","+1.9033262E-02"
"26-03-20 10:38:22.200","+1.9705243E-02"
"26-03-20 10:38:22.907","+1.9487580E-02"
"26-03-20 10:38:23.610","+1.9990379E-02"
"26-03-20 10:38:24.317","+1.9862305E-02"
"26-03-20 10:38:25.021","+1.9517193E-02"
"26-03-20 10:38:25.728","+1.9860806E-02"
"26-03-20 10:38:26.433","+1.9641893E-02"
"26-03-20 10:38:27.139","+1.9134346E-02"
"26-03-20 10:38:27.844","+1.9071871E-02"
"26-03-20 10:38:28.550","+1.9688500E-02"
"26-03-20 10:38:29.254","+1.9672881E-02"
"26-03-20 10:38:29.961","+1.9910536E-02"
"26-03-20 10:38:30.667","+7.2314074E-02"
"26-03-20 10:38:31.374","+1.9652014E-02"
"26-03-20 10:38:32.077","+1.9470462E-02"
"26-03-20 10:38:32.784","+2.0152189E-02"
"26-03-20 10:38:33.491","+2.0030363E-02"
"26-03-20 10:38:34.198","+1.8973161E-02"
"26-03-20 10:38:34.906","+3.8676654E-02"
"26-03-20 10:38:35.612","+4.0476934E-02"
"26-03-20 10:38:36.319","+1.9401739E-02"
"26-03-20 10:38:37.027","+1.9630648E-02"
"26-03-20 10:38:37.733","+2.0045857E-02"
"26-03-20 10:38:38.440","+1.9710241E-02"
"26-03-20 10:38:39.148","+1.9441224E-02"
"26-03-20 10:38:39.852","+1.9536560E-02"
"26-03-20 10:38:40.560","+1.9799955E-02"
"26-03-20 10:38:41.263","+1.9129223E-02"
"26-03-20 10:38:41.969","+1.8922931E-02"
"26-03-20 10:38:42.673","+1.9556302E-02"
"26-03-20 10:38:43.380","+1.9804703E-02"
"26-03-20 10:38:44.083","+1.9436600E-02"
"26-03-20 10:38:44.790","+1.9804578E-02"
"26-03-20 10:38:45.494","+1.9939899E-02"
"26-03-20 10:38:46.200","+1.9644767E-02"
"26-03-20 10:38:46.904","+1.9608157E-02"
"26-03-20 10:38:47.612","+1.8875450E-02"
"26-03-20 10:38:48.316","+1.9047506E-02"
"26-03-20 10:38:49.022","+1.9673880E-02"
"26-03-20 10:38:49.726","+1.9648266E-02"
"26-03-20 10:38:50.432","+1.9986755E-02"
"26-03-20 10:38:51.136","+1.9737980E-02"
"26-03-20 10:38:51.844","+3.4902789E-02"
"26-03-20 10:38:52.547","+4.5805678E-02"
"26-03-20 10:38:53.253","+1.9827194E-02"
"26-03-20 10:38:53.957","+1.9683751E-02"
"26-03-20 10:38:54.664","+1.8704143E-02"
"26-03-20 10:38:55.367","+1.8880198E-02"
"26-03-20 10:38:56.074","+1.9756472E-02"
"26-03-20 10:38:56.780","+8.1203644E-02"
"26-03-20 10:38:57.486","+1.9503574E-02"
"26-03-20 10:38:58.193","+1.9839314E-02"
"26-03-20 10:38:58.901","+1.9885296E-02"
"26-03-20 10:38:59.607","+1.9826319E-02"
"26-03-20 10:39:00.313","+2.0031487E-02"
"26-03-20 10:39:01.021","+1.9604658E-02"
"26-03-20 10:39:01.727","+1.9032137E-02"
"26-03-20 10:39:02.434","+1.9127974E-02"
"26-03-20 10:39:03.143","+1.9793832E-02"
"26-03-20 10:39:03.850","+1.9443598E-02"
"26-03-20 10:39:04.556","+1.9645517E-02"
"26-03-20 10:39:05.265","+1.9604158E-02"
"26-03-20 10:39:05.969","+1.9667258E-02"
"26-03-20 10:39:06.675","+1.9569797E-02"
"26-03-20 10:39:07.379","+1.9386370E-02"
"26-03-20 10:39:08.086","+1.8903189E-02"
"26-03-20 10:39:08.790","+1.9007772E-02"
"26-03-20 10:39:09.497","+1.9818947E-02"
"26-03-20 10:39:10.201","+1.9729233E-02"
"26-03-20 10:39:10.909","+1.9680003E-02"
"26-03-20 10:39:11.612","+1.9733482E-02"
"26-03-20 10:39:12.319","+1.9871426E-02"
"26-03-20 10:39:13.022","+2.0011370E-02"
"26-03-20 10:39:13.730","+1.9765344E-02"
"26-03-20 10:39:14.433","+1.9675755E-02"
"26-03-20 10:39:15.139","+1.9083117E-02"
"26-03-20 10:39:15.844","+1.9108732E-02"
"26-03-20 10:39:16.550","+1.9701869E-02"
"26-03-20 10:39:17.254","+3.0615254E-02"
"26-03-20 10:39:17.961","+4.9526564E-02"
"26-03-20 10:39:18.664","+1.9766219E-02"
"26-03-20 10:39:19.371","+1.9720612E-02"
"26-03-20 10:39:20.074","+1.9667008E-02"
"26-03-20 10:39:20.780","+1.9662635E-02"
"26-03-20 10:39:21.484","+1.9516318E-02"
"26-03-20 10:39:22.193","+1.8763370E-02"
"26-03-20 10:39:22.898","+1.9201195E-02"
"26-03-20 10:39:23.606","+1.9881922E-02"
"26-03-20 10:39:24.312","+1.9540184E-02"
"26-03-20 10:39:25.018","+2.6659461E-02"
"26-03-20 10:39:25.725","+5.3471237E-02"
"26-03-20 10:39:26.433","+2.0204043E-02"
"26-03-20 10:39:27.139","+1.9503324E-02"
"26-03-20 10:39:27.847","+1.9300530E-02"
"26-03-20 10:39:28.553","+1.9442598E-02"
"26-03-20 10:39:29.260","+1.8952419E-02"
"26-03-20 10:39:29.967","+1.9095612E-02"
"26-03-20 10:39:30.672","+1.9976759E-02"
"26-03-20 10:39:31.379","+1.9339514E-02"
"26-03-20 10:39:32.082","+1.9921281E-02"
"26-03-20 10:39:32.789","+1.9548681E-02"
"26-03-20 10:39:33.492","+2.0002999E-02"
"26-03-20 10:39:34.199","+1.9322021E-02"
"26-03-20 10:39:34.903","+2.0237155E-02"
"26-03-20 10:39:35.610","+1.9143468E-02"
"26-03-20 10:39:36.314","+1.8922681E-02"
"26-03-20 10:39:37.079","+1.9568673E-02"
"26-03-20 10:39:37.786","+1.9852934E-02"
"26-03-20 10:39:38.490","+1.9776714E-02"
"26-03-20 10:39:39.197","+1.9771092E-02"
"26-03-20 10:39:39.903","+1.9595912E-02"
"26-03-20 10:39:40.659","+2.0110831E-02"
"26-03-20 10:39:41.366","+1.9132472E-02"
"26-03-20 10:39:42.070","+1.9257047E-02"
"26-03-20 10:39:42.777","+1.9175330E-02"
"26-03-20 10:39:43.530","+1.9800205E-02"
"26-03-20 10:39:44.237","+2.0092838E-02"
"26-03-20 10:39:44.944","+1.9894542E-02"
"26-03-20 10:39:45.648","+1.9385996E-02"
"26-03-20 10:39:46.356","+1.9984506E-02"
"26-03-20 10:39:47.106","+4.1588240E-02"
"26-03-20 10:39:47.812","+3.8857082E-02"
"26-03-20 10:39:48.521","+1.9499075E-02"
"26-03-20 10:39:49.228","+1.9493827E-02"
"26-03-20 10:39:49.983","+1.9735231E-02"
"26-03-20 10:39:50.690","+1.9408362E-02"
"26-03-20 10:39:51.397","+7.1675205E-02"
"26-03-20 10:39:52.104","+1.9766718E-02"
"26-03-20 10:39:52.810","+1.9795957E-02"
"26-03-20 10:39:53.567","+1.8982032E-02"
"26-03-20 10:39:54.274","+1.9517568E-02"
"26-03-20 10:39:54.980","+1.9845937E-02"
"26-03-20 10:39:55.687","+1.9505698E-02"
"26-03-20 10:39:56.395","+1.9900790E-02"
"26-03-20 10:39:57.150","+1.9515319E-02"
"26-03-20 10:39:57.858","+1.9892668E-02"
"26-03-20 10:39:58.564","+2.0093213E-02"
"26-03-20 10:39:59.271","+1.9193947E-02"
"26-03-20 10:40:00.026","+1.8951544E-02"
"26-03-20 10:40:00.732","+1.9756347E-02"
"26-03-20 10:40:01.440","+1.9412360E-02"
"26-03-20 10:40:02.146","+2.0238405E-02"
"26-03-20 10:40:02.854","+1.9917033E-02"
"26-03-20 10:40:03.610","+1.9893293E-02"
"26-03-20 10:40:04.316","+1.9673631E-02"
"26-03-20 10:40:05.023","+1.9742103E-02"
"26-03-20 10:40:05.732","+6.2039809E-02"
"26-03-20 10:40:06.485","+1.9297156E-02"
"26-03-20 10:40:07.191","+1.9607907E-02"
"26-03-20 10:40:07.898","+1.9623526E-02"
"26-03-20 10:40:08.605","+1.9751849E-02"
"26-03-20 10:40:09.311","+1.9902664E-02"
"26-03-20 10:40:10.065","+1.9790584E-02"
"26-03-20 10:40:10.772","+1.9557552E-02"
"26-03-20 10:40:11.479","+1.9099985E-02"
"26-03-20 10:40:12.186","+1.9040134E-02"
"26-03-20 10:40:12.940","+2.0065724E-02"
"26-03-20 10:40:13.647","+1.9748850E-02"
"26-03-20 10:40:14.356","+2.5887895E-02"
"26-03-20 10:40:15.063","+5.3501225E-02"
"26-03-20 10:40:15.770","+1.9420232E-02"
"26-03-20 10:40:16.525","+1.9609281E-02"
"26-03-20 10:40:17.231","+1.8920682E-02"
"26-03-20 10:40:17.935","+1.8983657E-02"
"26-03-20 10:40:18.642","+1.9227809E-02"
"26-03-20 10:40:19.397","+1.9631647E-02"
"26-03-20 10:40:20.100","+1.9994127E-02"
"26-03-20 10:40:20.807","+1.9594287E-02"
"26-03-20 10:40:21.511","+1.9431103E-02"
"26-03-20 10:40:22.218","+1.9806327E-02"
"26-03-20 10:40:22.973","+1.8940924E-02"
"26-03-20 10:40:23.678","+1.8966538E-02"
"26-03-20 10:40:24.384","+1.9885421E-02"
"26-03-20 10:40:25.088","+1.9654513E-02"
"26-03-20 10:40:25.844","+1.9601784E-02"
"26-03-20 10:40:26.551","+1.9584541E-02"
"26-03-20 10:40:27.255","+1.9768718E-02"
"26-03-20 10:40:27.962","+2.0080218E-02"
"26-03-20 10:40:28.665","+1.9534061E-02"
"26-03-20 10:40:29.421","+1.9416109E-02"
"26-03-20 10:40:30.128","+1.9610031E-02"
"26-03-20 10:40:30.831","+1.9768218E-02"
"26-03-20 10:40:31.539","+1.9744727E-02"
"26-03-20 10:40:32.293","+1.9487330E-02"
"26-03-20 10:40:33.000","+1.9553429E-02"
"26-03-20 10:40:33.706","+1.9759971E-02"
"26-03-20 10:40:34.414","+1.9675005E-02"
"26-03-20 10:40:35.120","+1.8864579E-02"
"26-03-20 10:40:35.873","+1.8857207E-02"
"26-03-20 10:40:36.579","+1.9695372E-02"
"26-03-20 10:40:37.287","+1.9875675E-02"
"26-03-20 10:40:37.993","+2.0568273E-02"
"26-03-20 10:40:38.749","+2.0183552E-02"
"26-03-20 10:40:39.455","+1.9916159E-02"
"26-03-20 10:40:40.162","+1.9610906E-02"
"26-03-20 10:40:40.872","+1.9033512E-02"
"26-03-20 10:40:41.578","+1.8719012E-02"
"26-03-20 10:40:42.331","+1.9819822E-02"
"26-03-20 10:40:43.036","+2.8041159E-02"
"26-03-20 10:40:43.742","+5.2228484E-02"
"26-03-20 10:40:44.450","+1.9793083E-02"
"26-03-20 10:40:45.192","+1.9657262E-02"
"26-03-20 10:40:45.899","+1.9652014E-02"
"26-03-20 10:40:46.602","+1.9648266E-02"
"26-03-20 10:40:47.309","+1.8644667E-02"
"26-03-20 10:40:48.012","+1.9030138E-02"
"26-03-20 10:40:48.754","+2.0013495E-02"
"26-03-20 10:40:49.463","+1.9361380E-02"
"26-03-20 10:40:50.166","+1.9470212E-02"
"26-03-20 10:40:50.873","+1.9653264E-02"
"26-03-20 10:40:51.612","+1.9873176E-02"
"26-03-20 10:40:52.318","+1.9860681E-02"
"26-03-20 10:40:53.025","+1.9564674E-02"
"26-03-20 10:40:53.733","+1.8983781E-02"
"26-03-20 10:40:54.439","+1.9030388E-02"
"26-03-20 10:40:55.184","+1.9727609E-02"
"26-03-20 10:40:55.891","+2.0483182E-02"
"26-03-20 10:40:56.594","+1.9814199E-02"
"26-03-20 10:40:57.300","+1.9877049E-02"
"26-03-20 10:40:58.046","+1.9811201E-02"
"26-03-20 10:40:58.750","+1.9551929E-02"
"26-03-20 10:40:59.457","+1.8924055E-02"
"26-03-20 10:41:00.160","+1.8808227E-02"
"26-03-20 10:41:00.868","+1.9741104E-02"
"26-03-20 10:41:01.608","+1.9752349E-02"
"26-03-20 10:41:02.315","+1.9481957E-02"
"26-03-20 10:41:03.022","+1.9713240E-02"
"26-03-20 10:41:03.729","+1.9703244E-02"
"26-03-20 10:41:04.473","+6.4879548E-02"
"26-03-20 10:41:05.179","+2.0161560E-02"
"26-03-20 10:41:05.885","+1.9092363E-02"
"26-03-20 10:41:06.593","+1.8878948E-02"
"26-03-20 10:41:07.301","+1.9824820E-02"
"26-03-20 10:41:08.047","+1.9830318E-02"
"26-03-20 10:41:08.750","+1.9865429E-02"
"26-03-20 10:41:09.457","+2.0055603E-02"
"26-03-20 10:41:10.161","+2.0054853E-02"
"26-03-20 10:41:10.907","+1.9747851E-02"
"26-03-20 10:41:11.613","+1.8931178E-02"
"26-03-20 10:41:12.317","+1.9425105E-02"
"26-03-20 10:41:13.023","+1.9690374E-02"
"26-03-20 10:41:13.727","+2.0217038E-02"
"26-03-20 10:41:14.473","+1.9978384E-02"
"26-03-20 10:41:15.180","+1.9575295E-02"
"26-03-20 10:41:15.888","+1.9843313E-02"
"26-03-20 10:41:16.595","+1.9547681E-02"
"26-03-20 10:41:17.339","+1.9642268E-02"
"26-03-20 10:41:18.046","+1.9136595E-02"
"26-03-20 10:41:18.753","+1.8868952E-02"
"26-03-20 10:41:19.460","+7.2541483E-02"
"26-03-20 10:41:20.167","+7.2507997E-02"
"26-03-20 10:41:20.918","+4.4769842E-02"
"26-03-20 10:41:21.624","+7.4353134E-02"
"26-03-20 10:41:22.331","+1.9922156E-02"
"26-03-20 10:41:23.038","+2.0230283E-02"
"26-03-20 10:41:23.745","+1.9480583E-02"
"26-03-20 10:41:24.494","+1.9126849E-02"
"26-03-20 10:41:25.201","+1.9851684E-02"
"26-03-20 10:41:25.906","+1.9978134E-02"
"26-03-20 10:41:26.612","+1.9515944E-02"
"26-03-20 10:41:27.359","+1.9937275E-02"
"26-03-20 10:41:28.063","+1.9815324E-02"
"26-03-20 10:41:28.770","+1.9928029E-02"
"26-03-20 10:41:29.474","+1.9562175E-02"
"26-03-20 10:41:30.180","+1.9101110E-02"
"26-03-20 10:41:30.928","+1.9894167E-02"
"26-03-20 10:41:31.633","+2.0071471E-02"
"26-03-20 10:41:32.342","+1.9607407E-02"
"26-03-20 10:41:33.047","+1.9970262E-02"
"26-03-20 10:41:33.797","+2.0180678E-02"
"26-03-20 10:41:34.504","+1.9911535E-02"
"26-03-20 10:41:35.211","+6.5187550E-02"
"26-03-20 10:41:35.918","+1.9115979E-02"
"26-03-20 10:41:36.625","+1.9086865E-02"
"26-03-20 10:41:37.376","+1.9834941E-02"
"26-03-20 10:41:38.082","+1.9863430E-02"
"26-03-20 10:41:38.790","+2.0222786E-02"
"26-03-20 10:41:39.496","+1.9875300E-02"
"26-03-20 10:41:40.250","+1.9885296E-02"
"26-03-20 10:41:40.956","+2.0416833E-02"
"26-03-20 10:41:41.664","+1.9648016E-02"
"26-03-20 10:41:42.372","+1.8944922E-02"
"26-03-20 10:41:43.078","+1.8508971E-02"
"26-03-20 10:41:43.832","+1.9840314E-02"
"26-03-20 10:41:44.538","+1.9710866E-02"
"26-03-20 10:41:45.245","+2.0346986E-02"
"26-03-20 10:41:45.952","+5.6827519E-02"
"26-03-20 10:41:46.701","+2.0157562E-02"
"26-03-20 10:41:47.405","+1.9750600E-02"
"26-03-20 10:41:48.111","+1.9015144E-02"
"26-03-20 10:41:48.815","+1.9222561E-02"
"26-03-20 10:41:49.522","+1.9944772E-02"
"26-03-20 10:41:50.269","+1.9727734E-02"
"26-03-20 10:41:50.973","+1.9389619E-02"
"26-03-20 10:41:51.679","+1.9439224E-02"
"26-03-20 10:41:52.383","+2.0151564E-02"
"26-03-20 10:41:53.133","+1.9683002E-02"
"26-03-20 10:41:53.841","+1.8984156E-02"
"26-03-20 10:41:54.546","+1.8810476E-02"
"26-03-20 10:41:55.253","+1.9378624E-02"
"26-03-20 10:41:55.957","+1.9534186E-02"
"26-03-20 10:41:56.705","+1.9591538E-02"
"26-03-20 10:41:57.411","+1.9742978E-02"
"26-03-20 10:41:58.118","+1.9652139E-02"
"26-03-20 10:41:58.825","+6.3734006E-02"
"26-03-20 10:41:59.577","+2.1354458E-02"
"26-03-20 10:42:00.291","+1.9119477E-02"
"26-03-20 10:42:00.997","+8.1783662E-02"
"26-03-20 10:42:01.705","+6.1272116E-02"
"26-03-20 10:42:02.412","+2.3324670E-02"
"26-03-20 10:42:03.162","+5.0819422E-02"
"26-03-20 10:42:03.869","+1.9942398E-02"
"26-03-20 10:42:04.575","+7.9940524E-02"
"26-03-20 10:42:05.282","+5.0293133E-02"
"26-03-20 10:42:06.030","+2.3355533E-02"
"26-03-20 10:42:06.733","+1.9117853E-02"
"26-03-20 10:42:07.441","+1.9733607E-02"
"26-03-20 10:42:08.146","+1.9612905E-02"
"26-03-20 10:42:08.853","+5.5084841E-02"
"26-03-20 10:42:09.597","+2.0239154E-02"
"26-03-20 10:42:10.300","+1.9754973E-02"
"26-03-20 10:42:11.006","+1.9564424E-02"
"26-03-20 10:42:11.710","+1.9588914E-02"
"26-03-20 10:42:12.458","+1.8772491E-02"
"26-03-20 10:42:13.164","+1.9178079E-02"
"26-03-20 10:42:13.871","+1.9574920E-02"
"26-03-20 10:42:14.579","+1.9407362E-02"
"26-03-20 10:42:15.282","+1.9535811E-02"
"26-03-20 10:42:16.031","+1.9604658E-02"
"26-03-20 10:42:16.738","+1.9769342E-02"
"26-03-20 10:42:17.444","+1.9511695E-02"
"26-03-20 10:42:18.151","+1.9278039E-02"
"26-03-20 10:42:18.899","+1.8953294E-02"
"26-03-20 10:42:19.606","+1.9564299E-02"
"26-03-20 10:42:20.313","+1.9702869E-02"
"26-03-20 10:42:21.021","+1.9578669E-02"
"26-03-20 10:42:21.726","+1.9894417E-02"
"26-03-20 10:42:22.473","+1.9814199E-02"
"26-03-20 10:42:23.179","+1.9519817E-02"
"26-03-20 10:42:23.883","+1.9253549E-02"
"26-03-20 10:42:24.591","+1.9018767E-02"
"26-03-20 10:42:25.336","+1.9972386E-02"
"26-03-20 10:42:26.039","+1.9638020E-02"
"26-03-20 10:42:26.746","+1.9636146E-02"
"26-03-20 10:42:27.450","+1.9500325E-02"
"26-03-20 10:42:28.157","+1.9744852E-02"
"26-03-20 10:42:28.901","+1.9614654E-02"
"26-03-20 10:42:29.607","+1.9663759E-02"
"26-03-20 10:42:30.314","+1.8998276E-02"
"26-03-20 10:42:31.022","+1.9300280E-02"
"26-03-20 10:42:31.728","+1.9893917E-02"
"26-03-20 10:42:32.478","+1.9744602E-02"
"26-03-20 10:42:33.184","+1.9790584E-02"
"26-03-20 10:42:33.893","+1.9847686E-02"
"26-03-20 10:42:34.599","+2.0091963E-02"
"26-03-20 10:42:35.347","+1.9654513E-02"
"26-03-20 10:42:36.050","+1.9480708E-02"
"26-03-20 10:42:36.757","+1.9029013E-02"
"26-03-20 10:42:37.464","+6.4196696E-02"
"26-03-20 10:42:38.172","+1.9541059E-02"
"26-03-20 10:42:38.917","+1.9869427E-02"
"26-03-20 10:42:39.620","+1.9805953E-02"
"26-03-20 10:42:40.326","+1.9477584E-02"
"26-03-20 10:42:41.030","+1.9452344E-02"
"26-03-20 10:42:41.777","+3.3496726E-02"
"26-03-20 10:42:42.483","+4.5878149E-02"
"26-03-20 10:42:43.189","+1.9167708E-02"
"26-03-20 10:42:43.896","+1.9817698E-02"
"26-03-20 10:42:44.599","+1.9658512E-02"
"26-03-20 10:42:45.345","+1.9755473E-02"
"26-03-20 10:42:46.052","+1.9953519E-02"
"26-03-20 10:42:46.759","+1.9692748E-02"
"26-03-20 10:42:47.466","+1.9578419E-02"
"26-03-20 10:42:48.218","+1.9793957E-02"
"26-03-20 10:42:48.924","+1.8911685E-02"
"26-03-20 10:42:49.630","+1.8975035E-02"
"26-03-20 10:42:50.337","+1.9565299E-02"
"26-03-20 10:42:51.043","+1.9743852E-02"
"26-03-20 10:42:51.800","+1.9847936E-02"
"26-03-20 10:42:52.508","+1.9935526E-02"
"26-03-20 10:42:53.214","+1.9681752E-02"
"26-03-20 10:42:53.920","+1.9710866E-02"
"26-03-20 10:42:54.675","+1.9107607E-02"
"26-03-20 10:42:55.379","+1.8732132E-02"
"26-03-20 10:42:56.085","+1.9513570E-02"
"26-03-20 10:42:56.792","+1.9952144E-02"
"26-03-20 10:42:57.499","+1.9766343E-02"
"26-03-20 10:42:58.251","+1.9785086E-02"
"26-03-20 10:42:58.954","+1.9453594E-02"
"26-03-20 10:42:59.661","+1.9634896E-02"
"26-03-20 10:43:00.366","+1.9688874E-02"
"26-03-20 10:43:01.122","+1.9145967E-02"
"26-03-20 10:43:01.828","+2.7716788E-02"
"26-03-20 10:43:02.532","+5.2058427E-02"
"26-03-20 10:43:03.239","+2.0022366E-02"
"26-03-20 10:43:03.942","+1.9667883E-02"
"26-03-20 10:43:06.286","+1.9818822E-02"
"26-03-20 10:43:06.992","+1.9604283E-02"
"26-03-20 10:43:07.699","+7.8740254E-02"
"26-03-20 10:43:08.404","+1.9655388E-02"
"26-03-20 10:43:09.110","+1.9703993E-02"
"26-03-20 10:43:09.814","+1.9936151E-02"
"26-03-20 10:43:10.523","+1.9947771E-02"
"26-03-20 10:43:11.227","+1.9726859E-02"
"26-03-20 10:43:11.934","+1.9137220E-02"
"26-03-20 10:43:12.637","+1.8989779E-02"
"26-03-20 10:43:13.344","+1.9502824E-02"
"26-03-20 10:43:14.047","+1.9840189E-02"
"26-03-20 10:43:14.753","+1.9744602E-02"
"26-03-20 10:43:15.457","+1.9391119E-02"
"26-03-20 10:43:16.163","+1.9685626E-02"
"26-03-20 10:43:16.868","+1.9484831E-02"
"26-03-20 10:43:17.574","+1.9588540E-02"
"26-03-20 10:43:18.278","+1.9515944E-02"
"26-03-20 10:43:18.987","+1.9051879E-02"
"26-03-20 10:43:19.690","+1.8969037E-02"
"26-03-20 10:43:20.397","+1.9661635E-02"
"26-03-20 10:43:21.100","+1.9880173E-02"
"26-03-20 10:43:21.806","+1.9537435E-02"
"26-03-20 10:43:22.510","+1.9891918E-02"
"26-03-20 10:43:23.217","+1.9745477E-02"
"26-03-20 10:43:23.920","+1.9841064E-02"
"26-03-20 10:43:24.627","+1.9532812E-02"
"26-03-20 10:43:25.331","+1.9843063E-02"
"26-03-20 10:43:26.038","+1.8952419E-02"
"26-03-20 10:43:26.745","+3.3175980E-02"
"26-03-20 10:43:27.452","+4.5558527E-02"
"26-03-20 10:43:28.161","+2.0161810E-02"
"26-03-20 10:43:28.868","+1.9939774E-02"
"26-03-20 10:43:29.574","+1.9440599E-02"
"26-03-20 10:43:30.281","+1.9443598E-02"
"26-03-20 10:43:30.989","+1.9445472E-02"
"26-03-20 10:43:31.695","+1.9594412E-02"
"26-03-20 10:43:32.403","+1.8986031E-02"
"26-03-20 10:43:33.108","+1.9007897E-02"
"26-03-20 10:43:33.815","+1.9655388E-02"
"26-03-20 10:43:34.519","+1.9670632E-02"
"26-03-20 10:43:35.226","+1.9579418E-02"
"26-03-20 10:43:35.930","+1.9694872E-02"
"26-03-20 10:43:36.638","+1.9398116E-02"
"26-03-20 10:43:37.341","+1.9833816E-02"
"26-03-20 10:43:38.049","+1.9882922E-02"
"26-03-20 10:43:38.752","+1.9562800E-02"
"26-03-20 10:43:39.458","+1.8879823E-02"
"26-03-20 10:43:40.162","+1.9110606E-02"
"26-03-20 10:43:40.869","+1.9590289E-02"
"26-03-20 10:43:41.572","+1.9667633E-02"
"26-03-20 10:43:42.279","+1.9685876E-02"
"26-03-20 10:43:42.983","+1.9882047E-02"
"26-03-20 10:43:43.690","+1.9498576E-02"
"26-03-20 10:43:44.393","+1.9380998E-02"
"26-03-20 10:43:45.102","+1.9701245E-02"
"26-03-20 10:43:45.806","+1.9564174E-02"
"26-03-20 10:43:46.512","+1.8842713E-02"
"26-03-20 10:43:47.216","+1.8989404E-02"
"26-03-20 10:43:47.922","+1.9814324E-02"
"26-03-20 10:43:48.626","+1.9614279E-02"
"26-03-20 10:43:49.334","+1.9839064E-02"
"26-03-20 10:43:50.037","+7.0487055E-02"
"26-03-20 10:43:50.743","+1.9504448E-02"
"26-03-20 10:43:51.449","+1.9823571E-02"
"26-03-20 10:43:52.157","+1.9857807E-02"
"26-03-20 10:43:52.863","+1.9360506E-02"
"26-03-20 10:43:53.571","+1.9443847E-02"
"26-03-20 10:43:54.277","+1.9131098E-02"
"26-03-20 10:43:54.984","+1.9815699E-02"
"26-03-20 10:43:55.691","+1.9429728E-02"
"26-03-20 10:43:56.398","+1.9775590E-02"
"26-03-20 10:43:57.105","+1.9554553E-02"
"26-03-20 10:43:57.812","+1.9474210E-02"
"26-03-20 10:43:58.520","+1.9664759E-02"
"26-03-20 10:43:59.223","+1.9645267E-02"
"26-03-20 10:43:59.930","+1.8827344E-02"
"26-03-20 10:44:00.635","+1.9042258E-02"
"26-03-20 10:44:01.342","+2.8920182E-02"
"26-03-20 10:44:02.047","+6.4213440E-02"
"26-03-20 10:44:02.754","+4.8891943E-02"
"26-03-20 10:44:03.457","+1.9565549E-02"
"26-03-20 10:44:04.164","+1.9835566E-02"
"26-03-20 10:44:04.867","+1.9461091E-02"
"26-03-20 10:44:05.574","+1.9621901E-02"
"26-03-20 10:44:06.278","+1.9637270E-02"
"26-03-20 10:44:06.985","+1.8614804E-02"
"26-03-20 10:44:07.689","+1.8926429E-02"
"26-03-20 10:44:08.396","+1.9716613E-02"
"26-03-20 10:44:09.099","+1.9700870E-02"
"26-03-20 10:44:09.806","+1.9778589E-02"
"26-03-20 10:44:10.509","+1.9754473E-02"
"26-03-20 10:44:11.217","+1.9801329E-02"
"26-03-20 10:44:11.920","+1.9931777E-02"
"26-03-20 10:44:12.626","+1.9889544E-02"
"26-03-20 10:44:13.330","+2.0021991E-02"
"26-03-20 10:44:14.037","+1.9182077E-02"
"26-03-20 10:44:14.741","+1.9328644E-02"
"26-03-20 10:44:15.448","+1.9663759E-02"
"26-03-20 10:44:16.154","+1.9609531E-02"
"26-03-20 10:44:16.862","+1.9395617E-02"
"26-03-20 10:44:17.568","+1.9600160E-02"
"26-03-20 10:44:18.274","+2.0102959E-02"
"26-03-20 10:44:18.981","+1.9769342E-02"
"26-03-20 10:44:19.690","+1.9418733E-02"
"26-03-20 10:44:20.398","+1.9184701E-02"
"26-03-20 10:44:21.104","+1.9146716E-02"
"26-03-20 10:44:21.811","+1.9775465E-02"
"26-03-20 10:44:22.517","+1.9577419E-02"
"26-03-20 10:44:23.224","+1.9717238E-02"
"26-03-20 10:44:23.935","+1.9892293E-02"
"26-03-20 10:44:24.643","+1.9813450E-02"
"26-03-20 10:44:25.347","+1.9677004E-02"
"26-03-20 10:44:26.053","+1.9626524E-02"
"26-03-20 10:44:26.757","+1.9891543E-02"
"26-03-20 10:44:27.464","+1.9048506E-02"
"26-03-20 10:44:28.170","+1.9257797E-02"
"26-03-20 10:44:28.877","+1.9729733E-02"
"26-03-20 10:44:29.580","+1.9515944E-02"
"26-03-20 10:44:30.286","+1.9574420E-02"
"26-03-20 10:44:30.990","+2.0178429E-02"
"26-03-20 10:44:31.697","+2.4779963E-02"
"26-03-20 10:44:32.401","+7.2532612E-02"
"26-03-20 10:44:33.108","+4.2722161E-02"
"26-03-20 10:44:33.812","+1.9837190E-02"
"26-03-20 10:44:34.519","+4.2328943E-02"
"26-03-20 10:44:35.222","+3.6507897E-02"
"26-03-20 10:44:35.929","+1.9843313E-02"
"26-03-20 10:44:36.637","+1.9743478E-02"
"26-03-20 10:44:37.344","+8.3341039E-02"
"26-03-20 10:44:38.050","+7.0064849E-02"
"26-03-20 10:44:38.756","+7.3798855E-02"
"26-03-20 10:44:39.463","+1.9613405E-02"
"26-03-20 10:44:40.170","+1.9989254E-02"
"26-03-20 10:44:40.878","+1.8980283E-02"
"26-03-20 10:44:41.585","+5.9490329E-02"
"26-03-20 10:44:42.291","+7.3513220E-02"
"26-03-20 10:44:42.997","+7.7193123E-02"
"26-03-20 10:44:43.704","+8.2000700E-02"
"26-03-20 10:44:44.409","+8.3003674E-02"
"26-03-20 10:44:45.118","+7.7712915E-02"
"26-03-20 10:44:45.821","+8.0710091E-02"
"26-03-20 10:44:46.528","+2.1510396E-02"
"26-03-20 10:44:47.232","+5.9480333E-02"
"26-03-20 10:44:47.939","+7.5112455E-02"
"26-03-20 10:44:48.644","+8.2067298E-02"
"26-03-20 10:44:49.351","+7.8413884E-02"
"26-03-20 10:44:50.055","+7.3812850E-02"
"26-03-20 10:44:50.762","+1.9780963E-02"
"26-03-20 10:44:51.466","+1.9597161E-02"
"26-03-20 10:44:52.173","+1.9655513E-02"
"26-03-20 10:44:52.878","+1.9785336E-02"
"26-03-20 10:44:53.584","+1.9820822E-02"
"26-03-20 10:44:54.289","+1.9839314E-02"
"26-03-20 10:44:54.996","+1.9002024E-02"
"26-03-20 10:44:55.701","+1.8967163E-02"
"26-03-20 10:44:56.408","+1.9526439E-02"
"26-03-20 10:44:57.111","+1.9691623E-02"
"26-03-20 10:44:57.818","+2.0098461E-02"
"26-03-20 10:44:58.525","+1.9848186E-02"
"26-03-20 10:44:59.231","+2.0051479E-02"
"26-03-20 10:44:59.937","+1.9735606E-02"
"26-03-20 10:45:00.643","+1.9720237E-02"
"26-03-20 10:45:01.351","+1.9023266E-02"
"26-03-20 10:45:02.057","+1.8856957E-02"
"26-03-20 10:45:02.766","+1.9780713E-02"
"26-03-20 10:45:03.473","+1.9576419E-02"
"26-03-20 10:45:04.180","+1.9680003E-02"
"26-03-20 10:45:04.887","+2.0090214E-02"
"26-03-20 10:45:05.594","+1.9593038E-02"
"26-03-20 10:45:06.297","+2.0101584E-02"
"26-03-20 10:45:07.004","+2.0047731E-02"
"26-03-20 10:45:07.708","+2.0007747E-02"
"26-03-20 10:45:08.414","+1.8892068E-02"
"26-03-20 10:45:09.118","+1.8928179E-02"
"26-03-20 10:45:09.824","+1.9980383E-02"
"26-03-20 10:45:10.528","+1.9770842E-02"
"26-03-20 10:45:11.236","+1.9946271E-02"
"26-03-20 10:45:11.939","+1.9716488E-02"
"26-03-20 10:45:12.646","+2.0111081E-02"
"26-03-20 10:45:13.351","+1.9658512E-02"
"26-03-20 10:45:14.057","+1.9937650E-02"
"26-03-20 10:45:14.761","+1.9870552E-02"
"26-03-20 10:45:15.468","+1.9081742E-02"
"26-03-20 10:45:16.172","+1.9114604E-02"
"26-03-20 10:45:16.880","+1.9368628E-02"
"26-03-20 10:45:17.583","+1.9313400E-02"
"26-03-20 10:45:18.290","+1.9782462E-02"
"26-03-20 10:45:18.994","+1.9489204E-02"
"26-03-20 10:45:19.703","+1.9905788E-02"
"26-03-20 10:45:20.407","+1.9834941E-02"
"26-03-20 10:45:21.113","+1.9667258E-02"
"26-03-20 10:45:21.819","+1.9199320E-02"
"26-03-20 10:45:22.526","+1.9131972E-02"
"26-03-20 10:45:23.233","+1.9048006E-02"
"26-03-20 10:45:23.939","+5.6206267E-02"
"26-03-20 10:45:24.646","+2.3479983E-02"
"26-03-20 10:45:25.353","+1.9881048E-02"
"26-03-20 10:45:26.061","+1.9610656E-02"
"26-03-20 10:45:26.767","+1.9734856E-02"
"26-03-20 10:45:27.475","+1.9596661E-02"
"26-03-20 10:45:28.183","+1.9694247E-02"
"26-03-20 10:45:28.891","+1.9046256E-02"
"26-03-20 10:45:29.594","+1.9148341E-02"
"26-03-20 10:45:30.300","+1.9801704E-02"
"26-03-20 10:45:31.004","+1.9902164E-02"
"26-03-20 10:45:31.711","+7.7119027E-02"
"26-03-20 10:45:32.415","+1.9640394E-02"
"26-03-20 10:45:33.122","+1.9715114E-02"
"26-03-20 10:45:33.826","+1.9992003E-02"
"26-03-20 10:45:34.533","+1.9589664E-02"
"26-03-20 10:45:35.236","+1.9602909E-02"
"26-03-20 10:45:35.942","+1.9333267E-02"
"26-03-20 10:45:36.647","+1.8971162E-02"
"26-03-20 10:45:37.354","+1.9776964E-02"
"26-03-20 10:45:38.057","+1.9671756E-02"
"26-03-20 10:45:38.764","+1.9528813E-02"
"26-03-20 10:45:39.469","+1.9515819E-02"
"26-03-20 10:45:40.175","+1.9765094E-02"
"26-03-20 10:45:40.879","+1.9201694E-02"
"26-03-20 10:45:41.587","+1.9634646E-02"
"26-03-20 10:45:42.290","+1.9502824E-02"
"26-03-20 10:45:42.996","+1.9246551E-02"
"26-03-20 10:45:43.700","+1.9002524E-02"
"26-03-20 10:45:44.406","+1.9892168E-02"
"26-03-20 10:45:45.110","+1.9886171E-02"
"26-03-20 10:45:45.819","+1.9685001E-02"
"26-03-20 10:45:46.525","+1.9806452E-02"
"26-03-20 10:45:47.231","+1.9781587E-02"
"26-03-20 10:45:47.938","+1.9596911E-02"
"26-03-20 10:45:48.645","+7.5453694E-02"
"26-03-20 10:45:49.352","+1.9076994E-02"
"26-03-20 10:45:50.058","+1.9408737E-02"
"26-03-20 10:45:50.765","+1.9614654E-02"
"26-03-20 10:45:51.472","+2.0032862E-02"
"26-03-20 10:45:52.180","+1.9531562E-02"
"26-03-20 10:45:52.886","+1.9748351E-02"
"26-03-20 10:45:53.593","+1.9739604E-02"
"26-03-20 10:45:54.299","+1.9659511E-02"
"26-03-20 10:45:55.005","+1.9820322E-02"
"26-03-20 10:45:55.709","+1.9914784E-02"
"26-03-20 10:45:56.417","+1.9152214E-02"
"26-03-20 10:45:57.120","+1.9135221E-02"
"26-03-20 10:45:57.827","+1.9463715E-02"
"26-03-20 10:45:58.530","+1.9540559E-02"
"26-03-20 10:45:59.237","+1.9439099E-02"
"26-03-20 10:45:59.940","+2.5802304E-02"
"26-03-20 10:46:00.646","+5.3809851E-02"
"26-03-20 10:46:01.350","+1.9786710E-02"
"26-03-20 10:46:02.057","+1.9608532E-02"
"26-03-20 10:46:02.763","+1.9736730E-02"
"26-03-20 10:46:03.470","+1.8937425E-02"
"26-03-20 10:46:04.173","+1.9130223E-02"
"26-03-20 10:46:04.880","+1.9534686E-02"
"26-03-20 10:46:05.583","+1.9893668E-02"
"26-03-20 10:46:06.290","+1.9640769E-02"
"26-03-20 10:46:06.993","+1.9548556E-02"
"26-03-20 10:46:07.699","+1.9565924E-02"
"26-03-20 10:46:08.403","+1.9875175E-02"
"26-03-20 10:46:09.111","+1.9963889E-02"
"26-03-20 10:46:09.814","+1.9355883E-02"
"26-03-20 10:46:10.521","+1.9289284E-02"
"26-03-20 10:46:11.230","+1.9121102E-02"
"26-03-20 10:46:11.936","+1.9991753E-02"
"26-03-20 10:46:12.642","+2.0008497E-02"
"26-03-20 10:46:13.349","+1.9623026E-02"
"26-03-20 10:46:14.055","+1.9847311E-02"
"26-03-20 10:46:14.762","+1.9660761E-02"
"26-03-20 10:46:15.469","+1.9497701E-02"
"26-03-20 10:46:16.176","+1.9580168E-02"
"26-03-20 10:46:16.884","+1.9052379E-02"
"26-03-20 10:46:17.590","+1.9105608E-02"
"26-03-20 10:46:18.298","+2.0042608E-02"
"26-03-20 10:46:19.001","+1.9467088E-02"
"26-03-20 10:46:19.722","+3.7444147E-02"
"26-03-20 10:46:20.425","+4.2339189E-02"
"26-03-20 10:46:21.132","+1.9604158E-02"
"26-03-20 10:46:21.836","+1.9842438E-02"
"26-03-20 10:46:22.542","+1.9627149E-02"
"26-03-20 10:46:23.246","+1.9936525E-02"
"26-03-20 10:46:23.953","+1.9027639E-02"
"26-03-20 10:46:24.656","+1.9246177E-02"
"26-03-20 10:46:25.363","+1.9528314E-02"
"26-03-20 10:46:26.066","+1.9988879E-02"
"26-03-20 10:46:26.772","+1.9639519E-02"
"26-03-20 10:46:27.476","+2.0062600E-02"
"26-03-20 10:46:28.184","+1.9590914E-02"
"26-03-20 10:46:28.893","+1.9791708E-02"
"26-03-20 10:46:29.601","+2.0098086E-02"
"26-03-20 10:46:30.307","+3.6093688E-02"
"26-03-20 10:46:31.014","+4.2088665E-02"
"26-03-20 10:46:31.720","+2.0077969E-02"
"26-03-20 10:46:32.427","+2.0045482E-02"
"26-03-20 10:46:33.134","+6.9240429E-02"
"26-03-20 10:46:33.842","+1.9937775E-02"
"26-03-20 10:46:34.549","+1.9683002E-02"
"26-03-20 10:46:35.256","+1.9881547E-02"
"26-03-20 10:46:35.962","+1.9936275E-02"
"26-03-20 10:46:36.666","+2.0002499E-02"
"26-03-20 10:46:37.375","+1.8686650E-02"
"26-03-20 10:46:38.080","+1.9290159E-02"
"26-03-20 10:46:38.787","+1.9881048E-02"
"26-03-20 10:46:39.490","+1.9569047E-02"
"26-03-20 10:46:40.197","+1.9592663E-02"
"26-03-20 10:46:40.902","+1.9539434E-02"
"26-03-20 10:46:41.608","+1.9451594E-02"
"26-03-20 10:46:42.312","+1.9654763E-02"
"26-03-20 10:46:43.019","+1.9719112E-02"
"26-03-20 10:46:43.723","+1.9758597E-02"
"26-03-20 10:46:44.430","+1.9191698E-02"
"26-03-20 10:46:45.190","+2.0227159E-02"
"26-03-20 10:46:45.896","+2.0005998E-02"
"26-03-20 10:46:46.603","+1.9892543E-02"
"26-03-20 10:46:47.307","+1.9331517E-02"
"26-03-20 10:46:48.064","+1.9803204E-02"
"26-03-20 10:46:48.770","+1.9687375E-02"
"26-03-20 10:46:49.474","+1.9319522E-02"
"26-03-20 10:46:50.181","+1.8975285E-02"
"26-03-20 10:46:50.884","+1.8898441E-02"
"26-03-20 10:46:51.641","+1.9633896E-02"
"26-03-20 10:46:52.348","+1.9475710E-02"
"26-03-20 10:46:53.051","+1.9815074E-02"
"26-03-20 10:46:53.758","+1.9423980E-02"
"26-03-20 10:46:54.510","+2.0341488E-02"
"26-03-20 10:46:55.216","+1.9757222E-02"
"26-03-20 10:46:55.923","+1.8735506E-02"
"26-03-20 10:46:56.630","+1.8755248E-02"
"26-03-20 10:46:57.337","+2.0087090E-02"
"26-03-20 10:46:58.089","+1.9812575E-02"
"26-03-20 10:46:58.796","+1.9814449E-02"
"26-03-20 10:46:59.503","+2.1494652E-02"
"26-03-20 10:47:00.210","+1.9720487E-02"
"26-03-20 10:47:00.967","+1.9848311E-02"
"26-03-20 10:47:01.673","+1.9018518E-02"
"26-03-20 10:47:02.381","+1.8903689E-02"
"26-03-20 10:47:03.089","+2.0050855E-02"
"26-03-20 10:47:03.795","+1.9508447E-02"
"26-03-20 10:47:04.550","+1.9974760E-02"
"26-03-20 10:47:05.256","+1.9536685E-02"
"26-03-20 10:47:05.963","+1.9940649E-02"
"26-03-20 10:47:06.670","+1.9648641E-02"
"26-03-20 10:47:07.425","+1.9048755E-02"
"26-03-20 10:47:08.131","+1.9151964E-02"
"26-03-20 10:47:08.837","+1.9783836E-02"
"26-03-20 10:47:09.545","+2.0174555E-02"
"26-03-20 10:47:10.251","+1.9871551E-02"
"26-03-20 10:47:11.008","+2.0168683E-02"
"26-03-20 10:47:11.715","+1.9726859E-02"
"26-03-20 10:47:12.424","+2.0180553E-02"
"26-03-20 10:47:13.131","+1.9840189E-02"
"26-03-20 10:47:13.886","+1.9046881E-02"
"26-03-20 10:47:14.592","+1.9710491E-02"
"26-03-20 10:47:15.299","+1.9668757E-02"
"26-03-20 10:47:16.006","+1.9970887E-02"
"26-03-20 10:47:16.713","+1.9554303E-02"
"26-03-20 10:47:17.467","+1.9539184E-02"
"26-03-20 10:47:18.174","+1.9637645E-02"
"26-03-20 10:47:18.882","+1.9370002E-02"
"26-03-20 10:47:19.588","+1.9065624E-02"
"26-03-20 10:47:20.295","+1.9473086E-02"
"26-03-20 10:47:21.051","+2.0104083E-02"
"26-03-20 10:47:21.759","+2.0004498E-02"
"26-03-20 10:47:22.465","+1.9842063E-02"
"26-03-20 10:47:23.172","+1.9540684E-02"
"26-03-20 10:47:23.928","+1.9728858E-02"
"26-03-20 10:47:24.635","+1.9524565E-02"
"26-03-20 10:47:25.342","+1.9194697E-02"
"26-03-20 10:47:26.049","+1.9114104E-02"
"26-03-20 10:47:26.756","+1.9672381E-02"
"26-03-20 10:47:27.512","+1.9991753E-02"
"26-03-20 10:47:28.219","+1.9800455E-02"
"26-03-20 10:47:28.927","+1.9560301E-02"
"26-03-20 10:47:29.635","+1.9515444E-02"
"26-03-20 10:47:30.391","+2.0162685E-02"
"26-03-20 10:47:31.094","+1.9165959E-02"
"26-03-20 10:47:31.801","+1.9070247E-02"
"26-03-20 10:47:32.504","+1.9177954E-02"
"26-03-20 10:47:33.210","+2.0001250E-02"
"26-03-20 10:47:33.965","+1.9266169E-02"
"26-03-20 10:47:34.669","+1.9950895E-02"
"26-03-20 10:47:35.376","+1.9561925E-02"
"26-03-20 10:47:36.079","+1.9993503E-02"
"26-03-20 10:47:36.835","+1.9826944E-02"
"26-03-20 10:47:37.541","+1.8852834E-02"
"26-03-20 10:47:38.247","+1.8815849E-02"
"26-03-20 10:47:38.953","+2.0182427E-02"
"26-03-20 10:47:39.657","+1.9619777E-02"
"26-03-20 10:47:40.414","+1.9970887E-02"
"26-03-20 10:47:41.120","+1.9746476E-02"
"26-03-20 10:47:41.824","+1.9677379E-02"
"26-03-20 10:47:42.531","+2.0096087E-02"
"26-03-20 10:47:43.285","+1.8715014E-02"
"26-03-20 10:47:43.991","+1.9201444E-02"
"26-03-20 10:47:44.698","+2.0226284E-02"
"26-03-20 10:47:45.402","+1.9877924E-02"
"26-03-20 10:47:46.109","+2.0332742E-02"
"26-03-20 10:47:46.864","+1.9757347E-02"
"26-03-20 10:47:47.570","+2.0006123E-02"
"26-03-20 10:47:48.277","+2.0101334E-02"
"26-03-20 10:47:48.984","+1.9779963E-02"
"26-03-20 10:47:49.737","+1.9438100E-02"
"26-03-20 10:47:50.444","+1.9571546E-02"
"26-03-20 10:47:51.150","+1.9894542E-02"
"26-03-20 10:47:51.858","+1.9708617E-02"
"26-03-20 10:47:52.564","+1.9687125E-02"
"26-03-20 10:47:53.308","+1.9524940E-02"
"26-03-20 10:47:54.014","+1.9598536E-02"
"26-03-20 10:47:54.721","+1.9785961E-02"
"26-03-20 10:47:55.428","+2.0260896E-02"
"26-03-20 10:47:56.171","+1.9001649E-02"
"26-03-20 10:47:56.879","+1.9985631E-02"
"26-03-20 10:47:57.582","+1.9998001E-02"
"26-03-20 10:47:58.289","+1.9659511E-02"
"26-03-20 10:47:58.992","+1.9423231E-02"
"26-03-20 10:47:59.735","+1.9917033E-02"
"26-03-20 10:48:00.441","+2.8120377E-02"
"26-03-20 10:48:01.145","+5.1639969E-02"
"26-03-20 10:48:01.853","+1.8907437E-02"
"26-03-20 10:48:02.594","+1.9903664E-02"
"26-03-20 10:48:03.301","+1.9539184E-02"
"26-03-20 10:48:04.007","+1.9774840E-02"
"26-03-20 10:48:04.715","+1.9772966E-02"
"26-03-20 10:48:05.422","+1.9612155E-02"
"26-03-20 10:48:06.166","+1.9971761E-02"
"26-03-20 10:48:06.873","+1.9539809E-02"
"26-03-20 10:48:07.577","+1.8861081E-02"
"26-03-20 10:48:08.284","+1.8730883E-02"
"26-03-20 10:48:09.026","+1.9860681E-02"
"26-03-20 10:48:09.729","+1.9467838E-02"
"26-03-20 10:48:10.435","+1.9327394E-02"
"26-03-20 10:48:11.139","+1.9630023E-02"
"26-03-20 10:48:11.846","+1.9689624E-02"
"26-03-20 10:48:12.586","+1.9791958E-02"
"26-03-20 10:48:13.294","+1.9414359E-02"
"26-03-20 10:48:14.001","+1.9149340E-02"
"26-03-20 10:48:14.707","+1.8987030E-02"
"26-03-20 10:48:15.454","+1.9396741E-02"
"26-03-20 10:48:16.159","+1.9489454E-02"
"26-03-20 10:48:16.867","+1.9623526E-02"
"26-03-20 10:48:17.573","+1.9817573E-02"
"26-03-20 10:48:18.279","+1.9689624E-02"
"26-03-20 10:48:19.024","+1.9685626E-02"
"26-03-20 10:48:19.728","+1.9196821E-02"
"26-03-20 10:48:20.434","+1.8940924E-02"
"26-03-20 10:48:21.138","+1.8961166E-02"
"26-03-20 10:48:21.886","+1.9650265E-02"
"26-03-20 10:48:22.592","+1.9479083E-02"
"26-03-20 10:48:23.296","+1.9612780E-02"
"26-03-20 10:48:24.003","+2.0030363E-02"
"26-03-20 10:48:24.707","+1.9487330E-02"
"26-03-20 10:48:25.455","+1.9431977E-02"
"26-03-20 10:48:26.161","+1.9143842E-02"
"26-03-20 10:48:26.869","+1.8850085E-02"
"26-03-20 10:48:27.575","+1.9545432E-02"
"26-03-20 10:48:28.283","+1.9819322E-02"
"26-03-20 10:48:29.030","+7.7003449E-02"
"26-03-20 10:48:29.736","+1.9676130E-02"
"26-03-20 10:48:30.444","+1.9477084E-02"
"26-03-20 10:48:31.151","+1.9506198E-02"
"26-03-20 10:48:31.899","+1.8910311E-02"
"26-03-20 10:48:32.606","+1.9081243E-02"
"26-03-20 10:48:33.311","+1.9621776E-02"
"26-03-20 10:48:34.018","+1.9949895E-02"
"26-03-20 10:48:34.725","+1.9795457E-02"
"26-03-20 10:48:35.475","+1.9619902E-02"
"26-03-20 10:48:36.181","+1.9936400E-02"
"26-03-20 10:48:36.885","+1.9864929E-02"
"26-03-20 10:48:37.593","+1.9769592E-02"
"26-03-20 10:48:38.341","+1.8975910E-02"
"26-03-20 10:48:39.046","+1.8941049E-02"
"26-03-20 10:48:39.753","+1.9807452E-02"
"26-03-20 10:48:40.457","+1.9594787E-02"
"26-03-20 10:48:41.164","+1.9619902E-02"
"26-03-20 10:48:41.913","+1.9993877E-02"
"26-03-20 10:48:42.619","+1.9942898E-02"
"26-03-20 10:48:43.325","+1.9738105E-02"
"26-03-20 10:48:44.029","+2.0055228E-02"
"26-03-20 10:48:44.781","+1.9026140E-02"
"26-03-20 10:48:45.487","+1.9630148E-02"
"26-03-20 10:48:46.195","+1.9825570E-02"
"26-03-20 10:48:46.901","+1.9562050E-02"
"26-03-20 10:48:47.608","+1.9764844E-02"
"26-03-20 10:48:48.363","+1.9799455E-02"
"26-03-20 10:48:49.069","+1.9661385E-02"
"26-03-20 10:48:49.776","+1.9864929E-02"
"26-03-20 10:48:50.483","+1.9240929E-02"
"26-03-20 10:48:51.235","+1.9850810E-02"
"26-03-20 10:48:51.942","+1.9438350E-02"
"26-03-20 10:48:52.648","+1.9921032E-02"
"26-03-20 10:48:53.355","+1.9834566E-02"
"26-03-20 10:48:54.061","+1.9930903E-02"
"26-03-20 10:48:54.815","+1.9727609E-02"
"26-03-20 10:48:55.522","+1.9914659E-02"
"26-03-20 10:48:56.229","+1.8783362E-02"
"26-03-20 10:48:56.937","+1.9056003E-02"
"26-03-20 10:48:57.687","+1.9773216E-02"
"26-03-20 10:48:58.391","+2.0006872E-02"
"26-03-20 10:48:59.099","+1.9857432E-02"
"26-03-20 10:48:59.802","+1.9980633E-02"
"26-03-20 10:49:00.509","+1.9749475E-02"
"26-03-20 10:49:01.255","+1.9663135E-02"
"26-03-20 10:49:01.958","+1.9833941E-02"
"26-03-20 10:49:02.664","+1.9107482E-02"
"26-03-20 10:49:03.368","+1.8828469E-02"
"26-03-20 10:49:04.118","+1.9578669E-02"
"26-03-20 10:49:04.824","+1.9527314E-02"
"26-03-20 10:49:05.533","+1.9957392E-02"
"26-03-20 10:49:06.240","+1.9826070E-02"
"26-03-20 10:49:06.944","+2.0124575E-02"
"26-03-20 10:49:07.693","+1.9562675E-02"
"26-03-20 10:49:08.407","+1.8966413E-02"
"26-03-20 10:49:09.114","+1.8889319E-02"
"26-03-20 10:49:09.821","+2.0006372E-02"
"26-03-20 10:49:10.567","+1.9825570E-02"
"26-03-20 10:49:11.273","+1.9842313E-02"
"26-03-20 10:49:11.980","+1.9881173E-02"
"26-03-20 10:49:12.687","+1.9442223E-02"
"26-03-20 10:49:13.395","+2.0004873E-02"
"26-03-20 10:49:14.147","+1.8728634E-02"
"26-03-20 10:49:14.853","+1.8971911E-02"
"26-03-20 10:49:15.560","+1.9916658E-02"
"26-03-20 10:49:16.266","+1.9736231E-02"
"26-03-20 10:49:17.014","+1.9773591E-02"
"26-03-20 10:49:17.718","+1.9934401E-02"
"26-03-20 10:49:18.425","+2.0059101E-02"
"26-03-20 10:49:19.128","+1.9885546E-02"
"26-03-20 10:49:19.834","+1.9778963E-02"
"26-03-20 10:49:20.579","+1.8904063E-02"
"26-03-20 10:49:21.282","+1.9031512E-02"
"26-03-20 10:49:21.988","+1.9904788E-02"
"26-03-20 10:49:22.694","+1.9864554E-02"
"26-03-20 10:49:23.442","+1.9830068E-02"
"26-03-20 10:49:24.148","+1.9612280E-02"
"26-03-20 10:49:24.856","+2.0050230E-02"
"26-03-20 10:49:25.562","+1.9803704E-02"
"26-03-20 10:49:26.267","+2.0050355E-02"
"26-03-20 10:49:27.015","+1.9155463E-02"
"26-03-20 10:49:27.721","+1.9609281E-02"
"26-03-20 10:49:28.428","+2.0031238E-02"
"26-03-20 10:49:29.134","+1.9542058E-02"
"26-03-20 10:49:29.842","+1.9604408E-02"
"26-03-20 10:49:30.590","+1.9631772E-02"
"26-03-20 10:49:31.296","+1.9895417E-02"
"26-03-20 10:49:32.005","+1.9716738E-02"
"26-03-20 10:49:32.710","+1.8999775E-02"
"26-03-20 10:49:33.458","+1.9160711E-02"
"26-03-20 10:49:34.164","+1.9840939E-02"
"26-03-20 10:49:34.869","+1.9808702E-02"
"26-03-20 10:49:35.575","+2.0690099E-02"
"26-03-20 10:49:36.279","+1.9540809E-02"
"26-03-20 10:49:37.027","+1.9466338E-02"
"26-03-20 10:49:37.734","+1.9764594E-02"
"26-03-20 10:49:38.437","+1.9617028E-02"
"26-03-20 10:49:39.144","+1.8926055E-02"
"26-03-20 10:49:39.889","+1.9752599E-02"
"26-03-20 10:49:40.598","+1.9665384E-02"
"26-03-20 10:49:41.306","+1.9754598E-02"
"26-03-20 10:49:42.011","+1.9757097E-02"
"26-03-20 10:49:42.718","+1.9897166E-02"
"26-03-20 10:49:43.465","+1.9949145E-02"
"26-03-20 10:49:44.172","+1.9541808E-02"
"26-03-20 10:49:44.879","+1.9127224E-02"
"26-03-20 10:49:45.585","+1.9244052E-02"
"26-03-20 10:49:46.334","+2.0022491E-02"
"26-03-20 10:49:47.037","+1.9661385E-02"
"26-03-20 10:49:47.743","+2.0317498E-02"
"26-03-20 10:49:48.449","+1.9951769E-02"
"26-03-20 10:49:49.158","+1.9960391E-02"
"26-03-20 10:49:49.903","+2.0054353E-02"
"26-03-20 10:49:50.606","+1.9526314E-02"
"26-03-20 10:49:51.314","+1.9004898E-02"
"26-03-20 10:49:52.017","+1.8751624E-02"
"26-03-20 10:49:52.764","+2.0069097E-02"
"26-03-20 10:49:53.470","+2.0242903E-02"
"26-03-20 10:49:54.174","+2.0058477E-02"
"26-03-20 10:49:54.882","+1.9437975E-02"
"26-03-20 10:49:55.585","+2.0029363E-02"
"26-03-20 10:49:56.336","+1.9515194E-02"
"26-03-20 10:49:57.043","+1.8937800E-02"
"26-03-20 10:49:57.752","+1.9251799E-02"
"26-03-20 10:49:58.458","+2.0076469E-02"
"26-03-20 10:49:59.210","+1.9907787E-02"
"26-03-20 10:49:59.918","+1.9668008E-02"
"26-03-20 10:50:00.624","+2.0011745E-02"
"26-03-20 10:50:01.331","+1.9847436E-02"
"26-03-20 10:50:02.039","+1.9891169E-02"
"26-03-20 10:50:02.793","+1.9200695E-02"
"26-03-20 10:50:03.500","+1.9011520E-02"
"26-03-20 10:50:04.207","+1.9380623E-02"
"26-03-20 10:50:04.915","+1.9774715E-02"
"26-03-20 10:50:05.670","+1.9544807E-02"
"26-03-20 10:50:06.378","+1.9875800E-02"
"26-03-20 10:50:07.085","+1.9725110E-02"
"26-03-20 10:50:07.792","+1.9631023E-02"
"26-03-20 10:50:08.499","+1.9919782E-02"
"26-03-20 10:50:09.255","+1.8808352E-02"
"26-03-20 10:50:09.961","+1.9550430E-02"
"26-03-20 10:50:10.667","+1.9640394E-02"
"26-03-20 10:50:11.375","+2.0038610E-02"
"26-03-20 10:50:13.723","+1.8672281E-02"
"26-03-20 10:50:14.427","+1.9799955E-02"
"26-03-20 10:50:15.134","+1.9297531E-02"
"26-03-20 10:50:15.842","+1.9814074E-02"
"26-03-20 10:50:16.548","+1.9944397E-02"
"26-03-20 10:50:17.257","+1.9466838E-02"
"26-03-20 10:50:17.964","+1.9993003E-02"
"26-03-20 10:50:18.670","+1.9648141E-02"
"26-03-20 10:50:19.377","+1.9684501E-02"
"26-03-20 10:50:20.084","+1.8934176E-02"
"26-03-20 10:50:20.791","+1.9194072E-02"
"26-03-20 10:50:21.498","+1.9630273E-02"
"26-03-20 10:50:22.204","+1.9497326E-02"
"26-03-20 10:50:22.912","+1.9394117E-02"
"26-03-20 10:50:23.615","+1.9564549E-02"
"26-03-20 10:50:24.322","+1.9883047E-02"
"26-03-20 10:50:25.025","+1.9498576E-02"
"26-03-20 10:50:25.733","+1.9135346E-02"
"26-03-20 10:50:26.437","+1.9702869E-02"
"26-03-20 10:50:27.144","+1.8926180E-02"
"26-03-20 10:50:27.847","+1.9051254E-02"
"26-03-20 10:50:28.554","+1.9783337E-02"
"26-03-20 10:50:29.258","+2.0021616E-02"
"26-03-20 10:50:29.964","+1.9662010E-02"
"26-03-20 10:50:30.668","+1.9779963E-02"
"26-03-20 10:50:31.375","+1.9656387E-02"
"26-03-20 10:50:32.078","+1.9789584E-02"
"26-03-20 10:50:32.784","+1.9430728E-02"
"26-03-20 10:50:33.488","+1.8833217E-02"
"26-03-20 10:50:34.196","+1.8739504E-02"
"26-03-20 10:50:34.901","+1.9445222E-02"
"26-03-20 10:50:35.607","+1.9497326E-02"
"26-03-20 10:50:36.312","+1.9742603E-02"
"26-03-20 10:50:37.018","+1.9905163E-02"
"26-03-20 10:50:37.722","+1.9815199E-02"
"26-03-20 10:50:38.429","+2.0187425E-02"
"26-03-20 10:50:39.133","+2.0012745E-02"
"26-03-20 10:50:39.839","+2.0018243E-02"
"26-03-20 10:50:40.546","+1.9311900E-02"
"26-03-20 10:50:41.253","+1.8685776E-02"
"26-03-20 10:50:41.960","+1.9992003E-02"
"26-03-20 10:50:42.668","+2.0182552E-02"
"26-03-20 10:50:43.375","+1.9943772E-02"
"26-03-20 10:50:44.082","+2.0203669E-02"
"26-03-20 10:50:44.789","+1.9487955E-02"
"26-03-20 10:50:45.496","+2.0087590E-02"
"26-03-20 10:50:46.202","+1.9786585E-02"
"26-03-20 10:50:46.910","+1.9831317E-02"
"26-03-20 10:50:47.617","+1.9154088E-02"
"26-03-20 10:50:48.320","+1.9061625E-02"
"26-03-20 10:50:49.027","+1.9998001E-02"
"26-03-20 10:50:49.731","+1.9570047E-02"
"26-03-20 10:50:50.438","+2.0158312E-02"
"26-03-20 10:50:51.144","+1.9695622E-02"
"26-03-20 10:50:51.850","+2.0051729E-02"
"26-03-20 10:50:52.554","+1.9836066E-02"
"26-03-20 10:50:53.261","+2.0094837E-02"
"26-03-20 10:50:53.965","+1.9249300E-02"
"26-03-20 10:50:54.671","+1.9327144E-02"
"26-03-20 10:50:55.374","+1.9369877E-02"
"26-03-20 10:50:56.081","+1.9997251E-02"
"26-03-20 10:50:56.785","+1.9821946E-02"
"26-03-20 10:50:57.491","+1.9589164E-02"
"26-03-20 10:50:58.194","+3.7506611E+00"
"26-03-20 10:50:58.901","+7.0788797E+00"
"26-03-20 10:50:59.604","+1.0160658E+01"
"26-03-20 10:51:00.318","+1.0239688E+01"
"26-03-20 10:51:01.021","+1.0239688E+01"
"26-03-20 10:51:01.728","+1.0239688E+01"
"26-03-20 10:51:02.434","+1.0239688E+01"
"26-03-20 10:51:03.142","+9.8760230E+00"
"26-03-20 10:51:03.848","+5.8780911E+00"
"26-03-20 10:51:04.555","+5.7897823E+00"
"26-03-20 10:51:05.261","+5.7642634E+00"
"26-03-20 10:51:05.969","+5.7042705E+00"
"26-03-20 10:51:06.676","+5.6956321E+00"
"26-03-20 10:51:07.383","+5.6468271E+00"
"26-03-20 10:51:08.090","+5.7265919E+00"
"26-03-20 10:51:08.798","+5.7398407E+00"
"26-03-20 10:51:09.504","+5.6784271E+00"
"26-03-20 10:51:10.209","+5.6850582E+00"
"26-03-20 10:51:10.916","+5.8109422E+00"
"26-03-20 10:51:11.619","+5.8601566E+00"
"26-03-20 10:51:12.326","+5.8889795E+00"
"26-03-20 10:51:13.030","+6.1678172E+00"
"26-03-20 10:51:13.738","+8.3440792E+00"
"26-03-20 10:51:14.441","+8.3026554E+00"
"26-03-20 10:51:15.148","+7.5494197E+00"
"26-03-20 10:51:15.852","+8.2066745E+00"
"26-03-20 10:51:16.558","+7.7732002E+00"
"26-03-20 10:51:17.264","+9.5014828E+00"
"26-03-20 10:51:17.970","+1.0229675E+01"
"26-03-20 10:51:18.673","+1.0239688E+01"
"26-03-20 10:51:19.381","-9.3130054E+00"
"26-03-20 10:51:20.084","-1.0239688E+01"
"26-03-20 10:51:20.791","-1.0239688E+01"
"26-03-20 10:51:21.495","-1.0239688E+01"
"26-03-20 10:51:22.202","-1.0239688E+01"
"26-03-20 10:51:22.907","-1.0239688E+01"
"26-03-20 10:51:23.613","-1.0239688E+01"
"26-03-20 10:51:24.318","-1.0239688E+01"
"26-03-20 10:51:25.025","-1.0239688E+01"
"26-03-20 10:51:25.734","-1.0239688E+01"
"26-03-20 10:51:26.440","-1.0239688E+01"
"26-03-20 10:51:27.147","-1.0239688E+01"
"26-03-20 10:51:27.854","-1.0239688E+01"
"26-03-20 10:51:28.561","-1.0239688E+01"
"26-03-20 10:51:29.267","-1.0239688E+01"
"26-03-20 10:51:29.974","-1.0239688E+01"
"26-03-20 10:51:30.681","-1.0239688E+01"
"26-03-20 10:51:31.389","-1.0239688E+01"
"26-03-20 10:51:32.094","-1.0239688E+01"
"26-03-20 10:51:32.801","-1.0239688E+01"
"26-03-20 10:51:33.505","-1.0239688E+01"
"26-03-20 10:51:34.214","-1.0239688E+01"
"26-03-20 10:51:34.918","-1.0239688E+01"
"26-03-20 10:51:35.631","+1.0239688E+01"
"26-03-20 10:51:36.334","+1.0165095E+01"
"26-03-20 10:51:37.041","+9.9164470E+00"
"26-03-20 10:51:37.745","+9.4482769E+00"
"26-03-20 10:51:38.452","+9.4040911E+00"
"26-03-20 10:51:39.156","+9.2679248E+00"
"26-03-20 10:51:39.864","+9.2879477E+00"
"26-03-20 10:51:40.567","+9.3079937E+00"
"26-03-20 10:51:41.274","+9.3243971E+00"
"26-03-20 10:51:41.979","+9.3189124E+00"
"26-03-20 10:51:42.686","+9.3267432E+00"
"26-03-20 10:51:43.390","+9.3535758E+00"
"26-03-20 10:51:44.096","+9.3021113E+00"
"26-03-20 10:51:44.803","+9.3456494E+00"
"26-03-20 10:51:45.511","+9.3240401E+00"
"26-03-20 10:51:46.217","+9.3283910E+00"
"26-03-20 10:51:46.924","+9.3877932E+00"
