"Trigger time","No1 Average Ch1"
"","A"
"26-03-20 11:00:38.434","-8.2780313E-01"
"26-03-20 11:00:39.175","-8.2528264E-01"
"26-03-20 11:00:39.883","-8.2528076E-01"
"26-03-20 11:00:40.590","-8.2506785E-01"
"26-03-20 11:00:41.293","-8.2361705E-01"
"26-03-20 11:00:42.000","-8.2444535E-01"
"26-03-20 11:00:42.705","-8.2389632E-01"
"26-03-20 11:00:43.411","-8.2368465E-01"
"26-03-20 11:00:44.116","-8.2314199E-01"
"26-03-20 11:00:44.823","-8.2310288E-01"
"26-03-20 11:00:45.527","-8.2403039E-01"
"26-03-20 11:00:46.234","-8.2190686E-01"
"26-03-20 11:00:46.939","-8.2198970E-01"
"26-03-20 11:00:47.647","-8.2280913E-01"
"26-03-20 11:00:48.351","-8.2283162E-01"
"26-03-20 11:00:49.057","-8.2337627E-01"
"26-03-20 11:00:49.762","-8.2359394E-01"
"26-03-20 11:00:50.469","-8.2203619E-01"
"26-03-20 11:00:51.173","-8.2167558E-01"
"26-03-20 11:00:51.879","-8.4936838E-01"
"26-03-20 11:00:52.583","-8.4279413E-01"
"26-03-20 11:00:53.290","-8.3494640E-01"
"26-03-20 11:00:53.994","+7.5853948E+00"
"26-03-20 11:00:54.701","+8.3630193E+00"
"26-03-20 11:00:55.409","+8.8232212E+00"
"26-03-20 11:00:56.117","+8.8488641E+00"
"26-03-20 11:00:56.823","+6.4044390E+00"
"26-03-20 11:00:57.529","+6.3869034E+00"
"26-03-20 11:00:58.237","+7.7638881E+00"
"26-03-20 11:00:58.943","+8.2515766E+00"
"26-03-20 11:00:59.650","+6.4899969E+00"
"26-03-20 11:01:00.357","+6.7365545E+00"
"26-03-20 11:01:01.064","+7.0278167E+00"
"26-03-20 11:01:01.771","+6.0651572E+00"
"26-03-20 11:01:02.477","+5.5113567E+00"
"26-03-20 11:01:03.181","+5.4661584E+00"
"26-03-20 11:01:03.890","+5.4923607E+00"
"26-03-20 11:01:04.593","+5.4744352E+00"
"26-03-20 11:01:05.301","+5.5148807E+00"
"26-03-20 11:01:06.004","+5.2226011E+00"
"26-03-20 11:01:06.712","+5.0347342E+00"
"26-03-20 11:01:07.415","+5.0396606E+00"
"26-03-20 11:01:08.122","+5.0502833E+00"
"26-03-20 11:01:08.827","+5.0709313E+00"
"26-03-20 11:01:09.533","+5.0497089E+00"
"26-03-20 11:01:10.238","+5.0492321E+00"
"26-03-20 11:01:10.944","+5.0466899E+00"
"26-03-20 11:01:11.649","+5.0386683E+00"
"26-03-20 11:01:12.358","+5.0623404E+00"
"26-03-20 11:01:13.062","+5.0580199E+00"
"26-03-20 11:01:13.770","+5.0290660E+00"
"26-03-20 11:01:14.473","+5.0644841E+00"
"26-03-20 11:01:15.180","+5.0562440E+00"
"26-03-20 11:01:15.885","+4.9869598E+00"
"26-03-20 11:01:16.592","+5.0235277E+00"
"26-03-20 11:01:17.298","+4.9299238E+00"
"26-03-20 11:01:18.005","+4.4612791E+00"
"26-03-20 11:01:18.713","+4.2288676E+00"
"26-03-20 11:01:19.420","+3.2455500E+00"
"26-03-20 11:01:20.127","+2.4490181E+00"
"26-03-20 11:01:20.834","+2.0145784E+00"
"26-03-20 11:01:21.540","+1.8233821E+00"
"26-03-20 11:01:22.248","+1.8168670E+00"
"26-03-20 11:01:22.955","+1.8051240E+00"
"26-03-20 11:01:23.659","+1.8016661E+00"
"26-03-20 11:01:24.366","+1.8189257E+00"
"26-03-20 11:01:25.070","+1.7840266E+00"
"26-03-20 11:01:25.777","+1.7453867E+00"
"26-03-20 11:01:26.480","+1.7106206E+00"
"26-03-20 11:01:27.187","+1.6810580E+00"
"26-03-20 11:01:27.891","+1.6814908E+00"
"26-03-20 11:01:28.597","+1.7182110E+00"
"26-03-20 11:01:29.301","+1.7155816E+00"
"26-03-20 11:01:30.009","+1.7306040E+00"
"26-03-20 11:01:30.713","+1.7147156E+00"
"26-03-20 11:01:31.419","+1.6760634E+00"
"26-03-20 11:01:32.123","+1.7219598E+00"
"26-03-20 11:01:32.830","+1.6956472E+00"
"26-03-20 11:01:33.535","+1.6909799E+00"
"26-03-20 11:01:34.242","+1.7278075E+00"
"26-03-20 11:01:34.945","+1.7187676E+00"
"26-03-20 11:01:35.652","+1.6976338E+00"
"26-03-20 11:01:36.356","+1.7006430E+00"
"26-03-20 11:01:37.064","+1.7125099E+00"
"26-03-20 11:01:37.768","+1.6889465E+00"
"26-03-20 11:01:38.476","+1.6865438E+00"
"26-03-20 11:01:39.179","+1.6984730E+00"
"26-03-20 11:01:39.886","+1.7078905E+00"
"26-03-20 11:01:40.592","+1.6838625E+00"
"26-03-20 11:01:41.299","+1.6733838E+00"
"26-03-20 11:01:42.006","+1.6910904E+00"
"26-03-20 11:01:42.713","+1.7113173E+00"
"26-03-20 11:01:43.419","+1.6963643E+00"
"26-03-20 11:01:44.127","+1.6978662E+00"
"26-03-20 11:01:44.833","+1.6904927E+00"
"26-03-20 11:01:45.540","+1.6704165E+00"
"26-03-20 11:01:46.248","+1.7138557E+00"
"26-03-20 11:01:46.956","+1.6787008E+00"
"26-03-20 11:01:47.663","+1.7123629E+00"
"26-03-20 11:01:48.366","+1.6774579E+00"
"26-03-20 11:01:49.072","+1.7023707E+00"
"26-03-20 11:01:49.776","+1.7332903E+00"
"26-03-20 11:01:50.483","+1.6769086E+00"
"26-03-20 11:01:51.187","+1.6773788E+00"
"26-03-20 11:01:51.895","+1.6438148E+00"
"26-03-20 11:01:52.598","+1.6876125E+00"
"26-03-20 11:01:53.304","+1.6588298E+00"
"26-03-20 11:01:54.008","+1.6860208E+00"
"26-03-20 11:01:54.716","+1.7027529E+00"
"26-03-20 11:01:55.421","+1.6945718E+00"
"26-03-20 11:01:56.128","+1.6577920E+00"
"26-03-20 11:01:56.831","+1.6910366E+00"
"26-03-20 11:01:57.538","+1.6767577E+00"
"26-03-20 11:01:58.242","+1.6914552E+00"
"26-03-20 11:01:58.948","+1.7081570E+00"
"26-03-20 11:01:59.652","+1.6879697E+00"
"26-03-20 11:02:00.359","+1.6627958E+00"
"26-03-20 11:02:01.063","+1.6966057E+00"
"26-03-20 11:02:01.771","+1.6485538E+00"
"26-03-20 11:02:02.474","+1.6590438E+00"
"26-03-20 11:02:03.180","+1.6774167E+00"
"26-03-20 11:02:03.889","+1.6830828E+00"
"26-03-20 11:02:04.595","+1.6668679E+00"
"26-03-20 11:02:05.302","+1.6717311E+00"
"26-03-20 11:02:06.008","+1.6799605E+00"
"26-03-20 11:02:06.716","+1.6539684E+00"
"26-03-20 11:02:07.422","+1.6727500E+00"
"26-03-20 11:02:08.129","+1.6784864E+00"
"26-03-20 11:02:08.837","+1.6708018E+00"
"26-03-20 11:02:09.543","+1.6693668E+00"
"26-03-20 11:02:10.251","+1.6679002E+00"
"26-03-20 11:02:10.957","+1.6744665E+00"
"26-03-20 11:02:11.661","+1.6745533E+00"
"26-03-20 11:02:12.369","+1.6712919E+00"
"26-03-20 11:02:13.074","+1.6593430E+00"
"26-03-20 11:02:13.781","+1.6722425E+00"
"26-03-20 11:02:14.484","+1.6722985E+00"
"26-03-20 11:02:15.190","+1.6994540E+00"
"26-03-20 11:02:15.894","+1.7065371E+00"
"26-03-20 11:02:16.601","+1.6576200E+00"
"26-03-20 11:02:17.305","+1.6641752E+00"
"26-03-20 11:02:18.012","+1.7260241E+00"
"26-03-20 11:02:18.716","+1.7392843E+00"
"26-03-20 11:02:19.423","+1.7167197E+00"
"26-03-20 11:02:20.126","+1.7135530E+00"
"26-03-20 11:02:20.832","+1.7294560E+00"
"26-03-20 11:02:21.538","+1.7146914E+00"
"26-03-20 11:02:22.245","+1.7173131E+00"
"26-03-20 11:02:22.948","+1.7043824E+00"
"26-03-20 11:02:23.656","+1.6670043E+00"
"26-03-20 11:02:24.359","+1.7015835E+00"
"26-03-20 11:02:25.066","+1.6731053E+00"
"26-03-20 11:02:25.770","+1.6774936E+00"
"26-03-20 11:02:26.478","+1.6745715E+00"
"26-03-20 11:02:27.181","+1.6627483E+00"
"26-03-20 11:02:27.888","+1.6644082E+00"
"26-03-20 11:02:28.595","+1.6955144E+00"
"26-03-20 11:02:29.302","+1.6960721E+00"
"26-03-20 11:02:30.010","+1.6913931E+00"
"26-03-20 11:02:30.717","+1.6700942E+00"
"26-03-20 11:02:31.423","+1.7067167E+00"
"26-03-20 11:02:32.130","+1.6591567E+00"
"26-03-20 11:02:32.837","+1.6584555E+00"
"26-03-20 11:02:33.545","+1.6459116E+00"
"26-03-20 11:02:34.252","+1.6655190E+00"
"26-03-20 11:02:34.957","+1.7080773E+00"
"26-03-20 11:02:35.663","+1.6649395E+00"
"26-03-20 11:02:36.367","+1.7071038E+00"
"26-03-20 11:02:37.074","+1.6572467E+00"
"26-03-20 11:02:37.778","+1.6605392E+00"
"26-03-20 11:02:38.486","+1.7162106E+00"
"26-03-20 11:02:39.190","+1.6835128E+00"
"26-03-20 11:02:39.896","+1.6908348E+00"
"26-03-20 11:02:40.600","+1.6986773E+00"
"26-03-20 11:02:41.307","+1.6593370E+00"
"26-03-20 11:02:42.011","+1.6664972E+00"
"26-03-20 11:02:42.719","+1.6539517E+00"
"26-03-20 11:02:43.422","+1.6870517E+00"
"26-03-20 11:02:44.129","+1.6802258E+00"
"26-03-20 11:02:44.832","+1.6624558E+00"
"26-03-20 11:02:45.539","+1.6984486E+00"
"26-03-20 11:02:46.303","+1.6540096E+00"
"26-03-20 11:02:47.008","+1.6598879E+00"
"26-03-20 11:02:47.715","+1.6570353E+00"
"26-03-20 11:02:48.418","+1.7061104E+00"
"26-03-20 11:02:49.175","+1.7204918E+00"
"26-03-20 11:02:49.882","+1.6764632E+00"
"26-03-20 11:02:50.586","+1.6715965E+00"
"26-03-20 11:02:51.294","+1.6740676E+00"
"26-03-20 11:02:51.997","+1.6556637E+00"
"26-03-20 11:02:52.753","+1.7002846E+00"
"26-03-20 11:02:53.459","+1.6537880E+00"
"26-03-20 11:02:54.163","+1.7211053E+00"
"26-03-20 11:02:54.870","+1.6609712E+00"
"26-03-20 11:02:55.573","+1.7012602E+00"
"26-03-20 11:02:56.328","+1.6661460E+00"
"26-03-20 11:02:57.034","+1.6791948E+00"
"26-03-20 11:02:57.742","+1.6898281E+00"
"26-03-20 11:02:58.449","+1.6570197E+00"
"26-03-20 11:02:59.201","+1.7253662E+00"
"26-03-20 11:02:59.908","+1.6697881E+00"
"26-03-20 11:03:00.615","+1.6867552E+00"
"26-03-20 11:03:01.322","+1.6946890E+00"
"26-03-20 11:03:02.030","+1.6654036E+00"
"26-03-20 11:03:02.782","+1.6611843E+00"
"26-03-20 11:03:03.488","+1.6595366E+00"
"26-03-20 11:03:04.195","+1.7073354E+00"
"26-03-20 11:03:04.904","+1.6831286E+00"
"26-03-20 11:03:05.658","+1.6709183E+00"
"26-03-20 11:03:06.363","+1.6898649E+00"
"26-03-20 11:03:07.069","+1.6774411E+00"
"26-03-20 11:03:07.777","+1.6711425E+00"
"26-03-20 11:03:08.483","+1.6955505E+00"
"26-03-20 11:03:09.238","+1.7266823E+00"
"26-03-20 11:03:09.944","+1.6810575E+00"
"26-03-20 11:03:10.650","+1.6630896E+00"
"26-03-20 11:03:11.357","+1.6575763E+00"
"26-03-20 11:03:12.114","+1.6705235E+00"
"26-03-20 11:03:12.822","+1.6528700E+00"
"26-03-20 11:03:13.530","+1.6799357E+00"
"26-03-20 11:03:14.237","+1.6542256E+00"
"26-03-20 11:03:14.943","+1.6612468E+00"
"26-03-20 11:03:15.701","+1.6551406E+00"
"26-03-20 11:03:16.408","+1.6913923E+00"
"26-03-20 11:03:17.114","+1.6568924E+00"
"26-03-20 11:03:17.820","+1.6668423E+00"
"26-03-20 11:03:18.574","+1.6889487E+00"
"26-03-20 11:03:19.278","+1.6919551E+00"
"26-03-20 11:03:19.986","+1.6984190E+00"
"26-03-20 11:03:20.692","+1.6764737E+00"
"26-03-20 11:03:21.398","+1.6756466E+00"
"26-03-20 11:03:22.151","+1.6807588E+00"
"26-03-20 11:03:22.855","+1.6570127E+00"
"26-03-20 11:03:23.562","+1.6971048E+00"
"26-03-20 11:03:24.265","+1.6939682E+00"
"26-03-20 11:03:25.021","+1.6953845E+00"
"26-03-20 11:03:25.728","+1.6735161E+00"
"26-03-20 11:03:26.431","+1.6589443E+00"
"26-03-20 11:03:27.139","+1.6601682E+00"
"26-03-20 11:03:27.842","+1.6906455E+00"
"26-03-20 11:03:28.599","+1.7671256E+00"
"26-03-20 11:03:29.305","+1.7402916E+00"
"26-03-20 11:03:30.009","+1.7173795E+00"
"26-03-20 11:03:30.719","+1.7401011E+00"
"26-03-20 11:03:31.472","+1.7040667E+00"
"26-03-20 11:03:32.175","+1.6898434E+00"
"26-03-20 11:03:32.881","+1.6859126E+00"
"26-03-20 11:03:33.585","+1.7093439E+00"
"26-03-20 11:03:34.292","+1.7012621E+00"
"26-03-20 11:03:35.045","+1.7370089E+00"
"26-03-20 11:03:35.752","+1.7569945E+00"
"26-03-20 11:03:36.458","+1.7346044E+00"
"26-03-20 11:03:37.165","+1.6982732E+00"
"26-03-20 11:03:37.922","+1.6578997E+00"
"26-03-20 11:03:38.629","+1.7047437E+00"
"26-03-20 11:03:39.336","+1.8208334E+00"
"26-03-20 11:03:40.044","+1.6838227E+00"
"26-03-20 11:03:40.751","+1.6747641E+00"
"26-03-20 11:03:41.506","+1.6511328E+00"
"26-03-20 11:03:42.214","+1.6483483E+00"
"26-03-20 11:03:42.920","+1.6763057E+00"
"26-03-20 11:03:43.627","+1.6519678E+00"
"26-03-20 11:03:44.383","+1.7154997E+00"
"26-03-20 11:03:45.090","+1.7096062E+00"
"26-03-20 11:03:45.796","+1.6824590E+00"
"26-03-20 11:03:46.504","+1.6686758E+00"
"26-03-20 11:03:47.211","+1.6465782E+00"
"26-03-20 11:03:47.965","+1.6508024E+00"
"26-03-20 11:03:48.674","+1.7325186E+00"
"26-03-20 11:03:49.380","+1.7220552E+00"
"26-03-20 11:03:50.088","+1.6720586E+00"
"26-03-20 11:03:50.838","+1.6563717E+00"
"26-03-20 11:03:51.545","+1.6426603E+00"
"26-03-20 11:03:52.252","+1.6722840E+00"
"26-03-20 11:03:52.958","+1.6648432E+00"
"26-03-20 11:03:53.665","+1.6529310E+00"
"26-03-20 11:03:54.408","+1.6465546E+00"
"26-03-20 11:03:55.112","+1.6489870E+00"
"26-03-20 11:03:55.819","+1.6926584E+00"
"26-03-20 11:03:56.522","+1.6512884E+00"
"26-03-20 11:03:57.266","+1.6468840E+00"
"26-03-20 11:03:57.973","+1.6552074E+00"
"26-03-20 11:03:58.677","+1.6695264E+00"
"26-03-20 11:03:59.384","+1.6500691E+00"
"26-03-20 11:04:00.087","+1.6700615E+00"
"26-03-20 11:04:00.830","+1.6645807E+00"
"26-03-20 11:04:01.536","+1.6629088E+00"
"26-03-20 11:04:02.244","+1.6445777E+00"
"26-03-20 11:04:02.950","+1.6425960E+00"
"26-03-20 11:04:03.657","+1.5129383E+00"
"26-03-20 11:04:04.402","+8.1419807E-02"
"26-03-20 11:04:05.107","+6.1862505E-02"
"26-03-20 11:04:05.816","+4.5770317E-02"
"26-03-20 11:04:06.521","+5.1119427E-02"
"26-03-20 11:04:07.265","+7.7976185E-02"
"26-03-20 11:04:07.972","+6.2039934E-02"
"26-03-20 11:04:08.676","+9.2998051E-02"
"26-03-20 11:04:09.383","+1.0837827E-01"
"26-03-20 11:04:10.087","+6.6824895E-02"
"26-03-20 11:04:10.831","+6.5315749E-02"
"26-03-20 11:04:11.537","+4.6133796E-02"
"26-03-20 11:04:12.242","+4.8438625E-02"
"26-03-20 11:04:12.948","+5.8153614E-02"
"26-03-20 11:04:13.689","+7.9637645E-02"
"26-03-20 11:04:14.397","+5.3715764E-02"
"26-03-20 11:04:15.104","+4.8660286E-02"
"26-03-20 11:04:15.810","+4.5482932E-02"
"26-03-20 11:04:16.517","+6.2698920E-02"
"26-03-20 11:04:17.264","+6.0079968E-02"
"26-03-20 11:04:17.970","+4.8377524E-02"
"26-03-20 11:04:18.677","+9.6571621E-02"
"26-03-20 11:04:19.383","+6.1477534E-02"
"26-03-20 11:04:20.127","+4.7349810E-02"
"26-03-20 11:04:20.831","+5.0137445E-02"
"26-03-20 11:04:21.537","+5.7059176E-02"
"26-03-20 11:04:22.242","+5.0167808E-02"
"26-03-20 11:04:22.950","+5.1705443E-02"
"26-03-20 11:04:23.691","+4.7699545E-02"
"26-03-20 11:04:24.398","+6.8731133E-02"
"26-03-20 11:04:25.105","+5.4678004E-02"
"26-03-20 11:04:25.809","+5.5330118E-02"
"26-03-20 11:04:26.556","+5.3135996E-02"
"26-03-20 11:04:27.263","+6.1205018E-02"
"26-03-20 11:04:27.970","+8.6829518E-02"
"26-03-20 11:04:28.678","+8.7347436E-02"
"26-03-20 11:04:29.386","+5.7123026E-02"
"26-03-20 11:04:30.133","+7.4315524E-02"
"26-03-20 11:04:30.839","+7.9672381E-02"
"26-03-20 11:04:31.545","+7.1207642E-02"
"26-03-20 11:04:32.253","+7.3576319E-02"
"26-03-20 11:04:33.000","+8.6983207E-02"
"26-03-20 11:04:33.707","+4.9962265E-02"
"26-03-20 11:04:34.411","+6.7905963E-02"
"26-03-20 11:04:35.118","+7.6384196E-02"
"26-03-20 11:04:35.822","+7.7674930E-02"
"26-03-20 11:04:36.572","+6.8201095E-02"
"26-03-20 11:04:37.280","+6.4462215E-02"
"26-03-20 11:04:37.983","+7.7227859E-02"
"26-03-20 11:04:38.690","+6.1647841E-02"
"26-03-20 11:04:39.437","+8.3321047E-02"
"26-03-20 11:04:40.143","+4.5848161E-02"
"26-03-20 11:04:40.852","+4.9857807E-02"
"26-03-20 11:04:41.556","+4.4290534E-02"
"26-03-20 11:04:42.264","+7.7126274E-02"
"26-03-20 11:04:43.011","+5.6756173E-02"
"26-03-20 11:04:43.718","+6.8367153E-02"
"26-03-20 11:04:44.426","+4.9535311E-02"
"26-03-20 11:04:45.132","+5.5174180E-02"
"26-03-20 11:04:45.883","+7.4811950E-02"
"26-03-20 11:04:46.589","+5.0116204E-02"
"26-03-20 11:04:47.295","+4.9437350E-02"
"26-03-20 11:04:48.002","+4.6208267E-02"
"26-03-20 11:04:48.709","+8.1908737E-02"
"26-03-20 11:04:49.461","+8.7472636E-02"
"26-03-20 11:04:50.167","+5.6657462E-02"
"26-03-20 11:04:50.873","+6.9579793E-02"
"26-03-20 11:04:51.580","+6.8765619E-02"
"26-03-20 11:04:52.331","+4.9269417E-02"
"26-03-20 11:04:53.038","+4.9577419E-02"
"26-03-20 11:04:53.743","+7.8077019E-02"
"26-03-20 11:04:54.449","+5.9253299E-02"
"26-03-20 11:04:55.156","+7.0315124E-02"
"26-03-20 11:04:55.906","+5.4995877E-02"
"26-03-20 11:04:56.612","+5.0088590E-02"
"26-03-20 11:04:57.316","+4.1557127E-02"
"26-03-20 11:04:58.025","+5.3300680E-02"
"26-03-20 11:04:58.771","+1.0045407E-01"
"26-03-20 11:04:59.474","+6.3175480E-02"
"26-03-20 11:05:00.180","+4.5863280E-02"
"26-03-20 11:05:00.884","+4.8431502E-02"
"26-03-20 11:05:01.591","+4.3747876E-02"
"26-03-20 11:05:02.338","+6.5011246E-02"
"26-03-20 11:05:03.044","+6.2861355E-02"
"26-03-20 11:05:03.752","+5.4759971E-02"
"26-03-20 11:05:04.459","+4.7053179E-02"
"26-03-20 11:05:05.165","+4.8535336E-02"
"26-03-20 11:05:05.916","+6.6948721E-02"
"26-03-20 11:05:06.624","+7.4538435E-02"
"26-03-20 11:05:07.330","+6.5689724E-02"
"26-03-20 11:05:08.038","+8.6274365E-02"
"26-03-20 11:05:08.786","+5.5729458E-02"
"26-03-20 11:05:09.497","+6.6071197E-02"
"26-03-20 11:05:10.203","+8.9643268E-02"
"26-03-20 11:05:10.909","+6.0112580E-02"
"26-03-20 11:05:11.616","+5.8617428E-02"
"26-03-20 11:05:12.363","+5.4238680E-02"
"26-03-20 11:05:13.066","+7.2877974E-02"
"26-03-20 11:05:13.773","+5.2814749E-02"
"26-03-20 11:05:14.476","+5.3234206E-02"
"26-03-20 11:05:15.225","+5.0081717E-02"
"26-03-20 11:05:15.933","+7.8596062E-02"
"26-03-20 11:05:16.636","+4.4666883E-02"
"26-03-20 11:05:17.343","+4.3864829E-02"
"26-03-20 11:05:18.048","+7.5289009E-02"
"26-03-20 11:05:18.796","+5.5028739E-02"
"26-03-20 11:05:19.503","+6.9897416E-02"
"26-03-20 11:05:20.208","+7.8636795E-02"
"26-03-20 11:05:20.915","+6.0002374E-02"
"26-03-20 11:05:21.660","+4.9119477E-02"
"26-03-20 11:05:22.367","+4.4360381E-02"
"26-03-20 11:05:23.073","+6.2035186E-02"
"26-03-20 11:05:23.780","+5.9325395E-02"
"26-03-20 11:05:24.489","+6.3055653E-02"
"26-03-20 11:05:25.239","+6.5141693E-02"
"26-03-20 11:05:25.947","+6.7432277E-02"
"26-03-20 11:05:26.653","+4.3744252E-02"
"26-03-20 11:05:27.359","+5.9888045E-02"
"26-03-20 11:05:28.107","+6.5751699E-02"
"26-03-20 11:05:28.811","+8.7885471E-02"
"26-03-20 11:05:29.518","+5.4460466E-02"
"26-03-20 11:05:30.221","+5.6305478E-02"
"26-03-20 11:05:30.928","+8.6908362E-02"
"26-03-20 11:05:31.672","+5.3986405E-02"
"26-03-20 11:05:32.376","+4.8170857E-02"
"26-03-20 11:05:33.084","+4.4790084E-02"
"26-03-20 11:05:33.788","+7.8280813E-02"
"26-03-20 11:05:34.535","+4.6639969E-02"
"26-03-20 11:05:35.242","+4.6454793E-02"
"26-03-20 11:05:35.949","+9.5699970E-02"
"26-03-20 11:05:36.657","+5.5497176E-02"
"26-03-20 11:05:37.360","+8.5637995E-02"
"26-03-20 11:05:38.107","+6.2959441E-02"
"26-03-20 11:05:38.813","+1.0083804E-01"
"26-03-20 11:05:39.519","+5.3012420E-02"
"26-03-20 11:05:40.227","+8.1672206E-02"
"26-03-20 11:05:40.973","+7.8933926E-02"
"26-03-20 11:05:41.682","+5.3147616E-02"
"26-03-20 11:05:42.385","+4.6803778E-02"
"26-03-20 11:05:43.092","+8.0973985E-02"
"26-03-20 11:05:43.799","+5.3545582E-02"
"26-03-20 11:05:44.546","+7.2068673E-02"
"26-03-20 11:05:45.254","+4.4035511E-02"
"26-03-20 11:05:45.957","+6.4275790E-02"
"26-03-20 11:05:46.663","+8.0763445E-02"
"26-03-20 11:05:47.408","+4.4592413E-02"
"26-03-20 11:05:48.112","+4.6366204E-02"
"26-03-20 11:05:48.819","+6.2277214E-02"
"26-03-20 11:05:49.523","+8.1372951E-02"
"26-03-20 11:05:50.231","+5.2288460E-02"
"26-03-20 11:05:50.976","+4.6463415E-02"
"26-03-20 11:05:51.682","+4.0122201E-02"
"26-03-20 11:05:52.389","+5.1679578E-02"
"26-03-20 11:05:53.097","+4.6307477E-02"
"26-03-20 11:05:53.843","+4.4425855E-02"
"26-03-20 11:05:54.549","+2.2758771E-02"
"26-03-20 11:05:55.257","+2.1885246E-02"
"26-03-20 11:05:55.963","+2.1823521E-02"
"26-03-20 11:05:56.669","+4.1940224E-02"
"26-03-20 11:05:57.419","+2.3281312E-02"
"26-03-20 11:05:58.123","+2.1880248E-02"
"26-03-20 11:05:58.829","+2.1239129E-02"
"26-03-20 11:05:59.535","+2.5997226E-02"
"26-03-20 11:06:00.287","+2.1274865E-02"
"26-03-20 11:06:00.993","+1.9277539E-02"
"26-03-20 11:06:01.697","+1.9340514E-02"
"26-03-20 11:06:02.404","+1.9137095E-02"
"26-03-20 11:06:03.108","+2.3539584E-02"
"26-03-20 11:06:03.863","+1.9366628E-02"
"26-03-20 11:06:04.569","+3.1331842E-02"
"26-03-20 11:06:05.273","+2.1548880E-02"
"26-03-20 11:06:05.980","+2.0186051E-02"
"26-03-20 11:06:06.732","+1.9347386E-02"
"26-03-20 11:06:07.439","+1.9294782E-02"
"26-03-20 11:06:08.148","+2.0453569E-02"
"26-03-20 11:06:08.851","+1.9431352E-02"
"26-03-20 11:06:09.557","+2.0153564E-02"
"26-03-20 11:06:10.310","+1.9295907E-02"
"26-03-20 11:06:11.016","+2.0070972E-02"
"26-03-20 11:06:11.724","+1.9281038E-02"
"26-03-20 11:06:12.430","+2.0190299E-02"
"26-03-20 11:06:14.776","+2.0157062E-02"
"26-03-20 11:06:15.482","+1.9409236E-02"
"26-03-20 11:06:16.189","+2.0411710E-02"
"26-03-20 11:06:16.895","+1.9307652E-02"
"26-03-20 11:06:17.603","+1.9229558E-02"
"26-03-20 11:06:18.311","+1.9309776E-02"
"26-03-20 11:06:19.017","+4.9901040E-02"
"26-03-20 11:06:19.725","+2.6024590E-02"
"26-03-20 11:06:20.431","+1.9202444E-02"
"26-03-20 11:06:21.138","+2.0130073E-02"
"26-03-20 11:06:21.846","+1.9247801E-02"
"26-03-20 11:06:22.549","+2.0260521E-02"
"26-03-20 11:06:23.256","+1.9119102E-02"
"26-03-20 11:06:23.959","+2.0792308E-02"
"26-03-20 11:06:24.665","+1.9220812E-02"
"26-03-20 11:06:25.369","+1.9188575E-02"
"26-03-20 11:06:26.076","+2.0108332E-02"
"26-03-20 11:06:26.782","+1.9228434E-02"
"26-03-20 11:06:27.489","+2.0414459E-02"
"26-03-20 11:06:28.193","+1.9177579E-02"
"26-03-20 11:06:28.900","+2.0342363E-02"
"26-03-20 11:06:29.603","+1.9238180E-02"
"26-03-20 11:06:30.309","+2.0141693E-02"
"26-03-20 11:06:31.013","+1.9279413E-02"
"26-03-20 11:06:31.720","+1.9157212E-02"
"26-03-20 11:06:32.423","+1.9365129E-02"
"26-03-20 11:06:33.130","+1.9289034E-02"
"26-03-20 11:06:33.834","+2.0222661E-02"
"26-03-20 11:06:34.540","+1.9281287E-02"
"26-03-20 11:06:35.246","+2.0192173E-02"
"26-03-20 11:06:35.953","+1.9392868E-02"
"26-03-20 11:06:36.657","+2.0252024E-02"
"26-03-20 11:06:37.364","+1.9066249E-02"
"26-03-20 11:06:38.072","+1.9455843E-02"
"26-03-20 11:06:38.778","+1.9392493E-02"
"26-03-20 11:06:39.485","+1.9245802E-02"
"26-03-20 11:06:40.192","+2.0215664E-02"
"26-03-20 11:06:40.898","+1.9189324E-02"
"26-03-20 11:06:41.605","+2.0257022E-02"
"26-03-20 11:06:42.312","+1.9143967E-02"
"26-03-20 11:06:43.020","+2.0744327E-02"
"26-03-20 11:06:43.727","+1.9188824E-02"
"26-03-20 11:06:44.434","+2.0221536E-02"
"26-03-20 11:06:45.140","+1.9061001E-02"
"26-03-20 11:06:45.844","+1.9360006E-02"
"26-03-20 11:06:46.551","+2.0204918E-02"
"26-03-20 11:06:47.254","+1.9287410E-02"
"26-03-20 11:06:47.961","+2.0559401E-02"
"26-03-20 11:06:48.665","+1.9246177E-02"
"26-03-20 11:06:49.372","+2.0198296E-02"
"26-03-20 11:06:50.075","+1.9180578E-02"
"26-03-20 11:06:50.783","+2.0201170E-02"
"26-03-20 11:06:51.486","+1.9197571E-02"
"26-03-20 11:06:52.192","+1.9089114E-02"
"26-03-20 11:06:52.898","+1.9333891E-02"
"26-03-20 11:06:53.605","+1.9295532E-02"
"26-03-20 11:06:54.308","+2.0337740E-02"
"26-03-20 11:06:55.014","+1.9094612E-02"
"26-03-20 11:06:55.718","+2.0227784E-02"
"26-03-20 11:06:56.425","+1.9326020E-02"
"26-03-20 11:06:57.129","+2.0152189E-02"
"26-03-20 11:06:57.836","+1.9364879E-02"
"26-03-20 11:06:58.541","+2.0138570E-02"
"26-03-20 11:06:59.248","+1.9236930E-02"
"26-03-20 11:06:59.951","+1.9243428E-02"
"26-03-20 11:07:00.658","+2.0245527E-02"
"26-03-20 11:07:01.363","+1.9160211E-02"
"26-03-20 11:07:02.069","+2.0611880E-02"
"26-03-20 11:07:02.776","+1.9063125E-02"
"26-03-20 11:07:03.483","+2.0441074E-02"
"26-03-20 11:07:04.190","+1.9115729E-02"
"26-03-20 11:07:04.896","+2.0385721E-02"
"26-03-20 11:07:05.603","+1.9037635E-02"
"26-03-20 11:07:06.310","+1.9097361E-02"
"26-03-20 11:07:07.017","+2.0095337E-02"
"26-03-20 11:07:07.725","+1.9076120E-02"
"26-03-20 11:07:08.431","+2.0143068E-02"
"26-03-20 11:07:09.137","+1.9208692E-02"
"26-03-20 11:07:09.846","+2.0116328E-02"
"26-03-20 11:07:10.550","+1.9192323E-02"
"26-03-20 11:07:11.257","+2.0185426E-02"
"26-03-20 11:07:11.960","+1.9186950E-02"
"26-03-20 11:07:12.666","+1.8950545E-02"
"26-03-20 11:07:13.370","+1.9160961E-02"
"26-03-20 11:07:14.076","+1.9334391E-02"
"26-03-20 11:07:14.781","+2.0072221E-02"
"26-03-20 11:07:15.487","+1.9084991E-02"
"26-03-20 11:07:16.191","+2.0131073E-02"
"26-03-20 11:07:16.897","+1.9159211E-02"
"26-03-20 11:07:17.601","+2.0200670E-02"
"26-03-20 11:07:18.309","+1.9167583E-02"
"26-03-20 11:07:19.013","+2.0463690E-02"
"26-03-20 11:07:19.720","+1.9328394E-02"
"26-03-20 11:07:20.423","+1.9228808E-02"
"26-03-20 11:07:21.130","+2.0629748E-02"
"26-03-20 11:07:21.833","+1.9076369E-02"
"26-03-20 11:07:22.540","+2.8132622E-02"
"26-03-20 11:07:23.244","+1.9071621E-02"
"26-03-20 11:07:23.951","+2.0360731E-02"
"26-03-20 11:07:24.655","+1.9190449E-02"
"26-03-20 11:07:25.362","+2.0298631E-02"
"26-03-20 11:07:26.065","+1.9254798E-02"
"26-03-20 11:07:26.773","+1.9049380E-02"
"26-03-20 11:07:27.476","+1.9171331E-02"
"26-03-20 11:07:28.182","+1.9125100E-02"
"26-03-20 11:07:28.888","+2.0155438E-02"
"26-03-20 11:07:29.595","+1.9048755E-02"
"26-03-20 11:07:30.302","+2.0068348E-02"
"26-03-20 11:07:31.008","+1.9147466E-02"
"26-03-20 11:07:31.716","+2.0092588E-02"
"26-03-20 11:07:32.423","+1.9091363E-02"
"26-03-20 11:07:33.136","+1.9275040E-02"
"26-03-20 11:07:33.842","+1.9130598E-02"
"26-03-20 11:07:34.549","+1.9146841E-02"
"26-03-20 11:07:35.254","+1.9922531E-02"
"26-03-20 11:07:35.962","+1.9293283E-02"
"26-03-20 11:07:36.666","+2.1316973E-02"
"26-03-20 11:07:37.373","+1.9219687E-02"
"26-03-20 11:07:38.077","+1.9779088E-02"
"26-03-20 11:07:38.785","+1.9177579E-02"
"26-03-20 11:07:39.489","+1.9893293E-02"
"26-03-20 11:07:40.195","+1.9107732E-02"
"26-03-20 11:07:40.899","+1.9186825E-02"
"26-03-20 11:07:41.606","+1.9857682E-02"
"26-03-20 11:07:42.310","+1.9063750E-02"
"26-03-20 11:07:43.016","+1.9793458E-02"
"26-03-20 11:07:43.720","+1.9201070E-02"
"26-03-20 11:07:44.429","+1.9779213E-02"
"26-03-20 11:07:45.132","+1.9149465E-02"
"26-03-20 11:07:45.838","+1.9663759E-02"
"26-03-20 11:07:46.542","+1.9205068E-02"
"26-03-20 11:07:47.250","+1.9127599E-02"
"26-03-20 11:07:47.953","+1.9078619E-02"
"26-03-20 11:07:48.659","+1.9107357E-02"
"26-03-20 11:07:49.364","+2.0303254E-02"
"26-03-20 11:07:50.071","+1.9205068E-02"
"26-03-20 11:07:50.778","+2.0164059E-02"
"26-03-20 11:07:51.484","+1.9125350E-02"
"26-03-20 11:07:52.191","+2.0192798E-02"
"26-03-20 11:07:52.899","+1.9207192E-02"
"26-03-20 11:07:53.606","+1.9117353E-02"
"26-03-20 11:07:54.313","+1.9111855E-02"
"26-03-20 11:07:55.020","+1.9011895E-02"
"26-03-20 11:07:55.728","+2.0195297E-02"
"26-03-20 11:07:56.434","+1.9201195E-02"
"26-03-20 11:07:57.141","+2.0210541E-02"
"26-03-20 11:07:57.847","+1.9202694E-02"
"26-03-20 11:07:58.551","+2.0294882E-02"
"26-03-20 11:07:59.259","+1.9185701E-02"
"26-03-20 11:07:59.962","+2.0751824E-02"
"26-03-20 11:08:00.669","+1.9107732E-02"
"26-03-20 11:08:01.375","+1.9100110E-02"
"26-03-20 11:08:02.082","+2.0232157E-02"
"26-03-20 11:08:02.786","+1.9199320E-02"
"26-03-20 11:08:03.492","+2.0099460E-02"
"26-03-20 11:08:04.197","+1.9133597E-02"
"26-03-20 11:08:04.903","+2.0390094E-02"
"26-03-20 11:08:05.607","+1.8988155E-02"
"26-03-20 11:08:06.314","+2.0067223E-02"
"26-03-20 11:08:07.018","+1.9099735E-02"
"26-03-20 11:08:07.726","+1.9069122E-02"
"26-03-20 11:08:08.429","+1.9076245E-02"
"26-03-20 11:08:09.136","+1.9212565E-02"
"26-03-20 11:08:09.842","+2.0228284E-02"
"26-03-20 11:08:10.548","+1.9057252E-02"
"26-03-20 11:08:11.253","+2.0263145E-02"
"26-03-20 11:08:11.959","+1.9204818E-02"
"26-03-20 11:08:12.665","+2.0085841E-02"
"26-03-20 11:08:13.373","+1.9342138E-02"
"26-03-20 11:08:14.079","+1.9094612E-02"
"26-03-20 11:08:14.786","+1.9250425E-02"
"26-03-20 11:08:15.492","+1.9192323E-02"
"26-03-20 11:08:16.199","+2.0097711E-02"
"26-03-20 11:08:16.906","+1.9171956E-02"
"26-03-20 11:08:17.613","+2.0076344E-02"
"26-03-20 11:08:18.320","+1.9345012E-02"
"26-03-20 11:08:19.029","+2.2078044E-02"
"26-03-20 11:08:19.736","+1.8962165E-02"
"26-03-20 11:08:20.439","+2.0192423E-02"
"26-03-20 11:08:21.145","+1.9095112E-02"
"26-03-20 11:08:21.849","+1.9064124E-02"
"26-03-20 11:08:22.557","+1.9974510E-02"
"26-03-20 11:08:23.260","+1.9095612E-02"
"26-03-20 11:08:23.967","+1.9983007E-02"
"26-03-20 11:08:24.671","+1.9017018E-02"
"26-03-20 11:08:25.378","+2.0173306E-02"
"26-03-20 11:08:26.082","+1.9118603E-02"
"26-03-20 11:08:26.790","+2.0076095E-02"
"26-03-20 11:08:27.495","+1.9291783E-02"
"26-03-20 11:08:28.201","+1.8994777E-02"
"26-03-20 11:08:28.906","+1.9035011E-02"
"26-03-20 11:08:29.612","+1.9266418E-02"
"26-03-20 11:08:30.316","+2.0154438E-02"
"26-03-20 11:08:31.023","+1.9061750E-02"
"26-03-20 11:08:31.728","+2.4357257E-02"
"26-03-20 11:08:32.434","+1.9121601E-02"
"26-03-20 11:08:33.138","+2.3438625E-02"
"26-03-20 11:08:33.846","+1.9112605E-02"
"26-03-20 11:08:34.549","+1.9313525E-02"
"26-03-20 11:08:35.257","+1.8985906E-02"
"26-03-20 11:08:35.964","+1.9271916E-02"
"26-03-20 11:08:36.670","+2.0034361E-02"
"26-03-20 11:08:37.377","+1.9250175E-02"
"26-03-20 11:08:38.083","+2.0624875E-02"
"26-03-20 11:08:38.791","+1.9243678E-02"
"26-03-20 11:08:39.498","+2.0019242E-02"
"26-03-20 11:08:40.205","+1.9029013E-02"
"26-03-20 11:08:40.912","+2.0040984E-02"
"26-03-20 11:08:41.619","+1.9088115E-02"
"26-03-20 11:08:42.325","+1.9023641E-02"
"26-03-20 11:08:43.033","+2.0081717E-02"
"26-03-20 11:08:43.736","+1.9195697E-02"
"26-03-20 11:08:44.445","+1.9982007E-02"
"26-03-20 11:08:45.149","+1.9209941E-02"
"26-03-20 11:08:45.855","+2.0366478E-02"
"26-03-20 11:08:46.559","+1.9019892E-02"
"26-03-20 11:08:47.267","+2.0200420E-02"
"26-03-20 11:08:47.970","+1.9028389E-02"
"26-03-20 11:08:48.676","+1.9132347E-02"
"26-03-20 11:08:49.380","+1.9054628E-02"
"26-03-20 11:08:50.087","+1.9087240E-02"
"26-03-20 11:08:50.790","+2.0069097E-02"
"26-03-20 11:08:51.497","+1.9089614E-02"
"26-03-20 11:08:52.201","+2.0118328E-02"
"26-03-20 11:08:52.909","+1.9116978E-02"
"26-03-20 11:08:53.613","+2.0150065E-02"
"26-03-20 11:08:54.321","+1.9131223E-02"
"26-03-20 11:08:55.024","+1.9658637E-02"
"26-03-20 11:08:55.731","+1.9247676E-02"
"26-03-20 11:08:56.434","+1.9280663E-02"
"26-03-20 11:08:57.140","+2.0622751E-02"
"26-03-20 11:08:57.844","+1.9230933E-02"
"26-03-20 11:08:58.550","+2.0096961E-02"
"26-03-20 11:08:59.254","+1.9156962E-02"
"26-03-20 11:08:59.961","+2.0125200E-02"
"26-03-20 11:09:00.668","+1.9092738E-02"
"26-03-20 11:09:01.375","+2.0005123E-02"
"26-03-20 11:09:02.084","+1.9067123E-02"
"26-03-20 11:09:02.791","+1.9152714E-02"
"26-03-20 11:09:03.498","+2.0177304E-02"
"26-03-20 11:09:04.204","+1.9029638E-02"
"26-03-20 11:09:04.911","+1.9919657E-02"
"26-03-20 11:09:05.619","+1.8969537E-02"
"26-03-20 11:09:06.325","+7.5643992E-02"
"26-03-20 11:09:07.029","+1.9134471E-02"
"26-03-20 11:09:07.737","+1.9970887E-02"
"26-03-20 11:09:08.440","+1.8946296E-02"
"26-03-20 11:09:09.147","+1.8989904E-02"
"26-03-20 11:09:09.850","+1.9082742E-02"
"26-03-20 11:09:10.559","+1.8995277E-02"
"26-03-20 11:09:11.263","+2.0052229E-02"
"26-03-20 11:09:11.969","+1.9031512E-02"
"26-03-20 11:09:12.673","+2.0069472E-02"
"26-03-20 11:09:13.379","+1.9098236E-02"
"26-03-20 11:09:14.083","+2.0134321E-02"
"26-03-20 11:09:14.791","+1.9147091E-02"
"26-03-20 11:09:15.495","+1.9746351E-02"
"26-03-20 11:09:16.201","+1.9217813E-02"
"26-03-20 11:09:16.905","+1.8953044E-02"
"26-03-20 11:09:17.611","+2.0168183E-02"
"26-03-20 11:09:18.315","+1.9158587E-02"
"26-03-20 11:09:19.024","+2.0304878E-02"
"26-03-20 11:09:19.728","+1.9234306E-02"
"26-03-20 11:09:20.436","+1.9754848E-02"
"26-03-20 11:09:21.139","+1.9067498E-02"
"26-03-20 11:09:21.846","+1.9588665E-02"
"26-03-20 11:09:22.549","+1.9058502E-02"
"26-03-20 11:09:23.256","+1.8986905E-02"
"26-03-20 11:09:23.963","+2.0492428E-02"
"26-03-20 11:09:24.669","+1.9058502E-02"
"26-03-20 11:09:25.376","+1.9696996E-02"
"26-03-20 11:09:26.083","+1.9006647E-02"
"26-03-20 11:09:26.790","+1.9764094E-02"
"26-03-20 11:09:27.498","+1.8860706E-02"
"26-03-20 11:09:28.205","+1.9688125E-02"
"26-03-20 11:09:28.913","+1.9013520E-02"
"26-03-20 11:09:29.619","+1.9120352E-02"
"26-03-20 11:09:30.325","+1.8971162E-02"
"26-03-20 11:09:31.033","+1.9029513E-02"
"26-03-20 11:09:31.737","+1.9867678E-02"
"26-03-20 11:09:32.445","+1.9001524E-02"
"26-03-20 11:09:33.148","+1.9672131E-02"
"26-03-20 11:09:33.854","+1.9053878E-02"
"26-03-20 11:09:34.558","+2.0139069E-02"
"26-03-20 11:09:35.265","+1.9210816E-02"
"26-03-20 11:09:35.970","+2.0288635E-02"
"26-03-20 11:09:36.677","+2.0502924E-02"
"26-03-20 11:09:37.381","+1.9124225E-02"
"26-03-20 11:09:38.087","+1.9669007E-02"
"26-03-20 11:09:38.791","+1.9072621E-02"
"26-03-20 11:09:39.499","+1.9789459E-02"
"26-03-20 11:09:40.202","+1.9229433E-02"
"26-03-20 11:09:40.908","+1.9634771E-02"
"26-03-20 11:09:41.612","+1.8993153E-02"
"26-03-20 11:09:42.318","+1.9823571E-02"
"26-03-20 11:09:43.022","+1.8908562E-02"
"26-03-20 11:09:43.730","+1.9023890E-02"
"26-03-20 11:09:44.433","+1.9116603E-02"
"26-03-20 11:09:45.140","+1.9064374E-02"
"26-03-20 11:09:45.844","+1.9576045E-02"
"26-03-20 11:09:46.551","+1.9025265E-02"
"26-03-20 11:09:47.254","+1.9831442E-02"
"26-03-20 11:09:47.961","+1.9156213E-02"
"26-03-20 11:09:48.667","+1.9758971E-02"
"26-03-20 11:09:49.374","+1.9112230E-02"
"26-03-20 11:09:50.081","+1.9097236E-02"
"26-03-20 11:09:50.788","+1.9214564E-02"
"26-03-20 11:09:51.494","+1.9052004E-02"
"26-03-20 11:09:52.201","+1.9694122E-02"
"26-03-20 11:09:52.908","+1.9031262E-02"
"26-03-20 11:09:53.689","+1.9747351E-02"
"26-03-20 11:09:54.392","+1.9348386E-02"
"26-03-20 11:09:55.099","+2.0527289E-02"
"26-03-20 11:09:55.803","+1.9253299E-02"
"26-03-20 11:09:56.510","+1.9098611E-02"
"26-03-20 11:09:57.263","+2.0018618E-02"
"26-03-20 11:09:57.970","+1.9087365E-02"
"26-03-20 11:09:58.678","+1.9635896E-02"
"26-03-20 11:09:59.382","+1.9074870E-02"
"26-03-20 11:10:00.089","+1.9753724E-02"
"26-03-20 11:10:00.842","+1.8985156E-02"
"26-03-20 11:10:01.549","+1.9778089E-02"
"26-03-20 11:10:02.259","+1.8916558E-02"
"26-03-20 11:10:02.965","+1.9136096E-02"
"26-03-20 11:10:03.719","+1.9713615E-02"
"26-03-20 11:10:04.425","+1.9265794E-02"
"26-03-20 11:10:05.132","+2.0216413E-02"
"26-03-20 11:10:05.839","+1.9033262E-02"
"26-03-20 11:10:06.546","+2.0019117E-02"
"26-03-20 11:10:07.302","+1.9037010E-02"
"26-03-20 11:10:08.010","+1.9052879E-02"
"26-03-20 11:10:08.716","+1.9188949E-02"
"26-03-20 11:10:09.423","+2.5921506E-02"
"26-03-20 11:10:10.180","+2.0039484E-02"
"26-03-20 11:10:10.888","+1.8985406E-02"
"26-03-20 11:10:11.594","+2.0066099E-02"
"26-03-20 11:10:12.302","+1.9060001E-02"
"26-03-20 11:10:13.008","+2.0218288E-02"
"26-03-20 11:10:13.764","+1.9056627E-02"
"26-03-20 11:10:14.470","+1.9066623E-02"
"26-03-20 11:10:15.177","+1.9850310E-02"
"26-03-20 11:10:15.883","+1.9065499E-02"
"26-03-20 11:10:16.638","+2.0154313E-02"
"26-03-20 11:10:17.344","+1.9068748E-02"
"26-03-20 11:10:18.050","+2.0209541E-02"
"26-03-20 11:10:18.758","+1.9001274E-02"
"26-03-20 11:10:19.466","+2.0037110E-02"
"26-03-20 11:10:20.220","+1.9108107E-02"
"26-03-20 11:10:20.926","+1.9139844E-02"
"26-03-20 11:10:21.633","+1.9972761E-02"
"26-03-20 11:10:22.341","+1.9102609E-02"
"26-03-20 11:10:23.094","+1.9987880E-02"
"26-03-20 11:10:23.802","+1.9045882E-02"
"26-03-20 11:10:24.508","+2.0075345E-02"
"26-03-20 11:10:25.216","+1.9112480E-02"
"26-03-20 11:10:25.922","+1.9089489E-02"
"26-03-20 11:10:26.675","+1.9287785E-02"
"26-03-20 11:10:27.383","+1.8896067E-02"
"26-03-20 11:10:28.087","+1.9944397E-02"
"26-03-20 11:10:28.794","+1.9039634E-02"
"26-03-20 11:10:29.545","+1.9833192E-02"
"26-03-20 11:10:30.249","+1.9126100E-02"
"26-03-20 11:10:30.955","+2.0000250E-02"
"26-03-20 11:10:31.659","+1.9074870E-02"
"26-03-20 11:10:32.366","+1.8954293E-02"
"26-03-20 11:10:33.119","+2.0503674E-02"
"26-03-20 11:10:33.822","+1.9247801E-02"
"26-03-20 11:10:34.529","+1.9922656E-02"
"26-03-20 11:10:35.234","+1.9087365E-02"
"26-03-20 11:10:35.990","+2.0164434E-02"
"26-03-20 11:10:36.697","+1.9133971E-02"
"26-03-20 11:10:37.402","+2.0044857E-02"
"26-03-20 11:10:38.109","+1.8906188E-02"
"26-03-20 11:10:38.812","+1.9020017E-02"
"26-03-20 11:10:39.569","+1.9953144E-02"
"26-03-20 11:10:40.276","+1.8958542E-02"
"26-03-20 11:10:40.982","+2.0055603E-02"
"26-03-20 11:10:41.690","+1.9015894E-02"
"26-03-20 11:10:42.443","+1.9916408E-02"
"26-03-20 11:10:43.149","+1.8916933E-02"
"26-03-20 11:10:43.857","+1.9021266E-02"
"26-03-20 11:10:44.563","+1.9085741E-02"
"26-03-20 11:10:45.271","+1.9038260E-02"
"26-03-20 11:10:46.026","+2.0172681E-02"
"26-03-20 11:10:46.734","+1.9121976E-02"
"26-03-20 11:10:47.440","+2.0079968E-02"
"26-03-20 11:10:48.147","+1.9152839E-02"
"26-03-20 11:10:48.903","+2.0142943E-02"
"26-03-20 11:10:49.609","+1.9019142E-02"
"26-03-20 11:10:50.316","+1.9193822E-02"
"26-03-20 11:10:51.024","+2.0212915E-02"
"26-03-20 11:10:51.731","+1.8904188E-02"
"26-03-20 11:10:52.486","+2.0567898E-02"
"26-03-20 11:10:53.192","+1.8931427E-02"
"26-03-20 11:10:53.899","+1.9985881E-02"
"26-03-20 11:10:54.608","+1.9125350E-02"
"26-03-20 11:10:55.363","+1.9041009E-02"
"26-03-20 11:10:56.070","+1.9152089E-02"
"26-03-20 11:10:56.778","+1.8969912E-02"
"26-03-20 11:10:57.484","+2.0084466E-02"
"26-03-20 11:10:58.192","+1.8937675E-02"
"26-03-20 11:10:58.945","+1.9992128E-02"
"26-03-20 11:10:59.651","+1.9070747E-02"
"26-03-20 11:11:00.357","+2.1962215E-02"
"26-03-20 11:11:01.063","+1.8952419E-02"
"26-03-20 11:11:01.771","+1.9103484E-02"
"26-03-20 11:11:02.513","+1.9525690E-02"
"26-03-20 11:11:03.222","+1.9078244E-02"
"26-03-20 11:11:03.925","+2.0252524E-02"
"26-03-20 11:11:04.632","+1.9111480E-02"
"26-03-20 11:11:05.371","+1.9953394E-02"
"26-03-20 11:11:06.074","+1.9138345E-02"
"26-03-20 11:11:06.780","+2.0207917E-02"
"26-03-20 11:11:07.484","+1.8950045E-02"
"26-03-20 11:11:08.190","+1.9015019E-02"
"26-03-20 11:11:08.933","+2.0166184E-02"
"26-03-20 11:11:09.639","+1.9018143E-02"
"26-03-20 11:11:10.346","+1.9903414E-02"
"26-03-20 11:11:11.054","+1.9118977E-02"
"26-03-20 11:11:11.800","+2.0488929E-02"
"26-03-20 11:11:12.504","+2.1714564E-02"
"26-03-20 11:11:13.212","+2.0088964E-02"
"26-03-20 11:11:13.919","+1.9015644E-02"
"26-03-20 11:11:14.626","+1.8947046E-02"
"26-03-20 11:11:15.367","+1.9883172E-02"
"26-03-20 11:11:16.070","+1.8995277E-02"
"26-03-20 11:11:16.778","+1.9989004E-02"
"26-03-20 11:11:17.481","+1.9018767E-02"
"26-03-20 11:11:18.225","+2.0020242E-02"
"26-03-20 11:11:18.932","+1.8965414E-02"
"26-03-20 11:11:19.638","+1.9973760E-02"
"26-03-20 11:11:20.345","+1.9010771E-02"
"26-03-20 11:11:21.051","+1.8946421E-02"
"26-03-20 11:11:21.794","+2.0710466E-02"
"26-03-20 11:11:22.502","+1.8878199E-02"
"26-03-20 11:11:23.208","+3.0642743E-02"
"26-03-20 11:11:23.915","+1.9043882E-02"
"26-03-20 11:11:24.661","+2.2007697E-02"
"26-03-20 11:11:25.368","+1.9107607E-02"
"26-03-20 11:11:26.072","+1.8915809E-02"
"26-03-20 11:11:26.780","+1.9130098E-02"
"26-03-20 11:11:27.485","+1.9083991E-02"
"26-03-20 11:11:28.230","+1.9725235E-02"
"26-03-20 11:11:28.938","+1.9004898E-02"
"26-03-20 11:11:29.643","+1.9990254E-02"
"26-03-20 11:11:30.349","+1.9042883E-02"
"26-03-20 11:11:31.091","+2.0122076E-02"
"26-03-20 11:11:31.799","+1.9063750E-02"
"26-03-20 11:11:32.505","+1.9075120E-02"
"26-03-20 11:11:33.209","+1.9152339E-02"
"26-03-20 11:11:33.916","+1.8883946E-02"
"26-03-20 11:11:34.661","+1.9737105E-02"
"26-03-20 11:11:35.367","+1.8945047E-02"
"26-03-20 11:11:36.075","+2.0161810E-02"
"26-03-20 11:11:36.782","+6.3296931E-02"
"26-03-20 11:11:37.528","+2.0186925E-02"
"26-03-20 11:11:38.237","+1.9015894E-02"
"26-03-20 11:11:38.944","+1.8937300E-02"
"26-03-20 11:11:39.651","+2.0007622E-02"
"26-03-20 11:11:40.357","+1.8976160E-02"
"26-03-20 11:11:41.104","+2.0059101E-02"
"26-03-20 11:11:41.808","+1.8860456E-02"
"26-03-20 11:11:42.515","+2.4395117E-02"
"26-03-20 11:11:43.219","+1.9110606E-02"
"26-03-20 11:11:43.969","+2.2493628E-02"
"26-03-20 11:11:44.676","+1.9097861E-02"
"26-03-20 11:11:45.380","+1.8942298E-02"
"26-03-20 11:11:46.086","+2.0039859E-02"
"26-03-20 11:11:46.792","+1.9134971E-02"
"26-03-20 11:11:47.544","+1.9923031E-02"
"26-03-20 11:11:48.251","+1.9061375E-02"
"26-03-20 11:11:48.954","+2.0043857E-02"
"26-03-20 11:11:49.660","+1.8944047E-02"
"26-03-20 11:11:50.408","+1.8975660E-02"
"26-03-20 11:11:51.115","+1.8907312E-02"
"26-03-20 11:11:51.822","+1.8935051E-02"
"26-03-20 11:11:52.530","+2.0022491E-02"
"26-03-20 11:11:53.236","+1.8916808E-02"
"26-03-20 11:11:53.987","+1.9850310E-02"
"26-03-20 11:11:54.693","+1.9041508E-02"
"26-03-20 11:11:55.402","+1.9991378E-02"
"26-03-20 11:11:56.109","+1.9080618E-02"
"26-03-20 11:11:56.859","+1.8905688E-02"
"26-03-20 11:11:57.566","+2.1315724E-02"
"26-03-20 11:11:58.272","+1.8884321E-02"
"26-03-20 11:11:58.979","+1.9970387E-02"
"26-03-20 11:11:59.686","+1.8939924E-02"
"26-03-20 11:12:00.437","+2.0012620E-02"
"26-03-20 11:12:01.140","+1.9106732E-02"
"26-03-20 11:12:01.847","+2.0003998E-02"
"26-03-20 11:12:02.551","+1.8888320E-02"
"26-03-20 11:12:03.302","+1.8949920E-02"
"26-03-20 11:12:04.009","+1.9963140E-02"
"26-03-20 11:12:04.715","+1.9078744E-02"
"26-03-20 11:12:05.421","+1.9888045E-02"
"26-03-20 11:12:06.125","+1.8855333E-02"
"26-03-20 11:12:06.875","+1.9843812E-02"
"26-03-20 11:12:07.582","+1.9025265E-02"
"26-03-20 11:12:08.286","+1.9778838E-02"
"26-03-20 11:12:08.993","+1.8848835E-02"
"26-03-20 11:12:09.740","+1.9042258E-02"
"26-03-20 11:12:10.446","+2.3153988E-02"
"26-03-20 11:12:11.153","+1.9035511E-02"
"26-03-20 11:12:11.860","+1.9870927E-02"
"26-03-20 11:12:12.567","+1.9035261E-02"
"26-03-20 11:12:13.317","+2.0006872E-02"
"26-03-20 11:12:14.024","+1.8990029E-02"
"26-03-20 11:12:14.730","+1.9026015E-02"
"26-03-20 11:12:15.438","+1.8824470E-02"
"26-03-20 11:12:16.186","+1.9137595E-02"
"26-03-20 11:12:16.896","+1.9859556E-02"
"26-03-20 11:12:17.603","+1.8985281E-02"
"26-03-20 11:12:18.308","+1.9917908E-02"
"26-03-20 11:12:19.015","+1.9004023E-02"
"26-03-20 11:12:19.762","+2.0034986E-02"
"26-03-20 11:12:20.466","+1.8978409E-02"
"26-03-20 11:12:21.174","+1.8938675E-02"
"26-03-20 11:12:21.879","+1.9925280E-02"
"26-03-20 11:12:22.628","+1.9076494E-02"
"26-03-20 11:12:23.335","+2.0033112E-02"
"26-03-20 11:12:24.039","+1.8947171E-02"
"26-03-20 11:12:24.747","+2.0082842E-02"
"26-03-20 11:12:25.450","+1.8962915E-02"
"26-03-20 11:12:26.198","+2.0150940E-02"
"26-03-20 11:12:26.904","+1.8967663E-02"
"26-03-20 11:12:27.609","+1.8904563E-02"
"26-03-20 11:12:28.317","+2.3153114E-02"
"26-03-20 11:12:29.020","+1.9132097E-02"
"26-03-20 11:12:29.767","+5.6129048E-02"
"26-03-20 11:12:30.476","+1.8998526E-02"
"26-03-20 11:12:31.183","+1.9741478E-02"
"26-03-20 11:12:31.891","+1.9096486E-02"
"26-03-20 11:12:32.641","+1.8944672E-02"
"26-03-20 11:12:33.348","+1.8897191E-02"
"26-03-20 11:12:34.054","+1.8938175E-02"
"26-03-20 11:12:34.761","+1.9686750E-02"
"26-03-20 11:12:35.468","+1.8996651E-02"
"26-03-20 11:12:36.215","+1.9606782E-02"
"26-03-20 11:12:36.922","+1.8951669E-02"
"26-03-20 11:12:37.625","+1.9802454E-02"
"26-03-20 11:12:38.331","+1.8973036E-02"
"26-03-20 11:12:39.077","+1.8899440E-02"
"26-03-20 11:12:39.782","+1.8893817E-02"
"26-03-20 11:12:40.488","+1.8956542E-02"
"26-03-20 11:12:41.192","+1.9643143E-02"
"26-03-20 11:12:41.899","+1.8922681E-02"
"26-03-20 11:12:42.643","+1.9668383E-02"
"26-03-20 11:12:43.350","+1.8934801E-02"
"26-03-20 11:12:44.057","+2.0166433E-02"
"26-03-20 11:12:44.762","+1.8961415E-02"
"26-03-20 11:12:45.508","+1.8897441E-02"
"26-03-20 11:12:46.214","+1.9958517E-02"
"26-03-20 11:12:46.921","+1.8964414E-02"
"26-03-20 11:12:47.629","+2.0607382E-02"
"26-03-20 11:12:48.336","+1.9022891E-02"
"26-03-20 11:12:49.084","+2.0135821E-02"
"26-03-20 11:12:49.791","+1.8886320E-02"
"26-03-20 11:12:50.497","+1.9923656E-02"
"26-03-20 11:12:51.204","+1.9009396E-02"
"26-03-20 11:12:51.951","+1.9072121E-02"
"26-03-20 11:12:52.657","+2.0089839E-02"
"26-03-20 11:12:53.361","+1.9004773E-02"
"26-03-20 11:12:54.067","+1.9980633E-02"
"26-03-20 11:12:54.772","+1.9050755E-02"
"26-03-20 11:12:55.519","+2.0103833E-02"
"26-03-20 11:12:56.228","+1.9182452E-02"
"26-03-20 11:12:56.933","+1.9242803E-02"
"26-03-20 11:12:57.639","+1.8746251E-02"
"26-03-20 11:12:58.384","+1.8974035E-02"
"26-03-20 11:12:59.091","+2.4193822E-02"
"26-03-20 11:12:59.798","+1.9115104E-02"
"26-03-20 11:13:00.504","+2.3147116E-02"
"26-03-20 11:13:01.211","+1.9025765E-02"
"26-03-20 11:13:01.957","+2.0013994E-02"
"26-03-20 11:13:02.663","+1.8977534E-02"
"26-03-20 11:13:03.370","+1.9055628E-02"
"26-03-20 11:13:04.077","+1.8958292E-02"
"26-03-20 11:13:04.828","+1.8993777E-02"
"26-03-20 11:13:05.535","+2.0079968E-02"
"26-03-20 11:13:06.243","+1.8856582E-02"
"26-03-20 11:13:06.949","+2.0551654E-02"
"26-03-20 11:13:07.655","+1.8816973E-02"
"26-03-20 11:13:08.408","+1.9998875E-02"
"26-03-20 11:13:09.111","+1.8777114E-02"
"26-03-20 11:13:09.818","+1.8967163E-02"
"26-03-20 11:13:10.522","+1.9913160E-02"
"26-03-20 11:13:11.277","+1.9006647E-02"
"26-03-20 11:13:11.983","+1.9811076E-02"
"26-03-20 11:13:12.687","+1.9028139E-02"
"26-03-20 11:13:13.394","+1.9991753E-02"
"26-03-20 11:13:14.099","+1.8890444E-02"
"26-03-20 11:13:14.854","+1.9119477E-02"
"26-03-20 11:13:15.560","+1.8985656E-02"
"26-03-20 11:13:16.264","+1.8931677E-02"
"26-03-20 11:13:16.972","+1.9692498E-02"
"26-03-20 11:13:17.724","+1.8872451E-02"
"26-03-20 11:13:18.427","+1.9650765E-02"
"26-03-20 11:13:19.133","+1.8916558E-02"
"26-03-20 11:13:19.837","+1.9670257E-02"
"26-03-20 11:13:20.544","+1.8751374E-02"
"26-03-20 11:13:22.885","+1.9016144E-02"
"26-03-20 11:13:23.591","+2.3023166E-02"
"26-03-20 11:13:24.300","+1.8988904E-02"
"26-03-20 11:13:25.007","+2.0648741E-02"
"26-03-20 11:13:25.715","+1.8934926E-02"
"26-03-20 11:13:26.422","+1.8985031E-02"
"26-03-20 11:13:27.128","+1.8917433E-02"
"26-03-20 11:13:27.835","+1.8892068E-02"
"26-03-20 11:13:28.539","+1.9971386E-02"
"26-03-20 11:13:29.246","+1.8836590E-02"
"26-03-20 11:13:29.949","+1.9908911E-02"
"26-03-20 11:13:30.656","+1.8972536E-02"
"26-03-20 11:13:31.360","+1.9994502E-02"
"26-03-20 11:13:32.066","+1.9156837E-02"
"26-03-20 11:13:32.771","+3.1023591E-02"
"26-03-20 11:13:33.479","+1.8933801E-02"
"26-03-20 11:13:34.182","+1.8963290E-02"
"26-03-20 11:13:34.889","+1.9861555E-02"
"26-03-20 11:13:35.592","+1.9005773E-02"
"26-03-20 11:13:36.299","+1.9754723E-02"
"26-03-20 11:13:37.002","+1.8992903E-02"
"26-03-20 11:13:37.709","+1.9988130E-02"
"26-03-20 11:13:38.413","+1.8881322E-02"
"26-03-20 11:13:39.119","+1.9945647E-02"
"26-03-20 11:13:39.823","+1.8881447E-02"
"26-03-20 11:13:40.530","+1.9127099E-02"
"26-03-20 11:13:41.233","+2.0651864E-02"
"26-03-20 11:13:41.942","+1.9069497E-02"
"26-03-20 11:13:42.646","+2.0069347E-02"
"26-03-20 11:13:43.352","+1.8905813E-02"
"26-03-20 11:13:44.056","+1.9988630E-02"
"26-03-20 11:13:44.764","+1.8988155E-02"
"26-03-20 11:13:45.467","+2.0476809E-02"
"26-03-20 11:13:46.175","+1.9020642E-02"
"26-03-20 11:13:46.881","+1.8944172E-02"
"26-03-20 11:13:47.588","+1.8998026E-02"
"26-03-20 11:13:48.296","+1.8935926E-02"
"26-03-20 11:13:49.002","+1.9991253E-02"
"26-03-20 11:13:49.709","+1.8936176E-02"
"26-03-20 11:13:50.418","+1.9994002E-02"
"26-03-20 11:13:51.124","+1.9051254E-02"
"26-03-20 11:13:51.831","+1.9983881E-02"
"26-03-20 11:13:52.538","+1.9011270E-02"
"26-03-20 11:13:53.243","+1.9811201E-02"
"26-03-20 11:13:53.950","+1.9033262E-02"
"26-03-20 11:13:54.654","+1.8958791E-02"
"26-03-20 11:13:55.362","+1.9802079E-02"
"26-03-20 11:13:56.065","+1.8906063E-02"
"26-03-20 11:13:56.772","+1.9981133E-02"
"26-03-20 11:13:57.475","+1.8899190E-02"
"26-03-20 11:13:58.182","+2.0001624E-02"
"26-03-20 11:13:58.887","+1.8989654E-02"
"26-03-20 11:13:59.593","+2.0122326E-02"
"26-03-20 11:14:00.297","+1.8858457E-02"
"26-03-20 11:14:01.005","+1.8921057E-02"
"26-03-20 11:14:01.708","+1.9406737E-02"
"26-03-20 11:14:02.415","+1.8912810E-02"
"26-03-20 11:14:03.119","+1.9998126E-02"
"26-03-20 11:14:03.825","+1.8810851E-02"
"26-03-20 11:14:04.529","+2.0431327E-02"
"26-03-20 11:14:05.236","+1.8933801E-02"
"26-03-20 11:14:05.939","+1.9907912E-02"
"26-03-20 11:14:06.646","+6.2772141E-02"
"26-03-20 11:14:07.351","+1.8843713E-02"
"26-03-20 11:14:08.057","+1.8823471E-02"
"26-03-20 11:14:08.762","+1.8901439E-02"
"26-03-20 11:14:09.468","+1.9829818E-02"
"26-03-20 11:14:10.172","+1.8908811E-02"
"26-03-20 11:14:10.878","+1.9893168E-02"
"26-03-20 11:14:11.584","+1.8908811E-02"
"26-03-20 11:14:12.292","+2.0053229E-02"
"26-03-20 11:14:12.998","+1.8956043E-02"
"26-03-20 11:14:13.704","+1.9866553E-02"
"26-03-20 11:14:14.411","+1.8904188E-02"
"26-03-20 11:14:15.118","+1.8926554E-02"
"26-03-20 11:14:15.828","+1.9931153E-02"
"26-03-20 11:14:16.534","+1.9048880E-02"
"26-03-20 11:14:17.242","+1.9919282E-02"
"26-03-20 11:14:17.948","+1.8751874E-02"
"26-03-20 11:14:18.654","+1.9898541E-02"
"26-03-20 11:14:19.359","+1.8776739E-02"
"26-03-20 11:14:20.065","+2.0043608E-02"
"26-03-20 11:14:20.770","+1.8930928E-02"
"26-03-20 11:14:21.476","+1.8921556E-02"
"26-03-20 11:14:22.180","+1.9109731E-02"
"26-03-20 11:14:22.887","+1.8847211E-02"
"26-03-20 11:14:23.591","+2.0481058E-02"
"26-03-20 11:14:24.299","+1.8904188E-02"
"26-03-20 11:14:25.004","+2.0043982E-02"
"26-03-20 11:14:25.710","+1.8892068E-02"
"26-03-20 11:14:26.413","+1.9857557E-02"
"26-03-20 11:14:27.120","+1.9011270E-02"
"26-03-20 11:14:27.824","+1.9074995E-02"
"26-03-20 11:14:28.530","+1.9030263E-02"
"26-03-20 11:14:29.233","+1.8868952E-02"
"26-03-20 11:14:29.940","+1.9799455E-02"
"26-03-20 11:14:30.644","+1.9029513E-02"
"26-03-20 11:14:31.350","+1.9992003E-02"
"26-03-20 11:14:32.054","+1.8854833E-02"
"26-03-20 11:14:32.760","+2.0027364E-02"
"26-03-20 11:14:33.466","+1.8960916E-02"
"26-03-20 11:14:34.173","+1.9905913E-02"
"26-03-20 11:14:34.880","+1.8924305E-02"
"26-03-20 11:14:35.588","+1.9035386E-02"
"26-03-20 11:14:36.294","+1.9769592E-02"
"26-03-20 11:14:37.002","+1.8881073E-02"
"26-03-20 11:14:37.708","+6.6136295E-02"
"26-03-20 11:14:38.416","+1.8851584E-02"
"26-03-20 11:14:39.123","+1.9883796E-02"
"26-03-20 11:14:39.831","+1.9101734E-02"
"26-03-20 11:14:40.538","+1.9932402E-02"
"26-03-20 11:14:41.245","+1.9001524E-02"
"26-03-20 11:14:41.953","+1.8878199E-02"
"26-03-20 11:14:42.656","+1.9069497E-02"
"26-03-20 11:14:43.363","+1.8979033E-02"
"26-03-20 11:14:44.068","+1.9957517E-02"
"26-03-20 11:14:44.781","+1.8750875E-02"
"26-03-20 11:14:45.485","+1.9710366E-02"
"26-03-20 11:14:46.192","+1.8881572E-02"
"26-03-20 11:14:46.896","+7.0766443E-02"
"26-03-20 11:14:47.604","+2.0241778E-02"
"26-03-20 11:14:48.307","+1.8826220E-02"
"26-03-20 11:14:49.014","+1.8863829E-02"
"26-03-20 11:14:49.718","+1.8876824E-02"
"26-03-20 11:14:50.427","+1.9811450E-02"
"26-03-20 11:14:51.131","+1.8941673E-02"
"26-03-20 11:14:51.837","+1.9926279E-02"
"26-03-20 11:14:52.541","+1.8940049E-02"
"26-03-20 11:14:53.249","+1.9791209E-02"
"26-03-20 11:14:53.955","+1.8943173E-02"
"26-03-20 11:14:54.661","+1.9795332E-02"
"26-03-20 11:14:55.367","+1.8978409E-02"
"26-03-20 11:14:56.073","+1.8765619E-02"
"26-03-20 11:14:56.781","+2.0064599E-02"
"26-03-20 11:14:57.487","+1.8772491E-02"
"26-03-20 11:14:58.195","+2.0105583E-02"
"26-03-20 11:14:58.903","+1.8907937E-02"
"26-03-20 11:14:59.609","+2.2876599E-02"
"26-03-20 11:15:00.316","+1.8827594E-02"
"26-03-20 11:15:01.023","+2.2900465E-02"
"26-03-20 11:15:01.728","+1.8895317E-02"
"26-03-20 11:15:02.434","+1.8821971E-02"
"26-03-20 11:15:03.138","+1.9040759E-02"
"26-03-20 11:15:03.844","+1.8897066E-02"
"26-03-20 11:15:04.548","+1.9967638E-02"
"26-03-20 11:15:05.256","+1.8908187E-02"
"26-03-20 11:15:05.959","+1.9828694E-02"
"26-03-20 11:15:06.666","+1.8842213E-02"
"26-03-20 11:15:07.370","+1.9796956E-02"
"26-03-20 11:15:08.079","+1.9035761E-02"
"26-03-20 11:15:08.784","+1.8840089E-02"
"26-03-20 11:15:09.490","+1.8928928E-02"
"26-03-20 11:15:10.194","+1.9082617E-02"
"26-03-20 11:15:10.901","+2.0016493E-02"
"26-03-20 11:15:11.605","+1.8876824E-02"
"26-03-20 11:15:12.312","+1.9817073E-02"
"26-03-20 11:15:13.016","+1.8874700E-02"
"26-03-20 11:15:13.723","+2.0005623E-02"
"26-03-20 11:15:14.427","+1.8953169E-02"
"26-03-20 11:15:15.134","+1.9879798E-02"
"26-03-20 11:15:15.841","+1.8943173E-02"
"26-03-20 11:15:16.550","+1.8969287E-02"
"26-03-20 11:15:17.257","+1.9899290E-02"
"26-03-20 11:15:17.963","+1.8806477E-02"
"26-03-20 11:15:18.670","+1.9962390E-02"
"26-03-20 11:15:19.378","+1.8899190E-02"
"26-03-20 11:15:20.084","+1.9805203E-02"
"26-03-20 11:15:20.792","+1.8833717E-02"
"26-03-20 11:15:21.498","+2.0328993E-02"
"26-03-20 11:15:22.204","+1.9024890E-02"
"26-03-20 11:15:22.912","+1.8735881E-02"
"26-03-20 11:15:23.615","+1.8939049E-02"
"26-03-20 11:15:24.321","+1.8903064E-02"
"26-03-20 11:15:25.027","+2.0018618E-02"
"26-03-20 11:15:25.734","+7.1989329E-02"
"26-03-20 11:15:26.437","+1.9927654E-02"
"26-03-20 11:15:27.144","+1.8818348E-02"
"26-03-20 11:15:27.848","+1.9804203E-02"
"26-03-20 11:15:28.555","+1.8953544E-02"
"26-03-20 11:15:29.258","+1.8891693E-02"
"26-03-20 11:15:29.966","+1.8924930E-02"
"26-03-20 11:15:30.670","+1.8881572E-02"
"26-03-20 11:15:31.376","+2.0083717E-02"
"26-03-20 11:15:32.080","+1.9020767E-02"
"26-03-20 11:15:32.787","+1.9900290E-02"
"26-03-20 11:15:33.492","+1.8951170E-02"
"26-03-20 11:15:34.199","+1.9930028E-02"
"26-03-20 11:15:34.902","+1.8937050E-02"
"26-03-20 11:15:35.608","+2.0775690E-02"
"26-03-20 11:15:36.312","+1.8973286E-02"
"26-03-20 11:15:37.019","+1.8879573E-02"
"26-03-20 11:15:37.722","+1.9939149E-02"
"26-03-20 11:15:38.428","+1.8859206E-02"
"26-03-20 11:15:39.132","+1.9949020E-02"
"26-03-20 11:15:39.839","+1.8851709E-02"
"26-03-20 11:15:40.542","+2.0469687E-02"
"26-03-20 11:15:41.249","+1.9032137E-02"
"26-03-20 11:15:41.957","+1.9999625E-02"
"26-03-20 11:15:42.664","+1.8876949E-02"
"26-03-20 11:15:43.371","+1.8907187E-02"
"26-03-20 11:15:44.078","+1.8852084E-02"
"26-03-20 11:15:44.785","+1.8905938E-02"
"26-03-20 11:15:45.491","+1.9727609E-02"
"26-03-20 11:15:46.198","+1.8971661E-02"
"26-03-20 11:15:46.905","+2.0018743E-02"
"26-03-20 11:15:47.613","+1.8963415E-02"
"26-03-20 11:15:48.317","+1.9784211E-02"
"26-03-20 11:15:49.025","+1.8815849E-02"
"26-03-20 11:15:49.729","+1.9095862E-02"
"26-03-20 11:15:50.435","+1.8966413E-02"
"26-03-20 11:15:51.140","+1.8840839E-02"
"26-03-20 11:15:51.846","+1.9970387E-02"
"26-03-20 11:15:52.550","+1.8889569E-02"
"26-03-20 11:15:53.257","+1.9914659E-02"
"26-03-20 11:15:53.960","+1.8986405E-02"
"26-03-20 11:15:54.667","+1.9906912E-02"
"26-03-20 11:15:55.370","+1.8977909E-02"
"26-03-20 11:15:56.076","+1.9775340E-02"
"26-03-20 11:15:56.780","+1.8864204E-02"
"26-03-20 11:15:57.487","+1.8982907E-02"
"26-03-20 11:15:58.191","+1.9778838E-02"
"26-03-20 11:15:58.898","+1.8798106E-02"
"26-03-20 11:15:59.604","+2.0304003E-02"
"26-03-20 11:16:00.311","+1.8975910E-02"
"26-03-20 11:16:01.014","+2.2800505E-02"
"26-03-20 11:16:01.722","+1.9062750E-02"
"26-03-20 11:16:02.425","+1.9803329E-02"
"26-03-20 11:16:03.131","+1.8883447E-02"
"26-03-20 11:16:03.835","+1.8706267E-02"
"26-03-20 11:16:04.541","+1.8844962E-02"
"26-03-20 11:16:05.246","+1.9040634E-02"
"26-03-20 11:16:05.952","+1.9921406E-02"
"26-03-20 11:16:06.658","+1.8847586E-02"
"26-03-20 11:16:07.365","+1.9735981E-02"
"26-03-20 11:16:08.074","+1.8932302E-02"
"26-03-20 11:16:08.781","+1.9871052E-02"
"26-03-20 11:16:09.488","+1.8794232E-02"
"26-03-20 11:16:10.194","+1.9733981E-02"
"26-03-20 11:16:10.901","+1.8895817E-02"
"26-03-20 11:16:11.609","+1.8866828E-02"
"26-03-20 11:16:12.316","+1.9774840E-02"
"26-03-20 11:16:13.021","+1.8860581E-02"
"26-03-20 11:16:13.729","+1.9947021E-02"
"26-03-20 11:16:14.432","+1.8820097E-02"
"26-03-20 11:16:15.138","+1.9654263E-02"
"26-03-20 11:16:15.842","+1.8802729E-02"
"26-03-20 11:16:16.551","+2.0112830E-02"
"26-03-20 11:16:17.254","+1.9140219E-02"
"26-03-20 11:16:17.961","+1.8847836E-02"
"26-03-20 11:16:18.665","+1.9893293E-02"
"26-03-20 11:16:19.372","+1.8923556E-02"
"26-03-20 11:16:20.075","+1.9856058E-02"
"26-03-20 11:16:20.782","+1.8960291E-02"
"26-03-20 11:16:21.486","+1.9854683E-02"
"26-03-20 11:16:22.192","+1.8816224E-02"
"26-03-20 11:16:22.896","+1.9959766E-02"
"26-03-20 11:16:23.603","+1.8887445E-02"
"26-03-20 11:16:24.307","+1.8970162E-02"
"26-03-20 11:16:25.016","+1.8847836E-02"
"26-03-20 11:16:25.719","+1.8981407E-02"
"26-03-20 11:16:26.427","+1.9697371E-02"
"26-03-20 11:16:27.130","+1.8892443E-02"
"26-03-20 11:16:27.836","+1.9870552E-02"
"26-03-20 11:16:28.540","+1.8891194E-02"
"26-03-20 11:16:29.247","+2.7390794E-02"
"26-03-20 11:16:29.950","+1.8921431E-02"
"26-03-20 11:16:30.657","+1.9777839E-02"
"26-03-20 11:16:31.363","+1.8772116E-02"
"26-03-20 11:16:32.071","+1.8945047E-02"
"26-03-20 11:16:32.777","+2.0035236E-02"
"26-03-20 11:16:33.484","+1.8880823E-02"
"26-03-20 11:16:34.191","+1.9926654E-02"
"26-03-20 11:16:34.898","+1.8910311E-02"
"26-03-20 11:16:35.605","+2.3946921E-02"
"26-03-20 11:16:36.312","+1.8909811E-02"
"26-03-20 11:16:37.020","+2.2847611E-02"
"26-03-20 11:16:37.727","+1.8853958E-02"
"26-03-20 11:16:38.433","+1.8797856E-02"
"26-03-20 11:16:39.137","+1.9665009E-02"
"26-03-20 11:16:39.844","+1.8901689E-02"
"26-03-20 11:16:40.549","+1.9961765E-02"
"26-03-20 11:16:41.256","+1.8980908E-02"
"26-03-20 11:16:41.959","+1.9825070E-02"
"26-03-20 11:16:42.668","+1.8804103E-02"
"26-03-20 11:16:43.371","+1.9997126E-02"
"26-03-20 11:16:44.079","+1.8879198E-02"
"26-03-20 11:16:44.783","+1.9091738E-02"
"26-03-20 11:16:45.489","+1.8950920E-02"
"26-03-20 11:16:46.193","+1.8857832E-02"
"26-03-20 11:16:46.900","+1.9748226E-02"
"26-03-20 11:16:47.605","+1.8907312E-02"
"26-03-20 11:16:48.311","+1.9915409E-02"
"26-03-20 11:16:49.015","+1.8850585E-02"
"26-03-20 11:16:49.722","+1.9822946E-02"
"26-03-20 11:16:50.426","+1.8975160E-02"
"26-03-20 11:16:51.135","+1.9721861E-02"
"26-03-20 11:16:51.838","+1.8893942E-02"
"26-03-20 11:16:52.546","+1.8873576E-02"
"26-03-20 11:16:53.251","+1.9710366E-02"
"26-03-20 11:16:53.958","+1.8905938E-02"
"26-03-20 11:16:54.665","+1.9437100E-02"
"26-03-20 11:16:55.371","+1.9013520E-02"
"26-03-20 11:16:56.078","+1.9511196E-02"
"26-03-20 11:16:56.786","+1.8904063E-02"
"26-03-20 11:16:57.492","+1.9997876E-02"
"26-03-20 11:16:58.200","+1.8804728E-02"
"26-03-20 11:16:58.906","+1.8758871E-02"
"26-03-20 11:16:59.615","+1.8906063E-02"
"26-03-20 11:17:00.321","+1.8935926E-02"
"26-03-20 11:17:01.025","+1.9649265E-02"
"26-03-20 11:17:01.733","+1.8773616E-02"
"26-03-20 11:17:02.436","+1.9592788E-02"
"26-03-20 11:17:03.143","+1.8871326E-02"
"26-03-20 11:17:03.847","+1.9755973E-02"
"26-03-20 11:17:04.554","+1.8876449E-02"
"26-03-20 11:17:05.259","+1.8950045E-02"
"26-03-20 11:17:06.023","+1.9601160E-02"
"26-03-20 11:17:06.730","+1.8940549E-02"
"26-03-20 11:17:07.433","+2.0029613E-02"
"26-03-20 11:17:08.141","+1.9022141E-02"
"26-03-20 11:17:08.844","+1.9824320E-02"
"26-03-20 11:17:09.551","+1.8938924E-02"
"26-03-20 11:17:10.255","+1.9956517E-02"
"26-03-20 11:17:10.962","+1.8813475E-02"
"26-03-20 11:17:11.665","+1.8799605E-02"
"26-03-20 11:17:12.371","+1.8801604E-02"
"26-03-20 11:17:13.076","+1.8805853E-02"
"26-03-20 11:17:13.783","+1.9762595E-02"
"26-03-20 11:17:14.486","+1.8832092E-02"
"26-03-20 11:17:15.192","+1.9786585E-02"
"26-03-20 11:17:15.896","+1.8967288E-02"
"26-03-20 11:17:16.604","+2.0377974E-02"
"26-03-20 11:17:17.308","+1.8734631E-02"
"26-03-20 11:17:18.014","+1.9824695E-02"
"26-03-20 11:17:18.718","+1.8895942E-02"
"26-03-20 11:17:19.425","+1.8976659E-02"
"26-03-20 11:17:20.133","+1.9711615E-02"
"26-03-20 11:17:20.839","+1.8877199E-02"
"26-03-20 11:17:21.546","+1.9829068E-02"
"26-03-20 11:17:22.253","+1.8958292E-02"
"26-03-20 11:17:22.959","+2.0181178E-02"
"26-03-20 11:17:23.666","+1.8845337E-02"
"26-03-20 11:17:24.374","+1.9970262E-02"
"26-03-20 11:17:25.080","+1.8833592E-02"
"26-03-20 11:17:25.789","+1.8964164E-02"
"26-03-20 11:17:26.495","+1.9334141E-02"
"26-03-20 11:17:27.202","+1.8920682E-02"
"26-03-20 11:17:27.906","+1.9932027E-02"
"26-03-20 11:17:28.613","+1.8978034E-02"
"26-03-20 11:17:29.317","+1.9895667E-02"
"26-03-20 11:17:30.023","+1.8946546E-02"
"26-03-20 11:17:30.727","+1.9858432E-02"
"26-03-20 11:17:31.434","+1.8691523E-02"
"26-03-20 11:17:32.137","+2.6473036E-02"
"26-03-20 11:17:32.843","+1.9041258E-02"
"26-03-20 11:17:33.547","+1.8964789E-02"
"26-03-20 11:17:34.255","+1.9889169E-02"
"26-03-20 11:17:34.959","+1.8965664E-02"
"26-03-20 11:17:35.666","+2.0404963E-02"
"26-03-20 11:17:36.370","+1.8829718E-02"
"26-03-20 11:17:37.076","+1.9806078E-02"
"26-03-20 11:17:37.780","+1.8855833E-02"
"26-03-20 11:17:38.488","+2.0142943E-02"
"26-03-20 11:17:39.191","+1.8844962E-02"
"26-03-20 11:17:39.897","+1.8770617E-02"
"26-03-20 11:17:40.601","+1.9729233E-02"
"26-03-20 11:17:41.308","+1.8926679E-02"
"26-03-20 11:17:42.011","+1.9917408E-02"
"26-03-20 11:17:42.720","+1.8788485E-02"
"26-03-20 11:17:43.424","+1.9973136E-02"
"26-03-20 11:17:44.130","+1.8808477E-02"
"26-03-20 11:17:44.836","+1.9692248E-02"
"26-03-20 11:17:45.544","+1.9027764E-02"
"26-03-20 11:17:46.250","+1.8794607E-02"
"26-03-20 11:17:46.956","+1.8727884E-02"
"26-03-20 11:17:47.663","+1.8723511E-02"
"26-03-20 11:17:48.370","+1.9890669E-02"
"26-03-20 11:17:49.077","+1.8898191E-02"
"26-03-20 11:17:49.785","+1.9922531E-02"
"26-03-20 11:17:50.491","+1.8982532E-02"
"26-03-20 11:17:51.200","+1.9755223E-02"
"26-03-20 11:17:51.907","+1.8895317E-02"
"26-03-20 11:17:52.610","+1.8766119E-02"
"26-03-20 11:17:53.317","+1.8798606E-02"
"26-03-20 11:17:54.021","+1.8746876E-02"
"26-03-20 11:17:54.729","+2.0408462E-02"
"26-03-20 11:17:55.432","+1.9020517E-02"
"26-03-20 11:17:56.139","+1.9944272E-02"
"26-03-20 11:17:56.842","+1.8767243E-02"
"26-03-20 11:17:57.549","+1.9819822E-02"
"26-03-20 11:17:58.252","+1.8824595E-02"
"26-03-20 11:17:58.959","+1.9831317E-02"
"26-03-20 11:17:59.665","+1.8979408E-02"
"26-03-20 11:18:00.371","+1.8811725E-02"
"26-03-20 11:18:01.075","+1.9794082E-02"
"26-03-20 11:18:01.782","+1.8653039E-02"
"26-03-20 11:18:02.485","+1.9878923E-02"
"26-03-20 11:18:03.192","+1.8905313E-02"
"26-03-20 11:18:03.895","+1.9995252E-02"
"26-03-20 11:18:04.602","+1.8943922E-02"
"26-03-20 11:18:05.306","+1.9746976E-02"
"26-03-20 11:18:06.013","+1.8941673E-02"
"26-03-20 11:18:06.717","+1.9048006E-02"
"26-03-20 11:18:07.424","+1.8987155E-02"
"26-03-20 11:18:08.128","+1.8968663E-02"
"26-03-20 11:18:08.836","+2.0041109E-02"
"26-03-20 11:18:09.541","+1.8830218E-02"
"26-03-20 11:18:10.249","+1.9562175E-02"
"26-03-20 11:18:10.955","+1.8799355E-02"
"26-03-20 11:18:11.661","+1.9583916E-02"
"26-03-20 11:18:12.369","+1.8918058E-02"
"26-03-20 11:18:13.075","+1.9277539E-02"
"26-03-20 11:18:13.783","+1.8857082E-02"
"26-03-20 11:18:14.490","+1.8877324E-02"
"26-03-20 11:18:15.196","+1.9435601E-02"
"26-03-20 11:18:15.902","+1.8787360E-02"
"26-03-20 11:18:16.609","+1.9541933E-02"
"26-03-20 11:18:17.315","+1.8779113E-02"
"26-03-20 11:18:18.021","+1.9656013E-02"
"26-03-20 11:18:18.725","+1.8824845E-02"
"26-03-20 11:18:19.432","+1.9555303E-02"
"26-03-20 11:18:20.136","+1.8885071E-02"
"26-03-20 11:18:20.843","+1.8835841E-02"
"26-03-20 11:18:21.547","+1.9580668E-02"
"26-03-20 11:18:22.254","+1.8886445E-02"
"26-03-20 11:18:22.958","+1.9443348E-02"
"26-03-20 11:18:23.665","+1.8934551E-02"
"26-03-20 11:18:24.370","+1.9900540E-02"
"26-03-20 11:18:25.076","+1.8967288E-02"
"26-03-20 11:18:25.782","+1.9866179E-02"
"26-03-20 11:18:26.488","+1.8695897E-02"
"26-03-20 11:18:27.192","+1.8865829E-02"
"26-03-20 11:18:27.899","+1.8939549E-02"
"26-03-20 11:18:28.602","+1.8921931E-02"
"26-03-20 11:18:29.309","+1.9785211E-02"
"26-03-20 11:18:30.012","+7.3745627E-02"
"26-03-20 11:18:30.718","+1.9786835E-02"
"26-03-20 11:18:31.422","+1.8967913E-02"
"26-03-20 11:18:32.129","+1.9850060E-02"
"26-03-20 11:18:32.833","+1.8848461E-02"
"26-03-20 11:18:33.539","+2.0385846E-02"
"26-03-20 11:18:34.248","+1.9082117E-02"
"26-03-20 11:18:34.955","+1.8888195E-02"
"26-03-20 11:18:35.661","+1.9945022E-02"
"26-03-20 11:18:36.367","+1.8868328E-02"
"26-03-20 11:18:37.074","+1.9728109E-02"
"26-03-20 11:18:37.782","+1.8792608E-02"
"26-03-20 11:18:38.489","+1.9849185E-02"
"26-03-20 11:18:39.195","+1.8852334E-02"
"26-03-20 11:18:39.902","+2.0051354E-02"
"26-03-20 11:18:40.608","+1.8937050E-02"
"26-03-20 11:18:41.315","+1.8933052E-02"
"26-03-20 11:18:42.020","+1.9924155E-02"
"26-03-20 11:18:42.728","+1.8843213E-02"
"26-03-20 11:18:43.431","+1.9832567E-02"
"26-03-20 11:18:44.139","+1.8826220E-02"
"26-03-20 11:18:44.842","+1.9767468E-02"
"26-03-20 11:18:45.549","+1.8850585E-02"
"26-03-20 11:18:46.254","+1.9777839E-02"
"26-03-20 11:18:46.960","+1.8806228E-02"
"26-03-20 11:18:47.664","+1.8982407E-02"
"26-03-20 11:18:48.371","+1.8987030E-02"
"26-03-20 11:18:49.076","+1.8876699E-02"
"26-03-20 11:18:49.783","+1.9812825E-02"
"26-03-20 11:18:50.486","+1.8871202E-02"
"26-03-20 11:18:51.193","+1.9881297E-02"
"26-03-20 11:18:51.898","+1.8942423E-02"
"26-03-20 11:18:52.604","+2.0303629E-02"
"26-03-20 11:18:53.309","+1.8898316E-02"
"26-03-20 11:18:54.015","+1.9875175E-02"
"26-03-20 11:18:54.719","+1.8826969E-02"
"26-03-20 11:18:55.426","+1.8869952E-02"
"26-03-20 11:18:56.134","+1.9876674E-02"
"26-03-20 11:18:56.841","+1.9024890E-02"
"26-03-20 11:18:57.548","+1.9733856E-02"
"26-03-20 11:18:58.254","+1.8826220E-02"
"26-03-20 11:18:58.961","+1.9881922E-02"
"26-03-20 11:18:59.668","+1.8855458E-02"
"26-03-20 11:19:00.377","+1.9895792E-02"
"26-03-20 11:19:01.083","+1.8797981E-02"
"26-03-20 11:19:01.791","+1.8935551E-02"
"26-03-20 11:19:02.497","+1.9629648E-02"
"26-03-20 11:19:03.204","+1.8751624E-02"
"26-03-20 11:19:03.908","+1.9914034E-02"
"26-03-20 11:19:04.615","+1.8839339E-02"
"26-03-20 11:19:05.318","+1.9805953E-02"
"26-03-20 11:19:06.024","+1.8832342E-02"
"26-03-20 11:19:06.729","+1.9900290E-02"
"26-03-20 11:19:07.435","+1.9050755E-02"
"26-03-20 11:19:08.139","+1.9066249E-02"
"26-03-20 11:19:08.859","+1.8902814E-02"
"26-03-20 11:19:09.563","+1.8867828E-02"
"26-03-20 11:19:10.271","+2.0083342E-02"
"26-03-20 11:19:10.974","+1.8847336E-02"
"26-03-20 11:19:11.681","+2.0263769E-02"
"26-03-20 11:19:12.385","+1.8839214E-02"
"26-03-20 11:19:13.092","+1.9903539E-02"
"26-03-20 11:19:13.799","+1.8856457E-02"
"26-03-20 11:19:14.505","+1.9672381E-02"
"26-03-20 11:19:15.212","+1.8746876E-02"
"26-03-20 11:19:15.918","+1.8866578E-02"
"26-03-20 11:19:16.625","+2.0005498E-02"
"26-03-20 11:19:17.334","+1.8872701E-02"
"26-03-20 11:19:18.040","+1.9879173E-02"
"26-03-20 11:19:18.748","+1.8772991E-02"
"26-03-20 11:19:19.454","+1.9814324E-02"
"26-03-20 11:19:20.161","+1.8839589E-02"
"26-03-20 11:19:20.869","+1.9883047E-02"
"26-03-20 11:19:21.572","+1.8899940E-02"
"26-03-20 11:19:22.279","+1.8827844E-02"
"26-03-20 11:19:22.982","+1.9769842E-02"
"26-03-20 11:19:23.688","+1.8856957E-02"
"26-03-20 11:19:24.392","+1.9757722E-02"
"26-03-20 11:19:25.100","+1.8892568E-02"
"26-03-20 11:19:25.805","+1.9905163E-02"
"26-03-20 11:19:26.518","+1.8834841E-02"
"26-03-20 11:19:27.222","+1.9772341E-02"
"26-03-20 11:19:27.930","+1.8908936E-02"
"26-03-20 11:19:28.633","+1.8827969E-02"
"26-03-20 11:19:29.339","+1.8700270E-02"
"26-03-20 11:19:30.043","+1.8891943E-02"
"26-03-20 11:19:30.750","+2.0372601E-02"
"26-03-20 11:19:31.453","+1.8843962E-02"
"26-03-20 11:19:32.160","+2.3849835E-02"
"26-03-20 11:19:32.864","+1.8797606E-02"
"26-03-20 11:19:33.570","+3.0474685E-02"
"26-03-20 11:19:34.279","+1.8758622E-02"
"26-03-20 11:19:34.985","+1.9716114E-02"
"26-03-20 11:19:35.692","+1.8708642E-02"
"26-03-20 11:19:36.399","+1.8849960E-02"
"26-03-20 11:19:37.105","+1.9747726E-02"
"26-03-20 11:19:37.812","+1.8674905E-02"
"26-03-20 11:19:38.520","+2.3966164E-02"
"26-03-20 11:19:39.226","+1.8954293E-02"
"26-03-20 11:19:39.933","+2.2749900E-02"
"26-03-20 11:19:40.640","+1.8757497E-02"
"26-03-20 11:19:41.347","+1.9901289E-02"
"26-03-20 11:19:42.051","+1.8870327E-02"
"26-03-20 11:19:42.759","+1.8893193E-02"
"26-03-20 11:19:43.464","+1.9922781E-02"
"26-03-20 11:19:44.170","+1.8849085E-02"
"26-03-20 11:19:44.874","+1.9698621E-02"
"26-03-20 11:19:45.581","+1.8877949E-02"
"26-03-20 11:19:46.284","+1.9758097E-02"
"26-03-20 11:19:46.991","+1.8771991E-02"
"26-03-20 11:19:47.696","+6.4552054E-02"
"26-03-20 11:19:48.402","+1.8795607E-02"
"26-03-20 11:19:49.106","+7.2681178E-02"
"26-03-20 11:19:49.814","+1.8946671E-02"
"26-03-20 11:19:50.517","+1.8802729E-02"
"26-03-20 11:19:51.223","+1.9773466E-02"
"26-03-20 11:19:51.929","+1.8797481E-02"
"26-03-20 11:19:52.636","+1.9850310E-02"
"26-03-20 11:19:53.339","+1.9016144E-02"
"26-03-20 11:19:54.045","+2.3850710E-02"
"26-03-20 11:19:54.749","+1.8870827E-02"
"26-03-20 11:19:55.456","+2.2904463E-02"
"26-03-20 11:19:56.160","+1.8861455E-02"
"26-03-20 11:19:56.868","+1.8770867E-02"
"26-03-20 11:19:57.571","+1.9985256E-02"
"26-03-20 11:19:58.278","+1.8785986E-02"
"26-03-20 11:19:58.983","+1.9737855E-02"
"26-03-20 11:19:59.691","+6.3436126E-02"
"26-03-20 11:20:00.399","+1.9753599E-02"
"26-03-20 11:20:01.105","+1.8631422E-02"
"26-03-20 11:20:01.813","+1.9852559E-02"
"26-03-20 11:20:02.520","+1.8723885E-02"
"26-03-20 11:20:03.227","+1.8850460E-02"
"26-03-20 11:20:03.933","+1.9390869E-02"
"26-03-20 11:20:04.640","+1.8754248E-02"
"26-03-20 11:20:05.346","+1.9536935E-02"
"26-03-20 11:20:06.054","+1.8664909E-02"
"26-03-20 11:20:06.758","+1.9837065E-02"
"26-03-20 11:20:07.464","+1.8708642E-02"
"26-03-20 11:20:08.168","+1.9909411E-02"
"26-03-20 11:20:08.876","+1.8755248E-02"
"26-03-20 11:20:09.579","+1.9026015E-02"
"26-03-20 11:20:10.287","+1.8791608E-02"
"26-03-20 11:20:10.990","+1.8730508E-02"
"26-03-20 11:20:11.696","+1.9904038E-02"
"26-03-20 11:20:12.400","+1.8861455E-02"
"26-03-20 11:20:13.106","+1.9766968E-02"
"26-03-20 11:20:13.811","+1.8917058E-02"
"26-03-20 11:20:14.517","+1.9849935E-02"
"26-03-20 11:20:15.221","+1.8814099E-02"
"26-03-20 11:20:15.927","+1.9753224E-02"
"26-03-20 11:20:16.631","+1.8920557E-02"
"26-03-20 11:20:17.340","+1.8930303E-02"
"26-03-20 11:20:18.043","+2.2713415E-02"
"26-03-20 11:20:18.750","+1.8682027E-02"
"26-03-20 11:20:19.453","+1.9735856E-02"
"26-03-20 11:20:20.159","+1.8850960E-02"
"26-03-20 11:20:20.863","+1.9686375E-02"
"26-03-20 11:20:21.570","+1.8723636E-02"
"26-03-20 11:20:22.274","+1.9871301E-02"
"26-03-20 11:20:22.981","+1.8750500E-02"
"26-03-20 11:20:23.687","+1.8906562E-02"
"26-03-20 11:20:24.395","+1.8774865E-02"
"26-03-20 11:20:25.101","+1.8925680E-02"
"26-03-20 11:20:25.808","+1.9674130E-02"
"26-03-20 11:20:26.516","+1.8776240E-02"
"26-03-20 11:20:27.223","+1.9749225E-02"
"26-03-20 11:20:27.930","+1.8891318E-02"
"26-03-20 11:20:28.638","+2.0383097E-02"
"26-03-20 11:20:29.344","+1.8847336E-02"
"26-03-20 11:20:30.050","+1.8994777E-02"
"26-03-20 11:20:30.758","+1.8844712E-02"
"26-03-20 11:20:31.462","+1.8973411E-02"
"26-03-20 11:20:32.168","+1.9804453E-02"
"26-03-20 11:20:32.872","+1.8696022E-02"
"26-03-20 11:20:33.579","+1.9879048E-02"
"26-03-20 11:20:34.284","+1.8935676E-02"
"26-03-20 11:20:34.992","+1.9761720E-02"
"26-03-20 11:20:35.695","+1.8791234E-02"
"26-03-20 11:20:36.402","+1.9778714E-02"
"26-03-20 11:20:37.106","+1.8856208E-02"
"26-03-20 11:20:37.814","+1.8827594E-02"
"26-03-20 11:20:38.518","+1.9878798E-02"
"26-03-20 11:20:39.225","+1.8783986E-02"
"26-03-20 11:20:39.929","+1.9720487E-02"
"26-03-20 11:20:40.636","+1.8780488E-02"
"26-03-20 11:20:41.340","+2.3843338E-02"
"26-03-20 11:20:42.047","+1.8799980E-02"
"26-03-20 11:20:42.752","+2.2875100E-02"
"26-03-20 11:20:43.460","+1.8765744E-02"
"26-03-20 11:20:44.163","+1.8870452E-02"
"26-03-20 11:20:44.870","+1.8793733E-02"
"26-03-20 11:20:45.576","+1.8784361E-02"
"26-03-20 11:20:46.283","+1.9739979E-02"
"26-03-20 11:20:46.990","+1.8764744E-02"
"26-03-20 11:20:47.696","+2.0164309E-02"
"26-03-20 11:20:48.403","+1.8856582E-02"
"26-03-20 11:20:49.111","+1.9635021E-02"
"26-03-20 11:20:49.818","+1.8991903E-02"
"26-03-20 11:20:50.524","+1.8995902E-02"
"26-03-20 11:20:51.231","+1.8741628E-02"
"26-03-20 11:20:51.940","+1.8834716E-02"
"26-03-20 11:20:52.647","+1.9858057E-02"
"26-03-20 11:20:53.350","+1.8954668E-02"
"26-03-20 11:20:54.057","+7.2361430E-02"
"26-03-20 11:20:54.762","+1.8841963E-02"
"26-03-20 11:20:55.468","+1.9749225E-02"
"26-03-20 11:20:56.173","+1.8864829E-02"
"26-03-20 11:20:56.879","+1.9803704E-02"
"26-03-20 11:20:57.583","+1.8862330E-02"
"26-03-20 11:20:58.291","+1.8894192E-02"
"26-03-20 11:20:58.994","+1.9769467E-02"
"26-03-20 11:20:59.701","+1.8908437E-02"
"26-03-20 11:21:00.407","+1.9794207E-02"
"26-03-20 11:21:01.113","+1.8689149E-02"
"26-03-20 11:21:01.817","+2.1584491E-02"
"26-03-20 11:21:02.524","+1.8806352E-02"
"26-03-20 11:21:03.229","+1.9771841E-02"
"26-03-20 11:21:03.935","+1.8811725E-02"
"26-03-20 11:21:04.639","+1.8870452E-02"
"26-03-20 11:21:05.346","+1.8775490E-02"
"26-03-20 11:21:06.050","+1.8675030E-02"
"26-03-20 11:21:06.758","+2.0370727E-02"
"26-03-20 11:21:07.465","+1.8759746E-02"
"26-03-20 11:21:08.171","+1.9765969E-02"
"26-03-20 11:21:08.878","+1.8780613E-02"
"26-03-20 11:21:09.586","+1.9645642E-02"
"26-03-20 11:21:10.294","+1.8854333E-02"
"26-03-20 11:21:11.000","+1.8836216E-02"
"26-03-20 11:21:11.707","+1.8749750E-02"
"26-03-20 11:21:12.414","+1.8775990E-02"
"26-03-20 11:21:13.121","+1.9876549E-02"
"26-03-20 11:21:13.827","+1.8838340E-02"
"26-03-20 11:21:14.534","+1.9859681E-02"
"26-03-20 11:21:15.238","+1.8882072E-02"
"26-03-20 11:21:15.945","+1.9888545E-02"
"26-03-20 11:21:16.649","+1.8905813E-02"
"26-03-20 11:21:17.356","+1.9819697E-02"
"26-03-20 11:21:18.061","+1.8753249E-02"
"26-03-20 11:21:18.768","+1.8705643E-02"
"26-03-20 11:21:19.471","+1.9763470E-02"
"26-03-20 11:21:20.177","+1.8857582E-02"
"26-03-20 11:21:20.881","+1.9909911E-02"
"26-03-20 11:21:21.588","+1.8814849E-02"
"26-03-20 11:21:22.292","+1.9687000E-02"
"26-03-20 11:21:23.000","+1.8866204E-02"
"26-03-20 11:21:23.703","+1.9793083E-02"
"26-03-20 11:21:24.411","+1.8864204E-02"
"26-03-20 11:21:25.114","+1.8787360E-02"
"26-03-20 11:21:25.820","+1.8945047E-02"
"26-03-20 11:21:26.526","+1.8718138E-02"
"26-03-20 11:21:27.232","+1.9697746E-02"
"26-03-20 11:21:27.937","+1.8823721E-02"
"26-03-20 11:21:28.643","+1.9997376E-02"
"26-03-20 11:21:29.347","+1.8859206E-02"
"26-03-20 11:21:30.055","+1.9766968E-02"
"26-03-20 11:21:30.760","+1.8706642E-02"
"26-03-20 11:21:31.468","+1.9117228E-02"
"26-03-20 11:21:32.175","+1.8893568E-02"
"26-03-20 11:21:32.881","+1.8917183E-02"
"26-03-20 11:21:33.589","+1.9758846E-02"
"26-03-20 11:21:34.295","+1.8774865E-02"
"26-03-20 11:21:35.004","+1.9897041E-02"
"26-03-20 11:21:35.711","+1.8657787E-02"
"26-03-20 11:21:36.418","+1.9824695E-02"
"26-03-20 11:21:37.124","+1.8705768E-02"
"26-03-20 11:21:37.831","+1.9906038E-02"
"26-03-20 11:21:38.535","+1.8869952E-02"
"26-03-20 11:21:39.243","+1.8760996E-02"
"26-03-20 11:21:39.946","+1.9748601E-02"
"26-03-20 11:21:40.653","+1.8723636E-02"
"26-03-20 11:21:41.357","+7.6096311E-02"
"26-03-20 11:21:42.064","+1.8806977E-02"
"26-03-20 11:21:42.767","+1.9829318E-02"
"26-03-20 11:21:43.476","+1.8837715E-02"
"26-03-20 11:21:44.179","+2.0041858E-02"
"26-03-20 11:21:44.885","+1.8932177E-02"
"26-03-20 11:21:45.589","+1.8902939E-02"
"26-03-20 11:21:46.297","+1.8752999E-02"
"26-03-20 11:21:47.000","+1.8756123E-02"
"26-03-20 11:21:47.713","+6.9220312E-02"
"26-03-20 11:21:48.417","+1.8993028E-02"
"26-03-20 11:21:49.124","+2.0365354E-02"
"26-03-20 11:21:49.827","+1.8857957E-02"
"26-03-20 11:21:50.534","+2.0517543E-02"
"26-03-20 11:21:51.237","+1.8811600E-02"
"26-03-20 11:21:51.944","+1.9367753E-02"
"26-03-20 11:21:52.652","+1.8849085E-02"
"26-03-20 11:21:53.358","+1.8907437E-02"
"26-03-20 11:21:54.065","+1.9513195E-02"
"26-03-20 11:21:54.772","+1.8790234E-02"
"26-03-20 11:21:55.478","+1.9503324E-02"
"26-03-20 11:21:56.186","+1.8687900E-02"
"26-03-20 11:21:56.892","+1.9330393E-02"
"26-03-20 11:21:57.599","+1.8826095E-02"
"26-03-20 11:21:58.307","+1.9396366E-02"
"26-03-20 11:21:59.012","+1.8929678E-02"
"26-03-20 11:21:59.720","+1.8850585E-02"
"26-03-20 11:22:00.423","+1.9660761E-02"
"26-03-20 11:22:01.131","+1.8873451E-02"
"26-03-20 11:22:01.834","+1.9328768E-02"
"26-03-20 11:22:02.540","+1.8785861E-02"
"26-03-20 11:22:03.245","+7.5993728E-02"
"26-03-20 11:22:03.951","+4.6831392E-02"
"26-03-20 11:22:04.655","+5.0452069E-02"
"26-03-20 11:22:05.362","+3.3585941E-02"
"26-03-20 11:22:06.065","+1.8750125E-02"
"26-03-20 11:22:06.772","+1.8843713E-02"
"26-03-20 11:22:07.475","+1.8970287E-02"
"26-03-20 11:22:08.181","+1.9871052E-02"
"26-03-20 11:22:08.885","+1.8868703E-02"
"26-03-20 11:22:09.593","+6.8796606E-02"
"26-03-20 11:22:10.297","+1.8975660E-02"
"26-03-20 11:22:11.004","+1.9842438E-02"
"26-03-20 11:22:11.707","+1.8678154E-02"
"26-03-20 11:22:12.413","+1.9738480E-02"
"26-03-20 11:22:13.117","+1.8747251E-02"
"26-03-20 11:22:13.825","+1.8608682E-02"
"26-03-20 11:22:14.528","+1.9932652E-02"
"26-03-20 11:22:15.234","+1.8879948E-02"
"26-03-20 11:22:15.938","+2.3970662E-02"
"26-03-20 11:22:16.645","+1.8771366E-02"
"26-03-20 11:22:17.348","+2.2676804E-02"
"26-03-20 11:22:18.057","+1.8748750E-02"
"26-03-20 11:22:18.763","+1.9352884E-02"
"26-03-20 11:22:19.469","+1.8825845E-02"
"26-03-20 11:22:20.175","+1.8872076E-02"
"26-03-20 11:22:20.882","+1.8979908E-02"
"26-03-20 11:22:21.588","+1.8831967E-02"
"26-03-20 11:22:22.297","+1.9424355E-02"
"26-03-20 11:22:23.003","+1.8746251E-02"
"26-03-20 11:22:23.710","+2.0020742E-02"
"26-03-20 11:22:24.417","+1.8683152E-02"
"26-03-20 11:22:25.124","+1.9548306E-02"
"26-03-20 11:22:25.831","+1.8824720E-02"
"26-03-20 11:22:26.537","+1.8815224E-02"
"26-03-20 11:22:27.244","+1.8802729E-02"
"26-03-20 11:22:27.948","+1.8929178E-02"
"26-03-20 11:22:28.654","+1.9465464E-02"
"26-03-20 11:22:29.358","+3.6939474E-02"
"26-03-20 11:22:30.065","+3.7876724E-02"
"26-03-20 11:22:30.770","+1.8924805E-02"
"26-03-20 11:22:31.477","+1.9613405E-02"
"26-03-20 11:22:32.180","+1.8773990E-02"
"26-03-20 11:22:32.887","+1.9926779E-02"
"26-03-20 11:22:33.591","+1.8909811E-02"
"26-03-20 11:22:34.299","+1.8884196E-02"
"26-03-20 11:22:35.003","+1.9875425E-02"
"26-03-20 11:22:35.710","+1.8644417E-02"
"26-03-20 11:22:36.414","+1.9761845E-02"
"26-03-20 11:22:37.121","+1.8850960E-02"
"26-03-20 11:22:37.825","+1.9836315E-02"
"26-03-20 11:22:38.532","+1.8850335E-02"
"26-03-20 11:22:39.235","+1.9726984E-02"
"26-03-20 11:22:39.941","+1.8846212E-02"
"26-03-20 11:22:40.645","+1.8923556E-02"
"26-03-20 11:22:41.351","+1.8662535E-02"
"26-03-20 11:22:42.058","+1.8894317E-02"
"26-03-20 11:22:42.766","+2.0303878E-02"
"26-03-20 11:22:43.472","+1.8705143E-02"
"26-03-20 11:22:44.180","+1.9736355E-02"
"26-03-20 11:22:44.886","+1.8654913E-02"
"26-03-20 11:22:45.594","+1.9782837E-02"
"26-03-20 11:22:46.301","+1.8784236E-02"
"26-03-20 11:22:47.007","+1.8831218E-02"
"26-03-20 11:22:47.714","+1.8782362E-02"
"26-03-20 11:22:48.421","+1.8717638E-02"
"26-03-20 11:22:49.128","+1.9816948E-02"
"26-03-20 11:22:49.832","+1.8761370E-02"
"26-03-20 11:22:50.539","+1.9788085E-02"
"26-03-20 11:22:51.244","+1.8782737E-02"
"26-03-20 11:22:51.951","+1.9819822E-02"
"26-03-20 11:22:52.656","+1.8829218E-02"
"26-03-20 11:22:53.363","+1.9603783E-02"
"26-03-20 11:22:54.067","+1.8815849E-02"
"26-03-20 11:22:54.775","+1.8743752E-02"
"26-03-20 11:22:55.478","+2.0446072E-02"
"26-03-20 11:22:56.185","+1.8867453E-02"
"26-03-20 11:22:56.889","+2.2742403E-02"
"26-03-20 11:22:57.596","+1.8845712E-02"
"26-03-20 11:22:58.301","+1.9600035E-02"
"26-03-20 11:22:59.007","+1.8834466E-02"
"26-03-20 11:22:59.712","+1.9560926E-02"
"26-03-20 11:23:00.418","+1.8854208E-02"
"26-03-20 11:23:01.124","+1.8797856E-02"
"26-03-20 11:23:01.830","+1.8708267E-02"
"26-03-20 11:23:02.534","+1.8838964E-02"
"26-03-20 11:23:03.242","+1.9822071E-02"
"26-03-20 11:23:03.948","+1.8740129E-02"
"26-03-20 11:23:04.654","+1.9956642E-02"
"26-03-20 11:23:05.360","+1.8698146E-02"
"26-03-20 11:23:06.066","+1.9755723E-02"
"26-03-20 11:23:06.774","+1.8748376E-02"
"26-03-20 11:23:07.480","+1.8645792E-02"
"26-03-20 11:23:08.187","+1.8829093E-02"
"26-03-20 11:23:08.894","+1.8947671E-02"
"26-03-20 11:23:09.603","+1.9929153E-02"
"26-03-20 11:23:10.310","+1.8767493E-02"
"26-03-20 11:23:11.016","+1.9849560E-02"
"26-03-20 11:23:11.720","+1.8742003E-02"
"26-03-20 11:23:12.427","+1.9845187E-02"
"26-03-20 11:23:13.130","+1.8724885E-02"
"26-03-20 11:23:13.837","+1.9886171E-02"
"26-03-20 11:23:14.541","+1.8873326E-02"
"26-03-20 11:23:15.248","+1.8716638E-02"
"26-03-20 11:23:15.951","+1.9729733E-02"
"26-03-20 11:23:16.657","+1.8856208E-02"
"26-03-20 11:23:17.362","+1.9737355E-02"
"26-03-20 11:23:18.070","+1.8847586E-02"
"26-03-20 11:23:18.774","+1.9715114E-02"
"26-03-20 11:23:19.480","+1.8972661E-02"
"26-03-20 11:23:20.184","+2.3677654E-02"
"26-03-20 11:23:20.892","+1.8737380E-02"
"26-03-20 11:23:21.595","+1.8766868E-02"
"26-03-20 11:23:22.303","+1.8848960E-02"
"26-03-20 11:23:23.006","+1.8863580E-02"
"26-03-20 11:23:23.714","+1.9823071E-02"
"26-03-20 11:23:24.418","+1.8879698E-02"
"26-03-20 11:23:25.124","+1.9807202E-02"
"26-03-20 11:23:25.828","+1.8782862E-02"
"26-03-20 11:23:26.535","+1.9900415E-02"
"26-03-20 11:23:27.243","+1.8787360E-02"
"26-03-20 11:23:27.950","+1.8874575E-02"
"26-03-20 11:23:28.657","+1.8840589E-02"
"26-03-20 11:23:29.363","+1.8865329E-02"
"26-03-20 11:23:30.070","+1.9795332E-02"
"26-03-20 11:23:30.778","+1.8794982E-02"
"26-03-20 11:23:31.485","+1.9628524E-02"
"26-03-20 11:23:32.191","+1.8733632E-02"
"26-03-20 11:23:32.899","+2.7399165E-02"
"26-03-20 11:23:33.605","+1.8888445E-02"
"26-03-20 11:23:34.313","+1.9835441E-02"
"26-03-20 11:23:35.016","+1.8711890E-02"
"26-03-20 11:23:35.725","+3.7961440E-02"
"26-03-20 11:23:36.428","+3.7511620E-02"
"26-03-20 11:23:37.134","+1.8901939E-02"
"26-03-20 11:23:37.838","+1.9731732E-02"
"26-03-20 11:23:38.545","+1.8865579E-02"
"26-03-20 11:23:39.248","+1.9857682E-02"
"26-03-20 11:23:39.955","+1.8822846E-02"
"26-03-20 11:23:40.659","+2.0327494E-02"
"26-03-20 11:23:41.365","+1.8854458E-02"
"26-03-20 11:23:42.069","+1.8761495E-02"
"26-03-20 11:23:42.777","+1.8706143E-02"
"26-03-20 11:23:43.480","+1.8700020E-02"
"26-03-20 11:23:44.189","+1.9853434E-02"
"26-03-20 11:23:44.892","+1.8824470E-02"
"26-03-20 11:23:45.599","+1.9637145E-02"
"26-03-20 11:23:46.302","+1.8788859E-02"
"26-03-20 11:23:47.009","+1.9845312E-02"
"26-03-20 11:23:47.713","+1.8786735E-02"
"26-03-20 11:23:48.419","+1.9342513E-02"
"26-03-20 11:23:49.123","+1.8846087E-02"
"26-03-20 11:23:49.830","+1.8975035E-02"
"26-03-20 11:23:50.534","+1.9858307E-02"
"26-03-20 11:23:51.241","+1.8948546E-02"
"26-03-20 11:23:51.947","+2.0023366E-02"
"26-03-20 11:23:52.656","+1.8819972E-02"
"26-03-20 11:23:53.363","+2.2734156E-02"
"26-03-20 11:23:54.070","+1.8860331E-02"
"26-03-20 11:23:54.778","+1.9801954E-02"
"26-03-20 11:23:55.485","+1.9002024E-02"
"26-03-20 11:23:56.192","+1.8855833E-02"
"26-03-20 11:23:56.898","+1.9747851E-02"
"26-03-20 11:23:57.605","+1.8731008E-02"
"26-03-20 11:23:58.311","+1.9692873E-02"
"26-03-20 11:23:59.018","+1.8747251E-02"
"26-03-20 11:23:59.721","+7.6068448E-02"
"26-03-20 11:24:00.428","+1.8876699E-02"
"26-03-20 11:24:01.134","+1.9799705E-02"
"26-03-20 11:24:01.840","+1.8788110E-02"
"26-03-20 11:24:02.544","+1.8702394E-02"
"26-03-20 11:24:03.251","+1.8815974E-02"
"26-03-20 11:24:03.954","+1.8638670E-02"
"26-03-20 11:24:04.661","+1.9784836E-02"
"26-03-20 11:24:05.364","+1.8860331E-02"
"26-03-20 11:24:06.071","+1.9767843E-02"
"26-03-20 11:24:06.776","+1.8721761E-02"
"26-03-20 11:24:07.482","+1.9651514E-02"
"26-03-20 11:24:08.186","+1.8804228E-02"
"26-03-20 11:24:08.892","+1.9902664E-02"
"26-03-20 11:24:09.655","+1.8928179E-02"
"26-03-20 11:24:10.360","+1.8913685E-02"
"26-03-20 11:24:11.066","+1.9784336E-02"
"26-03-20 11:24:11.770","+1.8740254E-02"
"26-03-20 11:24:12.527","+1.9719987E-02"
"26-03-20 11:24:13.233","+1.8809601E-02"
"26-03-20 11:24:13.937","+1.9799330E-02"
"26-03-20 11:24:14.644","+1.8803479E-02"
"26-03-20 11:24:15.348","+1.8818972E-02"
"26-03-20 11:24:16.104","+1.9728484E-02"
"26-03-20 11:24:16.811","+1.8866578E-02"
"26-03-20 11:24:17.514","+1.9739104E-02"
"26-03-20 11:24:18.221","+1.8802229E-02"
"26-03-20 11:24:18.973","+2.0313125E-02"
"26-03-20 11:24:19.680","+1.8575570E-02"
"26-03-20 11:24:20.387","+1.9788834E-02"
"26-03-20 11:24:21.095","+1.8830468E-02"
"26-03-20 11:24:21.802","+1.8804228E-02"
"26-03-20 11:24:22.554","+1.9587040E-02"
"26-03-20 11:24:23.261","+1.8758122E-02"
"26-03-20 11:24:23.968","+1.9924155E-02"
"26-03-20 11:24:24.676","+1.8674405E-02"
"26-03-20 11:24:25.431","+1.9730858E-02"
"26-03-20 11:24:26.137","+1.8876824E-02"
"26-03-20 11:24:26.844","+1.8778739E-02"
"26-03-20 11:24:27.553","+1.8801479E-02"
"26-03-20 11:24:28.260","+1.8768867E-02"
"26-03-20 11:24:29.013","+1.9852059E-02"
"26-03-20 11:24:29.720","+1.8617428E-02"
"26-03-20 11:24:30.427","+1.9790459E-02"
"26-03-20 11:24:31.134","+1.8797731E-02"
"26-03-20 11:24:31.889","+1.9728359E-02"
"26-03-20 11:24:32.595","+1.8841588E-02"
"26-03-20 11:24:33.303","+1.8779238E-02"
"26-03-20 11:24:34.009","+1.9798081E-02"
"26-03-20 11:24:34.716","+1.8799855E-02"
"26-03-20 11:24:35.474","+1.9726734E-02"
"26-03-20 11:24:36.182","+1.8833342E-02"
"26-03-20 11:24:36.888","+1.9730733E-02"
"26-03-20 11:24:37.595","+1.8768618E-02"
"26-03-20 11:24:38.350","+1.9096736E-02"
"26-03-20 11:24:39.055","+1.8756622E-02"
"26-03-20 11:24:39.762","+1.8775865E-02"
"26-03-20 11:24:40.469","+1.9738230E-02"
"26-03-20 11:24:41.175","+1.8897566E-02"
"26-03-20 11:24:41.930","+1.9689124E-02"
"26-03-20 11:24:42.636","+1.8888445E-02"
"26-03-20 11:24:43.343","+1.9822446E-02"
"26-03-20 11:24:44.050","+4.8544832E-02"
"26-03-20 11:24:44.806","+2.0103459E-02"
"26-03-20 11:24:45.513","+1.9096237E-02"
"26-03-20 11:24:46.220","+1.8702144E-02"
"26-03-20 11:24:46.927","+1.9850435E-02"
"26-03-20 11:24:47.634","+1.8823096E-02"
"26-03-20 11:24:48.389","+1.9710616E-02"
"26-03-20 11:24:49.096","+1.8761246E-02"
"26-03-20 11:24:49.799","+1.9793083E-02"
"26-03-20 11:24:50.506","+1.8874200E-02"
"26-03-20 11:24:51.260","+1.8754873E-02"
"26-03-20 11:24:51.963","+1.9725235E-02"
"26-03-20 11:24:52.670","+1.8916059E-02"
"26-03-20 11:24:53.374","+1.9810951E-02"
"26-03-20 11:24:54.082","+1.8690524E-02"
"26-03-20 11:24:54.835","+1.9903039E-02"
"26-03-20 11:24:55.539","+1.8782987E-02"
"26-03-20 11:24:56.247","+1.9613405E-02"
"26-03-20 11:24:56.950","+1.8768867E-02"
"26-03-20 11:24:57.657","+1.8763120E-02"
"26-03-20 11:24:58.412","+1.9766094E-02"
"26-03-20 11:24:59.115","+1.8770242E-02"
"26-03-20 11:24:59.822","+1.9722986E-02"
"26-03-20 11:25:00.525","+1.8568448E-02"
"26-03-20 11:25:01.280","+2.3855208E-02"
"26-03-20 11:25:01.988","+1.8770117E-02"
"26-03-20 11:25:02.696","+1.8730258E-02"
"26-03-20 11:25:03.403","+1.8848461E-02"
"26-03-20 11:25:04.106","+1.8653539E-02"
"26-03-20 11:25:04.862","+1.9368003E-02"
"26-03-20 11:25:05.569","+1.8866703E-02"
"26-03-20 11:25:06.276","+1.9418857E-02"
"26-03-20 11:25:06.983","+1.8789984E-02"
"26-03-20 11:25:07.736","+1.9599660E-02"
"26-03-20 11:25:08.443","+1.8845212E-02"
"26-03-20 11:25:09.151","+1.8609556E-02"
"26-03-20 11:25:09.857","+1.9570297E-02"
"26-03-20 11:25:10.564","+1.8685151E-02"
"26-03-20 11:25:11.322","+1.9410861E-02"
"26-03-20 11:25:12.028","+1.8938675E-02"
"26-03-20 11:25:12.735","+1.9490204E-02"
"26-03-20 11:25:13.442","+1.8791234E-02"
"26-03-20 11:25:14.194","+1.8830718E-02"
"26-03-20 11:25:14.899","+1.8824345E-02"
"26-03-20 11:25:15.605","+1.8713140E-02"
"26-03-20 11:25:16.313","+1.9958392E-02"
"26-03-20 11:25:17.019","+1.8859081E-02"
"26-03-20 11:25:17.763","+1.9867678E-02"
"26-03-20 11:25:18.466","+1.8688400E-02"
"26-03-20 11:25:19.173","+1.9776215E-02"
"26-03-20 11:25:19.879","+1.8693523E-02"
"26-03-20 11:25:20.621","+1.8864454E-02"
"26-03-20 11:25:21.327","+1.8851959E-02"
"26-03-20 11:25:22.031","+1.8710266E-02"
"26-03-20 11:25:22.739","+1.9756722E-02"
"26-03-20 11:25:23.442","+1.8777114E-02"
"26-03-20 11:25:24.184","+1.9807702E-02"
"26-03-20 11:25:24.891","+1.8972286E-02"
"26-03-20 11:25:25.599","+2.0575395E-02"
"26-03-20 11:25:26.306","+1.8811226E-02"
"26-03-20 11:25:27.053","+1.8776614E-02"
"26-03-20 11:25:27.760","+1.9564174E-02"
"26-03-20 11:25:28.468","+1.8811850E-02"
"26-03-20 11:25:29.174","+1.9793832E-02"
"26-03-20 11:25:29.881","+1.8954668E-02"
"26-03-20 11:25:30.626","+1.9802204E-02"
"26-03-20 11:25:31.332","+1.8901065E-02"
"26-03-20 11:25:32.036","+1.9698121E-02"
"26-03-20 11:25:32.743","+1.8927679E-02"
"26-03-20 11:25:33.483","+1.8894692E-02"
"26-03-20 11:25:34.187","+1.9714364E-02"
"26-03-20 11:25:34.894","+1.8757372E-02"
"26-03-20 11:25:35.598","+2.0275265E-02"
"26-03-20 11:25:36.306","+1.8690399E-02"
"26-03-20 11:25:37.047","+1.9689624E-02"
"26-03-20 11:25:37.754","+1.8730633E-02"
"26-03-20 11:25:38.460","+1.9604283E-02"
"26-03-20 11:25:39.167","+1.8802979E-02"
"26-03-20 11:25:39.914","+1.8983282E-02"
"26-03-20 11:25:40.617","+1.9797081E-02"
"26-03-20 11:25:41.324","+6.6517393E-02"
"26-03-20 11:25:42.031","+1.9745477E-02"
"26-03-20 11:25:42.738","+1.8744752E-02"
"26-03-20 11:25:43.484","+1.9814574E-02"
"26-03-20 11:25:44.187","+1.8796481E-02"
"26-03-20 11:25:44.893","+1.9327519E-02"
"26-03-20 11:25:45.597","+1.8721761E-02"
"26-03-20 11:25:46.345","+1.8944672E-02"
"26-03-20 11:25:47.052","+1.9783212E-02"
"26-03-20 11:25:47.755","+1.8883322E-02"
"26-03-20 11:25:48.462","+1.9858432E-02"
"26-03-20 11:25:49.166","+1.8751749E-02"
"26-03-20 11:25:49.914","+1.9794207E-02"
"26-03-20 11:25:50.621","+1.8800355E-02"
"26-03-20 11:25:51.328","+1.8636420E-02"
"26-03-20 11:25:52.035","+1.8884821E-02"
"26-03-20 11:25:52.743","+1.8534836E-02"
"26-03-20 11:25:53.489","+1.9799955E-02"
"26-03-20 11:25:54.196","+1.8759996E-02"
"26-03-20 11:25:54.904","+2.0285761E-02"
"26-03-20 11:25:55.610","+1.8729633E-02"
"26-03-20 11:25:56.358","+1.9707992E-02"
"26-03-20 11:25:57.064","+1.8893443E-02"
"26-03-20 11:25:57.768","+1.8655413E-02"
"26-03-20 11:25:58.475","+1.9361255E-02"
"26-03-20 11:25:59.182","+3.1586740E-02"
"26-03-20 11:25:59.933","+3.8277064E-02"
"26-03-20 11:26:00.639","+1.8788235E-02"
"26-03-20 11:26:01.343","+1.9771341E-02"
"26-03-20 11:26:02.050","+1.8819222E-02"
"26-03-20 11:26:02.798","+2.2603334E-02"
"26-03-20 11:26:03.504","+7.4623401E-02"
"26-03-20 11:26:04.210","+1.8824220E-02"
"26-03-20 11:26:04.914","+1.9609531E-02"
"26-03-20 11:26:05.620","+1.8679278E-02"
"26-03-20 11:26:06.369","+1.9735356E-02"
"26-03-20 11:26:07.076","+1.8569697E-02"
"26-03-20 11:26:07.783","+1.9757722E-02"
"26-03-20 11:26:08.489","+1.8797231E-02"
"26-03-20 11:26:09.240","+1.8814474E-02"
"26-03-20 11:26:09.947","+1.8784361E-02"
"26-03-20 11:26:10.655","+1.8788859E-02"
"26-03-20 11:26:11.361","+1.9756597E-02"
"26-03-20 11:26:12.070","+1.8753873E-02"
"26-03-20 11:26:12.821","+1.9718113E-02"
"26-03-20 11:26:13.527","+1.8791733E-02"
"26-03-20 11:26:14.234","+2.0454818E-02"
"26-03-20 11:26:14.940","+1.8786236E-02"
"26-03-20 11:26:15.695","+1.8753124E-02"
"26-03-20 11:26:16.401","+1.9646516E-02"
"26-03-20 11:26:17.108","+1.8821097E-02"
"26-03-20 11:26:17.815","+2.0006872E-02"
"26-03-20 11:26:18.522","+1.8658911E-02"
"26-03-20 11:26:19.272","+1.9721237E-02"
"26-03-20 11:26:19.979","+1.8823221E-02"
"26-03-20 11:26:20.688","+1.9564174E-02"
"26-03-20 11:26:21.395","+1.8846586E-02"
"26-03-20 11:26:22.142","+4.9755223E-02"
"26-03-20 11:26:22.845","+2.5595387E-02"
"26-03-20 11:26:23.552","+1.8835966E-02"
"26-03-20 11:26:24.257","+1.9543433E-02"
"26-03-20 11:26:24.964","+1.8955418E-02"
"26-03-20 11:26:25.710","+1.9802579E-02"
"26-03-20 11:26:26.413","+1.8915309E-02"
"26-03-20 11:26:27.119","+1.9657262E-02"
"26-03-20 11:26:27.823","+1.8784611E-02"
"26-03-20 11:26:28.571","+1.8696396E-02"
"26-03-20 11:26:29.278","+1.9953644E-02"
"26-03-20 11:26:29.986","+1.8852084E-02"
"26-03-20 11:26:30.692","+1.9793957E-02"
"26-03-20 11:26:31.399","+1.8684776E-02"
"26-03-20 11:26:32.148","+2.3852459E-02"
"26-03-20 11:26:32.858","+1.8730508E-02"
"26-03-20 11:26:33.564","+1.9023391E-02"
"26-03-20 11:26:34.272","+1.8680653E-02"
"26-03-20 11:26:35.022","+1.8621801E-02"
"26-03-20 11:26:35.730","+1.9617403E-02"
"26-03-20 11:26:36.436","+1.8809351E-02"
"26-03-20 11:26:37.143","+1.9767468E-02"
"26-03-20 11:26:37.849","+1.8844212E-02"
"26-03-20 11:26:38.600","+1.9696496E-02"
"26-03-20 11:26:39.307","+1.8807102E-02"
"26-03-20 11:26:40.010","+1.8874075E-02"
"26-03-20 11:26:40.716","+1.9672256E-02"
"26-03-20 11:26:41.461","+1.8898191E-02"
"26-03-20 11:26:42.165","+1.9827819E-02"
"26-03-20 11:26:42.872","+1.8818972E-02"
"26-03-20 11:26:43.576","+1.9703993E-02"
"26-03-20 11:26:44.284","+1.8665409E-02"
"26-03-20 11:26:45.028","+1.9771716E-02"
"26-03-20 11:26:45.734","+1.8765119E-02"
"26-03-20 11:26:46.442","+1.8805478E-02"
"26-03-20 11:26:47.148","+1.9671631E-02"
"26-03-20 11:26:47.896","+1.8804853E-02"
"26-03-20 11:26:48.603","+1.9973885E-02"
"26-03-20 11:26:49.311","+1.8910561E-02"
"26-03-20 11:26:50.018","+1.9823071E-02"
"26-03-20 11:26:50.724","+1.8795357E-02"
"26-03-20 11:26:51.472","+1.8648416E-02"
"26-03-20 11:26:52.178","+1.8933677E-02"
"26-03-20 11:26:52.885","+1.8829093E-02"
"26-03-20 11:26:53.592","+1.9594662E-02"
"26-03-20 11:26:54.339","+1.8806228E-02"
"26-03-20 11:26:55.045","+1.9698995E-02"
"26-03-20 11:26:55.751","+1.8794732E-02"
"26-03-20 11:26:56.459","+1.9630398E-02"
"26-03-20 11:26:57.162","+1.8798731E-02"
"26-03-20 11:26:57.908","+1.8729883E-02"
"26-03-20 11:26:58.615","+1.8854333E-02"
"26-03-20 11:26:59.319","+1.8892818E-02"
"26-03-20 11:27:00.027","+1.9757972E-02"
"26-03-20 11:27:00.770","+1.8865954E-02"
"26-03-20 11:27:01.476","+1.9655513E-02"
"26-03-20 11:27:02.183","+4.8784236E-02"
"26-03-20 11:27:02.891","+2.5773316E-02"
"26-03-20 11:27:03.597","+1.8780988E-02"
"26-03-20 11:27:04.344","+1.8702519E-02"
"26-03-20 11:27:05.050","+1.9733981E-02"
"26-03-20 11:27:05.758","+1.8765369E-02"
"26-03-20 11:27:06.464","+1.9918907E-02"
"26-03-20 11:27:07.212","+1.8844837E-02"
"26-03-20 11:27:07.915","+1.9702369E-02"
"26-03-20 11:27:08.622","+1.8713390E-02"
"26-03-20 11:27:09.329","+2.3747626E-02"
"26-03-20 11:27:10.036","+1.8802354E-02"
"26-03-20 11:27:10.784","+1.8784736E-02"
"26-03-20 11:27:11.487","+2.0932002E-02"
"26-03-20 11:27:12.193","+1.8758622E-02"
"26-03-20 11:27:12.897","+2.0507297E-02"
"26-03-20 11:27:13.646","+1.8760121E-02"
"26-03-20 11:27:14.352","+2.0419207E-02"
"26-03-20 11:27:15.056","+1.8759371E-02"
"26-03-20 11:27:15.763","+1.9509946E-02"
"26-03-20 11:27:16.466","+1.8706892E-02"
"26-03-20 11:27:17.213","+1.8668533E-02"
"26-03-20 11:27:17.919","+1.9530438E-02"
"26-03-20 11:27:18.626","+1.8950295E-02"
"26-03-20 11:27:19.333","+1.9416608E-02"
"26-03-20 11:27:20.040","+1.8848086E-02"
"26-03-20 11:27:20.791","+1.9315399E-02"
"26-03-20 11:27:21.497","+1.8811850E-02"
"26-03-20 11:27:22.206","+1.8857832E-02"
"26-03-20 11:27:22.913","+1.8794982E-02"
"26-03-20 11:27:23.668","+1.8968038E-02"
"26-03-20 11:27:24.375","+1.9541308E-02"
"26-03-20 11:27:25.081","+1.8766743E-02"
"26-03-20 11:27:25.789","+1.9861181E-02"
"26-03-20 11:27:26.495","+1.8844212E-02"
"26-03-20 11:27:27.253","+1.9764219E-02"
"26-03-20 11:27:27.959","+1.8857082E-02"
"26-03-20 11:27:28.666","+1.8726759E-02"
"26-03-20 11:27:29.373","+1.9752724E-02"
"26-03-20 11:27:30.128","+1.8814599E-02"
"26-03-20 11:27:30.837","+2.0144442E-02"
"26-03-20 11:27:31.544","+1.8829593E-02"
"26-03-20 11:27:32.251","+1.9803204E-02"
"26-03-20 11:27:32.957","+1.8839089E-02"
"26-03-20 11:27:33.713","+1.8820472E-02"
"26-03-20 11:27:34.419","+1.8833966E-02"
"26-03-20 11:27:35.126","+4.4655638E-02"
"26-03-20 11:27:35.833","+3.0180428E-02"
"26-03-20 11:27:38.177","+1.8896067E-02"
"26-03-20 11:27:38.880","+1.8666658E-02"
"26-03-20 11:27:39.587","+1.9215439E-02"
"26-03-20 11:27:40.292","+1.8797606E-02"
"26-03-20 11:27:41.000","+1.9989379E-02"
"26-03-20 11:27:41.704","+1.8696896E-02"
"26-03-20 11:27:42.410","+1.9770967E-02"
"26-03-20 11:27:43.114","+1.8671531E-02"
"26-03-20 11:27:43.822","+1.9790709E-02"
"26-03-20 11:27:44.528","+1.8884196E-02"
"26-03-20 11:27:45.235","+1.8887570E-02"
"26-03-20 11:27:45.942","+1.8741253E-02"
"26-03-20 11:27:46.648","+1.8818847E-02"
"26-03-20 11:27:47.355","+1.9696371E-02"
"26-03-20 11:27:48.062","+1.8741753E-02"
"26-03-20 11:27:48.770","+1.9635396E-02"
"26-03-20 11:27:49.478","+1.8802729E-02"
"26-03-20 11:27:50.184","+2.4105733E-02"
"26-03-20 11:27:50.891","+1.8772991E-02"
"26-03-20 11:27:51.598","+2.2464889E-02"
"26-03-20 11:27:52.303","+1.8886196E-02"
"26-03-20 11:27:53.010","+1.8796731E-02"
"26-03-20 11:27:53.713","+1.9594037E-02"
"26-03-20 11:27:54.419","+1.8874200E-02"
"26-03-20 11:27:55.123","+1.9798081E-02"
"26-03-20 11:27:55.830","+1.8705393E-02"
"26-03-20 11:27:56.533","+1.9800205E-02"
"26-03-20 11:27:57.239","+1.8693023E-02"
"26-03-20 11:27:57.943","+1.9607907E-02"
"26-03-20 11:27:58.650","+1.8732632E-02"
"26-03-20 11:27:59.354","+2.0238155E-02"
"26-03-20 11:28:00.061","+1.9001899E-02"
"26-03-20 11:28:00.765","+1.8944547E-02"
"26-03-20 11:28:01.472","+1.9717988E-02"
"26-03-20 11:28:02.176","+1.8693273E-02"
"26-03-20 11:28:02.882","+1.9773466E-02"
"26-03-20 11:28:03.586","+1.8959916E-02"
"26-03-20 11:28:04.293","+1.9753474E-02"
"26-03-20 11:28:04.996","+1.8851459E-02"
"26-03-20 11:28:05.702","+1.8704643E-02"
"26-03-20 11:28:06.406","+1.8687400E-02"
"26-03-20 11:28:07.115","+1.8806103E-02"
"26-03-20 11:28:07.819","+1.9665134E-02"
"26-03-20 11:28:08.525","+1.8794232E-02"
"26-03-20 11:28:09.232","+2.0247151E-02"
"26-03-20 11:28:09.940","+1.8772741E-02"
"26-03-20 11:28:10.646","+1.9593538E-02"
"26-03-20 11:28:11.352","+1.8732507E-02"
"26-03-20 11:28:12.059","+1.9688000E-02"
"26-03-20 11:28:12.767","+1.8825345E-02"
"26-03-20 11:28:13.474","+1.8838964E-02"
"26-03-20 11:28:14.180","+6.1593862E-02"
"26-03-20 11:28:14.887","+1.8734006E-02"
"26-03-20 11:28:15.596","+1.9619277E-02"
"26-03-20 11:28:16.304","+1.8741129E-02"
"26-03-20 11:28:17.007","+1.9670257E-02"
"26-03-20 11:28:17.714","+1.8808851E-02"
"26-03-20 11:28:18.418","+2.3710891E-02"
"26-03-20 11:28:19.125","+1.8680778E-02"
"26-03-20 11:28:19.828","+1.8671906E-02"
"26-03-20 11:28:20.536","+1.8953918E-02"
"26-03-20 11:28:21.239","+1.8719762E-02"
"26-03-20 11:28:21.945","+1.9617153E-02"
"26-03-20 11:28:22.649","+1.8807102E-02"
"26-03-20 11:28:23.355","+1.9677629E-02"
"26-03-20 11:28:24.074","+1.8855083E-02"
"26-03-20 11:28:24.781","+1.9719612E-02"
"26-03-20 11:28:25.484","+1.8601060E-02"
"26-03-20 11:28:26.191","+3.0021117E-02"
"26-03-20 11:28:26.897","+4.3931178E-02"
"26-03-20 11:28:27.605","+1.8822596E-02"
"26-03-20 11:28:28.311","+2.0255898E-02"
"26-03-20 11:28:29.017","+1.8874950E-02"
"26-03-20 11:28:29.724","+1.9722611E-02"
"26-03-20 11:28:30.431","+7.0177679E-02"
"26-03-20 11:28:31.139","+1.9792083E-02"
"26-03-20 11:28:31.845","+1.8678279E-02"
"26-03-20 11:28:32.554","+6.8842463E-02"
"26-03-20 11:28:33.260","+1.8766119E-02"
"26-03-20 11:28:33.968","+1.8743752E-02"
"26-03-20 11:28:34.671","+1.9914659E-02"
"26-03-20 11:28:35.378","+1.8709016E-02"
"26-03-20 11:28:36.082","+1.9771466E-02"
"26-03-20 11:28:36.789","+5.7226609E-02"
"26-03-20 11:28:37.492","+1.9705743E-02"
"26-03-20 11:28:38.199","+1.8699645E-02"
"26-03-20 11:28:38.902","+1.9720862E-02"
"26-03-20 11:28:39.609","+5.5848536E-02"
"26-03-20 11:28:40.312","+1.8966413E-02"
"26-03-20 11:28:41.020","+1.8902689E-02"
"26-03-20 11:28:41.724","+6.4185451E-02"
"26-03-20 11:28:42.431","+1.9711241E-02"
"26-03-20 11:28:43.135","+1.8868453E-02"
"26-03-20 11:28:43.841","+2.3766618E-02"
"26-03-20 11:28:44.545","+1.8842088E-02"
"26-03-20 11:28:45.252","+2.2812875E-02"
"26-03-20 11:28:45.956","+1.8884071E-02"
"26-03-20 11:28:46.662","+1.8948046E-02"
"26-03-20 11:28:47.366","+1.8637795E-02"
"26-03-20 11:28:48.072","+1.8716638E-02"
"26-03-20 11:28:48.777","+1.9741728E-02"
"26-03-20 11:28:49.483","+1.8837590E-02"
"26-03-20 11:28:50.189","+1.9685376E-02"
"26-03-20 11:28:50.896","+1.8707892E-02"
"26-03-20 11:28:51.601","+1.9795082E-02"
"26-03-20 11:28:52.309","+1.8742503E-02"
"26-03-20 11:28:53.015","+1.9645767E-02"
"26-03-20 11:28:53.721","+1.8515844E-02"
"26-03-20 11:28:54.429","+1.8981282E-02"
"26-03-20 11:28:55.135","+1.9749725E-02"
"26-03-20 11:28:55.849","+1.8632547E-02"
"26-03-20 11:28:56.557","+1.9584416E-02"
"26-03-20 11:28:57.264","+1.8676779E-02"
"26-03-20 11:28:57.967","+1.9702369E-02"
"26-03-20 11:28:58.676","+1.8691648E-02"
"26-03-20 11:28:59.380","+1.9769342E-02"
"26-03-20 11:29:00.086","+1.8744627E-02"
"26-03-20 11:29:00.791","+1.8724760E-02"
"26-03-20 11:29:01.497","+1.9100485E-02"
"26-03-20 11:29:02.201","+1.8775990E-02"
"26-03-20 11:29:02.909","+1.9743852E-02"
"26-03-20 11:29:03.612","+1.8902314E-02"
"26-03-20 11:29:04.320","+1.9782462E-02"
"26-03-20 11:29:05.023","+1.8798855E-02"
"26-03-20 11:29:05.731","+1.9594537E-02"
"26-03-20 11:29:06.434","+1.8840589E-02"
"26-03-20 11:29:07.143","+1.9124350E-02"
"26-03-20 11:29:07.847","+1.8567948E-02"
"26-03-20 11:29:08.553","+1.8807227E-02"
"26-03-20 11:29:09.257","+1.9746851E-02"
"26-03-20 11:29:09.964","+1.8640169E-02"
"26-03-20 11:29:10.668","+1.9769717E-02"
"26-03-20 11:29:11.375","+1.8726634E-02"
"26-03-20 11:29:12.081","+1.9754223E-02"
"26-03-20 11:29:12.789","+1.8635171E-02"
"26-03-20 11:29:13.495","+1.9792708E-02"
"26-03-20 11:29:14.201","+1.8928179E-02"
"26-03-20 11:29:14.909","+1.8672156E-02"
"26-03-20 11:29:15.617","+1.9956767E-02"
"26-03-20 11:29:16.325","+1.8787485E-02"
"26-03-20 11:29:17.032","+1.9747976E-02"
"26-03-20 11:29:17.738","+1.8826220E-02"
"26-03-20 11:29:18.445","+1.9678629E-02"
"26-03-20 11:29:19.152","+1.8732757E-02"
"26-03-20 11:29:19.856","+1.9757597E-02"
"26-03-20 11:29:20.564","+1.8856707E-02"
"26-03-20 11:29:21.268","+1.8923556E-02"
"26-03-20 11:29:21.974","+1.8695522E-02"
"26-03-20 11:29:22.678","+1.8949920E-02"
"26-03-20 11:29:23.385","+1.9684751E-02"
"26-03-20 11:29:24.091","+1.8640044E-02"
"26-03-20 11:29:24.799","+1.9736605E-02"
"26-03-20 11:29:25.502","+1.8650790E-02"
"26-03-20 11:29:26.210","+2.0311375E-02"
"26-03-20 11:29:26.913","+1.8825970E-02"
"26-03-20 11:29:27.621","+1.8869702E-02"
"26-03-20 11:29:28.325","+1.8805228E-02"
"26-03-20 11:29:29.031","+1.8783861E-02"
"26-03-20 11:29:29.735","+1.9876299E-02"
"26-03-20 11:29:30.442","+1.8792608E-02"
"26-03-20 11:29:31.147","+1.9907787E-02"
"26-03-20 11:29:31.853","+1.8762745E-02"
"26-03-20 11:29:32.557","+1.9672131E-02"
"26-03-20 11:29:33.266","+1.8806602E-02"
"26-03-20 11:29:33.973","+1.9626399E-02"
"26-03-20 11:29:34.680","+1.8663035E-02"
"26-03-20 11:29:35.386","+4.3086390E-02"
"26-03-20 11:29:36.093","+3.2014569E-02"
"26-03-20 11:29:36.801","+1.8981532E-02"
"26-03-20 11:29:37.508","+1.9686126E-02"
"26-03-20 11:29:38.215","+1.8839589E-02"
"26-03-20 11:29:38.921","+1.9552554E-02"
"26-03-20 11:29:39.628","+1.8579068E-02"
"26-03-20 11:29:40.333","+1.9760721E-02"
"26-03-20 11:29:41.040","+1.8819722E-02"
"26-03-20 11:29:41.746","+1.8704143E-02"
"26-03-20 11:29:42.453","+1.8747876E-02"
"26-03-20 11:29:43.157","+1.8742503E-02"
"26-03-20 11:29:43.863","+1.9792958E-02"
"26-03-20 11:29:44.567","+1.8661410E-02"
"26-03-20 11:29:45.274","+2.0190799E-02"
"26-03-20 11:29:45.977","+1.8764369E-02"
"26-03-20 11:29:46.685","+1.9908037E-02"
"26-03-20 11:29:47.388","+1.8710016E-02"
"26-03-20 11:29:48.095","+1.8624175E-02"
"26-03-20 11:29:48.800","+1.8672031E-02"
"26-03-20 11:29:49.506","+1.8662160E-02"
"26-03-20 11:29:50.212","+1.9569047E-02"
"26-03-20 11:29:50.919","+1.8831093E-02"
"26-03-20 11:29:51.623","+1.9748226E-02"
"26-03-20 11:29:52.331","+1.8795982E-02"
"26-03-20 11:29:53.034","+1.9696247E-02"
"26-03-20 11:29:53.741","+1.8745627E-02"
"26-03-20 11:29:54.445","+1.9705243E-02"
"26-03-20 11:29:55.152","+1.8724385E-02"
"26-03-20 11:29:55.859","+1.8736131E-02"
"26-03-20 11:29:56.565","+1.9801454E-02"
"26-03-20 11:29:57.272","+1.8778489E-02"
"26-03-20 11:29:57.979","+1.9718488E-02"
"26-03-20 11:29:58.687","+1.8676779E-02"
"26-03-20 11:29:59.394","+5.8936675E-02"
"26-03-20 11:30:00.101","+1.8949295E-02"
"26-03-20 11:30:00.809","+1.9596786E-02"
"26-03-20 11:30:01.516","+1.8704893E-02"
"26-03-20 11:30:02.221","+1.8741253E-02"
"26-03-20 11:30:02.929","+1.8771866E-02"
"26-03-20 11:30:03.632","+1.8717638E-02"
"26-03-20 11:30:04.338","+2.3982157E-02"
"26-03-20 11:30:05.042","+1.8656038E-02"
"26-03-20 11:30:05.748","+2.2831118E-02"
"26-03-20 11:30:06.452","+1.8733132E-02"
"26-03-20 11:30:07.162","+1.9668383E-02"
"26-03-20 11:30:07.865","+1.8933177E-02"
"26-03-20 11:30:08.571","+1.8662910E-02"
"26-03-20 11:30:09.275","+1.8847711E-02"
"26-03-20 11:30:09.983","+1.8659786E-02"
"26-03-20 11:30:10.687","+1.9774590E-02"
"26-03-20 11:30:11.393","+1.8759371E-02"
"26-03-20 11:30:12.097","+1.9608282E-02"
"26-03-20 11:30:12.805","+1.8870577E-02"
"26-03-20 11:30:13.508","+1.9731233E-02"
"26-03-20 11:30:14.215","+1.8667658E-02"
"26-03-20 11:30:14.919","+1.9855808E-02"
"26-03-20 11:30:15.625","+1.8776739E-02"
"26-03-20 11:30:16.331","+1.8885946E-02"
"26-03-20 11:30:17.039","+1.9610281E-02"
"26-03-20 11:30:17.742","+1.8718138E-02"
"26-03-20 11:30:18.449","+1.9736231E-02"
"26-03-20 11:30:19.155","+1.8647916E-02"
"26-03-20 11:30:19.862","+1.9705618E-02"
"26-03-20 11:30:20.569","+1.8782987E-02"
"26-03-20 11:30:21.276","+1.9822071E-02"
"26-03-20 11:30:21.983","+1.8694897E-02"
"26-03-20 11:30:22.689","+1.8754998E-02"
"26-03-20 11:30:23.396","+1.8692773E-02"
"26-03-20 11:30:24.104","+1.8692648E-02"
"26-03-20 11:30:24.813","+1.9391743E-02"
"26-03-20 11:30:25.518","+1.8729258E-02"
"26-03-20 11:30:26.225","+1.9436725E-02"
"26-03-20 11:30:26.929","+1.8796981E-02"
"26-03-20 11:30:27.636","+1.9268543E-02"
"26-03-20 11:30:28.339","+1.8608806E-02"
"26-03-20 11:30:29.045","+1.8905188E-02"
"26-03-20 11:30:29.749","+1.8750250E-02"
"26-03-20 11:30:30.455","+1.8791983E-02"
"26-03-20 11:30:31.159","+1.9438725E-02"
"26-03-20 11:30:31.866","+1.8798731E-02"
"26-03-20 11:30:32.570","+1.9441723E-02"
"26-03-20 11:30:33.279","+1.8708517E-02"
"26-03-20 11:30:33.982","+1.9435351E-02"
"26-03-20 11:30:34.689","+1.8567573E-02"
"26-03-20 11:30:35.392","+1.9314274E-02"
"26-03-20 11:30:36.099","+1.8777239E-02"
"26-03-20 11:30:36.803","+1.8715764E-02"
"26-03-20 11:30:37.510","+1.9858307E-02"
"26-03-20 11:30:38.214","+1.8813350E-02"
"26-03-20 11:30:38.922","+1.9789084E-02"
"26-03-20 11:30:39.625","+1.8729508E-02"
"26-03-20 11:30:40.332","+1.9757097E-02"
"26-03-20 11:30:41.035","+1.8648041E-02"
"26-03-20 11:30:41.744","+1.9700245E-02"
"26-03-20 11:30:42.447","+1.8843338E-02"
"26-03-20 11:30:43.153","+1.8686275E-02"
"26-03-20 11:30:43.859","+1.8828469E-02"
"26-03-20 11:30:44.567","+1.8879073E-02"
"26-03-20 11:30:45.273","+2.2754648E-02"
"26-03-20 11:30:45.979","+1.8833717E-02"
"26-03-20 11:30:46.686","+1.9629898E-02"
"26-03-20 11:30:47.393","+1.8583941E-02"
"26-03-20 11:30:48.101","+1.9655638E-02"
"26-03-20 11:30:48.808","+1.8781362E-02"
"26-03-20 11:30:49.514","+1.9419357E-02"
"26-03-20 11:30:50.224","+1.8758747E-02"
"26-03-20 11:30:50.930","+1.8801354E-02"
"26-03-20 11:30:51.634","+1.9682377E-02"
"26-03-20 11:30:52.340","+1.8748626E-02"
"26-03-20 11:30:53.044","+2.3829843E-02"
"26-03-20 11:30:53.751","+1.8709891E-02"
"26-03-20 11:30:54.454","+2.2860981E-02"
"26-03-20 11:30:55.160","+1.8808102E-02"
"26-03-20 11:30:55.864","+1.9752599E-02"
"26-03-20 11:30:56.571","+1.8785236E-02"
"26-03-20 11:30:57.275","+1.8776489E-02"
"26-03-20 11:30:57.982","+1.9497451E-02"
"26-03-20 11:30:58.686","+1.8678903E-02"
"26-03-20 11:30:59.394","+1.9738355E-02"
"26-03-20 11:31:00.097","+1.8787860E-02"
"26-03-20 11:31:00.804","+1.9581417E-02"
"26-03-20 11:31:01.507","+1.8647916E-02"
"26-03-20 11:31:02.214","+2.0158687E-02"
"26-03-20 11:31:02.918","+2.6463415E-02"
"26-03-20 11:31:03.625","+2.0515669E-02"
"26-03-20 11:31:04.329","+1.8637170E-02"
"26-03-20 11:31:05.037","+1.8796731E-02"
"26-03-20 11:31:05.740","+1.9912160E-02"
"26-03-20 11:31:06.447","+1.8621551E-02"
"26-03-20 11:31:07.150","+1.9657387E-02"
"26-03-20 11:31:07.858","+1.8766119E-02"
"26-03-20 11:31:08.565","+1.9818198E-02"
"26-03-20 11:31:09.272","+1.8647416E-02"
"26-03-20 11:31:09.978","+1.9839314E-02"
"26-03-20 11:31:10.685","+1.8791358E-02"
"26-03-20 11:31:11.391","+1.8620927E-02"
"26-03-20 11:31:12.098","+1.9683751E-02"
"26-03-20 11:31:12.806","+1.8545832E-02"
"26-03-20 11:31:13.513","+1.9743728E-02"
"26-03-20 11:31:14.219","+1.8816099E-02"
"26-03-20 11:31:14.926","+1.9699495E-02"
"26-03-20 11:31:15.633","+1.8762620E-02"
"26-03-20 11:31:16.339","+1.9595662E-02"
"26-03-20 11:31:17.104","+1.8712265E-02"
"26-03-20 11:31:17.812","+1.8674655E-02"
"26-03-20 11:31:18.515","+1.9713989E-02"
"26-03-20 11:31:19.222","+1.8639669E-02"
"26-03-20 11:31:19.926","+1.9656512E-02"
"26-03-20 11:31:20.682","+1.8792858E-02"
"26-03-20 11:31:21.389","+2.0218538E-02"
"26-03-20 11:31:22.095","+1.8844087E-02"
"26-03-20 11:31:22.803","+1.8903064E-02"
"26-03-20 11:31:23.556","+1.8715389E-02"
"26-03-20 11:31:24.262","+1.8695522E-02"
"26-03-20 11:31:24.972","+1.9946147E-02"
"26-03-20 11:31:25.678","+1.8808227E-02"
"26-03-20 11:31:26.385","+1.9782212E-02"
"26-03-20 11:31:27.136","+1.8731382E-02"
"26-03-20 11:31:27.842","+1.9668258E-02"
"26-03-20 11:31:28.549","+1.8778739E-02"
"26-03-20 11:31:29.257","+1.8852584E-02"
"26-03-20 11:31:30.012","+2.0538410E-02"
"26-03-20 11:31:30.719","+1.8841338E-02"
"26-03-20 11:31:31.426","+2.0404963E-02"
"26-03-20 11:31:32.134","+1.8751250E-02"
"26-03-20 11:31:32.841","+1.9766094E-02"
"26-03-20 11:31:33.599","+1.8799355E-02"
"26-03-20 11:31:34.305","+1.9685751E-02"
"26-03-20 11:31:35.012","+1.8675030E-02"
"26-03-20 11:31:35.719","+1.8504973E-02"
"26-03-20 11:31:36.474","+1.9759221E-02"
"26-03-20 11:31:37.180","+1.8777489E-02"
"26-03-20 11:31:37.887","+1.9678254E-02"
"26-03-20 11:31:38.594","+1.8745752E-02"
"26-03-20 11:31:39.302","+1.9503324E-02"
"26-03-20 11:31:40.058","+1.8663160E-02"
"26-03-20 11:31:40.765","+1.8709391E-02"
"26-03-20 11:31:41.471","+1.8861206E-02"
"26-03-20 11:31:42.179","+1.8903189E-02"
"26-03-20 11:31:42.935","+1.9738105E-02"
"26-03-20 11:31:43.641","+1.8865954E-02"
"26-03-20 11:31:44.347","+2.3806852E-02"
"26-03-20 11:31:45.053","+1.8754373E-02"
"26-03-20 11:31:45.759","+2.2683052E-02"
"26-03-20 11:31:46.514","+1.8678778E-02"
"26-03-20 11:31:47.220","+1.8712015E-02"
"26-03-20 11:31:47.927","+1.9603284E-02"
"26-03-20 11:31:48.634","+1.8608432E-02"
"26-03-20 11:31:49.340","+1.9821197E-02"
"26-03-20 11:31:50.095","+6.0899765E-02"
"26-03-20 11:31:50.798","+1.9809076E-02"
"26-03-20 11:31:51.507","+1.8778863E-02"
"26-03-20 11:31:52.214","+6.9356757E-02"
"26-03-20 11:31:52.968","+1.8789484E-02"
"26-03-20 11:31:53.676","+1.8615554E-02"
"26-03-20 11:31:54.380","+1.9645017E-02"
"26-03-20 11:31:55.087","+1.8756123E-02"
"26-03-20 11:31:55.792","+1.9657762E-02"
"26-03-20 11:31:56.548","+1.8778489E-02"
"26-03-20 11:31:57.254","+1.9689624E-02"
"26-03-20 11:31:57.958","+1.8685276E-02"
"26-03-20 11:31:58.665","+1.8671906E-02"
"26-03-20 11:31:59.420","+7.0657112E-02"
"26-03-20 11:32:00.125","+1.8882822E-02"
"26-03-20 11:32:00.832","+1.9665759E-02"
"26-03-20 11:32:01.535","+1.8784486E-02"
"26-03-20 11:32:02.241","+1.9733856E-02"
"26-03-20 11:32:02.996","+1.8659786E-02"
"26-03-20 11:32:03.700","+1.9784086E-02"
"26-03-20 11:32:04.406","+4.2705293E-02"
"26-03-20 11:32:05.110","+3.1456417E-02"
"26-03-20 11:32:05.868","+1.9787085E-02"
"26-03-20 11:32:06.575","+2.6734056E-02"
"26-03-20 11:32:07.281","+4.8685026E-02"
"26-03-20 11:32:07.988","+1.8738754E-02"
"26-03-20 11:32:08.693","+5.8366403E-02"
"26-03-20 11:32:09.449","+5.9470212E-02"
"26-03-20 11:32:10.156","+6.7366803E-02"
"26-03-20 11:32:10.863","+6.2504748E-02"
"26-03-20 11:32:11.570","+3.1219262E-02"
"26-03-20 11:32:12.324","+4.0825170E-02"
"26-03-20 11:32:13.030","+8.4853309E-02"
"26-03-20 11:32:13.737","+1.0393093E-01"
"26-03-20 11:32:14.444","+6.7315199E-02"
"26-03-20 11:32:15.152","+9.9192823E-02"
"26-03-20 11:32:15.906","+9.6028838E-02"
"26-03-20 11:32:16.612","+8.0828169E-02"
"26-03-20 11:32:17.322","+8.7731657E-02"
"26-03-20 11:32:18.028","+6.3994527E-02"
"26-03-20 11:32:18.785","+6.1470287E-02"
"26-03-20 11:32:19.491","+4.5789684E-02"
"26-03-20 11:32:20.198","+8.1624350E-02"
"26-03-20 11:32:20.906","+4.8674405E-02"
"26-03-20 11:32:21.612","+5.2773391E-02"
"26-03-20 11:32:22.366","+6.2582592E-02"
"26-03-20 11:32:23.072","+6.8236830E-02"
"26-03-20 11:32:23.779","+8.8525090E-02"
"26-03-20 11:32:24.487","+4.7328569E-02"
"26-03-20 11:32:25.229","+5.2809501E-02"
"26-03-20 11:32:25.938","+6.8333292E-02"
"26-03-20 11:32:26.645","+5.6996701E-02"
"26-03-20 11:32:27.352","+4.6627474E-02"
"26-03-20 11:32:28.059","+5.6295482E-02"
"26-03-20 11:32:28.802","+6.4561425E-02"
"26-03-20 11:32:29.509","+6.4530688E-02"
"26-03-20 11:32:30.212","+5.3752374E-02"
"26-03-20 11:32:30.918","+5.1253249E-02"
"26-03-20 11:32:31.659","+4.8568448E-02"
"26-03-20 11:32:32.365","+6.3624800E-02"
"26-03-20 11:32:33.072","+7.0390594E-02"
"26-03-20 11:32:33.777","+6.6801155E-02"
"26-03-20 11:32:34.483","+8.2954318E-02"
"26-03-20 11:32:35.229","+5.8342038E-02"
"26-03-20 11:32:35.935","+6.9674505E-02"
"26-03-20 11:32:36.643","+4.4227059E-02"
"26-03-20 11:32:37.349","+5.4632397E-02"
"26-03-20 11:32:38.094","+6.5653863E-02"
"26-03-20 11:32:38.798","+7.2919832E-02"
"26-03-20 11:32:39.504","+6.9577294E-02"
"26-03-20 11:32:40.209","+5.9498201E-02"
"26-03-20 11:32:40.915","+8.8001050E-02"
"26-03-20 11:32:41.656","+6.1665334E-02"
"26-03-20 11:32:42.360","+4.2378549E-02"
"26-03-20 11:32:43.066","+8.4789334E-02"
"26-03-20 11:32:43.772","+1.0814524E-01"
"26-03-20 11:32:44.516","+5.2914459E-02"
"26-03-20 11:32:45.222","+7.7357807E-02"
"26-03-20 11:32:45.930","+9.8466114E-02"
"26-03-20 11:32:46.637","+4.4877049E-02"
"26-03-20 11:32:47.344","+8.1852509E-02"
"26-03-20 11:32:48.091","+8.4151964E-02"
"26-03-20 11:32:48.798","+5.3774740E-02"
"26-03-20 11:32:49.504","+5.2819247E-02"
"26-03-20 11:32:50.211","+4.3846461E-02"
"26-03-20 11:32:50.957","+9.6329718E-02"
"26-03-20 11:32:51.663","+5.3926304E-02"
"26-03-20 11:32:52.369","+4.6134171E-02"
"26-03-20 11:32:53.076","+1.0322671E-01"
"26-03-20 11:32:53.782","+8.0465314E-02"
"26-03-20 11:32:54.528","+7.4443098E-02"
"26-03-20 11:32:55.234","+9.2231233E-02"
"26-03-20 11:32:55.937","+6.5618003E-02"
"26-03-20 11:32:56.643","+4.2504373E-02"
"26-03-20 11:32:57.388","+4.2210741E-02"
"26-03-20 11:32:58.094","+6.8283062E-02"
"26-03-20 11:32:58.801","+8.0357607E-02"
"26-03-20 11:32:59.506","+6.4127099E-02"
"26-03-20 11:33:00.212","+5.6553004E-02"
"26-03-20 11:33:00.959","+4.7293083E-02"
"26-03-20 11:33:01.665","+5.5200545E-02"
"26-03-20 11:33:02.373","+1.1343300E-01"
"26-03-20 11:33:03.080","+8.3761870E-02"
"26-03-20 11:33:03.828","+6.8695772E-02"
"26-03-20 11:33:04.534","+7.5772316E-02"
"26-03-20 11:33:05.241","+5.0445947E-02"
"26-03-20 11:33:05.948","+5.3719137E-02"
"26-03-20 11:33:06.655","+4.2548106E-02"
"26-03-20 11:33:07.405","+4.3478858E-02"
"26-03-20 11:33:08.109","+7.6712315E-02"
"26-03-20 11:33:08.817","+5.2525240E-02"
"26-03-20 11:33:09.522","+7.8867828E-02"
"26-03-20 11:33:10.274","+8.8422631E-02"
"26-03-20 11:33:10.981","+4.4208567E-02"
"26-03-20 11:33:11.684","+8.0991353E-02"
"26-03-20 11:33:12.390","+7.7471137E-02"
"26-03-20 11:33:13.094","+5.2673056E-02"
"26-03-20 11:33:13.847","+7.3222461E-02"
"26-03-20 11:33:14.554","+8.0866029E-02"
"26-03-20 11:33:15.257","+5.3552329E-02"
"26-03-20 11:33:15.964","+6.6651589E-02"
"26-03-20 11:33:16.668","+8.4581168E-02"
"26-03-20 11:33:17.420","+4.9412360E-02"
"26-03-20 11:33:18.126","+5.3610806E-02"
"26-03-20 11:33:18.835","+8.5820922E-02"
"26-03-20 11:33:19.542","+8.5316873E-02"
"26-03-20 11:33:20.292","+8.5914384E-02"
"26-03-20 11:33:20.999","+9.7667058E-02"
"26-03-20 11:33:21.706","+7.4703494E-02"
"26-03-20 11:33:22.412","+6.1199395E-02"
"26-03-20 11:33:23.119","+9.2792508E-02"
"26-03-20 11:33:23.871","+6.8365779E-02"
"26-03-20 11:33:24.577","+6.6109306E-02"
"26-03-20 11:33:25.285","+7.0389844E-02"
"26-03-20 11:33:25.991","+9.0183552E-02"
"26-03-20 11:33:26.742","+4.8756622E-02"
"26-03-20 11:33:27.451","+4.7500125E-02"
"26-03-20 11:33:28.157","+9.0571147E-02"
"26-03-20 11:33:28.865","+4.3482232E-02"
"26-03-20 11:33:29.571","+4.3866453E-02"
"26-03-20 11:33:30.322","+4.4428978E-02"
"26-03-20 11:33:31.025","+4.4695747E-02"
"26-03-20 11:33:31.732","+7.3321296E-02"
"26-03-20 11:33:32.438","+4.4674880E-02"
"26-03-20 11:33:33.188","+1.0098011E-01"
"26-03-20 11:33:33.895","+4.6733057E-02"
"26-03-20 11:33:34.599","+3.9488330E-02"
"26-03-20 11:33:35.306","+5.0362855E-02"
"26-03-20 11:33:36.011","+4.5823920E-02"
"26-03-20 11:33:36.760","+4.9279663E-02"
"26-03-20 11:33:37.466","+4.2594337E-02"
"26-03-20 11:33:38.171","+4.5866778E-02"
"26-03-20 11:33:38.878","+6.8396391E-02"
"26-03-20 11:33:39.624","+2.4334766E-02"
"26-03-20 11:33:40.332","+3.6450420E-02"
"26-03-20 11:33:41.038","+2.5120827E-02"
"26-03-20 11:33:41.745","+2.3421007E-02"
"26-03-20 11:33:42.452","+2.1991453E-02"
"26-03-20 11:33:43.199","+2.6690949E-02"
"26-03-20 11:33:43.905","+2.1353459E-02"
"26-03-20 11:33:44.621","+2.3924055E-02"
"26-03-20 11:33:45.328","+1.8779113E-02"
"26-03-20 11:33:46.076","+2.3432627E-02"
"26-03-20 11:33:46.783","+1.8854083E-02"
"26-03-20 11:33:47.489","+1.8881572E-02"
"26-03-20 11:33:48.196","+1.8791733E-02"
"26-03-20 11:33:48.903","+1.8691898E-02"
"26-03-20 11:33:49.651","+1.9428479E-02"
"26-03-20 11:33:50.355","+1.8881697E-02"
"26-03-20 11:33:51.061","+1.9546182E-02"
"26-03-20 11:33:51.767","+1.8706267E-02"
"26-03-20 11:33:52.515","+1.9378124E-02"
"26-03-20 11:33:53.223","+1.8778239E-02"
"26-03-20 11:33:53.926","+1.8709641E-02"
"26-03-20 11:33:54.633","+1.9428729E-02"
"26-03-20 11:33:55.336","+1.8769867E-02"
"26-03-20 11:33:56.085","+1.9531312E-02"
"26-03-20 11:33:56.792","+1.8803978E-02"
"26-03-20 11:33:57.495","+1.9374125E-02"
"26-03-20 11:33:58.201","+1.8819472E-02"
"26-03-20 11:33:58.946","+1.9318648E-02"
"26-03-20 11:33:59.653","+1.8688275E-02"
"26-03-20 11:34:00.359","+1.8786735E-02"
"26-03-20 11:34:01.066","+6.4513695E-02"
"26-03-20 11:34:01.774","+1.8679278E-02"
"26-03-20 11:34:02.525","+1.9626899E-02"
"26-03-20 11:34:03.231","+1.8790109E-02"
"26-03-20 11:34:03.938","+1.9856682E-02"
"26-03-20 11:34:04.645","+1.8747376E-02"
"26-03-20 11:34:05.394","+1.8847461E-02"
"26-03-20 11:34:06.097","+1.8850335E-02"
"26-03-20 11:34:06.805","+1.8803479E-02"
"26-03-20 11:34:07.511","+2.0097211E-02"
"26-03-20 11:34:08.218","+1.8735006E-02"
"26-03-20 11:34:08.965","+1.9646891E-02"
"26-03-20 11:34:09.668","+1.8736131E-02"
"26-03-20 11:34:10.375","+1.9700745E-02"
"26-03-20 11:34:11.081","+1.8800980E-02"
"26-03-20 11:34:11.828","+1.8890569E-02"
"26-03-20 11:34:12.536","+1.9708242E-02"
"26-03-20 11:34:13.239","+1.8790484E-02"
"26-03-20 11:34:13.946","+1.9551929E-02"
"26-03-20 11:34:14.649","+1.8769867E-02"
"26-03-20 11:34:15.395","+1.9777964E-02"
"26-03-20 11:34:16.102","+1.8619302E-02"
"26-03-20 11:34:16.810","+2.0042608E-02"
"26-03-20 11:34:17.517","+1.8673905E-02"
"26-03-20 11:34:18.223","+1.8737130E-02"
"26-03-20 11:34:18.971","+1.9739854E-02"
"26-03-20 11:34:19.679","+1.8761246E-02"
"26-03-20 11:34:20.385","+1.9932152E-02"
"26-03-20 11:34:21.093","+1.8849960E-02"
"26-03-20 11:34:21.840","+1.9738730E-02"
"26-03-20 11:34:22.546","+1.8734506E-02"
"26-03-20 11:34:23.250","+1.9644517E-02"
"26-03-20 11:34:23.957","+1.9015769E-02"
"26-03-20 11:34:24.663","+1.8624425E-02"
"26-03-20 11:34:25.410","+1.9528314E-02"
"26-03-20 11:34:26.117","+1.8787610E-02"
"26-03-20 11:34:26.822","+2.0100210E-02"
"26-03-20 11:34:27.528","+1.8611430E-02"
"26-03-20 11:34:28.278","+1.9836690E-02"
"26-03-20 11:34:28.982","+1.8878823E-02"
"26-03-20 11:34:29.688","+1.8652539E-02"
"26-03-20 11:34:30.393","+1.8797981E-02"
"26-03-20 11:34:31.099","+1.8820097E-02"
"26-03-20 11:34:31.850","+1.9914284E-02"
"26-03-20 11:34:32.556","+1.8938050E-02"
"26-03-20 11:34:33.264","+1.9674380E-02"
"26-03-20 11:34:33.970","+1.8801729E-02"
"26-03-20 11:34:34.725","+1.9667133E-02"
"26-03-20 11:34:35.433","+1.8684401E-02"
"26-03-20 11:34:36.139","+1.8790609E-02"
"26-03-20 11:34:36.848","+1.9161460E-02"
"26-03-20 11:34:37.555","+1.8901439E-02"
"26-03-20 11:34:38.310","+1.9633272E-02"
"26-03-20 11:34:39.017","+1.8754623E-02"
"26-03-20 11:34:39.723","+1.9681377E-02"
"26-03-20 11:34:40.430","+1.8702144E-02"
"26-03-20 11:34:41.186","+1.9409611E-02"
"26-03-20 11:34:41.892","+1.8700895E-02"
"26-03-20 11:34:42.600","+1.8672781E-02"
"26-03-20 11:34:43.307","+1.9831817E-02"
"26-03-20 11:34:44.013","+1.8777489E-02"
"26-03-20 11:34:46.362","+1.8845712E-02"
"26-03-20 11:34:47.069","+1.8776989E-02"
"26-03-20 11:34:47.776","+1.8713265E-02"
"26-03-20 11:34:48.482","+1.9722111E-02"
"26-03-20 11:34:49.189","+1.8678404E-02"
"26-03-20 11:34:49.896","+1.9633147E-02"
"26-03-20 11:34:50.603","+1.8720387E-02"
"26-03-20 11:34:51.311","+1.9636021E-02"
"26-03-20 11:34:52.017","+1.8651414E-02"
"26-03-20 11:34:52.724","+1.8475485E-02"
"26-03-20 11:34:53.428","+1.8955543E-02"
"26-03-20 11:34:54.135","+1.8577569E-02"
"26-03-20 11:34:54.839","+1.9853933E-02"
"26-03-20 11:34:55.546","+1.8859831E-02"
"26-03-20 11:34:56.252","+1.9667758E-02"
"26-03-20 11:34:56.959","+1.8701394E-02"
"26-03-20 11:34:57.662","+1.9560926E-02"
"26-03-20 11:34:58.368","+1.8755498E-02"
"26-03-20 11:34:59.072","+1.9884046E-02"
"26-03-20 11:34:59.780","+1.8733881E-02"
"26-03-20 11:35:00.483","+1.8864329E-02"
"26-03-20 11:35:01.190","+1.9634396E-02"
"26-03-20 11:35:01.894","+1.8934426E-02"
"26-03-20 11:35:02.600","+1.9831193E-02"
"26-03-20 11:35:03.304","+1.8714889E-02"
"26-03-20 11:35:04.012","+1.9659511E-02"
"26-03-20 11:35:04.717","+2.6330593E-02"
"26-03-20 11:35:05.423","+2.0202169E-02"
"26-03-20 11:35:06.127","+1.8675030E-02"
"26-03-20 11:35:06.834","+1.8631173E-02"
"26-03-20 11:35:07.537","+1.8704893E-02"
"26-03-20 11:35:08.245","+1.8792108E-02"
"26-03-20 11:35:08.948","+1.9597786E-02"
"26-03-20 11:35:09.654","+1.8773990E-02"
"26-03-20 11:35:10.360","+1.9688999E-02"
"26-03-20 11:35:11.068","+1.8761495E-02"
"26-03-20 11:35:11.774","+1.9739604E-02"
"26-03-20 11:35:12.480","+1.8714514E-02"
"26-03-20 11:35:13.189","+1.9021766E-02"
"26-03-20 11:35:13.895","+1.8769617E-02"
"26-03-20 11:35:14.603","+1.8774490E-02"
"26-03-20 11:35:15.310","+1.9699370E-02"
"26-03-20 11:35:16.016","+1.8924180E-02"
"26-03-20 11:35:16.723","+1.9667633E-02"
"26-03-20 11:35:17.431","+1.8834966E-02"
"26-03-20 11:35:18.135","+2.1366079E-02"
"26-03-20 11:35:18.841","+1.8681277E-02"
"26-03-20 11:35:19.545","+1.9763095E-02"
"26-03-20 11:35:20.252","+1.8702269E-02"
"26-03-20 11:35:20.956","+1.8742003E-02"
"26-03-20 11:35:21.665","+1.9806952E-02"
"26-03-20 11:35:22.368","+1.8674780E-02"
"26-03-20 11:35:23.076","+1.9717238E-02"
"26-03-20 11:35:23.781","+1.8595937E-02"
"26-03-20 11:35:24.487","+2.0247151E-02"
"26-03-20 11:35:25.191","+1.8734881E-02"
"26-03-20 11:35:25.898","+1.9610156E-02"
"26-03-20 11:35:26.602","+1.8835216E-02"
"26-03-20 11:35:27.308","+1.8670407E-02"
"26-03-20 11:35:28.012","+1.8684901E-02"
"26-03-20 11:35:28.719","+1.8813100E-02"
"26-03-20 11:35:29.422","+2.3714764E-02"
"26-03-20 11:35:30.130","+1.8774615E-02"
"26-03-20 11:35:30.833","+2.2666433E-02"
"26-03-20 11:35:31.540","+1.8916683E-02"
"26-03-20 11:35:32.244","+1.9758971E-02"
"26-03-20 11:35:32.951","+1.8857082E-02"
"26-03-20 11:35:33.657","+1.9710366E-02"
"26-03-20 11:35:34.364","+1.8758122E-02"
"26-03-20 11:35:35.071","+1.8691523E-02"
"26-03-20 11:35:35.778","+1.9823696E-02"
"26-03-20 11:35:36.484","+1.8840839E-02"
"26-03-20 11:35:37.191","+1.9806327E-02"
"26-03-20 11:35:37.899","+1.8600810E-02"
"26-03-20 11:35:38.605","+1.9559926E-02"
"26-03-20 11:35:39.314","+1.8755873E-02"
"26-03-20 11:35:40.021","+1.9787460E-02"
"26-03-20 11:35:40.727","+1.8690399E-02"
"26-03-20 11:35:41.431","+1.8548456E-02"
"26-03-20 11:35:42.138","+1.9705368E-02"
"26-03-20 11:35:42.843","+1.8669407E-02"
"26-03-20 11:35:43.549","+2.0346861E-02"
"26-03-20 11:35:44.253","+1.8875700E-02"
"26-03-20 11:35:44.960","+1.9606282E-02"
"26-03-20 11:35:45.664","+1.8786610E-02"
"26-03-20 11:35:46.371","+1.9980758E-02"
"26-03-20 11:35:47.075","+1.8967538E-02"
"26-03-20 11:35:47.784","+1.8860081E-02"
"26-03-20 11:35:48.488","+1.8717763E-02"
"26-03-20 11:35:49.196","+1.8736630E-02"
"26-03-20 11:35:49.900","+1.9729858E-02"
"26-03-20 11:35:50.606","+1.8735006E-02"
"26-03-20 11:35:51.311","+1.9924405E-02"
"26-03-20 11:35:52.017","+1.8887820E-02"
"26-03-20 11:35:52.721","+1.9641144E-02"
"26-03-20 11:35:53.428","+1.8676279E-02"
"26-03-20 11:35:54.132","+1.9734356E-02"
"26-03-20 11:35:54.840","+1.8649040E-02"
"26-03-20 11:35:55.545","+1.8649540E-02"
"26-03-20 11:35:56.254","+1.9639269E-02"
"26-03-20 11:35:56.961","+1.8694897E-02"
"26-03-20 11:35:57.667","+1.9886545E-02"
"26-03-20 11:35:58.375","+1.8896067E-02"
"26-03-20 11:35:59.081","+1.9672756E-02"
"26-03-20 11:35:59.789","+1.8828968E-02"
"26-03-20 11:36:00.496","+1.9670882E-02"
"26-03-20 11:36:01.202","+1.8697896E-02"
"26-03-20 11:36:01.908","+1.8746376E-02"
"26-03-20 11:36:02.615","+1.9913909E-02"
"26-03-20 11:36:03.319","+1.8606183E-02"
"26-03-20 11:36:04.027","+2.1512270E-02"
"26-03-20 11:36:04.732","+1.8639669E-02"
"26-03-20 11:36:05.438","+7.0334616E-02"
"26-03-20 11:36:06.142","+1.8834716E-02"
"26-03-20 11:36:06.849","+1.9615654E-02"
"26-03-20 11:36:07.553","+1.8757872E-02"
"26-03-20 11:36:08.266","+1.8755873E-02"
"26-03-20 11:36:08.970","+1.8862705E-02"
"26-03-20 11:36:09.678","+1.8759996E-02"
"26-03-20 11:36:10.381","+1.9683627E-02"
"26-03-20 11:36:11.089","+1.8808477E-02"
"26-03-20 11:36:11.793","+1.9774715E-02"
"26-03-20 11:36:12.499","+1.8691398E-02"
"26-03-20 11:36:13.205","+1.9681128E-02"
"26-03-20 11:36:13.911","+1.8689149E-02"
"26-03-20 11:36:14.617","+1.9576045E-02"
"26-03-20 11:36:15.326","+1.8722761E-02"
"26-03-20 11:36:16.032","+1.8738879E-02"
"26-03-20 11:36:16.738","+1.9766343E-02"
"26-03-20 11:36:17.445","+1.8844837E-02"
"26-03-20 11:36:18.153","+1.9757097E-02"
"26-03-20 11:36:18.860","+1.8653788E-02"
"26-03-20 11:36:19.566","+1.9700495E-02"
"26-03-20 11:36:20.274","+1.8690899E-02"
"26-03-20 11:36:20.981","+1.9576419E-02"
"26-03-20 11:36:21.688","+1.8737630E-02"
"26-03-20 11:36:22.393","+1.8775865E-02"
"26-03-20 11:36:23.099","+1.9802579E-02"
"26-03-20 11:36:23.803","+1.8579443E-02"
"26-03-20 11:36:24.511","+1.9707492E-02"
"26-03-20 11:36:25.214","+1.8716388E-02"
"26-03-20 11:36:25.921","+1.9759721E-02"
"26-03-20 11:36:26.625","+1.8758122E-02"
"26-03-20 11:36:27.332","+1.9792208E-02"
"26-03-20 11:36:28.035","+1.8834466E-02"
"26-03-20 11:36:28.742","+1.8757747E-02"
"26-03-20 11:36:29.445","+1.8725885E-02"
"26-03-20 11:36:30.152","+1.8698770E-02"
"26-03-20 11:36:30.857","+2.2751899E-02"
"26-03-20 11:36:31.563","+1.8795607E-02"
"26-03-20 11:36:32.268","+2.2713665E-02"
"26-03-20 11:36:32.974","+1.8752624E-02"
"26-03-20 11:36:33.678","+2.0478184E-02"
"26-03-20 11:36:34.384","+1.8721261E-02"
"26-03-20 11:36:35.088","+1.9668133E-02"
"26-03-20 11:36:35.796","+1.8663160E-02"
"26-03-20 11:36:36.499","+1.8603559E-02"
"26-03-20 11:36:37.205","+1.9786211E-02"
"26-03-20 11:36:37.909","+1.8584191E-02"
"26-03-20 11:36:38.615","+1.9562925E-02"
"26-03-20 11:36:39.325","+1.8768368E-02"
"26-03-20 11:36:40.031","+1.9678753E-02"
"26-03-20 11:36:40.738","+1.8720887E-02"
"26-03-20 11:36:41.445","+2.0201669E-02"
"26-03-20 11:36:42.151","+1.8726384E-02"
"26-03-20 11:36:42.858","+1.8522716E-02"
"26-03-20 11:36:43.565","+1.9502074E-02"
"26-03-20 11:36:44.273","+1.8828219E-02"
"26-03-20 11:36:44.980","+1.9587415E-02"
"26-03-20 11:36:45.685","+1.8685401E-02"
"26-03-20 11:36:46.393","+1.9671007E-02"
"26-03-20 11:36:47.096","+1.8741753E-02"
"26-03-20 11:36:47.804","+1.9959516E-02"
"26-03-20 11:36:48.508","+1.8871077E-02"
"26-03-20 11:36:49.214","+1.8710266E-02"
"26-03-20 11:36:49.918","+1.8825220E-02"
"26-03-20 11:36:50.626","+1.8768992E-02"
"26-03-20 11:36:51.329","+1.9635521E-02"
"26-03-20 11:36:52.036","+1.8800355E-02"
"26-03-20 11:36:52.740","+1.9835066E-02"
"26-03-20 11:36:53.448","+1.8806228E-02"
"26-03-20 11:36:54.151","+1.9643643E-02"
"26-03-20 11:36:54.857","+1.8651040E-02"
"26-03-20 11:36:55.561","+1.9794082E-02"
"26-03-20 11:36:56.269","+1.8717638E-02"
"26-03-20 11:36:56.973","+1.8571072E-02"
"26-03-20 11:36:57.680","+1.9725360E-02"
"26-03-20 11:36:58.384","+1.8588814E-02"
"26-03-20 11:36:59.091","+1.9749350E-02"
"26-03-20 11:36:59.795","+1.8678903E-02"
"26-03-20 11:37:00.503","+2.0130698E-02"
"26-03-20 11:37:01.206","+1.8716638E-02"
"26-03-20 11:37:01.913","+1.9734981E-02"
"26-03-20 11:37:02.618","+1.8669532E-02"
"26-03-20 11:37:03.326","+1.8689024E-02"
"26-03-20 11:37:04.032","+1.8885071E-02"
"26-03-20 11:37:04.738","+1.8635046E-02"
"26-03-20 11:37:05.446","+1.9618653E-02"
"26-03-20 11:37:06.153","+1.8729758E-02"
"26-03-20 11:37:06.860","+1.9848810E-02"
"26-03-20 11:37:07.569","+1.8774865E-02"
"26-03-20 11:37:08.275","+1.9585541E-02"
"26-03-20 11:37:08.982","+2.6443173E-02"
"26-03-20 11:37:09.689","+1.8704893E-02"
"26-03-20 11:37:10.393","+1.8772491E-02"
"26-03-20 11:37:11.100","+1.8627049E-02"
"26-03-20 11:37:11.803","+1.9735231E-02"
"26-03-20 11:37:12.510","+1.8633796E-02"
"26-03-20 11:37:13.214","+1.9800330E-02"
"26-03-20 11:37:13.922","+1.8789109E-02"
"26-03-20 11:37:14.625","+1.9735981E-02"
"26-03-20 11:37:15.333","+1.8785611E-02"
"26-03-20 11:37:16.036","+1.9717988E-02"
"26-03-20 11:37:16.743","+1.8635671E-02"
"26-03-20 11:37:17.446","+1.8698271E-02"
"26-03-20 11:37:18.153","+1.9912535E-02"
"26-03-20 11:37:18.856","+1.8668408E-02"
"26-03-20 11:37:19.562","+2.0188799E-02"
"26-03-20 11:37:20.266","+1.8776364E-02"
"26-03-20 11:37:20.972","+1.9543058E-02"
"26-03-20 11:37:21.676","+1.8763869E-02"
"26-03-20 11:37:22.385","+1.9691623E-02"
"26-03-20 11:37:23.089","+1.8754998E-02"
"26-03-20 11:37:23.796","+1.8679903E-02"
"26-03-20 11:37:24.499","+1.8809351E-02"
"26-03-20 11:37:25.206","+1.8876075E-02"
"26-03-20 11:37:25.909","+1.9697121E-02"
"26-03-20 11:37:26.615","+1.8806352E-02"
"26-03-20 11:37:27.319","+1.9717488E-02"
"26-03-20 11:37:28.027","+1.8722261E-02"
"26-03-20 11:37:28.733","+1.9586665E-02"
"26-03-20 11:37:29.439","+1.8803104E-02"
"26-03-20 11:37:30.145","+1.8995402E-02"
"26-03-20 11:37:30.853","+1.8746751E-02"
"26-03-20 11:37:31.560","+1.8620052E-02"
"26-03-20 11:37:32.267","+2.2480383E-02"
"26-03-20 11:37:32.973","+1.8655163E-02"
"26-03-20 11:37:33.681","+1.9694622E-02"
"26-03-20 11:37:34.387","+1.8748376E-02"
"26-03-20 11:37:35.094","+1.9675630E-02"
"26-03-20 11:37:35.802","+1.8650290E-02"
"26-03-20 11:37:36.505","+1.9769717E-02"
"26-03-20 11:37:37.212","+1.8889944E-02"
"26-03-20 11:37:37.916","+1.8744377E-02"
"26-03-20 11:37:38.623","+2.0069222E-02"
"26-03-20 11:37:39.342","+1.8734631E-02"
"26-03-20 11:37:40.049","+1.9664259E-02"
"26-03-20 11:37:40.753","+1.8839839E-02"
"26-03-20 11:37:41.460","+1.9549430E-02"
"26-03-20 11:37:42.164","+1.8706767E-02"
"26-03-20 11:37:42.872","+1.9582542E-02"
"26-03-20 11:37:43.575","+1.8693648E-02"
"26-03-20 11:37:44.283","+1.8647541E-02"
"26-03-20 11:37:44.989","+1.8726259E-02"
"26-03-20 11:37:45.695","+1.8804478E-02"
"26-03-20 11:37:46.403","+1.9605033E-02"
"26-03-20 11:37:47.109","+1.8742878E-02"
"26-03-20 11:37:47.817","+1.9954643E-02"
"26-03-20 11:37:48.524","+1.8818348E-02"
"26-03-20 11:37:49.231","+1.9854308E-02"
"26-03-20 11:37:49.939","+1.8788859E-02"
"26-03-20 11:37:50.645","+1.8891069E-02"
"26-03-20 11:37:51.351","+1.8825595E-02"
"26-03-20 11:37:52.058","+1.8717263E-02"
"26-03-20 11:37:52.761","+1.9700370E-02"
"26-03-20 11:37:53.468","+1.8955918E-02"
"26-03-20 11:37:54.172","+1.9594037E-02"
"26-03-20 11:37:54.879","+1.8729633E-02"
"26-03-20 11:37:55.583","+1.9747976E-02"
"26-03-20 11:37:56.291","+1.8719262E-02"
"26-03-20 11:37:56.996","+1.9854933E-02"
"26-03-20 11:37:57.703","+1.8827594E-02"
"26-03-20 11:37:58.407","+1.8789609E-02"
"26-03-20 11:37:59.115","+1.9720237E-02"
"26-03-20 11:37:59.820","+1.8834341E-02"
"26-03-20 11:38:00.527","+1.9829193E-02"
"26-03-20 11:38:01.230","+1.8669282E-02"
"26-03-20 11:38:01.937","+1.9713989E-02"
"26-03-20 11:38:02.641","+1.8771616E-02"
"26-03-20 11:38:03.349","+1.9686625E-02"
"26-03-20 11:38:04.053","+1.8765244E-02"
"26-03-20 11:38:04.759","+1.8694022E-02"
"26-03-20 11:38:05.468","+1.8749875E-02"
"26-03-20 11:38:06.174","+1.8677779E-02"
"26-03-20 11:38:06.881","+1.9667883E-02"
"26-03-20 11:38:07.588","+1.8775490E-02"
"26-03-20 11:38:08.295","+1.9601409E-02"
"26-03-20 11:38:09.001","+1.8816099E-02"
"26-03-20 11:38:09.708","+1.9733482E-02"
"26-03-20 11:38:10.415","+1.8544332E-02"
"26-03-20 11:38:11.123","+1.8647166E-02"
"26-03-20 11:38:11.830","+2.6497401E-02"
"26-03-20 11:38:12.537","+1.8714389E-02"
"26-03-20 11:38:13.240","+1.9800455E-02"
"26-03-20 11:38:13.948","+1.8673031E-02"
"26-03-20 11:38:14.651","+1.9704118E-02"
"26-03-20 11:38:15.358","+1.8611305E-02"
"26-03-20 11:38:16.062","+2.3728883E-02"
"26-03-20 11:38:16.769","+1.8842713E-02"
"26-03-20 11:38:17.472","+2.3050405E-02"
"26-03-20 11:38:18.179","+1.8820222E-02"
"26-03-20 11:38:18.882","+1.8754373E-02"
"26-03-20 11:38:19.588","+2.2512245E-02"
"26-03-20 11:38:20.292","+1.8738754E-02"
"26-03-20 11:38:21.000","+1.9764219E-02"
"26-03-20 11:38:21.703","+1.8662660E-02"
"26-03-20 11:38:22.412","+1.9613030E-02"
"26-03-20 11:38:23.115","+1.8713640E-02"
"26-03-20 11:38:23.823","+1.9737355E-02"
"26-03-20 11:38:24.526","+1.8638045E-02"
"26-03-20 11:38:25.232","+1.8714764E-02"
"26-03-20 11:38:25.936","+1.8608931E-02"
"26-03-20 11:38:26.642","+1.8662160E-02"
"26-03-20 11:38:27.346","+1.9713864E-02"
"26-03-20 11:38:28.053","+1.8777989E-02"
"26-03-20 11:38:28.816","+1.9752974E-02"
"26-03-20 11:38:29.520","+1.8700395E-02"
"26-03-20 11:38:30.226","+1.9551304E-02"
"26-03-20 11:38:30.932","+1.8650790E-02"
"26-03-20 11:38:31.638","+1.8730258E-02"
"26-03-20 11:38:32.392","+1.9588914E-02"
"26-03-20 11:38:33.095","+1.8650790E-02"
"26-03-20 11:38:33.802","+2.3593188E-02"
"26-03-20 11:38:34.505","+1.8610056E-02"
"26-03-20 11:38:35.260","+2.2749400E-02"
"26-03-20 11:38:35.967","+1.8772866E-02"
"26-03-20 11:38:36.671","+2.0270142E-02"
"26-03-20 11:38:37.378","+1.8692148E-02"
"26-03-20 11:38:38.082","+1.8655163E-02"
"26-03-20 11:38:38.836","+2.3801354E-02"
"26-03-20 11:38:39.543","+1.8786360E-02"
"26-03-20 11:38:40.249","+2.2690799E-02"
"26-03-20 11:38:40.956","+1.8717888E-02"
"26-03-20 11:38:41.709","+1.9676130E-02"
"26-03-20 11:38:42.416","+1.8688275E-02"
"26-03-20 11:38:43.123","+1.8807102E-02"
"26-03-20 11:38:43.831","+1.8900565E-02"
"26-03-20 11:38:44.537","+1.8523216E-02"
"26-03-20 11:38:45.290","+1.9684501E-02"
"26-03-20 11:38:45.996","+1.8776739E-02"
"26-03-20 11:38:46.703","+1.9649890E-02"
"26-03-20 11:38:47.410","+1.8754623E-02"
"26-03-20 11:38:48.165","+1.9595662E-02"
"26-03-20 11:38:48.873","+1.8774990E-02"
"26-03-20 11:38:49.579","+1.8648541E-02"
"26-03-20 11:38:50.287","+1.9627899E-02"
"26-03-20 11:38:50.993","+1.8866828E-02"
"26-03-20 11:38:51.749","+1.9631772E-02"
"26-03-20 11:38:52.454","+1.8842088E-02"
"26-03-20 11:38:53.161","+1.9708866E-02"
"26-03-20 11:38:53.868","+1.8673031E-02"
"26-03-20 11:38:54.623","+1.8807477E-02"
"26-03-20 11:38:55.330","+1.8703394E-02"
"26-03-20 11:38:56.035","+1.8854833E-02"
"26-03-20 11:38:56.742","+1.9716239E-02"
"26-03-20 11:38:57.450","+1.8744252E-02"
"26-03-20 11:38:58.205","+1.9723236E-02"
"26-03-20 11:38:58.912","+1.8707767E-02"
"26-03-20 11:38:59.619","+1.9688874E-02"
"26-03-20 11:39:00.326","+1.8785611E-02"
"26-03-20 11:39:01.079","+1.8820722E-02"
"26-03-20 11:39:01.784","+1.8698146E-02"
"26-03-20 11:39:02.490","+1.8823845E-02"
"26-03-20 11:39:03.197","+1.9645267E-02"
"26-03-20 11:39:03.904","+1.8747751E-02"
"26-03-20 11:39:04.656","+1.9598536E-02"
"26-03-20 11:39:05.359","+1.8793608E-02"
"26-03-20 11:39:06.067","+1.9671132E-02"
"26-03-20 11:39:06.770","+1.8795607E-02"
"26-03-20 11:39:07.525","+1.8706642E-02"
"26-03-20 11:39:08.231","+2.0365854E-02"
"26-03-20 11:39:08.935","+1.8756747E-02"
"26-03-20 11:39:09.642","+2.2634321E-02"
"26-03-20 11:39:10.346","+1.8719387E-02"
"26-03-20 11:39:11.103","+2.2534361E-02"
"26-03-20 11:39:11.811","+1.8734381E-02"
"26-03-20 11:39:12.514","+1.9760346E-02"
"26-03-20 11:39:13.220","+1.8838340E-02"
"26-03-20 11:39:13.974","+1.8809976E-02"
"26-03-20 11:39:14.682","+2.0090839E-02"
"26-03-20 11:39:15.388","+2.4596286E-02"
"26-03-20 11:39:16.093","+1.9829818E-02"
"26-03-20 11:39:16.800","+1.8702769E-02"
"26-03-20 11:39:17.553","+1.9719362E-02"
"26-03-20 11:39:18.259","+1.8783737E-02"
"26-03-20 11:39:18.966","+1.8828843E-02"
"26-03-20 11:39:19.673","+1.8639919E-02"
"26-03-20 11:39:20.428","+1.8573571E-02"
"26-03-20 11:39:21.136","+1.9682752E-02"
"26-03-20 11:39:21.842","+1.8708392E-02"
"26-03-20 11:39:22.549","+1.9741853E-02"
"26-03-20 11:39:23.257","+1.8803354E-02"
"26-03-20 11:39:24.014","+1.9800080E-02"
"26-03-20 11:39:24.720","+1.8611430E-02"
"26-03-20 11:39:25.427","+1.8786360E-02"
"26-03-20 11:39:26.134","+1.9883047E-02"
"26-03-20 11:39:26.889","+1.8702144E-02"
"26-03-20 11:39:27.595","+1.9703993E-02"
"26-03-20 11:39:28.303","+1.8562075E-02"
"26-03-20 11:39:29.009","+1.9732232E-02"
"26-03-20 11:39:29.716","+1.8712765E-02"
"26-03-20 11:39:30.472","+1.8859706E-02"
"26-03-20 11:39:31.178","+1.8688400E-02"
"26-03-20 11:39:31.885","+1.8871826E-02"
"26-03-20 11:39:32.594","+1.9744352E-02"
"26-03-20 11:39:33.345","+1.8892443E-02"
"26-03-20 11:39:34.051","+2.0366478E-02"
"26-03-20 11:39:34.757","+1.8607307E-02"
"26-03-20 11:39:35.465","+2.3699145E-02"
"26-03-20 11:39:36.171","+1.8706517E-02"
"26-03-20 11:39:36.914","+1.8828843E-02"
"26-03-20 11:39:37.617","+1.8819597E-02"
"26-03-20 11:39:38.324","+1.8699270E-02"
"26-03-20 11:39:39.029","+1.9671756E-02"
"26-03-20 11:39:39.735","+1.8603933E-02"
"26-03-20 11:39:40.475","+1.9621776E-02"
"26-03-20 11:39:41.181","+1.8658786E-02"
"26-03-20 11:39:41.887","+1.9607657E-02"
"26-03-20 11:39:42.592","+1.8698770E-02"
"26-03-20 11:39:43.335","+1.8670532E-02"
"26-03-20 11:39:44.042","+1.9698246E-02"
"26-03-20 11:39:44.750","+1.8668408E-02"
"26-03-20 11:39:45.456","+1.9666508E-02"
"26-03-20 11:39:46.163","+5.4248176E-02"
"26-03-20 11:39:46.908","+2.3827844E-02"
"26-03-20 11:39:47.614","+1.8919057E-02"
"26-03-20 11:39:48.322","+7.6500150E-02"
"26-03-20 11:39:49.028","+1.8598186E-02"
"26-03-20 11:39:49.774","+1.8697896E-02"
"26-03-20 11:39:50.480","+7.2822746E-02"
"26-03-20 11:39:51.184","+1.8798481E-02"
"26-03-20 11:39:51.891","+2.0385846E-02"
"26-03-20 11:39:52.594","+5.8154363E-02"
"26-03-20 11:39:53.338","+5.6409936E-02"
"26-03-20 11:39:54.044","+7.4003773E-02"
"26-03-20 11:39:54.748","+1.9813325E-02"
"26-03-20 11:39:55.455","+1.8673531E-02"
"26-03-20 11:39:56.194","+1.8897316E-02"
"26-03-20 11:39:56.902","+1.9798706E-02"
"26-03-20 11:39:57.607","+1.8658162E-02"
"26-03-20 11:39:58.315","+1.9838565E-02"
"26-03-20 11:39:59.023","+1.8635046E-02"
"26-03-20 11:39:59.769","+1.9630273E-02"
"26-03-20 11:40:00.476","+1.8587690E-02"
"26-03-20 11:40:01.182","+1.8771491E-02"
"26-03-20 11:40:01.889","+1.8879448E-02"
"26-03-20 11:40:02.634","+1.8701020E-02"
"26-03-20 11:40:03.339","+2.2633322E-02"
"26-03-20 11:40:04.045","+1.8665659E-02"
"26-03-20 11:40:04.749","+1.9662135E-02"
"26-03-20 11:40:05.456","+1.8747376E-02"
"26-03-20 11:40:06.199","+2.2661435E-02"
"26-03-20 11:40:06.905","+1.8694522E-02"
"26-03-20 11:40:07.613","+1.8756372E-02"
"26-03-20 11:40:08.317","+1.8693897E-02"
"26-03-20 11:40:09.064","+1.8864704E-02"
"26-03-20 11:40:09.772","+1.9608657E-02"
"26-03-20 11:40:10.478","+1.8823346E-02"
"26-03-20 11:40:11.186","+1.9480083E-02"
"26-03-20 11:40:11.892","+1.8774115E-02"
"26-03-20 11:40:12.639","+2.0205293E-02"
"26-03-20 11:40:13.346","+1.8917308E-02"
"26-03-20 11:40:14.052","+1.8796731E-02"
"26-03-20 11:40:14.759","+1.9506697E-02"
"26-03-20 11:40:15.505","+1.8638295E-02"
"26-03-20 11:40:16.214","+1.9542183E-02"
"26-03-20 11:40:16.917","+1.8580443E-02"
"26-03-20 11:40:17.623","+1.9751974E-02"
"26-03-20 11:40:18.328","+1.8772241E-02"
"26-03-20 11:40:19.078","+1.9725610E-02"
"26-03-20 11:40:19.785","+7.1775540E-02"
"26-03-20 11:40:20.488","+1.8809476E-02"
"26-03-20 11:40:21.194","+1.9840564E-02"
"26-03-20 11:40:21.942","+1.8598186E-02"
"26-03-20 11:40:22.649","+1.9879923E-02"
"26-03-20 11:40:23.355","+1.8711640E-02"
"26-03-20 11:40:24.059","+1.9757597E-02"
"26-03-20 11:40:24.768","+1.8712515E-02"
"26-03-20 11:40:25.516","+1.8632297E-02"
"26-03-20 11:40:26.223","+1.8775865E-02"
"26-03-20 11:40:26.929","+1.8614054E-02"
"26-03-20 11:40:27.636","+1.9653639E-02"
"26-03-20 11:40:28.388","+1.8835716E-02"
"26-03-20 11:40:29.094","+4.9469712E-02"
"26-03-20 11:40:29.801","+2.9415234E-02"
"26-03-20 11:40:30.508","+2.2656937E-02"
"26-03-20 11:40:31.214","+1.8616054E-02"
"26-03-20 11:40:31.965","+1.8671406E-02"
"26-03-20 11:40:32.672","+1.9334891E-02"
"26-03-20 11:40:33.380","+1.8731257E-02"
"26-03-20 11:40:34.087","+1.9649265E-02"
"26-03-20 11:40:34.838","+1.8781862E-02"
"26-03-20 11:40:35.544","+1.9622901E-02"
"26-03-20 11:40:36.248","+1.8728509E-02"
"26-03-20 11:40:36.955","+1.9578793E-02"
"26-03-20 11:40:37.659","+1.8708392E-02"
"26-03-20 11:40:38.409","+6.3026914E-02"
"26-03-20 11:40:39.116","+1.9590914E-02"
"26-03-20 11:40:39.820","+1.8756123E-02"
"26-03-20 11:40:40.528","+5.9074120E-02"
"26-03-20 11:40:41.231","+1.8713015E-02"
"26-03-20 11:40:41.982","+1.9608906E-02"
"26-03-20 11:40:42.689","+1.8620177E-02"
"26-03-20 11:40:43.393","+1.9546806E-02"
"26-03-20 11:40:44.101","+1.8684276E-02"
"26-03-20 11:40:44.847","+1.8662910E-02"
"26-03-20 11:40:45.554","+1.9874925E-02"
"26-03-20 11:40:46.261","+1.8812475E-02"
"26-03-20 11:40:46.968","+1.9651389E-02"
"26-03-20 11:40:47.675","+1.8600935E-02"
"26-03-20 11:40:48.424","+1.9710241E-02"
"26-03-20 11:40:49.130","+1.8569197E-02"
"26-03-20 11:40:49.838","+1.8829093E-02"
"26-03-20 11:40:50.545","+1.8678154E-02"
"26-03-20 11:40:51.293","+1.8571197E-02"
"26-03-20 11:40:52.003","+1.9705743E-02"
"26-03-20 11:40:52.710","+1.8698770E-02"
"26-03-20 11:40:53.417","+1.9603659E-02"
"26-03-20 11:40:54.124","+1.8879448E-02"
"26-03-20 11:40:54.873","+1.9548556E-02"
"26-03-20 11:40:55.576","+1.8734756E-02"
"26-03-20 11:40:56.284","+1.8614554E-02"
"26-03-20 11:40:56.987","+1.8906687E-02"
"26-03-20 11:40:57.735","+1.8748376E-02"
"26-03-20 11:40:58.442","+1.9670757E-02"
"26-03-20 11:40:59.145","+1.8716139E-02"
"26-03-20 11:40:59.854","+1.9671631E-02"
"26-03-20 11:41:00.558","+1.8725260E-02"
"26-03-20 11:41:01.305","+1.9794082E-02"
"26-03-20 11:41:02.011","+3.2191748E-02"
"26-03-20 11:41:02.715","+4.1879248E-02"
"26-03-20 11:41:03.422","+1.9505073E-02"
"26-03-20 11:41:04.167","+1.8736630E-02"
"26-03-20 11:41:04.873","+6.6598486E-02"
"26-03-20 11:41:05.581","+1.8773241E-02"
"26-03-20 11:41:06.288","+1.9758222E-02"
"26-03-20 11:41:06.994","+1.8707267E-02"
"26-03-20 11:41:07.745","+1.8719887E-02"
"26-03-20 11:41:08.453","+1.8712765E-02"
"26-03-20 11:41:09.159","+6.2570722E-02"
"26-03-20 11:41:09.865","+2.0126949E-02"
"26-03-20 11:41:10.613","+1.8761370E-02"
"26-03-20 11:41:11.317","+1.9634896E-02"
"26-03-20 11:41:12.023","+1.8646916E-02"
"26-03-20 11:41:12.727","+1.9695247E-02"
"26-03-20 11:41:13.434","+1.8735756E-02"
"26-03-20 11:41:14.179","+1.8958542E-02"
"26-03-20 11:41:14.882","+1.8812225E-02"
"26-03-20 11:41:15.589","+2.0229658E-02"
"26-03-20 11:41:16.293","+2.0089464E-02"
"26-03-20 11:41:17.042","+1.8685651E-02"
"26-03-20 11:41:17.749","+1.9543058E-02"
"26-03-20 11:41:18.456","+1.8655788E-02"
"26-03-20 11:41:19.163","+1.9569547E-02"
"26-03-20 11:41:19.867","+1.8933302E-02"
"26-03-20 11:41:20.613","+1.8758122E-02"
"26-03-20 11:41:21.320","+1.9762345E-02"
"26-03-20 11:41:22.027","+1.8761870E-02"
"26-03-20 11:41:22.733","+1.9629898E-02"
"26-03-20 11:41:23.480","+4.9602909E-02"
"26-03-20 11:41:24.187","+2.5116828E-02"
"26-03-20 11:41:24.891","+1.8794357E-02"
"26-03-20 11:41:25.600","+2.7061800E-02"
"26-03-20 11:41:26.306","+4.7743278E-02"
"26-03-20 11:41:27.053","+1.8670407E-02"
"26-03-20 11:41:27.759","+1.9610281E-02"
"26-03-20 11:41:28.463","+1.8740379E-02"
"26-03-20 11:41:29.171","+2.4017768E-02"
"26-03-20 11:41:29.915","+1.8752999E-02"
"26-03-20 11:41:30.619","+2.2690674E-02"
"26-03-20 11:41:31.327","+1.8695272E-02"
"26-03-20 11:41:32.030","+1.9792208E-02"
"26-03-20 11:41:32.738","+1.8753873E-02"
"26-03-20 11:41:33.482","+1.8940549E-02"
"26-03-20 11:41:34.190","+4.6000225E-02"
"26-03-20 11:41:34.896","+2.8906063E-02"
"26-03-20 11:41:35.603","+1.9873176E-02"
"26-03-20 11:41:36.351","+1.8862330E-02"
"26-03-20 11:41:37.056","+1.9701494E-02"
"26-03-20 11:41:37.763","+1.8658412E-02"
"26-03-20 11:41:38.470","+1.8624550E-02"
"26-03-20 11:41:39.176","+1.8801979E-02"
"26-03-20 11:41:39.927","+1.8743128E-02"
"26-03-20 11:41:40.630","+1.9598161E-02"
"26-03-20 11:41:41.337","+1.8748626E-02"
"26-03-20 11:41:42.040","+1.9654263E-02"
"26-03-20 11:41:42.747","+1.8754373E-02"
"26-03-20 11:41:43.498","+1.9469087E-02"
"26-03-20 11:41:44.202","+1.8785236E-02"
"26-03-20 11:41:44.908","+1.8635296E-02"
"26-03-20 11:41:45.612","+1.8703394E-02"
"26-03-20 11:41:46.366","+1.8706517E-02"
"26-03-20 11:41:47.072","+1.9647766E-02"
"26-03-20 11:41:47.776","+1.8794732E-02"
"26-03-20 11:41:48.484","+2.0075720E-02"
"26-03-20 11:41:49.187","+1.8830718E-02"
"26-03-20 11:41:49.941","+1.9619652E-02"
"26-03-20 11:41:50.648","+1.8879323E-02"
"26-03-20 11:41:51.355","+1.8683901E-02"
"26-03-20 11:41:52.063","+1.9676629E-02"
"26-03-20 11:41:52.815","+5.6032837E-02"
"26-03-20 11:41:53.521","+1.9914034E-02"
"26-03-20 11:41:54.228","+1.8676654E-02"
"26-03-20 11:41:54.935","+1.9815949E-02"
"26-03-20 11:41:55.642","+2.0127324E-02"
"26-03-20 11:41:57.985","+1.8640544E-02"
"26-03-20 11:41:58.691","+1.9689374E-02"
"26-03-20 11:41:59.398","+1.8661910E-02"
"26-03-20 11:42:00.104","+1.9609281E-02"
"26-03-20 11:42:00.811","+1.8654913E-02"
"26-03-20 11:42:01.518","+1.8631797E-02"
"26-03-20 11:42:02.226","+1.8737005E-02"
"26-03-20 11:42:02.933","+1.8968538E-02"
"26-03-20 11:42:03.639","+1.9782587E-02"
"26-03-20 11:42:04.346","+1.8731632E-02"
"26-03-20 11:42:05.052","+1.9762345E-02"
"26-03-20 11:42:05.758","+1.8684526E-02"
"26-03-20 11:42:06.462","+1.9652514E-02"
"26-03-20 11:42:07.169","+1.8741004E-02"
"26-03-20 11:42:07.873","+2.0145817E-02"
"26-03-20 11:42:08.581","+1.8786735E-02"
"26-03-20 11:42:09.285","+1.8679528E-02"
"26-03-20 11:42:09.991","+1.9731357E-02"
"26-03-20 11:42:10.697","+1.8768618E-02"
"26-03-20 11:42:11.403","+1.9667508E-02"
"26-03-20 11:42:12.108","+1.8667783E-02"
"26-03-20 11:42:12.815","+1.9835066E-02"
"26-03-20 11:42:13.518","+1.8629173E-02"
"26-03-20 11:42:14.226","+1.9621401E-02"
"26-03-20 11:42:14.929","+1.8623551E-02"
"26-03-20 11:42:15.635","+1.8623800E-02"
"26-03-20 11:42:16.339","+1.8835966E-02"
"26-03-20 11:42:17.046","+1.8782112E-02"
"26-03-20 11:42:17.750","+1.9734981E-02"
"26-03-20 11:42:18.456","+1.8743128E-02"
"26-03-20 11:42:19.162","+1.9518068E-02"
"26-03-20 11:42:19.868","+1.8636920E-02"
"26-03-20 11:42:20.572","+1.9792458E-02"
"26-03-20 11:42:21.279","+1.8731133E-02"
"26-03-20 11:42:21.984","+1.8721636E-02"
"26-03-20 11:42:22.693","+1.8637295E-02"
"26-03-20 11:42:23.399","+1.8590439E-02"
"26-03-20 11:42:24.105","+1.9653639E-02"
"26-03-20 11:42:24.813","+1.8687275E-02"
"26-03-20 11:42:25.520","+1.9753599E-02"
"26-03-20 11:42:26.226","+1.8670282E-02"
"26-03-20 11:42:26.933","+2.0109706E-02"
"26-03-20 11:42:27.640","+1.8692523E-02"
"26-03-20 11:42:28.349","+1.9878923E-02"
"26-03-20 11:42:29.056","+1.8692398E-02"
"26-03-20 11:42:29.761","+1.8653913E-02"
"26-03-20 11:42:30.467","+1.9623401E-02"
"26-03-20 11:42:31.171","+1.8701769E-02"
"26-03-20 11:42:31.878","+1.9747851E-02"
"26-03-20 11:42:32.582","+1.8820847E-02"
"26-03-20 11:42:33.290","+1.9646891E-02"
"26-03-20 11:42:33.993","+1.8648041E-02"
"26-03-20 11:42:34.700","+1.9657762E-02"
"26-03-20 11:42:35.404","+1.8532712E-02"
"26-03-20 11:42:36.111","+1.8690649E-02"
"26-03-20 11:42:36.818","+1.9136096E-02"
"26-03-20 11:42:37.524","+5.9723111E-02"
"26-03-20 11:42:38.228","+2.0539909E-02"
"26-03-20 11:42:38.935","+1.8646416E-02"
"26-03-20 11:42:39.639","+1.9634021E-02"
"26-03-20 11:42:40.347","+1.8659286E-02"
"26-03-20 11:42:41.050","+1.9700745E-02"
"26-03-20 11:42:41.757","+1.8665659E-02"
"26-03-20 11:42:42.461","+1.8808477E-02"
"26-03-20 11:42:43.168","+1.8770367E-02"
"26-03-20 11:42:43.875","+1.8733507E-02"
"26-03-20 11:42:44.582","+1.9584666E-02"
"26-03-20 11:42:45.290","+1.8715764E-02"
"26-03-20 11:42:45.998","+2.0145567E-02"
"26-03-20 11:42:46.704","+1.8781362E-02"
"26-03-20 11:42:47.412","+1.9707117E-02"
"26-03-20 11:42:48.118","+1.8694772E-02"
"26-03-20 11:42:48.826","+1.9719362E-02"
"26-03-20 11:42:49.532","+1.8601684E-02"
"26-03-20 11:42:50.236","+1.8728009E-02"
"26-03-20 11:42:50.943","+1.9604658E-02"
"26-03-20 11:42:51.647","+1.8756872E-02"
"26-03-20 11:42:52.353","+1.9618153E-02"
"26-03-20 11:42:53.057","+1.8750375E-02"
"26-03-20 11:42:53.765","+1.9548056E-02"
"26-03-20 11:42:54.468","+1.8721761E-02"
"26-03-20 11:42:55.176","+1.9756098E-02"
"26-03-20 11:42:55.879","+1.8641169E-02"
"26-03-20 11:42:56.586","+1.8658537E-02"
"26-03-20 11:42:57.291","+1.8678029E-02"
"26-03-20 11:42:57.997","+1.8684901E-02"
"26-03-20 11:42:58.701","+1.9812950E-02"
"26-03-20 11:42:59.408","+1.8661535E-02"
"26-03-20 11:43:00.112","+1.9753099E-02"
"26-03-20 11:43:00.820","+1.8609806E-02"
"26-03-20 11:43:01.524","+1.9668133E-02"
"26-03-20 11:43:02.232","+1.8681902E-02"
"26-03-20 11:43:02.935","+2.2584216E-02"
"26-03-20 11:43:03.642","+1.8809726E-02"
"26-03-20 11:43:04.347","+1.8760996E-02"
"26-03-20 11:43:05.054","+2.2768643E-02"
"26-03-20 11:43:05.757","+1.8600810E-02"
"26-03-20 11:43:06.465","+1.9726235E-02"
"26-03-20 11:43:07.171","+1.8819097E-02"
"26-03-20 11:43:07.877","+1.9559926E-02"
"26-03-20 11:43:08.585","+1.8694397E-02"
"26-03-20 11:43:09.292","+1.9704868E-02"
"26-03-20 11:43:09.999","+1.8731882E-02"
"26-03-20 11:43:10.705","+1.8837340E-02"
"26-03-20 11:43:11.413","+2.2330818E-02"
"26-03-20 11:43:12.121","+1.8632047E-02"
"26-03-20 11:43:12.828","+1.9742103E-02"
"26-03-20 11:43:13.532","+1.8865329E-02"
"26-03-20 11:43:14.239","+1.9823071E-02"
"26-03-20 11:43:14.943","+1.8645542E-02"
"26-03-20 11:43:15.658","+1.9643018E-02"
"26-03-20 11:43:16.361","+1.8600685E-02"
"26-03-20 11:43:17.067","+1.8726884E-02"
"26-03-20 11:43:17.771","+1.8714764E-02"
"26-03-20 11:43:18.477","+1.8766868E-02"
"26-03-20 11:43:19.181","+1.9644642E-02"
"26-03-20 11:43:19.890","+1.8629548E-02"
"26-03-20 11:43:20.593","+1.9579543E-02"
"26-03-20 11:43:21.300","+1.8844837E-02"
"26-03-20 11:43:22.003","+1.9710991E-02"
"26-03-20 11:43:22.710","+1.8711265E-02"
"26-03-20 11:43:23.413","+1.8572696E-02"
"26-03-20 11:43:24.119","+1.8618303E-02"
"26-03-20 11:43:24.823","+1.8669157E-02"
"26-03-20 11:43:25.530","+1.9596786E-02"
"26-03-20 11:43:26.234","+1.8860831E-02"
"26-03-20 11:43:26.942","+1.9876549E-02"
"26-03-20 11:43:27.645","+1.8496601E-02"
"26-03-20 11:43:28.353","+1.9644267E-02"
"26-03-20 11:43:29.060","+1.8800980E-02"
"26-03-20 11:43:29.767","+2.3046157E-02"
"26-03-20 11:43:30.474","+1.8446122E-02"
"26-03-20 11:43:31.180","+1.8525090E-02"
"26-03-20 11:43:31.887","+4.2009321E-02"
"26-03-20 11:43:32.594","+3.3171232E-02"
"26-03-20 11:43:33.302","+2.2940949E-02"
"26-03-20 11:43:34.008","+5.5297506E-02"
"26-03-20 11:43:34.715","+2.0639244E-02"
"26-03-20 11:43:35.421","+1.8889694E-02"
"26-03-20 11:43:36.129","+7.0566398E-02"
"26-03-20 11:43:36.834","+1.8737880E-02"
"26-03-20 11:43:37.541","+1.8866204E-02"
"26-03-20 11:43:38.245","+7.6558377E-02"
"26-03-20 11:43:38.951","+1.8570572E-02"
"26-03-20 11:43:39.655","+1.9615904E-02"
"26-03-20 11:43:40.362","+1.8787235E-02"
"26-03-20 11:43:41.065","+1.9703619E-02"
"26-03-20 11:43:41.772","+1.8692148E-02"
"26-03-20 11:43:42.475","+1.9663135E-02"
"26-03-20 11:43:43.181","+1.8570697E-02"
"26-03-20 11:43:43.885","+1.9533562E-02"
"26-03-20 11:43:44.592","+1.8664659E-02"
"26-03-20 11:43:45.298","+1.8722886E-02"
"26-03-20 11:43:46.005","+1.9748101E-02"
"26-03-20 11:43:46.709","+1.8638670E-02"
"26-03-20 11:43:47.416","+1.9576544E-02"
"26-03-20 11:43:48.119","+1.8757872E-02"
"26-03-20 11:43:48.826","+1.9846062E-02"
"26-03-20 11:43:49.529","+1.8701644E-02"
"26-03-20 11:43:50.235","+1.9683876E-02"
"26-03-20 11:43:50.939","+1.8748501E-02"
"26-03-20 11:43:51.646","+1.8603059E-02"
"26-03-20 11:43:52.350","+1.9710866E-02"
"26-03-20 11:43:53.058","+1.8905688E-02"
"26-03-20 11:43:53.765","+1.9702744E-02"
"26-03-20 11:43:54.472","+1.8787985E-02"
"26-03-20 11:43:55.178","+1.9661011E-02"
"26-03-20 11:43:55.884","+1.8810351E-02"
"26-03-20 11:43:56.592","+1.9562550E-02"
"26-03-20 11:43:57.299","+1.8623426E-02"
"26-03-20 11:43:58.006","+1.8702519E-02"
"26-03-20 11:43:58.713","+1.8796356E-02"
"26-03-20 11:43:59.419","+1.8675905E-02"
"26-03-20 11:44:00.125","+1.9789584E-02"
"26-03-20 11:44:00.833","+1.8764994E-02"
"26-03-20 11:44:01.536","+1.9575545E-02"
"26-03-20 11:44:02.243","+1.8477609E-02"
"26-03-20 11:44:02.949","+2.0129323E-02"
"26-03-20 11:44:03.655","+1.8677654E-02"
"26-03-20 11:44:04.359","+1.9385496E-02"
"26-03-20 11:44:05.066","+1.8608931E-02"
"26-03-20 11:44:05.769","+1.8933801E-02"
"26-03-20 11:44:06.476","+1.9547931E-02"
"26-03-20 11:44:07.180","+1.8558452E-02"
"26-03-20 11:44:07.887","+2.0033612E-02"
"26-03-20 11:44:08.591","+1.8814349E-02"
"26-03-20 11:44:09.299","+1.9538560E-02"
"26-03-20 11:44:10.002","+5.1421182E-02"
"26-03-20 11:44:10.708","+2.3348036E-02"
"26-03-20 11:44:11.414","+1.8750750E-02"
"26-03-20 11:44:12.121","+5.9299655E-02"
"26-03-20 11:44:12.824","+1.9693123E-02"
"26-03-20 11:44:13.532","+1.8682777E-02"
"26-03-20 11:44:14.235","+7.3586440E-02"
"26-03-20 11:44:14.941","+1.8853709E-02"
"26-03-20 11:44:15.645","+1.9737355E-02"
"26-03-20 11:44:16.353","+6.9233057E-02"
"26-03-20 11:44:17.060","+1.9644392E-02"
"26-03-20 11:44:17.766","+1.8559201E-02"
"26-03-20 11:44:18.473","+1.8844462E-02"
"26-03-20 11:44:19.180","+1.8577819E-02"
"26-03-20 11:44:19.888","+1.8488605E-02"
"26-03-20 11:44:20.594","+1.9470462E-02"
"26-03-20 11:44:21.302","+1.8877824E-02"
"26-03-20 11:44:22.008","+2.0149440E-02"
"26-03-20 11:44:22.716","+1.8558702E-02"
"26-03-20 11:44:23.422","+1.9732982E-02"
"26-03-20 11:44:24.129","+1.8586191E-02"
"26-03-20 11:44:24.834","+2.2111031E-02"
"26-03-20 11:44:25.540","+1.8783986E-02"
"26-03-20 11:44:26.245","+1.8695022E-02"
"26-03-20 11:44:26.951","+1.9566174E-02"
"26-03-20 11:44:27.655","+1.8607932E-02"
"26-03-20 11:44:28.364","+2.3656787E-02"
"26-03-20 11:44:29.068","+1.8776989E-02"
"26-03-20 11:44:29.776","+2.2847611E-02"
"26-03-20 11:44:30.479","+1.8534086E-02"
"26-03-20 11:44:31.186","+1.9675880E-02"
"26-03-20 11:44:31.890","+1.8805478E-02"
"26-03-20 11:44:32.597","+1.8732632E-02"
"26-03-20 11:44:33.302","+1.9295157E-02"
"26-03-20 11:44:34.008","+1.8822846E-02"
"26-03-20 11:44:34.712","+2.2371052E-02"
"26-03-20 11:44:35.419","+1.8632297E-02"
"26-03-20 11:44:36.123","+1.9592288E-02"
"26-03-20 11:44:36.833","+1.8585566E-02"
"26-03-20 11:44:37.540","+1.9676130E-02"
"26-03-20 11:44:38.246","+1.8800605E-02"
"26-03-20 11:44:38.953","+1.8594812E-02"
"26-03-20 11:44:39.660","+1.8809476E-02"
"26-03-20 11:44:40.367","+1.8761121E-02"
"26-03-20 11:44:41.073","+2.0176429E-02"
"26-03-20 11:44:41.781","+1.8597436E-02"
"26-03-20 11:44:42.487","+1.9651514E-02"
"26-03-20 11:44:43.194","+1.8840464E-02"
"26-03-20 11:44:43.902","+1.9640894E-02"
"26-03-20 11:44:44.608","+1.8590689E-02"
"26-03-20 11:44:45.313","+1.9725735E-02"
"26-03-20 11:44:46.021","+1.8808976E-02"
"26-03-20 11:44:46.724","+1.8767868E-02"
"26-03-20 11:44:47.432","+1.9594662E-02"
"26-03-20 11:44:48.135","+6.0226909E-02"
"26-03-20 11:44:48.843","+1.9638270E-02"
"26-03-20 11:44:49.546","+1.8825970E-02"
"26-03-20 11:44:50.253","+7.4997501E-02"
"26-03-20 11:44:50.958","+1.8854708E-02"
"26-03-20 11:44:51.664","+1.9725235E-02"
"26-03-20 11:44:52.368","+6.7799380E-02"
"26-03-20 11:44:53.075","+1.8737005E-02"
"26-03-20 11:44:53.780","+2.1627474E-02"
"26-03-20 11:44:54.488","+5.3002299E-02"
"26-03-20 11:44:55.192","+1.9482707E-02"
"26-03-20 11:44:55.899","+1.8632547E-02"
"26-03-20 11:44:56.603","+1.9829818E-02"
"26-03-20 11:44:57.311","+1.8523591E-02"
"26-03-20 11:44:58.015","+1.9573421E-02"
"26-03-20 11:44:58.721","+1.8700145E-02"
"26-03-20 11:44:59.427","+2.2490879E-02"
"26-03-20 11:45:00.135","+1.8771242E-02"
"26-03-20 11:45:00.841","+1.8632922E-02"
"26-03-20 11:45:01.548","+1.9555928E-02"
"26-03-20 11:45:02.255","+1.8840839E-02"
"26-03-20 11:45:02.964","+1.9623526E-02"
"26-03-20 11:45:03.671","+1.8699020E-02"
"26-03-20 11:45:04.377","+1.9385246E-02"
"26-03-20 11:45:05.085","+1.8933552E-02"
"26-03-20 11:45:05.792","+1.9483457E-02"
"26-03-20 11:45:06.498","+1.8448121E-02"
"26-03-20 11:45:07.202","+1.8677279E-02"
"26-03-20 11:45:07.908","+1.9535311E-02"
"26-03-20 11:45:08.612","+1.8605183E-02"
"26-03-20 11:45:09.320","+1.9668383E-02"
"26-03-20 11:45:10.023","+1.8695647E-02"
"26-03-20 11:45:10.729","+1.9717613E-02"
"26-03-20 11:45:11.435","+1.8760371E-02"
"26-03-20 11:45:12.141","+1.9724485E-02"
"26-03-20 11:45:12.845","+1.8826594E-02"
"26-03-20 11:45:13.552","+1.8670407E-02"
"26-03-20 11:45:14.256","+1.9149590E-02"
"26-03-20 11:45:14.963","+1.8803104E-02"
"26-03-20 11:45:15.667","+1.9899040E-02"
"26-03-20 11:45:16.374","+1.8673531E-02"
"26-03-20 11:45:17.078","+1.9633522E-02"
"26-03-20 11:45:17.785","+1.8546331E-02"
"26-03-20 11:45:18.488","+1.9617153E-02"
"26-03-20 11:45:19.194","+1.8614054E-02"
"26-03-20 11:45:19.900","+1.9023641E-02"
"26-03-20 11:45:20.607","+1.8825220E-02"
"26-03-20 11:45:21.311","+1.8706392E-02"
"26-03-20 11:45:22.017","+1.9651264E-02"
"26-03-20 11:45:22.724","+1.8782987E-02"
"26-03-20 11:45:23.431","+1.9723111E-02"
"26-03-20 11:45:24.138","+1.8613555E-02"
"26-03-20 11:45:24.845","+1.9727859E-02"
"26-03-20 11:45:25.551","+1.8796356E-02"
"26-03-20 11:45:26.259","+1.9624650E-02"
"26-03-20 11:45:26.965","+1.8768992E-02"
"26-03-20 11:45:27.672","+1.8787735E-02"
"26-03-20 11:45:28.379","+1.9683876E-02"
"26-03-20 11:45:29.088","+2.6904988E-02"
"26-03-20 11:45:29.795","+4.7747901E-02"
"26-03-20 11:45:30.499","+7.2081417E-02"
"26-03-20 11:45:31.205","+1.9993253E-02"
"26-03-20 11:45:31.909","+1.8424130E-02"
"26-03-20 11:45:32.615","+1.9599660E-02"
"26-03-20 11:45:33.320","+1.8651789E-02"
"26-03-20 11:45:34.026","+1.8730258E-02"
"26-03-20 11:45:34.730","+1.8836091E-02"
"26-03-20 11:45:35.437","+1.8576195E-02"
"26-03-20 11:45:36.140","+1.9498076E-02"
"26-03-20 11:45:36.854","+1.8770617E-02"
"26-03-20 11:45:37.610","+1.9626899E-02"
"26-03-20 11:45:38.313","+1.8624550E-02"
"26-03-20 11:45:39.021","+2.0094837E-02"
"26-03-20 11:45:39.724","+1.8689524E-02"
"26-03-20 11:45:40.431","+1.8844712E-02"
"26-03-20 11:45:41.135","+1.9244552E-02"
"26-03-20 11:45:41.842","+7.0629123E-02"
"26-03-20 11:45:42.545","+6.8461365E-02"
"26-03-20 11:45:43.251","+1.8880573E-02"
"26-03-20 11:45:43.955","+1.9913535E-02"
"26-03-20 11:45:44.662","+7.4468463E-02"
"26-03-20 11:45:45.366","+1.9740104E-02"
"26-03-20 11:45:46.074","+1.8573321E-02"
"26-03-20 11:45:46.777","+1.8808727E-02"
"26-03-20 11:45:47.484","+1.8674280E-02"
"26-03-20 11:45:48.187","+1.8594437E-02"
"26-03-20 11:45:48.893","+2.1116928E-02"
"26-03-20 11:45:49.597","+1.9968138E-02"
"26-03-20 11:45:50.304","+1.9863305E-02"
"26-03-20 11:45:51.007","+1.8637920E-02"
"26-03-20 11:45:51.714","+1.9572296E-02"
"26-03-20 11:45:52.420","+1.8564199E-02"
"26-03-20 11:45:53.127","+1.9743353E-02"
"26-03-20 11:45:53.834","+1.8780488E-02"
"26-03-20 11:45:54.542","+1.8642293E-02"
"26-03-20 11:45:55.250","+1.9722861E-02"
"26-03-20 11:45:55.957","+1.8739504E-02"
"26-03-20 11:45:56.664","+1.9828194E-02"
"26-03-20 11:45:57.371","+1.8785611E-02"
"26-03-20 11:45:58.078","+2.0281887E-02"
"26-03-20 11:45:58.785","+1.8859831E-02"
"26-03-20 11:45:59.492","+1.9571172E-02"
"26-03-20 11:46:00.195","+1.8848711E-02"
"26-03-20 11:46:00.902","+1.8714014E-02"
"26-03-20 11:46:01.607","+1.8652664E-02"
"26-03-20 11:46:02.314","+1.8683402E-02"
"26-03-20 11:46:03.019","+1.9666633E-02"
"26-03-20 11:46:03.725","+1.8757122E-02"
"26-03-20 11:46:04.429","+1.9575670E-02"
"26-03-20 11:46:05.137","+1.8763620E-02"
"26-03-20 11:46:05.841","+2.1488030E-02"
"26-03-20 11:46:06.547","+1.8528963E-02"
"26-03-20 11:46:07.251","+1.8674905E-02"
"26-03-20 11:46:07.957","+1.8824470E-02"
"26-03-20 11:46:08.661","+1.8762370E-02"
"26-03-20 11:46:09.368","+1.9600285E-02"
"26-03-20 11:46:10.071","+5.1297856E-02"
"26-03-20 11:46:10.778","+2.3258322E-02"
"26-03-20 11:46:11.481","+1.8713889E-02"
"26-03-20 11:46:12.188","+1.9552929E-02"
"26-03-20 11:46:12.892","+1.8676529E-02"
"26-03-20 11:46:13.598","+1.9506947E-02"
"26-03-20 11:46:14.302","+1.8595187E-02"
"26-03-20 11:46:15.009","+1.8790984E-02"
"26-03-20 11:46:15.713","+1.9708367E-02"
"26-03-20 11:46:16.420","+4.5628998E-02"
"26-03-20 11:46:17.127","+3.0714214E-02"
"26-03-20 11:46:17.834","+1.8949420E-02"
"26-03-20 11:46:18.539","+6.0359481E-02"
"26-03-20 11:46:19.246","+1.8766244E-02"
"26-03-20 11:46:19.953","+1.9618653E-02"
"26-03-20 11:46:20.661","+7.4170582E-02"
"26-03-20 11:46:21.367","+1.8809726E-02"
"26-03-20 11:46:22.075","+1.8719012E-02"
"26-03-20 11:46:22.782","+6.7438400E-02"
"26-03-20 11:46:23.488","+2.0342613E-02"
"26-03-20 11:46:24.195","+1.8708891E-02"
"26-03-20 11:46:24.899","+1.9573421E-02"
"26-03-20 11:46:25.606","+1.8686400E-02"
"26-03-20 11:46:26.311","+1.9548805E-02"
"26-03-20 11:46:27.017","+1.8817223E-02"
"26-03-20 11:46:27.721","+1.8812850E-02"
"26-03-20 11:46:28.428","+1.8589439E-02"
"26-03-20 11:46:29.134","+1.8485106E-02"
"26-03-20 11:46:29.841","+1.9619027E-02"
"26-03-20 11:46:30.544","+1.8819847E-02"
"26-03-20 11:46:31.252","+1.9491453E-02"
"26-03-20 11:46:31.955","+1.8651664E-02"
"26-03-20 11:46:32.662","+1.9738355E-02"
"26-03-20 11:46:33.367","+1.8722386E-02"
"26-03-20 11:46:34.073","+1.9653639E-02"
"26-03-20 11:46:34.777","+1.8485481E-02"
"26-03-20 11:46:35.484","+1.8791483E-02"
"26-03-20 11:46:36.188","+1.9832692E-02"
"26-03-20 11:46:36.896","+1.8580943E-02"
"26-03-20 11:46:37.601","+1.9481457E-02"
"26-03-20 11:46:38.307","+1.8650790E-02"
"26-03-20 11:46:39.013","+1.9624025E-02"
"26-03-20 11:46:39.720","+1.8571696E-02"
"26-03-20 11:46:40.427","+1.9630023E-02"
"26-03-20 11:46:41.133","+1.8581068E-02"
"26-03-20 11:46:41.841","+1.8774865E-02"
"26-03-20 11:46:42.548","+1.8766244E-02"
"26-03-20 11:46:43.254","+1.8571321E-02"
"26-03-20 11:46:43.961","+1.9618403E-02"
"26-03-20 11:46:44.668","+1.8778988E-02"
"26-03-20 11:46:45.375","+1.9535061E-02"
"26-03-20 11:46:46.084","+1.8730383E-02"
"26-03-20 11:46:46.787","+1.9742228E-02"
"26-03-20 11:46:47.494","+1.8569197E-02"
"26-03-20 11:46:48.199","+1.8813100E-02"
"26-03-20 11:46:48.905","+1.8810601E-02"
"26-03-20 11:46:49.609","+1.8647166E-02"
"26-03-20 11:46:50.315","+1.9716488E-02"
"26-03-20 11:46:51.019","+1.8547706E-02"
"26-03-20 11:46:51.727","+1.9573795E-02"
"26-03-20 11:46:52.430","+1.8599560E-02"
"26-03-20 11:46:53.137","+2.3556702E-02"
"26-03-20 11:46:53.842","+1.8799605E-02"
"26-03-20 11:46:54.562","+2.2691049E-02"
"26-03-20 11:46:55.266","+1.8775865E-02"
"26-03-20 11:46:55.973","+1.8819472E-02"
"26-03-20 11:46:56.680","+7.3350285E-02"
"26-03-20 11:46:57.386","+1.8787985E-02"
"26-03-20 11:46:58.094","+1.9785336E-02"
"26-03-20 11:46:58.801","+6.9349135E-02"
"26-03-20 11:46:59.507","+1.9485081E-02"
"26-03-20 11:47:00.214","+1.8893443E-02"
"26-03-20 11:47:00.922","+5.8711016E-02"
"26-03-20 11:47:01.628","+1.8624425E-02"
"26-03-20 11:47:02.336","+1.8744877E-02"
"26-03-20 11:47:03.042","+1.8820847E-02"
"26-03-20 11:47:03.750","+1.8659411E-02"
"26-03-20 11:47:04.454","+1.9481457E-02"
"26-03-20 11:47:05.161","+1.8546581E-02"
"26-03-20 11:47:05.864","+2.3705893E-02"
"26-03-20 11:47:06.571","+1.8904313E-02"
"26-03-20 11:47:07.274","+2.2962565E-02"
"26-03-20 11:47:07.980","+1.8687150E-02"
"26-03-20 11:47:08.684","+1.8624175E-02"
"26-03-20 11:47:09.391","+1.8791358E-02"
"26-03-20 11:47:10.095","+1.8701394E-02"
"26-03-20 11:47:10.802","+1.9592038E-02"
"26-03-20 11:47:11.505","+1.8710641E-02"
"26-03-20 11:47:12.214","+1.9728109E-02"
"26-03-20 11:47:12.917","+1.8777864E-02"
"26-03-20 11:47:13.623","+1.9720112E-02"
"26-03-20 11:47:14.327","+1.8672656E-02"
"26-03-20 11:47:15.034","+2.3959541E-02"
"26-03-20 11:47:15.738","+1.8559201E-02"
"26-03-20 11:47:16.445","+1.8570197E-02"
"26-03-20 11:47:17.149","+1.9725235E-02"
"26-03-20 11:47:17.856","+1.8719887E-02"
"26-03-20 11:47:18.559","+2.2602334E-02"
"26-03-20 11:47:19.266","+1.8703269E-02"
"26-03-20 11:47:19.970","+1.9549305E-02"
"26-03-20 11:47:20.678","+1.8671906E-02"
"26-03-20 11:47:21.385","+1.9738605E-02"
"26-03-20 11:47:22.091","+1.8860956E-02"
"26-03-20 11:47:22.799","+1.8621426E-02"
"26-03-20 11:47:23.506","+1.8685526E-02"
"26-03-20 11:47:24.212","+1.8588939E-02"
"26-03-20 11:47:24.919","+1.9800580E-02"
"26-03-20 11:47:25.626","+1.8843713E-02"
"26-03-20 11:47:26.334","+1.9535436E-02"
"26-03-20 11:47:27.041","+1.8862330E-02"
"26-03-20 11:47:27.745","+1.9776589E-02"
"26-03-20 11:47:28.452","+1.8703893E-02"
"26-03-20 11:47:29.158","+1.8828843E-02"
"26-03-20 11:47:29.865","+1.8721386E-02"
"26-03-20 11:47:30.568","+1.8680028E-02"
"26-03-20 11:47:31.274","+2.2558727E-02"
"26-03-20 11:47:31.978","+1.8538210E-02"
"26-03-20 11:47:32.685","+1.9611156E-02"
"26-03-20 11:47:33.388","+1.8702519E-02"
"26-03-20 11:47:34.095","+2.0286260E-02"
"26-03-20 11:47:34.799","+1.8737130E-02"
"26-03-20 11:47:35.506","+1.9587165E-02"
"26-03-20 11:47:36.210","+1.8741753E-02"
"26-03-20 11:47:36.917","+1.8703644E-02"
"26-03-20 11:47:37.622","+1.9605658E-02"
"26-03-20 11:47:38.329","+1.8604183E-02"
"26-03-20 11:47:39.032","+2.3625550E-02"
"26-03-20 11:47:39.738","+1.8619302E-02"
"26-03-20 11:47:40.442","+2.2773765E-02"
"26-03-20 11:47:41.150","+1.8713515E-02"
"26-03-20 11:47:41.854","+1.9835191E-02"
"26-03-20 11:47:42.561","+1.8779363E-02"
"26-03-20 11:47:43.265","+1.8894317E-02"
"26-03-20 11:47:43.972","+1.8824970E-02"
"26-03-20 11:47:44.675","+1.8645542E-02"
"26-03-20 11:47:45.381","+1.9827069E-02"
"26-03-20 11:47:46.087","+1.8646541E-02"
"26-03-20 11:47:46.796","+1.9634271E-02"
"26-03-20 11:47:47.503","+1.8766493E-02"
"26-03-20 11:47:48.210","+1.9726359E-02"
"26-03-20 11:47:48.917","+1.8803354E-02"
"26-03-20 11:47:49.624","+1.9512945E-02"
"26-03-20 11:47:50.331","+1.8735381E-02"
"26-03-20 11:47:51.039","+1.8797606E-02"
"26-03-20 11:47:51.745","+1.9774340E-02"
"26-03-20 11:47:52.450","+1.8608307E-02"
"26-03-20 11:47:53.158","+2.0371476E-02"
"26-03-20 11:47:53.861","+1.8582067E-02"
"26-03-20 11:47:54.568","+1.9736980E-02"
"26-03-20 11:47:55.274","+1.8629173E-02"
"26-03-20 11:47:55.981","+1.9612280E-02"
"26-03-20 11:47:56.685","+1.8676030E-02"
"26-03-20 11:47:57.391","+1.8628299E-02"
"26-03-20 11:47:58.102","+1.9611405E-02"
"26-03-20 11:47:58.810","+1.8964414E-02"
"26-03-20 11:47:59.513","+2.3731257E-02"
"26-03-20 11:48:00.219","+1.8840339E-02"
"26-03-20 11:48:00.923","+2.2561350E-02"
"26-03-20 11:48:01.630","+1.8677154E-02"
"26-03-20 11:48:02.333","+2.2773391E-02"
"26-03-20 11:48:03.040","+1.8625175E-02"
"26-03-20 11:48:03.746","+1.8753749E-02"
"26-03-20 11:48:04.453","+1.8810226E-02"
"26-03-20 11:48:05.159","+1.9010646E-02"
"26-03-20 11:48:05.866","+1.9858307E-02"
"26-03-20 11:48:06.573","+1.8664534E-02"
"26-03-20 11:48:07.279","+2.3866328E-02"
"26-03-20 11:48:07.986","+1.8566573E-02"
"26-03-20 11:48:08.694","+2.2614829E-02"
"26-03-20 11:48:09.400","+1.8734631E-02"
"26-03-20 11:48:10.107","+2.1643093E-02"
"26-03-20 11:48:10.815","+1.8798106E-02"
"26-03-20 11:48:11.521","+1.8709141E-02"
"26-03-20 11:48:12.230","+2.0153813E-02"
"26-03-20 11:48:12.934","+1.8604308E-02"
"26-03-20 11:48:13.642","+1.9531937E-02"
"26-03-20 11:48:14.346","+1.8668283E-02"
"26-03-20 11:48:15.052","+1.9817073E-02"
"26-03-20 11:48:15.757","+1.8717763E-02"
"26-03-20 11:48:16.463","+1.9851309E-02"
"26-03-20 11:48:17.167","+1.8522466E-02"
"26-03-20 11:48:17.874","+1.8771491E-02"
"26-03-20 11:48:18.578","+1.9641268E-02"
"26-03-20 11:48:19.286","+1.8833717E-02"
"26-03-20 11:48:19.989","+1.9597786E-02"
"26-03-20 11:48:20.698","+1.8582942E-02"
"26-03-20 11:48:21.401","+1.9583292E-02"
"26-03-20 11:48:22.108","+1.8603559E-02"
"26-03-20 11:48:22.813","+1.9721237E-02"
"26-03-20 11:48:23.519","+1.8828469E-02"
"26-03-20 11:48:24.223","+1.8810851E-02"
"26-03-20 11:48:24.931","+1.8694522E-02"
"26-03-20 11:48:25.634","+1.8635421E-02"
"26-03-20 11:48:26.342","+2.3702269E-02"
"26-03-20 11:48:27.047","+1.8846836E-02"
"26-03-20 11:48:27.754","+2.2789884E-02"
"26-03-20 11:48:28.461","+1.8652039E-02"
"26-03-20 11:48:29.167","+2.2883222E-02"
"26-03-20 11:48:29.876","+1.8706018E-02"
"26-03-20 11:48:30.584","+2.1935226E-02"
"26-03-20 11:48:31.291","+1.8862330E-02"
"26-03-20 11:48:31.997","+1.8755498E-02"
"26-03-20 11:48:32.704","+1.9719737E-02"
"26-03-20 11:48:33.411","+1.8794357E-02"
"26-03-20 11:48:34.118","+1.9822571E-02"
"26-03-20 11:48:34.822","+1.8793733E-02"
"26-03-20 11:48:35.529","+1.9693872E-02"
"26-03-20 11:48:36.233","+1.8747251E-02"
"26-03-20 11:48:36.940","+1.9722236E-02"
"26-03-20 11:48:37.644","+1.8709016E-02"
"26-03-20 11:48:38.353","+1.8672031E-02"
"26-03-20 11:48:39.057","+1.9554053E-02"
"26-03-20 11:48:39.764","+1.8649540E-02"
"26-03-20 11:48:40.469","+1.9601160E-02"
"26-03-20 11:48:41.175","+1.8544207E-02"
"26-03-20 11:48:41.879","+1.9652139E-02"
"26-03-20 11:48:42.586","+1.8535211E-02"
"26-03-20 11:48:43.291","+1.9458966E-02"
"26-03-20 11:48:43.998","+1.8643168E-02"
"26-03-20 11:48:44.701","+1.8563450E-02"
"26-03-20 11:48:45.409","+1.8681277E-02"
"26-03-20 11:48:46.112","+1.8737755E-02"
"26-03-20 11:48:46.821","+2.2691049E-02"
"26-03-20 11:48:47.528","+1.8743378E-02"
"26-03-20 11:48:48.235","+2.2735656E-02"
"26-03-20 11:48:48.942","+1.8701269E-02"
"26-03-20 11:48:49.648","+2.0471187E-02"
"26-03-20 11:48:50.356","+1.8576195E-02"
"26-03-20 11:48:51.063","+2.0065474E-02"
"26-03-20 11:48:51.769","+1.8806477E-02"
"26-03-20 11:48:52.476","+1.8714514E-02"
"26-03-20 11:48:53.183","+1.9356257E-02"
"26-03-20 11:48:53.890","+1.8885446E-02"
"26-03-20 11:48:54.598","+1.9199445E-02"
"26-03-20 11:48:55.303","+1.8565574E-02"
"26-03-20 11:48:56.010","+1.9369627E-02"
"26-03-20 11:48:56.714","+1.8655163E-02"
"26-03-20 11:48:57.420","+1.9375500E-02"
"26-03-20 11:48:58.124","+1.8597561E-02"
"26-03-20 11:48:58.832","+1.8583692E-02"
"26-03-20 11:48:59.535","+1.9447721E-02"
"26-03-20 11:49:00.241","+1.8730008E-02"
"26-03-20 11:49:00.945","+1.9573920E-02"
"26-03-20 11:49:01.651","+1.8540459E-02"
"26-03-20 11:49:02.355","+1.9226809E-02"
"26-03-20 11:49:03.062","+1.8628674E-02"
"26-03-20 11:49:03.768","+1.9654013E-02"
"26-03-20 11:49:04.474","+1.8840964E-02"
"26-03-20 11:49:05.178","+1.8585691E-02"
"26-03-20 11:49:05.886","+1.8724135E-02"
"26-03-20 11:49:06.589","+1.8717638E-02"
"26-03-20 11:49:07.296","+2.7366054E-02"
"26-03-20 11:49:08.000","+1.8861580E-02"
"26-03-20 11:49:08.705","+1.9659011E-02"
"26-03-20 11:49:09.409","+1.8906312E-02"
"26-03-20 11:49:10.116","+2.0266643E-02"
"26-03-20 11:49:10.821","+1.8621801E-02"
"26-03-20 11:49:11.527","+1.9807077E-02"
"26-03-20 11:49:12.234","+1.8770992E-02"
"26-03-20 11:49:12.942","+1.8751250E-02"
"26-03-20 11:49:13.649","+1.9757847E-02"
"26-03-20 11:49:14.356","+1.8606307E-02"
"26-03-20 11:49:15.063","+1.9723736E-02"
"26-03-20 11:49:15.769","+1.8749750E-02"
"26-03-20 11:49:16.476","+1.9459841E-02"
"26-03-20 11:49:17.184","+1.8633422E-02"
"26-03-20 11:49:17.890","+1.9674505E-02"
"26-03-20 11:49:18.595","+1.8861580E-02"
"26-03-20 11:49:19.303","+4.2412160E-02"
"26-03-20 11:49:20.006","+3.2479258E-02"
"26-03-20 11:49:20.712","+1.8858332E-02"
"26-03-20 11:49:21.418","+1.9650640E-02"
"26-03-20 11:49:22.124","+1.8797856E-02"
"26-03-20 11:49:22.829","+2.3718388E-02"
"26-03-20 11:49:23.535","+1.8676654E-02"
"26-03-20 11:49:24.239","+2.2778514E-02"
"26-03-20 11:49:24.945","+1.8825220E-02"
"26-03-20 11:49:25.649","+1.8651539E-02"
"26-03-20 11:49:26.356","+1.8669157E-02"
"26-03-20 11:49:27.060","+1.8807727E-02"
"26-03-20 11:49:27.766","+1.9759471E-02"
"26-03-20 11:49:28.471","+1.8567948E-02"
"26-03-20 11:49:29.177","+2.0184301E-02"
"26-03-20 11:49:29.883","+1.8760871E-02"
"26-03-20 11:49:30.590","+1.9780463E-02"
"26-03-20 11:49:31.294","+1.8776614E-02"
"26-03-20 11:49:32.001","+1.9590914E-02"
"26-03-20 11:49:32.705","+1.8866328E-02"
"26-03-20 11:49:33.412","+1.8695522E-02"
"26-03-20 11:49:34.115","+1.9580293E-02"
"26-03-20 11:49:34.822","+1.8599060E-02"
"26-03-20 11:49:35.525","+1.9680753E-02"
"26-03-20 11:49:36.231","+1.8776115E-02"
"26-03-20 11:49:36.937","+1.9606407E-02"
"26-03-20 11:49:37.645","+1.8834466E-02"
"26-03-20 11:49:38.352","+1.9584541E-02"
"26-03-20 11:49:39.058","+1.8734131E-02"
"26-03-20 11:49:39.765","+1.8681402E-02"
"26-03-20 11:49:40.472","+1.8730758E-02"
"26-03-20 11:49:41.179","+1.8729258E-02"
"26-03-20 11:49:41.886","+2.2731657E-02"
"26-03-20 11:49:42.593","+1.8779488E-02"
"26-03-20 11:49:43.301","+2.2628324E-02"
"26-03-20 11:49:44.008","+1.8543208E-02"
"26-03-20 11:49:44.711","+1.9631772E-02"
"26-03-20 11:49:45.417","+1.8690774E-02"
"26-03-20 11:49:46.121","+2.2724910E-02"
"26-03-20 11:49:46.830","+1.8664909E-02"
"26-03-20 11:49:47.533","+1.8705893E-02"
"26-03-20 11:49:48.240","+2.1082317E-02"
"26-03-20 11:49:48.944","+1.8805603E-02"
"26-03-20 11:49:49.650","+1.9622026E-02"
"26-03-20 11:49:50.354","+1.8778863E-02"
"26-03-20 11:49:51.062","+1.9640019E-02"
"26-03-20 11:49:51.765","+1.8744752E-02"
"26-03-20 11:49:52.471","+1.9832192E-02"
"26-03-20 11:49:53.175","+1.9016643E-02"
"26-03-20 11:49:53.881","+1.8589314E-02"
"26-03-20 11:49:54.585","+2.1541383E-02"
"26-03-20 11:49:55.294","+1.8819222E-02"
"26-03-20 11:49:55.997","+6.6434551E-02"
"26-03-20 11:49:56.703","+1.8899440E-02"
"26-03-20 11:49:57.407","+1.9768718E-02"
"26-03-20 11:49:58.114","+1.8804353E-02"
"26-03-20 11:49:58.817","+1.9618528E-02"
"26-03-20 11:49:59.524","+1.8547831E-02"
"26-03-20 11:50:00.228","+1.8959791E-02"
"26-03-20 11:50:00.934","+1.8666034E-02"
"26-03-20 11:50:01.641","+1.8618303E-02"
"26-03-20 11:50:02.349","+1.9759096E-02"
"26-03-20 11:50:03.055","+1.8836091E-02"
"26-03-20 11:50:03.762","+1.9588415E-02"
"26-03-20 11:50:04.470","+1.8632672E-02"
"26-03-20 11:50:05.177","+1.9602159E-02"
"26-03-20 11:50:05.883","+1.8585066E-02"
"26-03-20 11:50:06.590","+1.8794982E-02"
"26-03-20 11:50:07.298","+1.8757872E-02"
"26-03-20 11:50:08.004","+1.8560951E-02"
"26-03-20 11:50:08.711","+1.9766094E-02"
"26-03-20 11:50:09.415","+1.8786860E-02"
"26-03-20 11:50:10.122","+1.9728359E-02"
"26-03-20 11:50:10.827","+1.8704643E-02"
"26-03-20 11:50:11.533","+1.9648391E-02"
"26-03-20 11:50:12.238","+1.8659411E-02"
"26-03-20 11:50:12.946","+1.9670757E-02"
"26-03-20 11:50:13.650","+1.8813725E-02"
"26-03-20 11:50:14.358","+1.8866204E-02"
"26-03-20 11:50:15.061","+1.9607782E-02"
"26-03-20 11:50:15.768","+1.8651040E-02"
"26-03-20 11:50:16.472","+1.9552929E-02"
"26-03-20 11:50:17.178","+1.8615679E-02"
"26-03-20 11:50:17.882","+2.3568448E-02"
"26-03-20 11:50:18.589","+1.8816723E-02"
"26-03-20 11:50:19.300","+2.2640319E-02"
"26-03-20 11:50:20.006","+1.8770117E-02"
"26-03-20 11:50:20.713","+1.8720137E-02"
"26-03-20 11:50:21.423","+1.8492478E-02"
"26-03-20 11:50:22.130","+1.8683652E-02"
"26-03-20 11:50:22.837","+1.9833567E-02"
"26-03-20 11:50:23.543","+1.8727759E-02"
"26-03-20 11:50:24.250","+1.9628898E-02"
"26-03-20 11:50:24.957","+1.8798731E-02"
"26-03-20 11:50:25.664","+1.9537310E-02"
"26-03-20 11:50:26.372","+1.8609681E-02"
"26-03-20 11:50:27.077","+1.9223810E-02"
"26-03-20 11:50:27.785","+1.8727634E-02"
"26-03-20 11:50:28.488","+1.8606807E-02"
"26-03-20 11:50:29.195","+1.9592038E-02"
"26-03-20 11:50:29.901","+1.8686400E-02"
"26-03-20 11:50:30.608","+1.9802204E-02"
"26-03-20 11:50:31.313","+1.8786610E-02"
"26-03-20 11:50:32.019","+1.9867928E-02"
"26-03-20 11:50:32.723","+1.8546207E-02"
"26-03-20 11:50:33.431","+1.9764594E-02"
"26-03-20 11:50:34.134","+1.8708766E-02"
"26-03-20 11:50:34.842","+1.8923431E-02"
"26-03-20 11:50:35.545","+1.9868678E-02"
"26-03-20 11:50:36.252","+1.8653039E-02"
"26-03-20 11:50:36.957","+2.2581218E-02"
"26-03-20 11:50:37.663","+1.8658412E-02"
"26-03-20 11:50:38.369","+1.9744852E-02"
"26-03-20 11:50:39.076","+1.8659286E-02"
"26-03-20 11:50:39.779","+1.9741229E-02"
"26-03-20 11:50:40.486","+1.8754873E-02"
"26-03-20 11:50:41.190","+1.8758497E-02"
"26-03-20 11:50:41.897","+1.8678404E-02"
"26-03-20 11:50:42.604","+1.8574945E-02"
"26-03-20 11:50:43.312","+2.2600710E-02"
"26-03-20 11:50:44.019","+1.8770242E-02"
"26-03-20 11:50:44.725","+1.9509696E-02"
"26-03-20 11:50:45.432","+1.8679403E-02"
"26-03-20 11:50:46.139","+2.2877349E-02"
"26-03-20 11:50:46.847","+1.8758497E-02"
"26-03-20 11:50:47.555","+1.8822971E-02"
"26-03-20 11:50:48.263","+1.8744502E-02"
"26-03-20 11:50:48.966","+1.8854333E-02"
"26-03-20 11:50:49.672","+1.9530563E-02"
"26-03-20 11:50:50.376","+1.8740504E-02"
"26-03-20 11:50:51.083","+2.3583692E-02"
"26-03-20 11:50:51.786","+1.8495602E-02"
"26-03-20 11:50:52.493","+2.2605083E-02"
"26-03-20 11:50:53.197","+1.8648291E-02"
"26-03-20 11:50:53.904","+1.9449095E-02"
"26-03-20 11:50:54.609","+1.8737380E-02"
"26-03-20 11:50:55.316","+1.8625550E-02"
"26-03-20 11:50:56.021","+1.9754348E-02"
"26-03-20 11:50:56.728","+1.8590814E-02"
"26-03-20 11:50:57.432","+2.3802104E-02"
"26-03-20 11:50:58.139","+1.8660161E-02"
"26-03-20 11:50:58.844","+2.2591963E-02"
"26-03-20 11:50:59.551","+1.8972411E-02"
"26-03-20 11:51:00.254","+1.9669257E-02"
"26-03-20 11:51:00.961","+1.8769242E-02"
"26-03-20 11:51:01.666","+1.8491728E-02"
"26-03-20 11:51:02.372","+1.8602809E-02"
"26-03-20 11:51:03.076","+1.8656662E-02"
"26-03-20 11:51:03.783","+1.9525190E-02"
"26-03-20 11:51:04.492","+1.8842588E-02"
"26-03-20 11:51:05.199","+2.0085716E-02"
"26-03-20 11:51:05.904","+1.8620177E-02"
"26-03-20 11:51:06.610","+2.1379323E-02"
"26-03-20 11:51:07.318","+1.8851584E-02"
"26-03-20 11:51:08.024","+1.8991528E-02"
"26-03-20 11:51:08.732","+1.8569197E-02"
"26-03-20 11:51:09.438","+1.8638295E-02"
"26-03-20 11:51:10.145","+1.9543058E-02"
"26-03-20 11:51:10.853","+1.8608557E-02"
"26-03-20 11:51:11.559","+1.9782712E-02"
"26-03-20 11:51:12.263","+1.8848086E-02"
"26-03-20 11:51:12.972","+1.9570047E-02"
"26-03-20 11:51:13.676","+1.8862455E-02"
"26-03-20 11:51:14.382","+1.9629148E-02"
"26-03-20 11:51:15.087","+1.8784111E-02"
"26-03-20 11:51:15.794","+1.8656787E-02"
"26-03-20 11:51:16.497","+1.9628149E-02"
"26-03-20 11:51:17.203","+1.8767368E-02"
"26-03-20 11:51:17.907","+1.9572546E-02"
"26-03-20 11:51:18.613","+1.8659661E-02"
"26-03-20 11:51:19.318","+1.9631148E-02"
"26-03-20 11:51:20.025","+1.8855833E-02"
"26-03-20 11:51:20.728","+1.9595412E-02"
"26-03-20 11:51:21.436","+1.8673780E-02"
"26-03-20 11:51:22.140","+1.8601185E-02"
"26-03-20 11:51:22.847","+1.8634421E-02"
"26-03-20 11:51:23.550","+1.8925555E-02"
"26-03-20 11:51:24.256","+2.4144092E-02"
"26-03-20 11:51:24.960","+1.8668907E-02"
"26-03-20 11:51:25.666","+2.2648566E-02"
"26-03-20 11:51:26.370","+1.8532837E-02"
"26-03-20 11:51:27.077","+2.6607607E-02"
"26-03-20 11:51:27.780","+4.8918558E-02"
"26-03-20 11:51:28.486","+2.2556602E-02"
"26-03-20 11:51:29.189","+3.6670332E-02"
"26-03-20 11:51:29.895","+3.6986955E-02"
"26-03-20 11:51:30.609","+1.9562175E-02"
"26-03-20 11:51:31.316","+3.7900715E-02"
"26-03-20 11:51:32.023","+3.7260346E-02"
"26-03-20 11:51:32.729","+1.8796981E-02"
"26-03-20 11:51:33.437","+6.7779513E-02"
"26-03-20 11:51:34.143","+1.8745627E-02"
"26-03-20 11:51:34.851","+1.9807952E-02"
"26-03-20 11:51:35.557","+1.8773366E-02"
"26-03-20 11:51:36.265","+1.8799855E-02"
"26-03-20 11:51:36.969","+1.9564424E-02"
"26-03-20 11:51:37.676","+1.8751499E-02"
"26-03-20 11:51:38.379","+1.9797206E-02"
"26-03-20 11:51:39.088","+1.8779863E-02"
"26-03-20 11:51:39.791","+1.9540934E-02"
"26-03-20 11:51:40.499","+1.8688774E-02"
"26-03-20 11:51:41.202","+1.9463340E-02"
"26-03-20 11:51:41.908","+1.8709516E-02"
"26-03-20 11:51:42.612","+1.8752374E-02"
"26-03-20 11:51:43.319","+1.8654413E-02"
"26-03-20 11:51:44.022","+1.8684026E-02"
"26-03-20 11:51:44.729","+1.9568173E-02"
"26-03-20 11:51:45.433","+1.8509471E-02"
"26-03-20 11:51:46.140","+1.9763595E-02"
"26-03-20 11:51:46.843","+1.8717763E-02"
"26-03-20 11:51:47.552","+1.9573296E-02"
"26-03-20 11:51:48.256","+1.8765619E-02"
"26-03-20 11:51:48.962","+1.9395867E-02"
"26-03-20 11:51:49.666","+1.8941174E-02"
"26-03-20 11:51:50.373","+1.8657662E-02"
"26-03-20 11:51:51.077","+1.9507822E-02"
"26-03-20 11:51:51.785","+1.8819972E-02"
"26-03-20 11:51:52.491","+1.9580793E-02"
"26-03-20 11:51:53.198","+1.8758747E-02"
"26-03-20 11:51:53.905","+2.3760246E-02"
"26-03-20 11:51:54.612","+1.8758372E-02"
"26-03-20 11:51:55.319","+2.2690924E-02"
"26-03-20 11:51:56.027","+1.8776864E-02"
"26-03-20 11:51:56.733","+1.8653039E-02"
"26-03-20 11:51:57.441","+1.9871926E-02"
"26-03-20 11:51:58.148","+1.8833592E-02"
"26-03-20 11:51:58.855","+2.0033861E-02"
"26-03-20 11:51:59.561","+1.8754873E-02"
"26-03-20 11:52:00.265","+1.9544682E-02"
"26-03-20 11:52:00.972","+1.8622801E-02"
"26-03-20 11:52:01.675","+1.9633397E-02"
"26-03-20 11:52:02.382","+1.8625925E-02"
"26-03-20 11:52:03.086","+1.8813849E-02"
"26-03-20 11:52:03.794","+1.8632672E-02"
"26-03-20 11:52:04.499","+1.8692898E-02"
"26-03-20 11:52:05.205","+4.6108931E-02"
"26-03-20 11:52:05.909","+2.9053753E-02"
"26-03-20 11:52:06.615","+1.9617653E-02"
"26-03-20 11:52:07.319","+5.9019142E-02"
"26-03-20 11:52:08.026","+1.9553803E-02"
"26-03-20 11:52:08.730","+1.8835591E-02"
"26-03-20 11:52:09.438","+2.3831592E-02"
"26-03-20 11:52:10.142","+1.8485231E-02"
"26-03-20 11:52:10.849","+1.8548955E-02"
"26-03-20 11:52:11.552","+7.2572096E-02"
"26-03-20 11:52:12.259","+1.8782237E-02"
"26-03-20 11:52:12.962","+1.9453094E-02"
"26-03-20 11:52:13.669","+1.8650165E-02"
"26-03-20 11:52:14.372","+1.9746227E-02"
"26-03-20 11:52:15.078","+1.8668533E-02"
"26-03-20 11:52:15.782","+2.3728009E-02"
"26-03-20 11:52:16.489","+1.8685651E-02"
"26-03-20 11:52:17.196","+1.8696271E-02"
"26-03-20 11:52:17.903","+1.8580943E-02"
"26-03-20 11:52:18.610","+1.8762870E-02"
"26-03-20 11:52:19.317","+2.2661560E-02"
"26-03-20 11:52:20.023","+1.8555078E-02"
"26-03-20 11:52:20.730","+1.9751974E-02"
"26-03-20 11:52:21.438","+1.8567198E-02"
"26-03-20 11:52:22.146","+2.0206168E-02"
"26-03-20 11:52:22.853","+1.8633172E-02"
"26-03-20 11:52:23.560","+1.8765494E-02"
"26-03-20 11:52:24.266","+1.8801854E-02"
"26-03-20 11:52:24.970","+1.8707017E-02"
"26-03-20 11:52:25.677","+1.9554053E-02"
"26-03-20 11:52:26.382","+1.8740379E-02"
"26-03-20 11:52:27.088","+1.9622401E-02"
"26-03-20 11:52:27.793","+1.8772491E-02"
"26-03-20 11:52:28.499","+1.9702494E-02"
"26-03-20 11:52:29.203","+1.8608806E-02"
"26-03-20 11:52:29.910","+1.9508322E-02"
"26-03-20 11:52:30.616","+1.8548581E-02"
"26-03-20 11:52:31.323","+1.8734006E-02"
"26-03-20 11:52:32.026","+1.9647016E-02"
"26-03-20 11:52:32.734","+1.8698521E-02"
"26-03-20 11:52:33.438","+1.9738854E-02"
"26-03-20 11:52:34.144","+1.8609306E-02"
"26-03-20 11:52:34.849","+1.9667258E-02"
"26-03-20 11:52:35.555","+1.8750000E-02"
"26-03-20 11:52:36.259","+1.9865929E-02"
"26-03-20 11:52:36.966","+1.8454618E-02"
"26-03-20 11:52:37.670","+1.8633672E-02"
"26-03-20 11:52:38.377","+1.8741878E-02"
"26-03-20 11:52:39.086","+1.8681402E-02"
"26-03-20 11:52:39.793","+1.9836066E-02"
"26-03-20 11:52:40.500","+1.8684276E-02"
"26-03-20 11:52:41.206","+1.9952394E-02"
"26-03-20 11:52:41.914","+1.8658786E-02"
"26-03-20 11:52:42.620","+1.9528813E-02"
"26-03-20 11:52:43.328","+1.8771117E-02"
"26-03-20 11:52:44.042","+2.2520242E-02"
"26-03-20 11:52:44.800","+2.0074095E-02"
"26-03-20 11:52:45.506","+1.8839464E-02"
"26-03-20 11:52:46.213","+1.9455593E-02"
"26-03-20 11:52:46.920","+1.8768618E-02"
"26-03-20 11:52:47.675","+1.9680378E-02"
"26-03-20 11:52:48.381","+1.8601559E-02"
"26-03-20 11:52:49.089","+1.9795582E-02"
"26-03-20 11:52:49.796","+1.8613305E-02"
"26-03-20 11:52:50.502","+1.8682152E-02"
"26-03-20 11:52:51.257","+1.9607782E-02"
"26-03-20 11:52:51.963","+1.8651414E-02"
"26-03-20 11:52:52.671","+1.9774715E-02"
"26-03-20 11:52:53.377","+1.8855833E-02"
"26-03-20 11:52:54.131","+1.9756223E-02"
"26-03-20 11:52:54.837","+1.8698895E-02"
"26-03-20 11:52:55.543","+2.1315474E-02"
"26-03-20 11:52:56.251","+1.8608057E-02"
"26-03-20 11:52:56.958","+1.8828594E-02"
"26-03-20 11:52:57.714","+1.9653639E-02"
"26-03-20 11:52:58.421","+1.8593688E-02"
"26-03-20 11:52:59.127","+1.9588789E-02"
"26-03-20 11:52:59.835","+1.8797731E-02"
"26-03-20 11:53:00.590","+2.0134321E-02"
"26-03-20 11:53:01.296","+1.8799355E-02"
"26-03-20 11:53:02.003","+1.8684901E-02"
"26-03-20 11:53:02.709","+1.8946796E-02"
"26-03-20 11:53:03.417","+1.8691273E-02"
"26-03-20 11:53:04.173","+1.9674130E-02"
"26-03-20 11:53:04.880","+1.8786485E-02"
"26-03-20 11:53:05.589","+1.9582167E-02"
"26-03-20 11:53:06.296","+1.8736131E-02"
"26-03-20 11:53:07.050","+1.9463839E-02"
"26-03-20 11:53:07.753","+1.8718138E-02"
"26-03-20 11:53:08.459","+1.8831093E-02"
"26-03-20 11:53:09.165","+2.1624100E-02"
"26-03-20 11:53:09.872","+1.8735006E-02"
"26-03-20 11:53:10.624","+2.2584341E-02"
"26-03-20 11:53:11.327","+1.8607182E-02"
"26-03-20 11:53:12.034","+1.9437100E-02"
"26-03-20 11:53:12.738","+1.8699395E-02"
"26-03-20 11:53:13.491","+1.8573196E-02"
"26-03-20 11:53:14.200","+1.8817098E-02"
"26-03-20 11:53:14.903","+2.6243253E-02"
"26-03-20 11:53:15.610","+2.3538210E-02"
"26-03-20 11:53:16.313","+1.8626799E-02"
"26-03-20 11:53:17.068","+2.2418658E-02"
"26-03-20 11:53:17.775","+1.8657037E-02"
"26-03-20 11:53:18.478","+1.9569172E-02"
"26-03-20 11:53:19.185","+1.8768118E-02"
"26-03-20 11:53:19.937","+1.8782737E-02"
"26-03-20 11:53:20.643","+2.0535036E-02"
"26-03-20 11:53:21.351","+1.8440874E-02"
"26-03-20 11:53:22.056","+1.9541433E-02"
"26-03-20 11:53:22.765","+1.8585191E-02"
"26-03-20 11:53:23.517","+1.9653763E-02"
"26-03-20 11:53:24.223","+1.8602309E-02"
"26-03-20 11:53:24.931","+2.3810601E-02"
"26-03-20 11:53:25.637","+1.8693398E-02"
"26-03-20 11:53:26.395","+1.8680278E-02"
"26-03-20 11:53:27.101","+1.9810076E-02"
"26-03-20 11:53:27.809","+1.8763994E-02"
"26-03-20 11:53:28.515","+2.2538610E-02"
"26-03-20 11:53:29.222","+1.8683901E-02"
"26-03-20 11:53:29.980","+1.9597536E-02"
"26-03-20 11:53:30.686","+1.8780988E-02"
"26-03-20 11:53:31.395","+1.8762245E-02"
"26-03-20 11:53:32.102","+1.8631422E-02"
"26-03-20 11:53:32.858","+1.8598436E-02"
"26-03-20 11:53:33.565","+1.9693872E-02"
"26-03-20 11:53:34.272","+1.8640294E-02"
"26-03-20 11:53:34.980","+1.9632022E-02"
"26-03-20 11:53:35.686","+1.8739879E-02"
"26-03-20 11:53:36.441","+1.9616778E-02"
"26-03-20 11:53:37.148","+1.8770742E-02"
"26-03-20 11:53:37.856","+1.8733756E-02"
"26-03-20 11:53:38.563","+1.9698995E-02"
"26-03-20 11:53:39.270","+1.8811600E-02"
"26-03-20 11:53:40.027","+2.2405663E-02"
"26-03-20 11:53:40.733","+1.8806228E-02"
"26-03-20 11:53:41.440","+1.9711990E-02"
"26-03-20 11:53:42.147","+1.8651040E-02"
"26-03-20 11:53:42.903","+1.8723885E-02"
"26-03-20 11:53:43.609","+1.8729258E-02"
"26-03-20 11:53:44.317","+1.8762495E-02"
"26-03-20 11:53:45.023","+1.9684876E-02"
"26-03-20 11:53:45.730","+1.8722886E-02"
"26-03-20 11:53:46.486","+1.9557802E-02"
"26-03-20 11:53:47.192","+1.8810101E-02"
"26-03-20 11:53:47.899","+1.9607032E-02"
"26-03-20 11:53:48.606","+1.8768992E-02"
"26-03-20 11:53:49.362","+1.8719262E-02"
"26-03-20 11:53:50.069","+1.8860456E-02"
"26-03-20 11:53:50.774","+1.8527464E-02"
"26-03-20 11:53:51.480","+1.9762595E-02"
"26-03-20 11:53:52.187","+1.8631797E-02"
"26-03-20 11:53:52.930","+1.9779588E-02"
"26-03-20 11:53:53.638","+1.8817973E-02"
"26-03-20 11:53:54.341","+1.9757472E-02"
"26-03-20 11:53:55.048","+1.8755373E-02"
"26-03-20 11:53:55.788","+1.8537585E-02"
"26-03-20 11:53:56.493","+1.9643268E-02"
"26-03-20 11:53:57.199","+1.8646167E-02"
"26-03-20 11:53:57.905","+2.0166808E-02"
"26-03-20 11:53:58.611","+1.8720137E-02"
"26-03-20 11:53:59.352","+1.9579543E-02"
"26-03-20 11:54:00.058","+1.8656662E-02"
"26-03-20 11:54:00.766","+1.9738480E-02"
"26-03-20 11:54:01.472","+1.8662410E-02"
"26-03-20 11:54:02.217","+1.8602934E-02"
"26-03-20 11:54:02.920","+1.9595787E-02"
"26-03-20 11:54:03.627","+1.8611056E-02"
"26-03-20 11:54:04.334","+1.9537310E-02"
"26-03-20 11:54:05.041","+1.8598810E-02"
"26-03-20 11:54:05.783","+1.9642018E-02"
"26-03-20 11:54:06.488","+1.8544457E-02"
"26-03-20 11:54:07.194","+1.9644517E-02"
"26-03-20 11:54:07.898","+1.8559826E-02"
"26-03-20 11:54:08.641","+1.8778114E-02"
"26-03-20 11:54:09.348","+2.2688924E-02"
"26-03-20 11:54:10.055","+1.8706392E-02"
"26-03-20 11:54:10.762","+1.9728234E-02"
"26-03-20 11:54:11.465","+1.8803479E-02"
"26-03-20 11:54:12.209","+1.9632647E-02"
"26-03-20 11:54:12.915","+1.8725260E-02"
"26-03-20 11:54:13.621","+2.2763270E-02"
"26-03-20 11:54:14.329","+1.8685276E-02"
"26-03-20 11:54:15.076","+1.8751749E-02"
"26-03-20 11:54:15.783","+1.9507197E-02"
"26-03-20 11:54:16.487","+1.8746127E-02"
"26-03-20 11:54:17.194","+2.3128249E-02"
"26-03-20 11:54:17.897","+2.6400190E-02"
"26-03-20 11:54:18.643","+1.9562800E-02"
"26-03-20 11:54:19.349","+1.8836465E-02"
"26-03-20 11:54:20.053","+1.8785736E-02"
"26-03-20 11:54:20.760","+1.8559826E-02"
"26-03-20 11:54:21.503","+1.8529088E-02"
"26-03-20 11:54:22.209","+1.9700370E-02"
"26-03-20 11:54:22.916","+1.8628674E-02"
"26-03-20 11:54:23.625","+1.9699370E-02"
"26-03-20 11:54:24.332","+1.8779238E-02"
"26-03-20 11:54:25.078","+1.9622526E-02"
"26-03-20 11:54:25.784","+1.8795232E-02"
"26-03-20 11:54:26.491","+1.8731882E-02"
"26-03-20 11:54:27.198","+1.9541433E-02"
"26-03-20 11:54:27.946","+1.8551954E-02"
"26-03-20 11:54:28.649","+1.9595662E-02"
"26-03-20 11:54:29.357","+1.8761370E-02"
"26-03-20 11:54:30.062","+1.9578669E-02"
"26-03-20 11:54:30.769","+1.8686775E-02"
"26-03-20 11:54:31.513","+1.9520067E-02"
"26-03-20 11:54:32.216","+1.8849085E-02"
"26-03-20 11:54:32.924","+1.8632172E-02"
"26-03-20 11:54:33.627","+1.9732107E-02"
"26-03-20 11:54:34.378","+1.8713140E-02"
"26-03-20 11:54:35.084","+1.9667383E-02"
"26-03-20 11:54:35.788","+1.8669157E-02"
"26-03-20 11:54:36.494","+2.0189299E-02"
"26-03-20 11:54:37.198","+1.8764619E-02"
"26-03-20 11:54:37.949","+5.1898366E-02"
"26-03-20 11:54:38.656","+2.1875875E-02"
"26-03-20 11:54:39.363","+1.8706267E-02"
"26-03-20 11:54:40.069","+1.9869552E-02"
"26-03-20 11:54:40.821","+1.8631922E-02"
"26-03-20 11:54:41.530","+1.9721237E-02"
"26-03-20 11:54:42.236","+1.8636046E-02"
"26-03-20 11:54:42.943","+1.9652389E-02"
"26-03-20 11:54:43.650","+1.8658786E-02"
"26-03-20 11:54:44.404","+1.9013395E-02"
"26-03-20 11:54:45.110","+1.9659636E-02"
"26-03-20 11:54:45.818","+1.8653664E-02"
"26-03-20 11:54:46.524","+1.9866553E-02"
"26-03-20 11:54:47.275","+1.8605183E-02"
"26-03-20 11:54:47.978","+1.9588665E-02"
"26-03-20 11:54:48.685","+1.8622426E-02"
"26-03-20 11:54:49.392","+1.9902164E-02"
"26-03-20 11:54:50.102","+1.8634921E-02"
"26-03-20 11:54:50.852","+1.8672281E-02"
"26-03-20 11:54:51.555","+2.2535486E-02"
"26-03-20 11:54:52.261","+1.8462615E-02"
"26-03-20 11:54:52.965","+1.9610281E-02"
"26-03-20 11:54:53.715","+1.8637670E-02"
"26-03-20 11:54:54.421","+1.9744477E-02"
"26-03-20 11:54:55.125","+1.8601684E-02"
"26-03-20 11:54:55.832","+2.0264519E-02"
"26-03-20 11:54:56.535","+1.8622801E-02"
"26-03-20 11:54:57.285","+1.8774990E-02"
"26-03-20 11:54:57.991","+5.2364679E-02"
"26-03-20 11:54:58.700","+2.2097286E-02"
"26-03-20 11:54:59.406","+1.9814824E-02"
"26-03-20 11:55:00.153","+1.8605433E-02"
"26-03-20 11:55:00.860","+1.9685126E-02"
"26-03-20 11:55:01.566","+1.8680653E-02"
"26-03-20 11:55:02.274","+1.8624675E-02"
"26-03-20 11:55:02.980","+1.8638045E-02"
"26-03-20 11:55:03.732","+1.8702519E-02"
"26-03-20 11:55:04.438","+1.9579293E-02"
"26-03-20 11:55:05.144","+1.8673031E-02"
"26-03-20 11:55:05.851","+1.9738730E-02"
"26-03-20 11:55:06.557","+1.8628174E-02"
"26-03-20 11:55:07.315","+1.9950645E-02"
"26-03-20 11:55:08.021","+1.8557327E-02"
"26-03-20 11:55:08.728","+1.8499600E-02"
"26-03-20 11:55:09.435","+1.9516943E-02"
"26-03-20 11:55:10.182","+1.8619052E-02"
"26-03-20 11:55:10.886","+1.9514569E-02"
"26-03-20 11:55:11.593","+1.8771866E-02"
"26-03-20 11:55:12.298","+1.9743478E-02"
"26-03-20 11:55:13.004","+1.8598186E-02"
"26-03-20 11:55:13.750","+1.9675755E-02"
"26-03-20 11:55:14.453","+1.8789109E-02"
"26-03-20 11:55:15.160","+1.8600060E-02"
"26-03-20 11:55:15.864","+1.9676005E-02"
"26-03-20 11:55:16.613","+1.8574945E-02"
"26-03-20 11:55:17.320","+1.9437975E-02"
"26-03-20 11:55:18.026","+1.8716139E-02"
"26-03-20 11:55:18.733","+1.9745227E-02"
"26-03-20 11:55:19.437","+1.8637795E-02"
"26-03-20 11:55:20.184","+1.8660661E-02"
"26-03-20 11:55:20.890","+1.8664034E-02"
"26-03-20 11:55:21.598","+1.8743378E-02"
"26-03-20 11:55:22.305","+1.9989879E-02"
"26-03-20 11:55:23.055","+1.8868952E-02"
"26-03-20 11:55:23.763","+1.9708617E-02"
"26-03-20 11:55:24.469","+1.8520467E-02"
"26-03-20 11:55:25.177","+1.9488080E-02"
"26-03-20 11:55:25.883","+1.8783612E-02"
"26-03-20 11:55:26.631","+1.8682027E-02"
"26-03-20 11:55:27.339","+1.8695897E-02"
"26-03-20 11:55:28.042","+1.8675030E-02"
"26-03-20 11:55:28.749","+1.9592038E-02"
"26-03-20 11:55:29.493","+1.8674405E-02"
"26-03-20 11:55:30.197","+1.9674130E-02"
"26-03-20 11:55:30.905","+1.8673780E-02"
"26-03-20 11:55:31.608","+2.3608682E-02"
"26-03-20 11:55:32.316","+1.8817098E-02"
"26-03-20 11:55:33.059","+1.8715264E-02"
"26-03-20 11:55:33.768","+2.0013869E-02"
"26-03-20 11:55:34.474","+1.8738130E-02"
"26-03-20 11:55:35.178","+2.2777139E-02"
"26-03-20 11:55:35.925","+1.8752624E-02"
"26-03-20 11:55:36.632","+2.2852234E-02"
"26-03-20 11:55:37.339","+1.8779738E-02"
"26-03-20 11:55:38.046","+2.2732657E-02"
"26-03-20 11:55:38.752","+1.8538585E-02"
"26-03-20 11:55:39.500","+1.8689524E-02"
"26-03-20 11:55:40.203","+1.9672006E-02"
"26-03-20 11:55:40.909","+1.8800480E-02"
"26-03-20 11:55:41.615","+1.9726110E-02"
"26-03-20 11:55:42.364","+1.8779613E-02"
"26-03-20 11:55:43.071","+1.9629398E-02"
"26-03-20 11:55:43.775","+1.8649665E-02"
"26-03-20 11:55:44.483","+1.9566798E-02"
"26-03-20 11:55:45.186","+1.8752749E-02"
"26-03-20 11:55:45.933","+1.8712890E-02"
"26-03-20 11:55:46.640","+1.9511320E-02"
"26-03-20 11:55:47.345","+1.8599810E-02"
"26-03-20 11:55:48.051","+1.9561925E-02"
"26-03-20 11:55:48.796","+1.8869327E-02"
"26-03-20 11:55:49.502","+1.9621901E-02"
"26-03-20 11:55:50.209","+1.8706517E-02"
"26-03-20 11:55:50.918","+1.8608057E-02"
"26-03-20 11:55:51.624","+1.8845712E-02"
"26-03-20 11:55:52.374","+1.8522341E-02"
"26-03-20 11:55:53.080","+2.0381972E-02"
"26-03-20 11:55:53.788","+1.8704393E-02"
"26-03-20 11:55:54.495","+2.2559601E-02"
"26-03-20 11:55:55.245","+1.8679903E-02"
"26-03-20 11:55:55.948","+2.2582717E-02"
"26-03-20 11:55:56.655","+1.8656038E-02"
"26-03-20 11:55:57.362","+1.8809476E-02"
"26-03-20 11:55:58.069","+1.9202444E-02"
"26-03-20 11:55:58.822","+1.8665034E-02"
"26-03-20 11:55:59.526","+2.2850235E-02"
"26-03-20 11:56:00.232","+1.8511845E-02"
"26-03-20 11:56:00.936","+1.9662135E-02"
"26-03-20 11:56:01.644","+2.6255498E-02"
"26-03-20 11:56:02.395","+1.9698246E-02"
"26-03-20 11:56:03.098","+1.8712515E-02"
"26-03-20 11:56:03.805","+1.8720262E-02"
"26-03-20 11:56:04.508","+1.9629648E-02"
"26-03-20 11:56:05.262","+1.8818098E-02"
"26-03-20 11:56:05.968","+1.9627774E-02"
"26-03-20 11:56:06.672","+1.8734756E-02"
"26-03-20 11:56:07.378","+2.1501274E-02"
"26-03-20 11:56:08.082","+1.8707267E-02"
"26-03-20 11:56:08.852","+1.8783487E-02"
"26-03-20 11:56:09.558","+7.5338490E-02"
"26-03-20 11:56:10.262","+1.8804478E-02"
"26-03-20 11:56:10.970","+1.9620777E-02"
"26-03-20 11:56:11.674","+1.8759996E-02"
"26-03-20 11:56:12.381","+2.0192548E-02"
"26-03-20 11:56:13.085","+1.8776364E-02"
"26-03-20 11:56:13.793","+1.9679128E-02"
"26-03-20 11:56:14.497","+1.8570072E-02"
"26-03-20 11:56:15.203","+1.9433477E-02"
"26-03-20 11:56:15.907","+1.8557702E-02"
"26-03-20 11:56:16.614","+1.8463989E-02"
"26-03-20 11:56:17.320","+1.9581043E-02"
"26-03-20 11:56:18.028","+1.8633297E-02"
"26-03-20 11:56:18.731","+1.9734981E-02"
"26-03-20 11:56:19.438","+1.8597811E-02"
"26-03-20 11:56:20.144","+1.9850435E-02"
"26-03-20 11:56:20.852","+1.8713515E-02"
"26-03-20 11:56:21.558","+1.9584041E-02"
"26-03-20 11:56:22.264","+1.8743378E-02"
"26-03-20 11:56:22.971","+1.8694772E-02"
"26-03-20 11:56:23.678","+1.9777714E-02"
"26-03-20 11:56:24.385","+1.8544832E-02"
"26-03-20 11:56:25.093","+1.9561675E-02"
"26-03-20 11:56:25.801","+1.8583067E-02"
"26-03-20 11:56:26.507","+1.9656387E-02"
"26-03-20 11:56:27.215","+1.8742378E-02"
"26-03-20 11:56:27.918","+1.9575670E-02"
"26-03-20 11:56:28.626","+1.8654288E-02"
"26-03-20 11:56:29.330","+1.8604558E-02"
"26-03-20 11:56:30.036","+1.8850835E-02"
"26-03-20 11:56:30.740","+1.8586690E-02"
"26-03-20 11:56:31.447","+2.3981158E-02"
"26-03-20 11:56:32.152","+1.8751374E-02"
"26-03-20 11:56:32.859","+2.2635071E-02"
"26-03-20 11:56:33.562","+1.8624175E-02"
"26-03-20 11:56:34.271","+1.9645767E-02"
"26-03-20 11:56:34.974","+1.8629923E-02"
"26-03-20 11:56:35.681","+1.9186076E-02"
"26-03-20 11:56:36.385","+1.8667408E-02"
"26-03-20 11:56:37.092","+1.8733007E-02"
"26-03-20 11:56:37.797","+1.9711865E-02"
"26-03-20 11:56:38.505","+1.8470737E-02"
"26-03-20 11:56:39.209","+1.9759721E-02"
"26-03-20 11:56:39.915","+1.8601185E-02"
"26-03-20 11:56:40.619","+2.3796107E-02"
"26-03-20 11:56:41.327","+1.8606058E-02"
"26-03-20 11:56:42.033","+2.2497751E-02"
"26-03-20 11:56:42.742","+1.8913560E-02"
"26-03-20 11:56:43.449","+1.8772741E-02"
"26-03-20 11:56:44.155","+1.9597786E-02"
"26-03-20 11:56:44.863","+1.8801354E-02"
"26-03-20 11:56:45.569","+1.9690249E-02"
"26-03-20 11:56:46.277","+1.8683152E-02"
"26-03-20 11:56:46.983","+1.9752349E-02"
"26-03-20 11:56:47.691","+1.8694522E-02"
"26-03-20 11:56:48.396","+2.3719012E-02"
"26-03-20 11:56:49.103","+1.8823970E-02"
"26-03-20 11:56:49.808","+1.8791483E-02"
"26-03-20 11:56:50.514","+1.8816848E-02"
"26-03-20 11:56:51.218","+1.8591563E-02"
"26-03-20 11:56:51.926","+1.9284036E-02"
"26-03-20 11:56:52.629","+1.8580443E-02"
"26-03-20 11:56:53.336","+1.9308776E-02"
"26-03-20 11:56:54.039","+1.8717388E-02"
"26-03-20 11:56:54.745","+1.9337015E-02"
"26-03-20 11:56:55.449","+1.8598436E-02"
"26-03-20 11:56:56.155","+1.9269292E-02"
"26-03-20 11:56:56.860","+1.8750000E-02"
"26-03-20 11:56:57.566","+1.8574195E-02"
"26-03-20 11:56:58.270","+1.9327519E-02"
"26-03-20 11:56:58.978","+1.8557327E-02"
"26-03-20 11:56:59.681","+2.3384521E-02"
"26-03-20 11:57:00.389","+1.8706392E-02"
"26-03-20 11:57:01.092","+2.2700170E-02"
"26-03-20 11:57:01.799","+1.8564074E-02"
"26-03-20 11:57:02.502","+2.2735531E-02"
"26-03-20 11:57:03.208","+1.8717013E-02"
"26-03-20 11:57:03.912","+1.8804103E-02"
"26-03-20 11:57:04.619","+1.8838839E-02"
"26-03-20 11:57:05.324","+1.8812225E-02"
"26-03-20 11:57:06.030","+2.0298880E-02"
"26-03-20 11:57:06.737","+1.8566448E-02"
"26-03-20 11:57:07.444","+1.9812200E-02"
"26-03-20 11:57:08.151","+1.8571446E-02"
"26-03-20 11:57:08.859","+1.9657387E-02"
"26-03-20 11:57:09.566","+1.8673780E-02"
"26-03-20 11:57:10.273","+1.8587440E-02"
"26-03-20 11:57:10.981","+1.8620802E-02"
"26-03-20 11:57:11.687","+1.8852709E-02"
"26-03-20 11:57:12.394","+1.9706492E-02"
"26-03-20 11:57:13.100","+2.6401939E-02"
"26-03-20 11:57:13.808","+1.9720362E-02"
"26-03-20 11:57:14.511","+1.8512345E-02"
"26-03-20 11:57:15.218","+1.9520942E-02"
"26-03-20 11:57:15.922","+1.8755873E-02"
"26-03-20 11:57:16.628","+2.3727134E-02"
"26-03-20 11:57:17.334","+1.8715639E-02"
"26-03-20 11:57:18.041","+1.8842213E-02"
"26-03-20 11:57:18.744","+1.9704368E-02"
"26-03-20 11:57:19.451","+1.8634046E-02"
"26-03-20 11:57:20.154","+1.9605658E-02"
"26-03-20 11:57:20.862","+1.8607557E-02"
"26-03-20 11:57:21.565","+1.9621901E-02"
"26-03-20 11:57:22.272","+1.8700270E-02"
"26-03-20 11:57:22.976","+1.9595787E-02"
"26-03-20 11:57:23.682","+1.8738005E-02"
"26-03-20 11:57:24.386","+1.8717638E-02"
"26-03-20 11:57:25.093","+1.8533961E-02"
"26-03-20 11:57:25.798","+1.8842338E-02"
"26-03-20 11:57:26.504","+1.9672756E-02"
"26-03-20 11:57:27.208","+1.8478234E-02"
"26-03-20 11:57:27.914","+1.9758222E-02"
"26-03-20 11:57:28.618","+1.8615804E-02"
"26-03-20 11:57:29.333","+2.0120077E-02"
"26-03-20 11:57:30.039","+1.8647166E-02"
"26-03-20 11:57:30.746","+1.8776489E-02"
"26-03-20 11:57:31.453","+1.8702894E-02"
"26-03-20 11:57:32.160","+1.8697271E-02"
"26-03-20 11:57:32.868","+1.9940024E-02"
"26-03-20 11:57:33.574","+1.8931302E-02"
"26-03-20 11:57:34.281","+1.9394742E-02"
"26-03-20 11:57:34.990","+1.8719262E-02"
"26-03-20 11:57:35.697","+1.9641518E-02"
"26-03-20 11:57:36.400","+1.8551829E-02"
"26-03-20 11:57:37.106","+1.9584041E-02"
"26-03-20 11:57:37.810","+1.8831342E-02"
"26-03-20 11:57:38.517","+1.8608432E-02"
"26-03-20 11:57:39.221","+1.9600535E-02"
"26-03-20 11:57:39.929","+1.8629673E-02"
"26-03-20 11:57:40.632","+1.9690124E-02"
"26-03-20 11:57:41.339","+1.8682652E-02"
"26-03-20 11:57:42.042","+1.9615904E-02"
"26-03-20 11:57:42.750","+1.8733257E-02"
"26-03-20 11:57:43.455","+1.9564424E-02"
"26-03-20 11:57:44.161","+1.8584566E-02"
"26-03-20 11:57:44.865","+1.8774240E-02"
"26-03-20 11:57:45.573","+1.8703768E-02"
"26-03-20 11:57:46.276","+1.8782612E-02"
"26-03-20 11:57:46.983","+1.9767968E-02"
"26-03-20 11:57:47.687","+1.8564199E-02"
"26-03-20 11:57:48.393","+2.0248401E-02"
"26-03-20 11:57:49.097","+1.8701894E-02"
"26-03-20 11:57:49.804","+2.3802104E-02"
"26-03-20 11:57:50.507","+7.6350960E-02"
"26-03-20 11:57:51.214","+2.0574270E-02"
"26-03-20 11:57:51.922","+1.8599435E-02"
"26-03-20 11:57:52.628","+1.8693772E-02"
"26-03-20 11:57:53.336","+1.9671381E-02"
"26-03-20 11:57:54.042","+1.8647541E-02"
"26-03-20 11:57:54.749","+1.9584416E-02"
"26-03-20 11:57:55.456","+1.8797231E-02"
"26-03-20 11:57:56.163","+1.9553679E-02"
"26-03-20 11:57:56.871","+6.1704443E-02"
"26-03-20 11:57:57.577","+1.9792583E-02"
"26-03-20 11:57:58.284","+1.8609556E-02"
"26-03-20 11:57:58.991","+1.8717888E-02"
"26-03-20 11:57:59.695","+1.9737480E-02"
"26-03-20 11:58:00.404","+1.8808352E-02"
"26-03-20 11:58:01.108","+1.9731357E-02"
"26-03-20 11:58:01.816","+1.8627424E-02"
"26-03-20 11:58:02.519","+1.9553429E-02"
"26-03-20 11:58:03.226","+1.8804603E-02"
"26-03-20 11:58:03.931","+2.3757997E-02"
"26-03-20 11:58:04.637","+1.8607307E-02"
"26-03-20 11:58:05.342","+1.8743003E-02"
"26-03-20 11:58:06.048","+1.8710641E-02"
"26-03-20 11:58:06.752","+1.8720262E-02"
"26-03-20 11:58:07.459","+1.9975510E-02"
"26-03-20 11:58:08.162","+1.8858956E-02"
"26-03-20 11:58:08.870","+1.9348511E-02"
"26-03-20 11:58:09.574","+1.8591064E-02"
"26-03-20 11:58:10.280","+1.9305028E-02"
"26-03-20 11:58:10.984","+1.8748626E-02"
"26-03-20 11:58:11.692","+1.8965914E-02"
"26-03-20 11:58:12.395","+1.8785861E-02"
"26-03-20 11:58:13.101","+1.8431252E-02"
"26-03-20 11:58:13.805","+1.9429978E-02"
"26-03-20 11:58:14.513","+1.8587440E-02"
"26-03-20 11:58:15.218","+1.9471336E-02"
"26-03-20 11:58:15.925","+1.8715764E-02"
"26-03-20 11:58:16.632","+1.9299905E-02"
"26-03-20 11:58:17.339","+1.8670657E-02"
"26-03-20 11:58:18.046","+1.9350510E-02"
"26-03-20 11:58:18.753","+1.8686775E-02"
"26-03-20 11:58:19.460","+1.8725760E-02"
"26-03-20 11:58:20.167","+2.2121526E-02"
"26-03-20 11:58:20.875","+1.8757372E-02"
"26-03-20 11:58:21.582","+1.9819572E-02"
"26-03-20 11:58:22.288","+1.8651165E-02"
"26-03-20 11:58:22.992","+1.9624025E-02"
"26-03-20 11:58:23.699","+1.8762245E-02"
"26-03-20 11:58:24.403","+2.3558077E-02"
"26-03-20 11:58:25.111","+1.8538834E-02"
"26-03-20 11:58:25.816","+1.8524215E-02"
"26-03-20 11:58:26.524","+1.8625925E-02"
"26-03-20 11:58:27.227","+1.8629298E-02"
"26-03-20 11:58:27.934","+1.9577044E-02"
"26-03-20 11:58:28.639","+1.8769492E-02"
"26-03-20 11:58:29.346","+1.9606907E-02"
"26-03-20 11:58:30.049","+1.8597936E-02"
"26-03-20 11:58:30.756","+1.9893043E-02"
"26-03-20 11:58:31.460","+1.8710516E-02"
"26-03-20 11:58:32.168","+1.8671656E-02"
"26-03-20 11:58:32.872","+1.8784486E-02"
"26-03-20 11:58:33.578","+1.8806602E-02"
"26-03-20 11:58:34.282","+2.2916084E-02"
"26-03-20 11:58:34.991","+1.8749750E-02"
"26-03-20 11:58:35.695","+1.9646516E-02"
"26-03-20 11:58:36.401","+1.8594187E-02"
"26-03-20 11:58:37.107","+1.9549180E-02"
"26-03-20 11:58:37.815","+1.8597686E-02"
"26-03-20 11:58:38.521","+1.9496826E-02"
"26-03-20 11:58:39.228","+1.8685151E-02"
"26-03-20 11:58:39.934","+1.8804228E-02"
"26-03-20 11:58:40.641","+2.1486655E-02"
"26-03-20 11:58:41.349","+1.8685276E-02"
"26-03-20 11:58:42.055","+1.9760721E-02"
"26-03-20 11:58:42.762","+1.8551205E-02"
"26-03-20 11:58:43.471","+1.9605658E-02"
"26-03-20 11:58:44.178","+1.8776364E-02"
"26-03-20 11:58:44.882","+2.2572096E-02"
"26-03-20 11:58:45.588","+1.8766368E-02"
"26-03-20 11:58:46.292","+1.8592688E-02"
"26-03-20 11:58:47.000","+1.8578694E-02"
"26-03-20 11:58:47.703","+1.8624800E-02"
"26-03-20 11:58:48.409","+1.9703119E-02"
"26-03-20 11:58:49.113","+1.8567698E-02"
"26-03-20 11:58:49.821","+1.9842688E-02"
"26-03-20 11:58:50.524","+1.8798356E-02"
"26-03-20 11:58:51.231","+2.3798855E-02"
"26-03-20 11:58:51.937","+1.8825970E-02"
"26-03-20 11:58:52.644","+2.1321222E-02"
"26-03-20 11:58:53.348","+1.8630923E-02"
"26-03-20 11:58:54.054","+1.8565199E-02"
"26-03-20 11:58:54.758","+1.9539809E-02"
"26-03-20 11:58:55.465","+1.8823970E-02"
"26-03-20 11:58:56.169","+2.2702919E-02"
"26-03-20 11:58:56.877","+1.8979908E-02"
"26-03-20 11:58:57.580","+2.3601809E-02"
"26-03-20 11:58:58.287","+1.8674405E-02"
"26-03-20 11:58:58.991","+2.2611081E-02"
"26-03-20 11:58:59.698","+1.8712140E-02"
"26-03-20 11:59:00.406","+2.6536011E-02"
"26-03-20 11:59:01.112","+1.9640894E-02"
"26-03-20 11:59:01.820","+1.8650040E-02"
"26-03-20 11:59:02.526","+1.9590289E-02"
"26-03-20 11:59:03.233","+1.8635796E-02"
"26-03-20 11:59:03.941","+1.9512070E-02"
"26-03-20 11:59:04.647","+1.8527089E-02"
"26-03-20 11:59:05.355","+2.0285261E-02"
"26-03-20 11:59:06.061","+1.8635671E-02"
"26-03-20 11:59:06.766","+1.8624800E-02"
"26-03-20 11:59:07.474","+1.8775115E-02"
"26-03-20 11:59:08.177","+1.8522466E-02"
"26-03-20 11:59:08.883","+1.9621276E-02"
"26-03-20 11:59:09.589","+1.8624300E-02"
"26-03-20 11:59:10.295","+1.9548056E-02"
"26-03-20 11:59:11.000","+1.8677779E-02"
"26-03-20 11:59:11.706","+1.9637645E-02"
"26-03-20 11:59:12.410","+1.8639919E-02"
"26-03-20 11:59:13.117","+2.3248076E-02"
"26-03-20 11:59:13.820","+1.8736006E-02"
"26-03-20 11:59:14.528","+1.8591938E-02"
"26-03-20 11:59:15.231","+1.9629523E-02"
"26-03-20 11:59:15.937","+1.8609556E-02"
"26-03-20 11:59:16.641","+1.9468213E-02"
"26-03-20 11:59:17.348","+1.8525965E-02"
"26-03-20 11:59:18.053","+2.3736380E-02"
"26-03-20 11:59:18.760","+1.8669407E-02"
"26-03-20 11:59:19.464","+2.2724285E-02"
"26-03-20 11:59:20.170","+1.8674405E-02"
"26-03-20 11:59:20.874","+1.8678654E-02"
"26-03-20 11:59:21.582","+2.0129448E-02"
"26-03-20 11:59:22.285","+1.8682277E-02"
"26-03-20 11:59:22.991","+1.9605158E-02"
"26-03-20 11:59:23.695","+1.8787985E-02"
"26-03-20 11:59:24.402","+2.0221911E-02"
"26-03-20 11:59:25.108","+1.8592563E-02"
"26-03-20 11:59:25.816","+1.9534436E-02"
"26-03-20 11:59:26.524","+1.8562450E-02"
"26-03-20 11:59:27.230","+1.8743503E-02"
"26-03-20 11:59:27.938","+1.8728009E-02"
"26-03-20 11:59:28.644","+1.8642543E-02"
"26-03-20 11:59:29.352","+1.9798706E-02"
"26-03-20 11:59:30.058","+1.8577569E-02"
"26-03-20 11:59:30.765","+2.3654788E-02"
"26-03-20 11:59:31.471","+1.8774740E-02"
"26-03-20 11:59:32.179","+2.2529238E-02"
"26-03-20 11:59:32.882","+1.8645792E-02"
"26-03-20 11:59:33.589","+1.9603659E-02"
"26-03-20 11:59:34.292","+1.8614554E-02"
"26-03-20 11:59:35.000","+1.8768368E-02"
"26-03-20 11:59:35.703","+1.9456842E-02"
"26-03-20 11:59:36.410","+1.8793608E-02"
"26-03-20 11:59:37.114","+1.9713240E-02"
"26-03-20 11:59:37.821","+1.8683652E-02"
"26-03-20 11:59:38.524","+1.9678753E-02"
"26-03-20 11:59:39.232","+1.8456492E-02"
"26-03-20 11:59:39.935","+1.9520817E-02"
"26-03-20 11:59:40.641","+1.8543458E-02"
"26-03-20 11:59:41.345","+1.8721511E-02"
"26-03-20 11:59:42.052","+1.8958417E-02"
"26-03-20 11:59:42.756","+1.8605183E-02"
"26-03-20 11:59:43.465","+2.2935076E-02"
"26-03-20 11:59:44.168","+1.8622051E-02"
"26-03-20 11:59:44.875","+2.0526664E-02"
"26-03-20 11:59:45.578","+1.8641793E-02"
"26-03-20 11:59:46.285","+1.9749350E-02"
"26-03-20 11:59:46.988","+1.8764119E-02"
"26-03-20 11:59:47.695","+1.8628424E-02"
"26-03-20 11:59:48.399","+1.8599560E-02"
"26-03-20 11:59:49.105","+1.8751000E-02"
"26-03-20 11:59:49.812","+2.2667933E-02"
"26-03-20 11:59:50.580","+1.8783612E-02"
"26-03-20 11:59:51.287","+2.0277139E-02"
"26-03-20 11:59:51.994","+1.8770617E-02"
"26-03-20 11:59:52.702","+1.9752474E-02"
"26-03-20 11:59:53.408","+1.8574695E-02"
"26-03-20 11:59:54.167","+1.8848960E-02"
"26-03-20 11:59:54.874","+1.9528938E-02"
"26-03-20 11:59:55.580","+1.8758622E-02"
"26-03-20 11:59:56.286","+1.9702369E-02"
"26-03-20 11:59:57.042","+1.8598061E-02"
"26-03-20 11:59:57.748","+1.9653389E-02"
"26-03-20 11:59:58.455","+1.8663535E-02"
"26-03-20 11:59:59.162","+1.9828569E-02"
"26-03-20 11:59:59.868","+1.8561575E-02"
"26-03-20 12:00:00.622","+1.8619302E-02"
"26-03-20 12:00:01.327","+1.9638894E-02"
"26-03-20 12:00:02.034","+1.8741004E-02"
"26-03-20 12:00:02.740","+2.0120702E-02"
"26-03-20 12:00:03.496","+2.6282862E-02"
"26-03-20 12:00:04.203","+1.9572796E-02"
"26-03-20 12:00:04.907","+1.8509721E-02"
"26-03-20 12:00:05.614","+1.8623800E-02"
"26-03-20 12:00:06.317","+1.8740504E-02"
"26-03-20 12:00:07.073","+1.8750750E-02"
"26-03-20 12:00:07.779","+1.9573296E-02"
"26-03-20 12:00:08.483","+1.8634296E-02"
"26-03-20 12:00:09.190","+1.9505073E-02"
"26-03-20 12:00:09.942","+1.8864579E-02"
"26-03-20 12:00:10.645","+1.9494827E-02"
"26-03-20 12:00:11.352","+1.8745502E-02"
"26-03-20 12:00:12.056","+1.8643293E-02"
"26-03-20 12:00:12.763","+1.8601559E-02"
"26-03-20 12:00:13.516","+1.8804103E-02"
"26-03-20 12:00:14.222","+1.9723111E-02"
"26-03-20 12:00:14.929","+1.8758747E-02"
"26-03-20 12:00:15.633","+1.9654513E-02"
"26-03-20 12:00:16.388","+1.8798356E-02"
"26-03-20 12:00:17.096","+2.3718513E-02"
"26-03-20 12:00:17.803","+1.8780738E-02"
"26-03-20 12:00:18.511","+1.8879073E-02"
"26-03-20 12:00:19.216","+1.9466214E-02"
"26-03-20 12:00:19.970","+1.8686525E-02"
"26-03-20 12:00:20.678","+1.9649640E-02"
"26-03-20 12:00:21.384","+1.8665784E-02"
"26-03-20 12:00:22.091","+2.0139819E-02"
"26-03-20 12:00:22.845","+1.8813600E-02"
"26-03-20 12:00:23.552","+1.8693273E-02"
"26-03-20 12:00:24.259","+1.8587815E-02"
"26-03-20 12:00:24.966","+1.8724885E-02"
"26-03-20 12:00:25.673","+1.9443972E-02"
"26-03-20 12:00:26.429","+1.8666533E-02"
"26-03-20 12:00:27.137","+1.9614154E-02"
"26-03-20 12:00:27.844","+1.8458617E-02"
"26-03-20 12:00:28.551","+1.9795332E-02"
"26-03-20 12:00:29.306","+1.8593937E-02"
"26-03-20 12:00:30.012","+1.8540334E-02"
"26-03-20 12:00:30.718","+1.9568797E-02"
"26-03-20 12:00:31.425","+1.8791983E-02"
"26-03-20 12:00:32.133","+1.9612155E-02"
"26-03-20 12:00:32.889","+1.8794232E-02"
"26-03-20 12:00:33.596","+1.9880548E-02"
"26-03-20 12:00:34.302","+1.8759746E-02"
"26-03-20 12:00:35.010","+1.9617028E-02"
"26-03-20 12:00:35.766","+1.8779863E-02"
"26-03-20 12:00:36.475","+1.8791858E-02"
"26-03-20 12:00:37.180","+2.3650165E-02"
"26-03-20 12:00:37.886","+1.8858582E-02"
"26-03-20 12:00:38.594","+2.2775890E-02"
"26-03-20 12:00:39.353","+1.8736131E-02"
"26-03-20 12:00:40.059","+2.0532537E-02"
"26-03-20 12:00:40.766","+1.8820597E-02"
"26-03-20 12:00:41.472","+1.8596686E-02"
"26-03-20 12:00:42.229","+1.9728359E-02"
"26-03-20 12:00:42.934","+1.8680153E-02"
"26-03-20 12:00:43.641","+2.7914834E-02"
"26-03-20 12:00:44.348","+4.6573870E-02"
"26-03-20 12:00:45.056","+2.3702894E-02"
"26-03-20 12:00:45.811","+1.8607057E-02"
"26-03-20 12:00:46.514","+2.2723036E-02"
"26-03-20 12:00:47.220","+1.8775865E-02"
"26-03-20 12:00:47.926","+1.8809976E-02"
"26-03-20 12:00:48.681","+2.2520867E-02"
"26-03-20 12:00:49.389","+1.8625550E-02"
"26-03-20 12:00:50.092","+2.0395342E-02"
"26-03-20 12:00:50.798","+1.8720262E-02"
"26-03-20 12:00:51.502","+2.3793982E-02"
"26-03-20 12:00:52.258","+1.8641418E-02"
"26-03-20 12:00:52.964","+2.0563650E-02"
"26-03-20 12:00:53.670","+2.0041608E-02"
"26-03-20 12:00:54.376","+1.8565324E-02"
"26-03-20 12:00:55.125","+2.2799630E-02"
"26-03-20 12:00:55.828","+1.8594187E-02"
"26-03-20 12:00:56.536","+2.2632072E-02"
"26-03-20 12:00:57.239","+1.8703519E-02"
"26-03-20 12:00:57.945","+1.9415359E-02"
"26-03-20 12:00:58.685","+1.8764119E-02"
"26-03-20 12:00:59.392","+1.8671781E-02"
"26-03-20 12:01:00.099","+1.8735131E-02"
"26-03-20 12:01:00.807","+1.8643543E-02"
"26-03-20 12:01:01.513","+1.9220812E-02"
"26-03-20 12:01:02.258","+1.8591438E-02"
"26-03-20 12:01:02.965","+1.9321521E-02"
"26-03-20 12:01:03.673","+1.8888695E-02"
"26-03-20 12:01:04.379","+2.3456867E-02"
"26-03-20 12:01:05.122","+1.8722886E-02"
"26-03-20 12:01:05.826","+1.8564949E-02"
"26-03-20 12:01:06.532","+1.9778464E-02"
"26-03-20 12:01:07.237","+1.8724885E-02"
"26-03-20 12:01:07.944","+2.2912710E-02"
"26-03-20 12:01:08.686","+1.8641918E-02"
"26-03-20 12:01:09.393","+2.2530988E-02"
"26-03-20 12:01:10.099","+1.8599685E-02"
"26-03-20 12:01:10.805","+2.0347111E-02"
"26-03-20 12:01:11.550","+1.8585441E-02"
"26-03-20 12:01:12.256","+1.8817973E-02"
"26-03-20 12:01:12.963","+1.9494452E-02"
"26-03-20 12:01:13.669","+1.8756123E-02"
"26-03-20 12:01:14.377","+1.9347636E-02"
"26-03-20 12:01:15.120","+1.8520842E-02"
"26-03-20 12:01:15.824","+1.9383996E-02"
"26-03-20 12:01:16.531","+1.8732757E-02"
"26-03-20 12:01:17.234","+1.6409886E-01"
"26-03-20 12:01:17.978","+3.3189162E-01"
"26-03-20 12:01:18.684","+3.3673581E-01"
"26-03-20 12:01:19.388","+3.4012158E-01"
"26-03-20 12:01:20.097","+3.3806802E-01"
"26-03-20 12:01:20.800","+3.3949658E-01"
"26-03-20 12:01:21.547","+3.3867428E-01"
"26-03-20 12:01:22.253","+3.4268805E-01"
"26-03-20 12:01:22.960","+3.3892193E-01"
"26-03-20 12:01:23.668","+3.4136258E-01"
"26-03-20 12:01:24.410","+3.3909636E-01"
"26-03-20 12:01:25.116","+3.3957904E-01"
"26-03-20 12:01:25.824","+3.3991441E-01"
"26-03-20 12:01:26.530","+3.3888220E-01"
"26-03-20 12:01:27.238","+3.3922956E-01"
"26-03-20 12:01:27.982","+3.3309351E-01"
"26-03-20 12:01:28.691","+1.5584179E-01"
"26-03-20 12:01:29.394","+1.8868827E-02"
"26-03-20 12:01:30.100","+1.8697646E-02"
"26-03-20 12:01:30.845","+1.8879323E-02"
"26-03-20 12:01:31.548","+1.8705143E-02"
"26-03-20 12:01:32.254","+1.9644517E-02"
"26-03-20 12:01:32.958","+1.8617553E-02"
"26-03-20 12:01:33.664","+1.9584791E-02"
"26-03-20 12:01:34.409","+1.8523716E-02"
"26-03-20 12:01:35.115","+2.3602934E-02"
"26-03-20 12:01:35.823","+1.8705018E-02"
"26-03-20 12:01:36.530","+1.8691773E-02"
"26-03-20 12:01:37.278","+2.0500300E-02"
"26-03-20 12:01:37.984","+1.8669782E-02"
"26-03-20 12:01:38.690","+2.0208042E-02"
"26-03-20 12:01:39.397","+1.8709766E-02"
"26-03-20 12:01:40.104","+2.3770242E-02"
"26-03-20 12:01:40.855","+1.8675280E-02"
"26-03-20 12:01:41.561","+2.2687050E-02"
"26-03-20 12:01:42.268","+1.8814974E-02"
"26-03-20 12:01:42.976","+1.8885946E-02"
"26-03-20 12:01:43.726","+1.9747726E-02"
"26-03-20 12:01:44.433","+1.8779238E-02"
"26-03-20 12:01:45.137","+1.9631522E-02"
"26-03-20 12:01:45.846","+1.8641044E-02"
"26-03-20 12:01:46.553","+2.3520467E-02"
"26-03-20 12:01:47.304","+2.6378074E-02"
"26-03-20 12:01:48.010","+1.9882547E-02"
"26-03-20 12:01:48.714","+1.8679403E-02"
"26-03-20 12:01:49.420","+1.8728509E-02"
"26-03-20 12:01:50.168","+1.9638395E-02"
"26-03-20 12:01:50.872","+1.8646416E-02"
"26-03-20 12:01:51.579","+2.3750375E-02"
"26-03-20 12:01:52.283","+1.8809726E-02"
"26-03-20 12:01:52.989","+2.2707167E-02"
"26-03-20 12:01:53.737","+1.8733382E-02"
"26-03-20 12:01:54.445","+1.8771366E-02"
"26-03-20 12:01:55.152","+1.8671656E-02"
"26-03-20 12:01:55.859","+1.8930803E-02"
"26-03-20 12:01:56.610","+2.2763894E-02"
"26-03-20 12:01:57.317","+1.8703519E-02"
"26-03-20 12:01:58.024","+2.2989429E-02"
"26-03-20 12:01:58.730","+1.8497476E-02"
"26-03-20 12:01:59.437","+1.9640269E-02"
"26-03-20 12:02:00.187","+1.8601309E-02"
"26-03-20 12:02:00.893","+1.8540834E-02"
"26-03-20 12:02:01.600","+1.9536186E-02"
"26-03-20 12:02:02.308","+1.8677154E-02"
"26-03-20 12:02:03.015","+1.9665009E-02"
"26-03-20 12:02:03.764","+1.8709266E-02"
"26-03-20 12:02:04.467","+1.9722986E-02"
"26-03-20 12:02:05.175","+1.8643168E-02"
"26-03-20 12:02:05.880","+2.0516293E-02"
"26-03-20 12:02:06.630","+1.8727134E-02"
"26-03-20 12:02:07.337","+1.8524840E-02"
"26-03-20 12:02:08.040","+2.2801254E-02"
"26-03-20 12:02:08.746","+1.8749875E-02"
"26-03-20 12:02:09.450","+1.9663135E-02"
"26-03-20 12:02:10.199","+1.8698021E-02"
"26-03-20 12:02:10.905","+1.9665884E-02"
"26-03-20 12:02:11.609","+1.8747501E-02"
"26-03-20 12:02:12.318","+1.8705643E-02"
"26-03-20 12:02:13.063","+1.8741878E-02"
"26-03-20 12:02:13.776","+1.8718513E-02"
"26-03-20 12:02:14.482","+1.9692373E-02"
"26-03-20 12:02:15.187","+1.8736505E-02"
"26-03-20 12:02:15.895","+1.9495452E-02"
"26-03-20 12:02:16.640","+1.8641668E-02"
"26-03-20 12:02:17.347","+7.9433851E-02"
"26-03-20 12:02:18.053","+1.8695897E-02"
"26-03-20 12:02:18.760","+1.8620052E-02"
"26-03-20 12:02:19.509","+2.1485656E-02"
"26-03-20 12:02:20.216","+1.8793733E-02"
"26-03-20 12:02:20.925","+2.0153439E-02"
"26-03-20 12:02:21.631","+1.8686400E-02"
"26-03-20 12:02:22.339","+2.0320622E-02"
"26-03-20 12:02:23.086","+1.8783362E-02"
"26-03-20 12:02:23.789","+1.9138595E-02"
"26-03-20 12:02:24.496","+1.8768118E-02"
"26-03-20 12:02:25.201","+7.0735331E-02"
"26-03-20 12:02:25.948","+1.9338640E-02"
"26-03-20 12:02:26.655","+1.8648790E-02"
"26-03-20 12:02:27.359","+1.9247176E-02"
"26-03-20 12:02:28.065","+1.8748501E-02"
"26-03-20 12:02:28.770","+1.9257172E-02"
"26-03-20 12:02:29.519","+1.8549705E-02"
"26-03-20 12:02:30.226","+2.3460741E-02"
"26-03-20 12:02:30.931","+1.8704018E-02"
"26-03-20 12:02:31.638","+1.8666908E-02"
"26-03-20 12:02:32.383","+1.9591164E-02"
"26-03-20 12:02:33.090","+1.8454743E-02"
"26-03-20 12:02:33.798","+2.1123800E-02"
"26-03-20 12:02:34.504","+5.8582317E-02"
"26-03-20 12:02:35.211","+1.9689499E-02"
"26-03-20 12:02:35.962","+1.8692148E-02"
"26-03-20 12:02:36.668","+6.1085566E-02"
"26-03-20 12:02:37.376","+2.0063225E-02"
"26-03-20 12:02:38.084","+1.8770867E-02"
"26-03-20 12:02:38.831","+1.9733856E-02"
"26-03-20 12:02:39.535","+1.8703519E-02"
"26-03-20 12:02:40.241","+1.9495202E-02"
"26-03-20 12:02:40.945","+1.8630673E-02"
"26-03-20 12:02:41.652","+1.9484956E-02"
"26-03-20 12:02:42.396","+1.8723511E-02"
"26-03-20 12:02:43.099","+1.8600560E-02"
"26-03-20 12:02:43.807","+1.9085116E-02"
"26-03-20 12:02:44.511","+1.8557577E-02"
"26-03-20 12:02:45.257","+1.9468338E-02"
"26-03-20 12:02:45.964","+1.8641169E-02"
"26-03-20 12:02:46.673","+1.9786335E-02"
"26-03-20 12:02:47.381","+1.8396017E-02"
"26-03-20 12:02:48.084","+1.9546431E-02"
"26-03-20 12:02:48.831","+1.8669282E-02"
"26-03-20 12:02:49.538","+1.8736131E-02"
"26-03-20 12:02:50.246","+6.1491403E-02"
"26-03-20 12:02:50.952","+1.8763620E-02"
"26-03-20 12:02:51.700","+1.9569422E-02"
"26-03-20 12:02:52.407","+1.8842588E-02"
"26-03-20 12:02:53.114","+1.9731482E-02"
"26-03-20 12:02:53.821","+1.8724135E-02"
"26-03-20 12:02:54.526","+1.9815574E-02"
"26-03-20 12:02:55.274","+1.8793608E-02"
"26-03-20 12:02:55.982","+1.8763745E-02"
"26-03-20 12:02:56.685","+1.9696621E-02"
"26-03-20 12:02:57.392","+1.8566573E-02"
"26-03-20 12:02:58.135","+1.9623775E-02"
"26-03-20 12:02:58.839","+1.8500725E-02"
"26-03-20 12:02:59.546","+1.9542433E-02"
"26-03-20 12:03:00.250","+1.8566573E-02"
"26-03-20 12:03:00.958","+1.8584316E-02"
"26-03-20 12:03:01.704","+1.8566199E-02"
"26-03-20 12:03:02.411","+1.8716388E-02"
"26-03-20 12:03:03.118","+1.9711615E-02"
"26-03-20 12:03:03.826","+1.8544082E-02"
"26-03-20 12:03:04.580","+6.4491828E-02"
"26-03-20 12:03:05.286","+1.8442748E-02"
"26-03-20 12:03:05.993","+1.9552679E-02"
"26-03-20 12:03:06.700","+1.8657037E-02"
"26-03-20 12:03:07.408","+1.8717888E-02"
"26-03-20 12:03:08.162","+1.9570297E-02"
"26-03-20 12:03:08.869","+1.8682777E-02"
"26-03-20 12:03:09.575","+1.9487830E-02"
"26-03-20 12:03:10.282","+1.8890069E-02"
"26-03-20 12:03:10.989","+1.9557427E-02"
"26-03-20 12:03:11.744","+1.8559826E-02"
"26-03-20 12:03:12.450","+1.9616403E-02"
"26-03-20 12:03:13.158","+1.8589939E-02"
"26-03-20 12:03:13.865","+1.8577069E-02"
"26-03-20 12:03:14.622","+2.0036860E-02"
"26-03-20 12:03:15.329","+1.8721261E-02"
"26-03-20 12:03:16.034","+1.9807952E-02"
"26-03-20 12:03:16.740","+2.7078918E-02"
"26-03-20 12:03:17.447","+4.7665059E-02"
"26-03-20 12:03:19.792","+1.9454093E-02"
"26-03-20 12:03:20.495","+1.8660786E-02"
"26-03-20 12:03:21.202","+1.9562675E-02"
"26-03-20 12:03:21.906","+1.8544957E-02"
"26-03-20 12:03:22.613","+1.9812075E-02"
"26-03-20 12:03:23.321","+1.8548206E-02"
"26-03-20 12:03:24.029","+1.8742003E-02"
"26-03-20 12:03:24.735","+1.8592438E-02"
"26-03-20 12:03:25.441","+1.8750500E-02"
"26-03-20 12:03:26.148","+1.9786710E-02"
"26-03-20 12:03:26.856","+1.8562075E-02"
"26-03-20 12:03:27.563","+1.9514444E-02"
"26-03-20 12:03:28.269","+1.8630798E-02"
"26-03-20 12:03:28.976","+1.9769967E-02"
"26-03-20 12:03:29.683","+1.8700770E-02"
"26-03-20 12:03:30.391","+1.8600560E-02"
"26-03-20 12:03:31.094","+1.8836590E-02"
"26-03-20 12:03:31.802","+1.8563450E-02"
"26-03-20 12:03:32.506","+1.9910786E-02"
"26-03-20 12:03:33.213","+1.8599810E-02"
"26-03-20 12:03:33.916","+2.0580268E-02"
"26-03-20 12:03:34.623","+5.6569122E-02"
"26-03-20 12:03:35.327","+1.9776839E-02"
"26-03-20 12:03:36.034","+1.8542833E-02"
"26-03-20 12:03:36.738","+1.9805078E-02"
"26-03-20 12:03:37.445","+1.8749625E-02"
"26-03-20 12:03:38.148","+1.8857582E-02"
"26-03-20 12:03:38.855","+1.9718363E-02"
"26-03-20 12:03:39.558","+4.0330618E-02"
"26-03-20 12:03:40.265","+2.8107882E-02"
"26-03-20 12:03:40.971","+2.7472636E-02"
"26-03-20 12:03:41.677","+2.8312925E-02"
"26-03-20 12:03:42.382","+3.4256922E-02"
"26-03-20 12:03:43.088","+6.0337115E-02"
"26-03-20 12:03:43.792","+4.9045757E-02"
"26-03-20 12:03:44.499","+1.0728596E-01"
"26-03-20 12:03:45.202","+1.1593363E-01"
"26-03-20 12:03:45.909","+8.9894667E-02"
"26-03-20 12:03:46.613","+1.1331030E-01"
"26-03-20 12:03:47.320","+1.1170669E-01"
"26-03-20 12:03:48.027","+1.0544320E-01"
"26-03-20 12:03:48.734","+1.1508559E-01"
"26-03-20 12:03:49.443","+1.2395004E-01"
"26-03-20 12:03:50.150","+9.5299130E-02"
"26-03-20 12:03:50.858","+4.3146616E-02"
"26-03-20 12:03:51.564","+8.7719912E-02"
"26-03-20 12:03:52.271","+4.9282412E-02"
"26-03-20 12:03:52.978","+5.6813899E-02"
"26-03-20 12:03:53.686","+7.2049180E-02"
"26-03-20 12:03:54.389","+7.9277789E-02"
"26-03-20 12:03:55.097","+7.7053554E-02"
"26-03-20 12:03:55.800","+4.7646192E-02"
"26-03-20 12:03:56.506","+5.2747526E-02"
"26-03-20 12:03:57.210","+5.2555478E-02"
"26-03-20 12:03:57.918","+6.6422306E-02"
"26-03-20 12:03:58.621","+4.8979533E-02"
"26-03-20 12:03:59.329","+4.5599010E-02"
"26-03-20 12:04:00.032","+4.6593613E-02"
"26-03-20 12:04:00.739","+5.1509646E-02"
"26-03-20 12:04:01.443","+6.0380598E-02"
"26-03-20 12:04:02.150","+5.5586640E-02"
"26-03-20 12:04:02.853","+4.7520117E-02"
"26-03-20 12:04:03.560","+6.1531387E-02"
"26-03-20 12:04:04.264","+9.8498850E-02"
"26-03-20 12:04:04.971","+5.4050880E-02"
"26-03-20 12:04:05.674","+8.6112680E-02"
"26-03-20 12:04:06.383","+7.3466613E-02"
"26-03-20 12:04:07.087","+6.0262270E-02"
"26-03-20 12:04:07.793","+4.5766943E-02"
"26-03-20 12:04:08.497","+6.4900415E-02"
"26-03-20 12:04:09.204","+8.8453119E-02"
"26-03-20 12:04:09.907","+7.7091164E-02"
"26-03-20 12:04:10.614","+8.2411410E-02"
"26-03-20 12:04:11.317","+4.4617778E-02"
"26-03-20 12:04:12.024","+5.1244377E-02"
"26-03-20 12:04:12.730","+1.1256360E-01"
"26-03-20 12:04:13.437","+5.2603584E-02"
"26-03-20 12:04:14.144","+9.1087565E-02"
"26-03-20 12:04:14.853","+7.6574620E-02"
"26-03-20 12:04:15.559","+6.7575470E-02"
"26-03-20 12:04:16.267","+6.9609906E-02"
"26-03-20 12:04:16.973","+5.9075870E-02"
"26-03-20 12:04:17.680","+5.2930203E-02"
"26-03-20 12:04:18.388","+5.9975010E-02"
"26-03-20 12:04:19.093","+7.1253249E-02"
"26-03-20 12:04:19.801","+7.2732157E-02"
"26-03-20 12:04:20.504","+4.3289434E-02"
"26-03-20 12:04:21.210","+8.2823246E-02"
"26-03-20 12:04:21.914","+6.4502824E-02"
"26-03-20 12:04:22.620","+5.7782637E-02"
"26-03-20 12:04:23.325","+4.9574295E-02"
"26-03-20 12:04:24.032","+6.6076319E-02"
"26-03-20 12:04:24.736","+1.0756410E-01"
"26-03-20 12:04:25.443","+6.9071247E-02"
"26-03-20 12:04:26.146","+4.7521866E-02"
"26-03-20 12:04:26.853","+8.8945172E-02"
"26-03-20 12:04:27.556","+4.4953644E-02"
"26-03-20 12:04:28.262","+4.4252549E-02"
"26-03-20 12:04:28.966","+4.3241828E-02"
"26-03-20 12:04:29.672","+9.7203744E-02"
"26-03-20 12:04:30.377","+7.2894717E-02"
"26-03-20 12:04:31.084","+5.7566473E-02"
"26-03-20 12:04:31.787","+5.0072596E-02"
"26-03-20 12:04:32.495","+4.8848336E-02"
"26-03-20 12:04:33.199","+8.0271766E-02"
"26-03-20 12:04:33.906","+8.5943997E-02"
"26-03-20 12:04:34.609","+7.1034086E-02"
"26-03-20 12:04:35.316","+6.4690874E-02"
"26-03-20 12:04:36.019","+7.9919157E-02"
"26-03-20 12:04:36.726","+6.2258222E-02"
"26-03-20 12:04:37.436","+8.5759696E-02"
"26-03-20 12:04:38.143","+5.5806677E-02"
"26-03-20 12:04:38.851","+6.5897641E-02"
"26-03-20 12:04:39.557","+8.3535336E-02"
"26-03-20 12:04:40.264","+6.1213140E-02"
"26-03-20 12:04:40.973","+4.6610981E-02"
"26-03-20 12:04:41.680","+4.3176979E-02"
"26-03-20 12:04:42.388","+8.1479908E-02"
"26-03-20 12:04:43.094","+8.6974335E-02"
"26-03-20 12:04:43.798","+8.0225910E-02"
"26-03-20 12:04:44.507","+5.6960716E-02"
"26-03-20 12:04:45.210","+4.8755373E-02"
"26-03-20 12:04:45.918","+8.4637020E-02"
"26-03-20 12:04:46.621","+5.5251649E-02"
"26-03-20 12:04:47.329","+6.9864804E-02"
"26-03-20 12:04:48.033","+8.3996401E-02"
"26-03-20 12:04:48.739","+5.2770142E-02"
"26-03-20 12:04:49.445","+5.0700470E-02"
"26-03-20 12:04:50.151","+4.2401664E-02"
"26-03-20 12:04:50.856","+7.0127574E-02"
"26-03-20 12:04:51.563","+7.5820172E-02"
"26-03-20 12:04:52.266","+5.2192998E-02"
"26-03-20 12:04:52.973","+5.7850235E-02"
"26-03-20 12:04:53.677","+8.1834516E-02"
"26-03-20 12:04:54.384","+8.5217663E-02"
"26-03-20 12:04:55.087","+5.9453843E-02"
"26-03-20 12:04:55.794","+7.0393842E-02"
"26-03-20 12:04:56.498","+1.1330355E-01"
"26-03-20 12:04:57.205","+1.0472661E-01"
"26-03-20 12:04:57.910","+5.1569122E-02"
"26-03-20 12:04:58.616","+4.8548955E-02"
"26-03-20 12:04:59.320","+9.1503149E-02"
"26-03-20 12:05:00.027","+4.6242878E-02"
"26-03-20 12:05:00.734","+4.3907312E-02"
"26-03-20 12:05:01.441","+5.0296756E-02"
"26-03-20 12:05:02.148","+4.5645867E-02"
"26-03-20 12:05:02.855","+5.9024640E-02"
"26-03-20 12:05:03.561","+1.0085278E-01"
"26-03-20 12:05:04.268","+6.3651289E-02"
"26-03-20 12:05:04.975","+3.8566948E-02"
"26-03-20 12:05:05.683","+4.3618428E-02"
"26-03-20 12:05:06.391","+5.9583292E-02"
"26-03-20 12:05:07.095","+4.5499550E-02"
"26-03-20 12:05:07.802","+6.2106532E-02"
"26-03-20 12:05:08.506","+4.8410886E-02"
"26-03-20 12:05:09.213","+3.9289409E-02"
"26-03-20 12:05:09.917","+2.0947621E-02"
"26-03-20 12:05:10.624","+2.0970237E-02"
"26-03-20 12:05:11.329","+2.4001774E-02"
"26-03-20 12:05:12.035","+2.3508222E-02"
"26-03-20 12:05:12.740","+4.7219237E-02"
"26-03-20 12:05:13.446","+2.7441523E-02"
"26-03-20 12:05:14.150","+1.8833342E-02"
"26-03-20 12:05:14.858","+2.0105708E-02"
"26-03-20 12:05:15.563","+1.8896067E-02"
"26-03-20 12:05:16.270","+2.0438575E-02"
"26-03-20 12:05:16.973","+1.8692523E-02"
"26-03-20 12:05:17.681","+2.4677254E-02"
"26-03-20 12:05:18.385","+1.8850460E-02"
"26-03-20 12:05:19.091","+2.2852484E-02"
"26-03-20 12:05:19.796","+1.8770617E-02"
"26-03-20 12:05:20.502","+1.8573945E-02"
"26-03-20 12:05:21.206","+1.8665909E-02"
"26-03-20 12:05:21.913","+1.8703019E-02"
"26-03-20 12:05:22.620","+2.0411585E-02"
"26-03-20 12:05:23.328","+1.8721261E-02"
"26-03-20 12:05:24.048","+1.9497201E-02"
"26-03-20 12:05:24.754","+1.8711016E-02"
"26-03-20 12:05:25.461","+1.9687875E-02"
"26-03-20 12:05:26.167","+1.8771616E-02"
"26-03-20 12:05:26.875","+1.8593188E-02"
"26-03-20 12:05:27.578","+1.8672656E-02"
"26-03-20 12:05:28.284","+1.8758247E-02"
"26-03-20 12:05:28.988","+2.0988105E-02"
"26-03-20 12:05:29.694","+1.8594687E-02"
"26-03-20 12:05:30.399","+1.9739104E-02"
"26-03-20 12:05:31.105","+1.8861455E-02"
"26-03-20 12:05:31.810","+1.9571796E-02"
"26-03-20 12:05:32.518","+1.8638420E-02"
"26-03-20 12:05:33.222","+2.1357957E-02"
"26-03-20 12:05:33.930","+1.8602559E-02"
"26-03-20 12:05:34.633","+1.8750500E-02"
"26-03-20 12:05:35.341","+1.9596661E-02"
"26-03-20 12:05:36.044","+1.8693648E-02"
"26-03-20 12:05:36.751","+1.9637520E-02"
"26-03-20 12:05:37.456","+1.8821346E-02"
"26-03-20 12:05:38.164","+1.9604033E-02"
"26-03-20 12:05:38.868","+1.8644917E-02"
"26-03-20 12:05:39.574","+1.9804328E-02"
"26-03-20 12:05:40.278","+1.8794357E-02"
"26-03-20 12:05:40.987","+1.8547456E-02"
"26-03-20 12:05:41.693","+1.8628049E-02"
"26-03-20 12:05:42.400","+1.8751874E-02"
"26-03-20 12:05:43.107","+2.2572846E-02"
"26-03-20 12:05:43.814","+1.8609431E-02"
"26-03-20 12:05:44.521","+2.0708092E-02"
"26-03-20 12:05:45.227","+1.8739754E-02"
"26-03-20 12:05:45.934","+1.9646641E-02"
"26-03-20 12:05:46.641","+1.8651789E-02"
"26-03-20 12:05:47.349","+1.8687775E-02"
"26-03-20 12:05:48.055","+1.8664784E-02"
"26-03-20 12:05:48.762","+1.8622051E-02"
"26-03-20 12:05:49.468","+1.9639269E-02"
"26-03-20 12:05:50.174","+1.8916433E-02"
"26-03-20 12:05:50.878","+1.9652014E-02"
"26-03-20 12:05:51.586","+1.8609681E-02"
"26-03-20 12:05:52.289","+2.3608432E-02"
"26-03-20 12:05:52.996","+1.8669407E-02"
"26-03-20 12:05:53.699","+2.2563350E-02"
"26-03-20 12:05:54.405","+1.8693398E-02"
"26-03-20 12:05:55.109","+3.3815099E-02"
"26-03-20 12:05:55.817","+2.1499900E-02"
"26-03-20 12:05:56.520","+1.8646167E-02"
"26-03-20 12:05:57.226","+1.9620902E-02"
"26-03-20 12:05:57.930","+1.8566948E-02"
"26-03-20 12:05:58.639","+2.3664034E-02"
"26-03-20 12:05:59.342","+1.8742378E-02"
"26-03-20 12:06:00.049","+3.0382722E-02"
"26-03-20 12:06:00.753","+1.8783986E-02"
"26-03-20 12:06:01.459","+1.8667033E-02"
"26-03-20 12:06:02.163","+1.8862955E-02"
"26-03-20 12:06:02.871","+1.8735381E-02"
"26-03-20 12:06:03.574","+1.9831942E-02"
"26-03-20 12:06:04.281","+1.9851434E-02"
"26-03-20 12:06:04.985","+5.9874675E-02"
"26-03-20 12:06:05.692","+1.8666658E-02"
"26-03-20 12:06:06.397","+2.2754898E-02"
"26-03-20 12:06:07.106","+1.8757747E-02"
"26-03-20 12:06:07.813","+1.9430853E-02"
"26-03-20 12:06:08.519","+1.8806352E-02"
"26-03-20 12:06:09.227","+1.8530088E-02"
"26-03-20 12:06:09.934","+2.2617578E-02"
"26-03-20 12:06:10.640","+1.8760996E-02"
"26-03-20 12:06:11.348","+2.2656312E-02"
"26-03-20 12:06:12.054","+1.8503474E-02"
"26-03-20 12:06:12.760","+1.9713740E-02"
"26-03-20 12:06:13.468","+1.8646416E-02"
"26-03-20 12:06:14.171","+1.9577794E-02"
"26-03-20 12:06:14.878","+1.8566573E-02"
"26-03-20 12:06:15.583","+1.8708642E-02"
"26-03-20 12:06:16.290","+1.9609656E-02"
"26-03-20 12:06:16.993","+1.8635796E-02"
"26-03-20 12:06:17.699","+2.2696796E-02"
"26-03-20 12:06:18.403","+1.8806727E-02"
"26-03-20 12:06:19.110","+2.2846486E-02"
"26-03-20 12:06:19.814","+1.8805353E-02"
"26-03-20 12:06:20.520","+2.0172931E-02"
"26-03-20 12:06:21.224","+1.8922431E-02"
"26-03-20 12:06:21.930","+1.8860331E-02"
"26-03-20 12:06:22.634","+1.8621052E-02"
"26-03-20 12:06:23.341","+1.8565449E-02"
"26-03-20 12:06:24.046","+1.9678504E-02"
"26-03-20 12:06:24.753","+1.8816973E-02"
"26-03-20 12:06:25.456","+2.3771991E-02"
"26-03-20 12:06:26.162","+1.8833092E-02"
"26-03-20 12:06:26.867","+2.2635821E-02"
"26-03-20 12:06:27.573","+1.8882072E-02"
"26-03-20 12:06:28.277","+1.9354383E-02"
"26-03-20 12:06:28.983","+1.8727134E-02"
"26-03-20 12:06:29.687","+1.8734631E-02"
"26-03-20 12:06:30.394","+1.9314899E-02"
"26-03-20 12:06:31.097","+1.8648666E-02"
"26-03-20 12:06:31.803","+1.9418358E-02"
"26-03-20 12:06:32.512","+1.8627299E-02"
"26-03-20 12:06:33.219","+1.9423980E-02"
"26-03-20 12:06:33.926","+1.8655663E-02"
"26-03-20 12:06:34.633","+2.3451245E-02"
"26-03-20 12:06:35.341","+1.8733507E-02"
"26-03-20 12:06:36.048","+1.8635921E-02"
"26-03-20 12:06:36.754","+1.9160211E-02"
"26-03-20 12:06:37.462","+1.8777489E-02"
"26-03-20 12:06:38.168","+1.9497076E-02"
"26-03-20 12:06:38.874","+1.8869577E-02"
"26-03-20 12:06:39.581","+2.0265894E-02"
"26-03-20 12:06:40.284","+1.8914684E-02"
"26-03-20 12:06:40.990","+1.9437850E-02"
"26-03-20 12:06:41.696","+1.8647666E-02"
"26-03-20 12:06:42.402","+1.8889694E-02"
"26-03-20 12:06:43.106","+1.8678903E-02"
"26-03-20 12:06:43.813","+1.8858207E-02"
"26-03-20 12:06:44.516","+2.2605458E-02"
"26-03-20 12:06:45.223","+1.8615679E-02"
"26-03-20 12:06:45.927","+1.9859681E-02"
"26-03-20 12:06:46.633","+1.8869452E-02"
"26-03-20 12:06:47.337","+1.9709866E-02"
"26-03-20 12:06:48.045","+1.8847211E-02"
"26-03-20 12:06:48.748","+1.9640519E-02"
"26-03-20 12:06:49.454","+1.8668283E-02"
"26-03-20 12:06:50.160","+1.8861955E-02"
"26-03-20 12:06:50.867","+1.9698995E-02"
"26-03-20 12:06:51.570","+1.8489979E-02"
"26-03-20 12:06:52.277","+1.9691498E-02"
"26-03-20 12:06:52.981","+1.8642293E-02"
"26-03-20 12:06:53.687","+1.9728359E-02"
"26-03-20 12:06:54.391","+1.8538834E-02"
"26-03-20 12:06:55.098","+2.3765994E-02"
"26-03-20 12:06:55.801","+1.8696396E-02"
"26-03-20 12:06:56.509","+1.8685526E-02"
"26-03-20 12:06:57.214","+1.8642918E-02"
"26-03-20 12:06:57.928","+1.8655038E-02"
"26-03-20 12:06:58.689","+2.0086840E-02"
"26-03-20 12:06:59.395","+1.8904688E-02"
"26-03-20 12:07:00.102","+1.9894417E-02"
"26-03-20 12:07:00.809","+1.8503224E-02"
"26-03-20 12:07:01.566","+2.3771866E-02"
"26-03-20 12:07:02.273","+1.8563200E-02"
"26-03-20 12:07:02.980","+1.8780113E-02"
"26-03-20 12:07:03.687","+1.9768842E-02"
"26-03-20 12:07:04.393","+1.8813725E-02"
"26-03-20 12:07:05.152","+1.9720487E-02"
"26-03-20 12:07:05.859","+1.8744502E-02"
"26-03-20 12:07:06.566","+1.9751349E-02"
"26-03-20 12:07:07.275","+1.8670157E-02"
"26-03-20 12:07:08.028","+2.6447671E-02"
"26-03-20 12:07:08.734","+1.8621301E-02"
"26-03-20 12:07:09.441","+1.8865204E-02"
"26-03-20 12:07:10.148","+1.9893043E-02"
"26-03-20 12:07:10.855","+1.8434876E-02"
"26-03-20 12:07:11.610","+1.9797081E-02"
"26-03-20 12:07:12.314","+1.8614554E-02"
"26-03-20 12:07:13.021","+1.9503449E-02"
"26-03-20 12:07:13.728","+1.8739504E-02"
"26-03-20 12:07:14.483","+1.8826719E-02"
"26-03-20 12:07:15.190","+2.2592213E-02"
"26-03-20 12:07:15.896","+1.8605183E-02"
"26-03-20 12:07:16.602","+1.9766593E-02"
"26-03-20 12:07:17.306","+1.8660661E-02"
"26-03-20 12:07:18.060","+7.0465064E-02"
"26-03-20 12:07:18.766","+1.8851334E-02"
"26-03-20 12:07:19.470","+2.3373526E-02"
"26-03-20 12:07:20.177","+1.8575820E-02"
"26-03-20 12:07:20.929","+1.8773990E-02"
"26-03-20 12:07:21.632","+2.2682802E-02"
"26-03-20 12:07:22.339","+1.8609181E-02"
"26-03-20 12:07:23.043","+2.0489804E-02"
"26-03-20 12:07:23.750","+1.8797856E-02"
"26-03-20 12:07:24.502","+1.9634896E-02"
"26-03-20 12:07:25.209","+1.8688275E-02"
"26-03-20 12:07:25.916","+1.8777739E-02"
"26-03-20 12:07:26.620","+1.8837840E-02"
"26-03-20 12:07:27.374","+1.8865079E-02"
"26-03-20 12:07:28.081","+2.2577344E-02"
"26-03-20 12:07:28.789","+1.8821596E-02"
"26-03-20 12:07:29.495","+1.9475210E-02"
"26-03-20 12:07:30.202","+1.8437250E-02"
"26-03-20 12:07:30.957","+1.9702244E-02"
"26-03-20 12:07:31.663","+1.8630923E-02"
"26-03-20 12:07:32.371","+1.8734256E-02"
"26-03-20 12:07:33.077","+1.9433727E-02"
"26-03-20 12:07:33.834","+1.8730508E-02"
"26-03-20 12:07:34.541","+1.9606907E-02"
"26-03-20 12:07:35.248","+1.8765619E-02"
"26-03-20 12:07:35.956","+1.9643767E-02"
"26-03-20 12:07:36.662","+1.8698021E-02"
"26-03-20 12:07:37.418","+1.9309776E-02"
"26-03-20 12:07:38.124","+1.8850585E-02"
"26-03-20 12:07:38.832","+1.8839589E-02"
"26-03-20 12:07:39.539","+1.9654388E-02"
"26-03-20 12:07:40.295","+1.8614179E-02"
"26-03-20 12:07:41.002","+1.9488580E-02"
"26-03-20 12:07:41.708","+1.8593438E-02"
"26-03-20 12:07:42.417","+1.9658012E-02"
"26-03-20 12:07:43.125","+1.8825720E-02"
"26-03-20 12:07:43.881","+1.8750500E-02"
"26-03-20 12:07:44.589","+1.9012145E-02"
"26-03-20 12:07:45.295","+1.8794982E-02"
"26-03-20 12:07:46.002","+1.9471586E-02"
"26-03-20 12:07:46.759","+1.8741253E-02"
"26-03-20 12:07:47.465","+1.9664509E-02"
"26-03-20 12:07:48.173","+1.8625800E-02"
"26-03-20 12:07:48.879","+1.9517443E-02"
"26-03-20 12:07:49.586","+1.8749625E-02"
"26-03-20 12:07:50.343","+1.8747001E-02"
"26-03-20 12:07:51.051","+1.9619777E-02"
"26-03-20 12:07:51.758","+1.8638170E-02"
"26-03-20 12:07:52.465","+1.9920532E-02"
"26-03-20 12:07:53.221","+1.8474985E-02"
"26-03-20 12:07:53.927","+1.9834816E-02"
"26-03-20 12:07:54.633","+1.8793108E-02"
"26-03-20 12:07:55.341","+1.8753749E-02"
"26-03-20 12:07:56.047","+1.8687400E-02"
"26-03-20 12:07:56.802","+1.8675405E-02"
"26-03-20 12:07:57.509","+1.9534686E-02"
"26-03-20 12:07:58.215","+1.8910436E-02"
"26-03-20 12:07:58.923","+1.9714989E-02"
"26-03-20 12:07:59.680","+1.8567573E-02"
"26-03-20 12:08:00.386","+1.9704368E-02"
"26-03-20 12:08:01.093","+1.8714639E-02"
"26-03-20 12:08:01.799","+1.8744502E-02"
"26-03-20 12:08:02.507","+1.8977284E-02"
"26-03-20 12:08:03.258","+1.8752624E-02"
"26-03-20 12:08:03.964","+1.9795707E-02"
"26-03-20 12:08:04.671","+1.8561076E-02"
"26-03-20 12:08:05.378","+1.9779713E-02"
"26-03-20 12:08:06.085","+3.4415109E-02"
"26-03-20 12:08:06.827","+3.6925355E-02"
"26-03-20 12:08:07.534","+1.8760246E-02"
"26-03-20 12:08:08.239","+1.8589564E-02"
"26-03-20 12:08:08.945","+2.0354983E-02"
"26-03-20 12:08:09.685","+1.8717013E-02"
"26-03-20 12:08:10.393","+1.9509321E-02"
"26-03-20 12:08:11.099","+1.8656662E-02"
"26-03-20 12:08:11.804","+1.9740354E-02"
"26-03-20 12:08:12.510","+1.8723511E-02"
"26-03-20 12:08:13.253","+1.8938175E-02"
"26-03-20 12:08:13.959","+1.8793857E-02"
"26-03-20 12:08:14.665","+1.8733382E-02"
"26-03-20 12:08:15.372","+1.9977759E-02"
"26-03-20 12:08:16.116","+1.8841463E-02"
"26-03-20 12:08:16.820","+1.9767718E-02"
"26-03-20 12:08:17.528","+1.8620677E-02"
"26-03-20 12:08:18.232","+1.9734856E-02"
"26-03-20 12:08:18.939","+3.4935901E-02"
"26-03-20 12:08:19.680","+3.7469887E-02"
"26-03-20 12:08:20.384","+5.2738655E-02"
"26-03-20 12:08:21.090","+1.8683152E-02"
"26-03-20 12:08:21.794","+1.9914784E-02"
"26-03-20 12:08:22.538","+1.8670282E-02"
"26-03-20 12:08:23.246","+1.9686500E-02"
"26-03-20 12:08:23.953","+7.3397266E-02"
"26-03-20 12:08:24.660","+1.9832067E-02"
"26-03-20 12:08:25.368","+1.8582567E-02"
"26-03-20 12:08:26.113","+1.8673281E-02"
"26-03-20 12:08:26.819","+1.8639419E-02"
"26-03-20 12:08:27.526","+1.8566698E-02"
"26-03-20 12:08:28.233","+1.9635646E-02"
"26-03-20 12:08:28.979","+1.8576195E-02"
"26-03-20 12:08:29.685","+1.9674755E-02"
"26-03-20 12:08:30.389","+1.8696646E-02"
"26-03-20 12:08:31.096","+1.9496576E-02"
"26-03-20 12:08:31.800","+1.8682152E-02"
"26-03-20 12:08:32.545","+1.8597186E-02"
"26-03-20 12:08:33.252","+1.9829568E-02"
"26-03-20 12:08:33.955","+1.8753249E-02"
"26-03-20 12:08:34.663","+1.9997376E-02"
"26-03-20 12:08:35.406","+1.8712140E-02"
"26-03-20 12:08:36.112","+1.9723736E-02"
"26-03-20 12:08:36.820","+1.8798731E-02"
"26-03-20 12:08:37.527","+1.9844062E-02"
"26-03-20 12:08:38.233","+1.8598311E-02"
"26-03-20 12:08:38.983","+1.8703519E-02"
"26-03-20 12:08:39.689","+1.9943897E-02"
"26-03-20 12:08:40.397","+1.8489104E-02"
"26-03-20 12:08:41.104","+1.9774090E-02"
"26-03-20 12:08:41.850","+1.8470612E-02"
"26-03-20 12:08:42.554","+2.3838964E-02"
"26-03-20 12:08:43.263","+1.8819472E-02"
"26-03-20 12:08:43.969","+2.1686450E-02"
"26-03-20 12:08:44.676","+1.8809476E-02"
"26-03-20 12:08:45.420","+1.8722011E-02"
"26-03-20 12:08:46.124","+2.0404213E-02"
"26-03-20 12:08:46.832","+1.8592938E-02"
"26-03-20 12:08:47.535","+1.9737230E-02"
"26-03-20 12:08:48.286","+1.8572696E-02"
"26-03-20 12:08:48.992","+1.9498701E-02"
"26-03-20 12:08:49.696","+1.8970537E-02"
"26-03-20 12:08:50.402","+1.8695897E-02"
"26-03-20 12:08:51.106","+1.8666783E-02"
"26-03-20 12:08:51.858","+6.8098818E+00"
"26-03-20 12:08:52.565","+9.1714584E+00"
"26-03-20 12:08:53.272","+6.7499815E+00"
"26-03-20 12:08:53.979","+7.4114597E+00"
"26-03-20 12:08:54.729","+5.9085798E+00"
"26-03-20 12:08:55.435","+5.8422307E+00"
"26-03-20 12:08:56.142","+5.8694985E+00"
"26-03-20 12:08:56.850","+5.8691160E+00"
"26-03-20 12:08:57.557","+5.9369450E+00"
"26-03-20 12:08:58.310","+6.3746543E+00"
"26-03-20 12:08:59.016","+1.0237714E+01"
"26-03-20 12:08:59.723","+1.0239688E+01"
"26-03-20 12:09:00.431","+1.0239688E+01"
"26-03-20 12:09:01.183","+3.2620351E+00"
"26-03-20 12:09:01.890","-1.0239688E+01"
"26-03-20 12:09:02.596","-1.0239688E+01"
"26-03-20 12:09:03.303","-1.0166755E+01"
"26-03-20 12:09:04.010","-9.3536702E+00"
"26-03-20 12:09:04.761","-8.4272301E+00"
"26-03-20 12:09:05.464","-7.6844533E+00"
"26-03-20 12:09:06.171","-7.0343085E+00"
"26-03-20 12:09:06.876","-6.4659584E+00"
"26-03-20 12:09:07.583","-5.9621826E+00"
"26-03-20 12:09:08.329","-5.4904748E+00"
"26-03-20 12:09:09.032","-5.0957115E+00"
"26-03-20 12:09:09.740","-4.7450818E+00"
"26-03-20 12:09:10.444","-4.4370221E+00"
"26-03-20 12:09:11.194","-4.1453088E+00"
"26-03-20 12:09:11.902","-3.9015330E+00"
"26-03-20 12:09:12.605","-3.6867117E+00"
"26-03-20 12:09:13.313","-3.5005674E+00"
"26-03-20 12:09:14.016","-3.3309003E+00"
"26-03-20 12:09:14.766","-3.1711568E+00"
"26-03-20 12:09:15.473","-3.0400529E+00"
"26-03-20 12:09:16.180","-2.9169155E+00"
"26-03-20 12:09:16.888","-2.8108435E+00"
"26-03-20 12:09:17.636","-2.7041871E+00"
"26-03-20 12:09:18.346","-2.6149841E+00"
"26-03-20 12:09:19.054","-2.5347317E+00"
