current,time
0.77626,26-09-07 15:18:25.404
0.77558,26-09-07 15:18:26.711
0.78459,26-09-07 15:18:27.425
0.80474,26-09-07 15:18:28.139
0.77273,26-09-07 15:18:28.852
0.77552,26-09-07 15:18:29.678
0.78093,26-09-07 15:18:30.391
0.77726,26-09-07 15:18:31.106
0.77727,26-09-07 15:18:31.819
0.77606,26-09-07 15:18:32.534
0.77863,26-09-07 15:18:33.247
0.78049,26-09-07 15:18:33.962
0.77735,26-09-07 15:18:34.679
0.7943,26-09-07 15:18:35.392
0.77713,26-09-07 15:18:36.196
0.77905,26-09-07 15:18:36.914
0.78965,26-09-07 15:18:37.627
0.79863,26-09-07 15:18:38.342
0.77602,26-09-07 15:18:39.055
0.77101,26-09-07 15:18:39.770
0.7784,26-09-07 15:18:40.483
0.78196,26-09-07 15:18:41.199
0.7815,26-09-07 15:18:41.917
0.78162,26-09-07 15:18:42.724
0.7815,26-09-07 15:18:43.442
0.77566,26-09-07 15:18:44.156
0.77818,26-09-07 15:18:44.869
0.77679,26-09-07 15:18:45.584
0.78024,26-09-07 15:18:46.297
0.78114,26-09-07 15:18:47.012
0.79193,26-09-07 15:18:47.726
0.81964,26-09-07 15:18:48.439
0.78676,26-09-07 15:18:49.240
0.78898,26-09-07 15:18:49.954
0.78692,26-09-07 15:18:50.669
0.77981,26-09-07 15:18:51.382
0.79965,26-09-07 15:18:52.097
0.78314,26-09-07 15:18:52.810
0.78988,26-09-07 15:18:53.526
0.79217,26-09-07 15:18:54.240
0.78637,26-09-07 15:18:54.953
0.81205,26-09-07 15:18:55.754
0.79785,26-09-07 15:18:56.472
0.7948,26-09-07 15:18:57.187
0.80809,26-09-07 15:18:57.900
0.80134,26-09-07 15:18:58.615
0.78618,26-09-07 15:18:59.328
0.7779,26-09-07 15:19:00.043
0.77705,26-09-07 15:19:00.756
0.79356,26-09-07 15:19:01.476
0.78358,26-09-07 15:19:02.282
0.78594,26-09-07 15:19:03.000
0.7802,26-09-07 15:19:03.714
0.78137,26-09-07 15:19:04.428
0.77728,26-09-07 15:19:05.141
0.79168,26-09-07 15:19:05.856
0.77625,26-09-07 15:19:06.569
0.7845,26-09-07 15:19:07.284
0.80471,26-09-07 15:19:07.997
0.78296,26-09-07 15:19:08.823
0.77922,26-09-07 15:19:09.537
0.78088,26-09-07 15:19:10.252
0.78134,26-09-07 15:19:10.967
0.78298,26-09-07 15:19:11.680
0.78421,26-09-07 15:19:12.398
0.78331,26-09-07 15:19:13.112
0.78929,26-09-07 15:19:13.825
0.79783,26-09-07 15:19:14.540
0.78024,26-09-07 15:19:15.342
0.78153,26-09-07 15:19:16.057
0.77941,26-09-07 15:19:16.770
0.79637,26-09-07 15:19:17.485
0.80183,26-09-07 15:19:18.198
0.78002,26-09-07 15:19:18.913
0.78378,26-09-07 15:19:19.626
0.78331,26-09-07 15:19:20.343
0.77785,26-09-07 15:19:21.058
0.78241,26-09-07 15:19:21.863
0.78725,26-09-07 15:19:22.576
0.77858,26-09-07 15:19:23.292
0.80501,26-09-07 15:19:24.005
0.77915,26-09-07 15:19:24.721
0.78041,26-09-07 15:19:25.436
0.77906,26-09-07 15:19:26.149
0.77807,26-09-07 15:19:26.864
0.79795,26-09-07 15:19:27.577
0.79986,26-09-07 15:19:28.379
0.78151,26-09-07 15:19:29.093
0.77661,26-09-07 15:19:29.806
0.77708,26-09-07 15:19:30.521
0.78668,26-09-07 15:19:31.234
0.78145,26-09-07 15:19:31.949
0.79123,26-09-07 15:19:32.664
0.77787,26-09-07 15:19:33.379
0.77879,26-09-07 15:19:34.092
0.77975,26-09-07 15:19:34.894
0.77744,26-09-07 15:19:35.610
0.78763,26-09-07 15:19:36.326
0.78509,26-09-07 15:19:37.040
0.79676,26-09-07 15:19:37.754
0.79838,26-09-07 15:19:38.467
0.88767,26-09-07 15:19:39.182
0.85814,26-09-07 15:19:39.895
0.79785,26-09-07 15:19:40.610
0.78728,26-09-07 15:19:41.414
0.77898,26-09-07 15:19:42.127
0.79353,26-09-07 15:19:42.842
0.77707,26-09-07 15:19:43.555
0.7827,26-09-07 15:19:44.270
0.83813,26-09-07 15:19:44.987
0.84171,26-09-07 15:19:45.702
0.84176,26-09-07 15:19:46.415
0.83746,26-09-07 15:19:47.130
0.85718,26-09-07 15:19:47.843
0.85173,26-09-07 15:19:48.558
0.89064,26-09-07 15:19:49.271
0.86694,26-09-07 15:19:49.991
0.87325,26-09-07 15:19:50.705
0.87519,26-09-07 15:19:51.418
0.87575,26-09-07 15:19:52.133
0.87785,26-09-07 15:19:52.846
0.85744,26-09-07 15:19:53.561
0.88018,26-09-07 15:19:54.274
0.881,26-09-07 15:19:54.989
0.8752,26-09-07 15:19:55.705
0.88247,26-09-07 15:19:56.418
0.82671,26-09-07 15:19:57.133
0.77803,26-09-07 15:19:57.846
0.78175,26-09-07 15:19:58.561
0.78883,26-09-07 15:19:59.274
0.79664,26-09-07 15:19:59.989
0.79983,26-09-07 15:20:00.702
0.79636,26-09-07 15:20:01.421
0.79463,26-09-07 15:20:02.135
0.78394,26-09-07 15:20:02.848
0.16838,26-09-07 15:20:03.563
0.15125,26-09-07 15:20:04.276
0.15569,26-09-07 15:20:04.991
0.1514,26-09-07 15:20:05.704
0.15209,26-09-07 15:20:06.420
0.15371,26-09-07 15:20:07.136
0.15143,26-09-07 15:20:07.849
0.15418,26-09-07 15:20:08.564
0.15569,26-09-07 15:20:09.278
0.15159,26-09-07 15:20:09.991
0.15395,26-09-07 15:20:10.706
0.15248,26-09-07 15:20:11.419
0.15162,26-09-07 15:20:12.134
0.15212,26-09-07 15:20:12.852
0.15413,26-09-07 15:20:13.565
0.15077,26-09-07 15:20:14.280
0.15087,26-09-07 15:20:14.993
0.15422,26-09-07 15:20:15.708
0.14932,26-09-07 15:20:16.421
0.15398,26-09-07 15:20:17.136
0.13914,26-09-07 15:20:17.849
0.13806,26-09-07 15:20:18.567
0.13745,26-09-07 15:20:19.281
0.13798,26-09-07 15:20:19.994
0.13804,26-09-07 15:20:20.709
0.1382,26-09-07 15:20:21.422
0.13806,26-09-07 15:20:22.137
0.13876,26-09-07 15:20:22.850
0.13808,26-09-07 15:20:23.565
0.13908,26-09-07 15:20:24.281
0.13879,26-09-07 15:20:24.995
0.13741,26-09-07 15:20:25.708
0.1378,26-09-07 15:20:26.423
0.13856,26-09-07 15:20:27.136
0.13871,26-09-07 15:20:27.851
0.13793,26-09-07 15:20:28.564
0.13849,26-09-07 15:20:29.280
0.13848,26-09-07 15:20:29.997
0.13856,26-09-07 15:20:30.711
0.13837,26-09-07 15:20:31.424
0.13887,26-09-07 15:20:32.139
0.13907,26-09-07 15:20:32.852
0.1382,26-09-07 15:20:33.567
0.13754,26-09-07 15:20:34.280
0.13806,26-09-07 15:20:34.995
0.13896,26-09-07 15:20:35.711
0.13889,26-09-07 15:20:36.425
0.13728,26-09-07 15:20:37.138
0.13761,26-09-07 15:20:37.853
0.13876,26-09-07 15:20:38.566
0.13774,26-09-07 15:20:39.281
0.13886,26-09-07 15:20:39.994
0.13845,26-09-07 15:20:40.709
0.13868,26-09-07 15:20:41.427
0.13832,26-09-07 15:20:42.140
0.13774,26-09-07 15:20:42.855
0.13797,26-09-07 15:20:43.568
0.13709,26-09-07 15:20:44.283
0.13926,26-09-07 15:20:44.996
0.13772,26-09-07 15:20:45.711
0.13815,26-09-07 15:20:46.424
0.13741,26-09-07 15:20:47.142
0.13883,26-09-07 15:20:47.856
0.13931,26-09-07 15:20:48.569
0.13655,26-09-07 15:20:49.285
0.13738,26-09-07 15:20:49.998
0.13702,26-09-07 15:20:50.713
0.13726,26-09-07 15:20:51.426
0.13815,26-09-07 15:20:52.141
0.13822,26-09-07 15:20:52.857
0.13877,26-09-07 15:20:53.570
0.13802,26-09-07 15:20:54.285
0.13858,26-09-07 15:20:54.998
0.13814,26-09-07 15:20:55.713
0.13854,26-09-07 15:20:56.427
0.13886,26-09-07 15:20:57.140
0.13904,26-09-07 15:20:57.855
0.13822,26-09-07 15:20:58.573
0.13982,26-09-07 15:20:59.286
0.13961,26-09-07 15:21:00.001
0.13769,26-09-07 15:21:00.714
0.1384,26-09-07 15:21:01.429
0.13784,26-09-07 15:21:02.142
0.13718,26-09-07 15:21:02.857
0.13876,26-09-07 15:21:03.571
0.1374,26-09-07 15:21:04.287
0.13856,26-09-07 15:21:05.000
0.13814,26-09-07 15:21:05.715
0.13725,26-09-07 15:21:06.428
0.13838,26-09-07 15:21:07.143
0.13779,26-09-07 15:21:07.856
0.1385,26-09-07 15:21:08.571
0.13855,26-09-07 15:21:09.284
0.13776,26-09-07 15:21:10.003
0.1371,26-09-07 15:21:10.717
0.13886,26-09-07 15:21:11.430
0.138,26-09-07 15:21:12.145
0.13809,26-09-07 15:21:12.858
0.13851,26-09-07 15:21:13.573
0.14584,26-09-07 15:21:14.286
0.13942,26-09-07 15:21:15.001
0.13751,26-09-07 15:21:15.717
0.13905,26-09-07 15:21:16.430
0.13901,26-09-07 15:21:17.145
0.13752,26-09-07 15:21:17.858
0.13978,26-09-07 15:21:18.573
0.13714,26-09-07 15:21:19.286
0.13845,26-09-07 15:21:20.001
0.13957,26-09-07 15:21:20.714
0.1394,26-09-07 15:21:21.433
0.13882,26-09-07 15:21:22.147
0.13759,26-09-07 15:21:22.860
0.13954,26-09-07 15:21:23.575
0.13842,26-09-07 15:21:24.288
0.13829,26-09-07 15:21:25.003
0.13767,26-09-07 15:21:25.716
0.13719,26-09-07 15:21:26.431
0.13791,26-09-07 15:21:27.148
0.13858,26-09-07 15:21:27.861
0.13869,26-09-07 15:21:28.576
0.13753,26-09-07 15:21:29.289
0.139,26-09-07 15:21:30.004
0.13753,26-09-07 15:21:30.718
0.13956,26-09-07 15:21:31.431
0.13862,26-09-07 15:21:32.146
0.13681,26-09-07 15:21:32.862
0.13778,26-09-07 15:21:33.576
0.13808,26-09-07 15:21:34.289
0.13722,26-09-07 15:21:35.005
0.13949,26-09-07 15:21:35.718
0.13858,26-09-07 15:21:36.433
0.1383,26-09-07 15:21:37.146
0.13763,26-09-07 15:21:37.861
0.13849,26-09-07 15:21:38.579
0.13826,26-09-07 15:21:39.292
0.13655,26-09-07 15:21:40.007
0.13883,26-09-07 15:21:40.720
0.13871,26-09-07 15:21:41.435
0.13957,26-09-07 15:21:42.148
0.13925,26-09-07 15:21:42.863
0.13843,26-09-07 15:21:43.576
0.13736,26-09-07 15:21:44.294
0.13838,26-09-07 15:21:45.008
0.13873,26-09-07 15:21:45.721
0.13674,26-09-07 15:21:46.436
0.13808,26-09-07 15:21:47.149
0.13856,26-09-07 15:21:47.864
0.13907,26-09-07 15:21:48.577
0.13728,26-09-07 15:21:49.292
0.13163,26-09-07 15:21:50.008
0.12955,26-09-07 15:21:50.721
0.13026,26-09-07 15:21:51.436
0.13012,26-09-07 15:21:52.149
0.13082,26-09-07 15:21:52.864
0.13122,26-09-07 15:21:53.577
0.13158,26-09-07 15:21:54.292
0.13096,26-09-07 15:21:55.005
0.13126,26-09-07 15:21:55.724
0.12962,26-09-07 15:21:56.438
0.1299,26-09-07 15:21:57.152
0.12977,26-09-07 15:21:57.865
0.13175,26-09-07 15:21:58.580
0.13016,26-09-07 15:21:59.293
0.13195,26-09-07 15:22:00.008
0.1314,26-09-07 15:22:00.721
0.13124,26-09-07 15:22:01.439
0.1317,26-09-07 15:22:02.153
0.13017,26-09-07 15:22:02.866
0.13116,26-09-07 15:22:03.581
0.13127,26-09-07 15:22:04.294
0.13133,26-09-07 15:22:05.009
0.1303,26-09-07 15:22:05.722
0.13095,26-09-07 15:22:06.437
0.1306,26-09-07 15:22:07.153
0.13097,26-09-07 15:22:07.866
0.13078,26-09-07 15:22:08.581
0.13102,26-09-07 15:22:09.294
0.13097,26-09-07 15:22:10.009
0.13314,26-09-07 15:22:10.722
0.1311,26-09-07 15:22:11.437
0.13231,26-09-07 15:22:12.150
0.13127,26-09-07 15:22:12.869
0.13248,26-09-07 15:22:13.583
0.13069,26-09-07 15:22:14.296
0.13854,26-09-07 15:22:15.011
0.13198,26-09-07 15:22:15.724
0.13079,26-09-07 15:22:16.439
0.13142,26-09-07 15:22:17.152
0.13048,26-09-07 15:22:17.867
0.13041,26-09-07 15:22:18.584
0.13177,26-09-07 15:22:19.298
0.13179,26-09-07 15:22:20.011
0.13108,26-09-07 15:22:20.726
0.13023,26-09-07 15:22:21.440
0.13086,26-09-07 15:22:22.155
0.1309,26-09-07 15:22:22.868
0.13249,26-09-07 15:22:23.583
0.13043,26-09-07 15:22:24.300
0.13129,26-09-07 15:22:25.014
0.13168,26-09-07 15:22:25.727
0.13108,26-09-07 15:22:26.442
0.13121,26-09-07 15:22:27.155
0.13007,26-09-07 15:22:27.870
0.13084,26-09-07 15:22:28.583
0.13077,26-09-07 15:22:29.298
0.13073,26-09-07 15:22:30.014
0.12998,26-09-07 15:22:30.727
0.13141,26-09-07 15:22:31.442
0.13171,26-09-07 15:22:32.155
0.13053,26-09-07 15:22:32.870
0.13063,26-09-07 15:22:33.583
0.13123,26-09-07 15:22:34.298
0.13072,26-09-07 15:22:35.011
0.13166,26-09-07 15:22:35.730
0.13009,26-09-07 15:22:36.444
0.13101,26-09-07 15:22:37.157
0.13184,26-09-07 15:22:37.872
0.13178,26-09-07 15:22:38.585
0.12941,26-09-07 15:22:39.300
0.13063,26-09-07 15:22:40.013
0.13046,26-09-07 15:22:40.728
0.13014,26-09-07 15:22:41.444
0.13169,26-09-07 15:22:42.158
0.13175,26-09-07 15:22:42.871
0.13182,26-09-07 15:22:43.586
0.13178,26-09-07 15:22:44.299
0.1303,26-09-07 15:22:45.014
0.13049,26-09-07 15:22:45.728
0.1305,26-09-07 15:22:46.441
0.13223,26-09-07 15:22:47.160
0.13073,26-09-07 15:22:47.874
0.13142,26-09-07 15:22:48.587
0.13033,26-09-07 15:22:49.302
0.13227,26-09-07 15:22:50.015
0.13204,26-09-07 15:22:50.730
0.1311,26-09-07 15:22:51.444
0.13043,26-09-07 15:22:52.157
0.13103,26-09-07 15:22:52.875
0.13176,26-09-07 15:22:53.589
0.13109,26-09-07 15:22:54.302
0.13092,26-09-07 15:22:55.017
0.1311,26-09-07 15:22:55.730
0.13101,26-09-07 15:22:56.445
0.1318,26-09-07 15:22:57.158
0.1304,26-09-07 15:22:57.873
0.1316,26-09-07 15:22:58.589
0.12956,26-09-07 15:22:59.302
0.13121,26-09-07 15:23:00.017
0.13192,26-09-07 15:23:00.730
0.13038,26-09-07 15:23:01.445
0.13185,26-09-07 15:23:02.158
0.13103,26-09-07 15:23:02.873
0.131,26-09-07 15:23:03.586
0.1304,26-09-07 15:23:04.305
0.13153,26-09-07 15:23:05.019
0.13177,26-09-07 15:23:05.732
0.13007,26-09-07 15:23:06.447
0.13074,26-09-07 15:23:07.160
0.13159,26-09-07 15:23:07.875
0.13184,26-09-07 15:23:08.589
0.13196,26-09-07 15:23:09.304
0.13152,26-09-07 15:23:10.020
0.13141,26-09-07 15:23:10.733
0.13054,26-09-07 15:23:11.448
0.13191,26-09-07 15:23:12.161
0.13037,26-09-07 15:23:12.876
0.13035,26-09-07 15:23:13.589
0.13083,26-09-07 15:23:14.304
0.13593,26-09-07 15:23:15.017
0.13036,26-09-07 15:23:15.736
0.1305,26-09-07 15:23:16.450
0.13207,26-09-07 15:23:17.163
0.13084,26-09-07 15:23:17.878
0.13082,26-09-07 15:23:18.592
0.13097,26-09-07 15:23:19.305
0.13007,26-09-07 15:23:20.020
0.13189,26-09-07 15:23:20.733
0.12985,26-09-07 15:23:21.451
0.13123,26-09-07 15:23:22.165
0.13118,26-09-07 15:23:22.878
0.13187,26-09-07 15:23:23.593
0.13047,26-09-07 15:23:24.306
0.1299,26-09-07 15:23:25.021
0.13097,26-09-07 15:23:25.734
0.13157,26-09-07 15:23:26.449
0.13039,26-09-07 15:23:27.165
0.13177,26-09-07 15:23:27.879
0.13116,26-09-07 15:23:28.592
0.13032,26-09-07 15:23:29.307
0.12957,26-09-07 15:23:30.020
0.13084,26-09-07 15:23:30.735
0.13064,26-09-07 15:23:31.448
0.12989,26-09-07 15:23:32.163
0.13095,26-09-07 15:23:32.881
0.13089,26-09-07 15:23:33.594
0.13131,26-09-07 15:23:34.309
0.1305,26-09-07 15:23:35.022
0.13124,26-09-07 15:23:35.737
0.13006,26-09-07 15:23:36.450
0.13097,26-09-07 15:23:37.165
0.12975,26-09-07 15:23:37.878
0.13089,26-09-07 15:23:38.596
0.12951,26-09-07 15:23:39.310
0.13285,26-09-07 15:23:40.023
0.13178,26-09-07 15:23:40.738
0.13069,26-09-07 15:23:41.451
0.13149,26-09-07 15:23:42.166
0.13016,26-09-07 15:23:42.879
0.13086,26-09-07 15:23:43.594
0.1311,26-09-07 15:23:44.310
0.13048,26-09-07 15:23:45.023
0.13015,26-09-07 15:23:45.738
0.13146,26-09-07 15:23:46.452
0.13137,26-09-07 15:23:47.165
0.13064,26-09-07 15:23:47.880
0.12969,26-09-07 15:23:48.593
0.13114,26-09-07 15:23:49.308
0.13108,26-09-07 15:23:50.026
0.13073,26-09-07 15:23:50.740
0.1299,26-09-07 15:23:51.453
0.1319,26-09-07 15:23:52.168
0.13092,26-09-07 15:23:52.881
0.13083,26-09-07 15:23:53.596
0.13149,26-09-07 15:23:54.309
0.12978,26-09-07 15:23:55.024
0.13146,26-09-07 15:23:55.740
0.13047,26-09-07 15:23:56.453
0.13197,26-09-07 15:23:57.169
0.13231,26-09-07 15:23:57.882
0.13029,26-09-07 15:23:58.597
0.13004,26-09-07 15:23:59.310
0.13133,26-09-07 15:24:00.025
0.13114,26-09-07 15:24:00.738
0.13166,26-09-07 15:24:01.457
0.13067,26-09-07 15:24:02.171
0.13035,26-09-07 15:24:02.884
0.13082,26-09-07 15:24:03.599
0.13079,26-09-07 15:24:04.312
0.13021,26-09-07 15:24:05.027
0.13115,26-09-07 15:24:05.740
0.13021,26-09-07 15:24:06.455
0.13114,26-09-07 15:24:07.172
0.131,26-09-07 15:24:07.886
0.12996,26-09-07 15:24:08.599
0.13128,26-09-07 15:24:09.314
0.13263,26-09-07 15:24:10.027
0.13113,26-09-07 15:24:10.742
0.13094,26-09-07 15:24:11.455
0.13099,26-09-07 15:24:12.170
0.13221,26-09-07 15:24:12.886
0.1313,26-09-07 15:24:13.600
0.13098,26-09-07 15:24:14.313
0.13041,26-09-07 15:24:15.028
0.14037,26-09-07 15:24:15.741
0.1315,26-09-07 15:24:16.456
0.13134,26-09-07 15:24:17.169
0.13085,26-09-07 15:24:17.884
0.13063,26-09-07 15:24:18.602
0.13113,26-09-07 15:24:19.315
0.13123,26-09-07 15:24:20.030
0.13118,26-09-07 15:24:20.743
0.13015,26-09-07 15:24:21.458
0.13154,26-09-07 15:24:22.171
0.13116,26-09-07 15:24:22.886
0.13072,26-09-07 15:24:23.599
0.13108,26-09-07 15:24:24.317
0.13087,26-09-07 15:24:25.031
0.13091,26-09-07 15:24:25.744
0.13061,26-09-07 15:24:26.459
0.13232,26-09-07 15:24:27.172
0.13132,26-09-07 15:24:27.887
0.1315,26-09-07 15:24:28.600
0.13256,26-09-07 15:24:29.315
0.13163,26-09-07 15:24:30.031
0.13113,26-09-07 15:24:30.744
0.13048,26-09-07 15:24:31.459
0.12985,26-09-07 15:24:32.172
0.13031,26-09-07 15:24:32.887
0.1308,26-09-07 15:24:33.601
0.13199,26-09-07 15:24:34.314
0.13027,26-09-07 15:24:35.029
0.12993,26-09-07 15:24:35.747
0.13011,26-09-07 15:24:36.461
0.13005,26-09-07 15:24:37.174
0.13082,26-09-07 15:24:37.889
0.13108,26-09-07 15:24:38.602
0.13071,26-09-07 15:24:39.317
0.1309,26-09-07 15:24:40.031
0.13123,26-09-07 15:24:40.744
0.12938,26-09-07 15:24:41.462
0.13122,26-09-07 15:24:42.176
0.12989,26-09-07 15:24:42.889
0.13115,26-09-07 15:24:43.604
0.13038,26-09-07 15:24:44.317
0.13087,26-09-07 15:24:45.032
0.13017,26-09-07 15:24:45.745
0.13229,26-09-07 15:24:46.460
0.13172,26-09-07 15:24:47.177
0.1303,26-09-07 15:24:47.890
0.13123,26-09-07 15:24:48.605
0.13071,26-09-07 15:24:49.318
0.13086,26-09-07 15:24:50.033
0.13036,26-09-07 15:24:50.746
0.13112,26-09-07 15:24:51.461
0.13083,26-09-07 15:24:52.174
0.13118,26-09-07 15:24:52.893
0.13061,26-09-07 15:24:53.607
0.13215,26-09-07 15:24:54.320
0.13049,26-09-07 15:24:55.035
0.13069,26-09-07 15:24:55.748
0.13145,26-09-07 15:24:56.463
0.13027,26-09-07 15:24:57.176
0.13101,26-09-07 15:24:57.891
0.13019,26-09-07 15:24:58.607
0.13035,26-09-07 15:24:59.321
0.13041,26-09-07 15:25:00.034
0.13111,26-09-07 15:25:00.749
0.13061,26-09-07 15:25:01.462
0.13081,26-09-07 15:25:02.177
0.12968,26-09-07 15:25:02.890
0.13057,26-09-07 15:25:03.605
0.13004,26-09-07 15:25:04.323
0.12926,26-09-07 15:25:05.036
0.13007,26-09-07 15:25:05.751
0.13115,26-09-07 15:25:06.464
0.13074,26-09-07 15:25:07.179
0.13175,26-09-07 15:25:07.893
0.13204,26-09-07 15:25:08.608
0.13004,26-09-07 15:25:09.323
0.13088,26-09-07 15:25:10.039
0.13106,26-09-07 15:25:10.753
0.13186,26-09-07 15:25:11.468
0.13128,26-09-07 15:25:12.181
0.12986,26-09-07 15:25:12.896
0.13007,26-09-07 15:25:13.609
0.12957,26-09-07 15:25:14.327
0.13033,26-09-07 15:25:15.040
0.13024,26-09-07 15:25:15.756
0.13168,26-09-07 15:25:16.470
0.12958,26-09-07 15:25:17.183
0.13134,26-09-07 15:25:17.898
0.12981,26-09-07 15:25:18.611
0.12976,26-09-07 15:25:19.326
0.13082,26-09-07 15:25:20.041
0.13142,26-09-07 15:25:20.757
0.13155,26-09-07 15:25:21.471
0.13054,26-09-07 15:25:22.185
0.13149,26-09-07 15:25:22.898
0.13072,26-09-07 15:25:23.613
0.13059,26-09-07 15:25:24.326
0.13004,26-09-07 15:25:25.041
0.13085,26-09-07 15:25:25.756
0.13091,26-09-07 15:25:26.472
0.12976,26-09-07 15:25:27.186
0.13084,26-09-07 15:25:27.899
0.13051,26-09-07 15:25:28.614
0.13076,26-09-07 15:25:29.327
0.13157,26-09-07 15:25:30.042
0.13231,26-09-07 15:25:30.755
0.1324,26-09-07 15:25:31.472
0.12954,26-09-07 15:25:32.185
0.13142,26-09-07 15:25:32.901
0.13022,26-09-07 15:25:33.615
0.13079,26-09-07 15:25:34.329
0.13108,26-09-07 15:25:35.042
0.1309,26-09-07 15:25:35.757
0.13099,26-09-07 15:25:36.470
0.13071,26-09-07 15:25:37.187
0.13081,26-09-07 15:25:37.900
0.13077,26-09-07 15:25:38.617
0.13178,26-09-07 15:25:39.331
0.13025,26-09-07 15:25:40.044
0.13129,26-09-07 15:25:40.759
0.13158,26-09-07 15:25:41.472
0.1313,26-09-07 15:25:42.187
0.13123,26-09-07 15:25:42.902
0.1305,26-09-07 15:25:43.618
0.13049,26-09-07 15:25:44.332
0.1311,26-09-07 15:25:45.046
0.12986,26-09-07 15:25:45.759
0.12978,26-09-07 15:25:46.474
0.1309,26-09-07 15:25:47.187
0.13142,26-09-07 15:25:47.902
0.13129,26-09-07 15:25:48.617
0.13117,26-09-07 15:25:49.333
0.13121,26-09-07 15:25:50.047
0.13041,26-09-07 15:25:50.760
0.12958,26-09-07 15:25:51.475
0.12986,26-09-07 15:25:52.188
0.13074,26-09-07 15:25:52.903
0.13114,26-09-07 15:25:53.616
0.13033,26-09-07 15:25:54.333
0.132,26-09-07 15:25:55.046
0.131,26-09-07 15:25:55.762
0.13092,26-09-07 15:25:56.476
0.13055,26-09-07 15:25:57.189
0.13006,26-09-07 15:25:57.904
0.12981,26-09-07 15:25:58.617
0.13176,26-09-07 15:25:59.332
0.13129,26-09-07 15:26:00.047
0.13003,26-09-07 15:26:00.763
0.13083,26-09-07 15:26:01.477
0.13068,26-09-07 15:26:02.191
0.13114,26-09-07 15:26:02.904
0.13152,26-09-07 15:26:03.619
0.1311,26-09-07 15:26:04.332
0.13116,26-09-07 15:26:05.047
0.12984,26-09-07 15:26:05.762
0.13165,26-09-07 15:26:06.478
0.13126,26-09-07 15:26:07.192
0.13085,26-09-07 15:26:07.906
0.13155,26-09-07 15:26:08.620
0.13987,26-09-07 15:26:09.333
0.13817,26-09-07 15:26:10.048
0.13875,26-09-07 15:26:10.761
0.13778,26-09-07 15:26:11.478
0.13743,26-09-07 15:26:12.191
0.13719,26-09-07 15:26:12.907
0.13855,26-09-07 15:26:13.621
0.13826,26-09-07 15:26:14.334
0.14504,26-09-07 15:26:15.050
0.14522,26-09-07 15:26:15.763
0.1533,26-09-07 15:26:16.478
0.14515,26-09-07 15:26:17.193
0.14444,26-09-07 15:26:17.908
0.14511,26-09-07 15:26:18.622
0.14526,26-09-07 15:26:19.335
0.14548,26-09-07 15:26:20.050
0.14501,26-09-07 15:26:20.763
0.14592,26-09-07 15:26:21.478
0.14556,26-09-07 15:26:22.191
0.14561,26-09-07 15:26:22.908
0.14481,26-09-07 15:26:23.621
0.14527,26-09-07 15:26:24.337
0.14535,26-09-07 15:26:25.051
0.14486,26-09-07 15:26:25.764
0.14597,26-09-07 15:26:26.479
0.14531,26-09-07 15:26:27.192
0.14535,26-09-07 15:26:27.907
0.1449,26-09-07 15:26:28.623
0.1454,26-09-07 15:26:29.336
0.14519,26-09-07 15:26:30.052
0.1449,26-09-07 15:26:30.766
0.14561,26-09-07 15:26:31.480
0.14587,26-09-07 15:26:32.195
0.14552,26-09-07 15:26:32.908
0.14549,26-09-07 15:26:33.623
0.14438,26-09-07 15:26:34.338
0.14443,26-09-07 15:26:35.054
0.14566,26-09-07 15:26:35.768
0.14513,26-09-07 15:26:36.482
0.14643,26-09-07 15:26:37.195
0.14637,26-09-07 15:26:37.910
0.14541,26-09-07 15:26:38.623
0.14512,26-09-07 15:26:39.338
0.14514,26-09-07 15:26:40.053
0.14559,26-09-07 15:26:40.769
0.14545,26-09-07 15:26:41.483
0.14579,26-09-07 15:26:42.196
0.14455,26-09-07 15:26:42.911
0.14634,26-09-07 15:26:43.624
0.14593,26-09-07 15:26:44.339
0.14618,26-09-07 15:26:45.052
0.14598,26-09-07 15:26:45.769
0.14549,26-09-07 15:26:46.482
0.14565,26-09-07 15:26:47.198
0.14585,26-09-07 15:26:47.912
0.14519,26-09-07 15:26:48.625
0.14652,26-09-07 15:26:49.340
0.14653,26-09-07 15:26:50.053
0.14556,26-09-07 15:26:50.768
0.14588,26-09-07 15:26:51.483
0.14549,26-09-07 15:26:52.199
0.14481,26-09-07 15:26:52.913
0.14597,26-09-07 15:26:53.627
0.14462,26-09-07 15:26:54.340
0.1452,26-09-07 15:26:55.055
0.14509,26-09-07 15:26:55.770
0.14597,26-09-07 15:26:56.485
0.14588,26-09-07 15:26:57.198
0.14568,26-09-07 15:26:57.914
0.14593,26-09-07 15:26:58.628
0.1457,26-09-07 15:26:59.341
0.14576,26-09-07 15:27:00.056
0.14591,26-09-07 15:27:00.769
0.14547,26-09-07 15:27:01.484
0.14607,26-09-07 15:27:02.197
0.14481,26-09-07 15:27:02.914
0.1471,26-09-07 15:27:03.627
0.14556,26-09-07 15:27:04.343
0.14637,26-09-07 15:27:05.057
0.14522,26-09-07 15:27:05.770
0.14408,26-09-07 15:27:06.485
0.14537,26-09-07 15:27:07.198
0.14563,26-09-07 15:27:07.913
0.14616,26-09-07 15:27:08.628
0.14527,26-09-07 15:27:09.344
0.14511,26-09-07 15:27:10.058
0.14569,26-09-07 15:27:10.771
0.14502,26-09-07 15:27:11.486
0.14382,26-09-07 15:27:12.199
0.14543,26-09-07 15:27:12.914
0.14559,26-09-07 15:27:13.627
0.14602,26-09-07 15:27:14.344
0.14564,26-09-07 15:27:15.057
0.14532,26-09-07 15:27:15.773
0.14585,26-09-07 15:27:16.487
0.15282,26-09-07 15:27:17.200
0.14576,26-09-07 15:27:17.915
0.14403,26-09-07 15:27:18.628
0.14637,26-09-07 15:27:19.343
0.14515,26-09-07 15:27:20.058
0.1451,26-09-07 15:27:20.774
0.14546,26-09-07 15:27:21.488
0.14547,26-09-07 15:27:22.201
0.14558,26-09-07 15:27:22.916
0.1454,26-09-07 15:27:23.630
0.14446,26-09-07 15:27:24.343
0.14603,26-09-07 15:27:25.059
0.14542,26-09-07 15:27:25.774
0.14422,26-09-07 15:27:26.490
0.14481,26-09-07 15:27:27.204
0.14493,26-09-07 15:27:27.917
0.14608,26-09-07 15:27:28.632
0.14484,26-09-07 15:27:29.345
0.14552,26-09-07 15:27:30.060
0.1455,26-09-07 15:27:30.773
0.14598,26-09-07 15:27:31.490
0.14502,26-09-07 15:27:32.203
0.14467,26-09-07 15:27:32.919
0.14577,26-09-07 15:27:33.633
0.14592,26-09-07 15:27:34.346
0.14467,26-09-07 15:27:35.061
0.14485,26-09-07 15:27:35.774
0.14455,26-09-07 15:27:36.489
0.14584,26-09-07 15:27:37.205
0.14433,26-09-07 15:27:37.920
0.14619,26-09-07 15:27:38.634
0.14514,26-09-07 15:27:39.347
0.1459,26-09-07 15:27:40.062
0.1455,26-09-07 15:27:40.775
0.14402,26-09-07 15:27:41.490
0.14592,26-09-07 15:27:42.203
0.14506,26-09-07 15:27:42.920
0.14565,26-09-07 15:27:43.633
0.14478,26-09-07 15:27:44.349
0.14473,26-09-07 15:27:45.063
0.14541,26-09-07 15:27:45.776
0.14563,26-09-07 15:27:46.491
0.14501,26-09-07 15:27:47.205
0.14549,26-09-07 15:27:47.920
0.14565,26-09-07 15:27:48.635
0.14607,26-09-07 15:27:49.350
0.14471,26-09-07 15:27:50.064
0.14514,26-09-07 15:27:50.778
0.14461,26-09-07 15:27:51.491
0.14554,26-09-07 15:27:52.206
0.14563,26-09-07 15:27:52.919
0.14621,26-09-07 15:27:53.634
0.14553,26-09-07 15:27:54.349
0.14539,26-09-07 15:27:55.065
0.14524,26-09-07 15:27:55.779
0.1455,26-09-07 15:27:56.493
0.14474,26-09-07 15:27:57.206
0.1445,26-09-07 15:27:57.921
0.14679,26-09-07 15:27:58.634
0.14566,26-09-07 15:27:59.349
0.14569,26-09-07 15:28:00.064
0.14587,26-09-07 15:28:00.780
0.14452,26-09-07 15:28:01.494
0.14373,26-09-07 15:28:02.208
0.14504,26-09-07 15:28:02.921
0.14494,26-09-07 15:28:03.637
0.1469,26-09-07 15:28:04.350
0.1459,26-09-07 15:28:05.065
0.14478,26-09-07 15:28:05.780
0.14726,26-09-07 15:28:06.495
0.14551,26-09-07 15:28:07.209
0.14496,26-09-07 15:28:07.922
0.14456,26-09-07 15:28:08.637
0.1465,26-09-07 15:28:09.350
0.14624,26-09-07 15:28:10.065
0.14566,26-09-07 15:28:10.778
0.14568,26-09-07 15:28:11.495
0.14488,26-09-07 15:28:12.208
0.14627,26-09-07 15:28:12.924
0.14554,26-09-07 15:28:13.638
0.14545,26-09-07 15:28:14.351
0.1456,26-09-07 15:28:15.066
0.14521,26-09-07 15:28:15.779
0.14593,26-09-07 15:28:16.494
0.15268,26-09-07 15:28:17.210
0.14489,26-09-07 15:28:17.923
0.14478,26-09-07 15:28:18.639
0.146,26-09-07 15:28:19.353
0.1451,26-09-07 15:28:20.066
0.1445,26-09-07 15:28:20.781
0.14632,26-09-07 15:28:21.495
0.14556,26-09-07 15:28:22.210
0.14511,26-09-07 15:28:22.925
0.14562,26-09-07 15:28:23.641
0.14507,26-09-07 15:28:24.355
0.14583,26-09-07 15:28:25.069
0.14542,26-09-07 15:28:25.782
0.14537,26-09-07 15:28:26.497
0.14483,26-09-07 15:28:27.210
0.14538,26-09-07 15:28:27.925
0.14517,26-09-07 15:28:28.640
0.14509,26-09-07 15:28:29.356
0.14561,26-09-07 15:28:30.070
0.14605,26-09-07 15:28:30.784
0.14787,26-09-07 15:28:31.499
0.14527,26-09-07 15:28:32.212
0.14553,26-09-07 15:28:32.927
0.14416,26-09-07 15:28:33.640
0.14605,26-09-07 15:28:34.356
0.1455,26-09-07 15:28:35.069
0.14659,26-09-07 15:28:35.785
0.14485,26-09-07 15:28:36.499
0.14485,26-09-07 15:28:37.212
0.14611,26-09-07 15:28:37.927
0.14421,26-09-07 15:28:38.640
0.14514,26-09-07 15:28:39.355
0.14404,26-09-07 15:28:40.070
0.14543,26-09-07 15:28:40.786
0.14587,26-09-07 15:28:41.500
0.14663,26-09-07 15:28:42.213
0.14574,26-09-07 15:28:42.928
0.14595,26-09-07 15:28:43.641
0.1455,26-09-07 15:28:44.357
0.14556,26-09-07 15:28:45.071
0.14605,26-09-07 15:28:45.786
0.14519,26-09-07 15:28:46.501
0.14634,26-09-07 15:28:47.215
0.1448,26-09-07 15:28:47.929
0.1455,26-09-07 15:28:48.642
0.14438,26-09-07 15:28:49.357
0.14567,26-09-07 15:28:50.070
0.14388,26-09-07 15:28:50.785
0.14501,26-09-07 15:28:51.500
0.14507,26-09-07 15:28:52.216
0.1455,26-09-07 15:28:52.930
0.14627,26-09-07 15:28:53.643
0.14647,26-09-07 15:28:54.358
0.14468,26-09-07 15:28:55.071
0.1449,26-09-07 15:28:55.786
0.1449,26-09-07 15:28:56.499
0.14511,26-09-07 15:28:57.216
0.14603,26-09-07 15:28:57.929
0.14481,26-09-07 15:28:58.645
0.14488,26-09-07 15:28:59.359
0.1462,26-09-07 15:29:00.072
0.14605,26-09-07 15:29:00.787
0.14507,26-09-07 15:29:01.500
0.14519,26-09-07 15:29:02.215
0.14608,26-09-07 15:29:02.930
0.14503,26-09-07 15:29:03.646
0.14555,26-09-07 15:29:04.360
0.14519,26-09-07 15:29:05.073
0.14478,26-09-07 15:29:05.788
0.1455,26-09-07 15:29:06.501
0.14476,26-09-07 15:29:07.216
0.14521,26-09-07 15:29:07.929
0.14597,26-09-07 15:29:08.646
0.14521,26-09-07 15:29:09.359
0.14434,26-09-07 15:29:10.075
0.14493,26-09-07 15:29:10.789
0.14436,26-09-07 15:29:11.503
0.14569,26-09-07 15:29:12.216
0.14585,26-09-07 15:29:12.931
0.14415,26-09-07 15:29:13.644
0.14598,26-09-07 15:29:14.361
0.14572,26-09-07 15:29:15.074
0.14514,26-09-07 15:29:15.790
0.14568,26-09-07 15:29:16.504
0.14593,26-09-07 15:29:17.217
0.15387,26-09-07 15:29:17.932
0.14526,26-09-07 15:29:18.645
0.14544,26-09-07 15:29:19.361
0.14559,26-09-07 15:29:20.076
0.14632,26-09-07 15:29:20.792
0.14549,26-09-07 15:29:21.506
0.14457,26-09-07 15:29:22.219
0.14644,26-09-07 15:29:22.934
0.14537,26-09-07 15:29:23.647
0.14549,26-09-07 15:29:24.362
0.14512,26-09-07 15:29:25.075
0.14751,26-09-07 15:29:25.792
0.1463,26-09-07 15:29:26.505
0.1472,26-09-07 15:29:27.221
0.1455,26-09-07 15:29:27.935
0.14547,26-09-07 15:29:28.648
0.1454,26-09-07 15:29:29.363
0.14748,26-09-07 15:29:30.076
0.14566,26-09-07 15:29:30.791
0.14487,26-09-07 15:29:31.506
0.14675,26-09-07 15:29:32.222
0.14535,26-09-07 15:29:32.936
0.14526,26-09-07 15:29:33.650
0.14543,26-09-07 15:29:34.363
0.1455,26-09-07 15:29:35.078
0.14474,26-09-07 15:29:35.791
0.14621,26-09-07 15:29:36.506
0.14445,26-09-07 15:29:37.222
0.14563,26-09-07 15:29:37.937
0.14474,26-09-07 15:29:38.651
0.14535,26-09-07 15:29:39.365
0.14566,26-09-07 15:29:40.078
0.14538,26-09-07 15:29:40.793
0.14504,26-09-07 15:29:41.506
0.14623,26-09-07 15:29:42.221
0.14582,26-09-07 15:29:42.936
0.14444,26-09-07 15:29:43.652
0.14389,26-09-07 15:29:44.366
0.14446,26-09-07 15:29:45.080
0.14556,26-09-07 15:29:45.793
0.14479,26-09-07 15:29:46.508
0.14385,26-09-07 15:29:47.221
0.14619,26-09-07 15:29:47.936
0.14528,26-09-07 15:29:48.651
0.14571,26-09-07 15:29:49.367
0.14568,26-09-07 15:29:50.081
0.14564,26-09-07 15:29:50.794
0.14649,26-09-07 15:29:51.509
0.14534,26-09-07 15:29:52.222
0.14558,26-09-07 15:29:52.937
0.14688,26-09-07 15:29:53.650
0.14472,26-09-07 15:29:54.367
0.14517,26-09-07 15:29:55.080
0.14491,26-09-07 15:29:55.796
0.14497,26-09-07 15:29:56.510
0.14536,26-09-07 15:29:57.223
0.1461,26-09-07 15:29:57.938
0.14522,26-09-07 15:29:58.651
0.14456,26-09-07 15:29:59.366
0.14452,26-09-07 15:30:00.081
0.14554,26-09-07 15:30:00.797
0.14581,26-09-07 15:30:01.511
0.14506,26-09-07 15:30:02.224
0.14639,26-09-07 15:30:02.939
0.14525,26-09-07 15:30:03.652
0.14522,26-09-07 15:30:04.367
0.14569,26-09-07 15:30:05.080
0.14524,26-09-07 15:30:05.797
0.14591,26-09-07 15:30:06.512
0.14571,26-09-07 15:30:07.226
0.14652,26-09-07 15:30:07.939
0.14595,26-09-07 15:30:08.654
0.14514,26-09-07 15:30:09.367
0.14539,26-09-07 15:30:10.082
0.14506,26-09-07 15:30:10.795
0.14447,26-09-07 15:30:11.512
0.1453,26-09-07 15:30:12.226
0.14518,26-09-07 15:30:12.941
0.14634,26-09-07 15:30:13.654
0.14519,26-09-07 15:30:14.369
0.14564,26-09-07 15:30:15.082
0.14561,26-09-07 15:30:15.797
0.14504,26-09-07 15:30:16.510
0.14508,26-09-07 15:30:17.227
0.14454,26-09-07 15:30:17.940
0.14493,26-09-07 15:30:18.657
0.14579,26-09-07 15:30:19.372
0.14482,26-09-07 15:30:20.085
0.14487,26-09-07 15:30:20.800
0.14511,26-09-07 15:30:21.513
0.14657,26-09-07 15:30:22.228
0.14645,26-09-07 15:30:22.943
0.14533,26-09-07 15:30:23.658
0.14501,26-09-07 15:30:24.372
0.14623,26-09-07 15:30:25.086
0.14476,26-09-07 15:30:25.801
0.14595,26-09-07 15:30:26.514
0.14316,26-09-07 15:30:27.229
0.14601,26-09-07 15:30:27.942
0.14554,26-09-07 15:30:28.658
0.14426,26-09-07 15:30:29.371
0.14425,26-09-07 15:30:30.087
0.14558,26-09-07 15:30:30.801
0.14546,26-09-07 15:30:31.514
0.14601,26-09-07 15:30:32.229
0.14513,26-09-07 15:30:32.944
0.1453,26-09-07 15:30:33.659
0.14512,26-09-07 15:30:34.372
0.14567,26-09-07 15:30:35.088
0.14451,26-09-07 15:30:35.802
0.1441,26-09-07 15:30:36.515
0.14488,26-09-07 15:30:37.230
0.14588,26-09-07 15:30:37.943
0.14539,26-09-07 15:30:38.658
0.14506,26-09-07 15:30:39.371
0.14506,26-09-07 15:30:40.088
0.1444,26-09-07 15:30:40.801
0.14606,26-09-07 15:30:41.517
0.14432,26-09-07 15:30:42.231
0.1452,26-09-07 15:30:42.944
0.1451,26-09-07 15:30:43.659
0.14652,26-09-07 15:30:44.372
0.14647,26-09-07 15:30:45.087
0.14561,26-09-07 15:30:45.802
0.1465,26-09-07 15:30:46.518
0.14459,26-09-07 15:30:47.232
0.14514,26-09-07 15:30:47.945
0.14566,26-09-07 15:30:48.660
0.14454,26-09-07 15:30:49.373
0.14519,26-09-07 15:30:50.088
0.14475,26-09-07 15:30:50.801
0.14457,26-09-07 15:30:51.518
0.1465,26-09-07 15:30:52.231
0.14574,26-09-07 15:30:52.947
0.14558,26-09-07 15:30:53.661
0.14479,26-09-07 15:30:54.374
0.14478,26-09-07 15:30:55.089
0.14522,26-09-07 15:30:55.802
0.14657,26-09-07 15:30:56.517
0.14463,26-09-07 15:30:57.232
0.14462,26-09-07 15:30:57.948
0.14598,26-09-07 15:30:58.662
0.14527,26-09-07 15:30:59.375
0.14554,26-09-07 15:31:00.090
0.14493,26-09-07 15:31:00.804
0.14546,26-09-07 15:31:01.517
0.14486,26-09-07 15:31:02.232
0.14455,26-09-07 15:31:02.947
0.14579,26-09-07 15:31:03.663
0.1448,26-09-07 15:31:04.377
0.14541,26-09-07 15:31:05.091
0.1452,26-09-07 15:31:05.804
0.14527,26-09-07 15:31:06.519
0.14572,26-09-07 15:31:07.232
0.1455,26-09-07 15:31:07.947
0.14501,26-09-07 15:31:08.662
0.14521,26-09-07 15:31:09.378
0.14479,26-09-07 15:31:10.092
0.14527,26-09-07 15:31:10.805
0.14545,26-09-07 15:31:11.520
0.1453,26-09-07 15:31:12.233
0.14534,26-09-07 15:31:12.948
0.14543,26-09-07 15:31:13.661
0.14515,26-09-07 15:31:14.378
0.14543,26-09-07 15:31:15.091
0.14376,26-09-07 15:31:15.807
0.1448,26-09-07 15:31:16.521
0.14637,26-09-07 15:31:17.234
0.14522,26-09-07 15:31:17.949
0.15301,26-09-07 15:31:18.662
0.14417,26-09-07 15:31:19.378
0.14476,26-09-07 15:31:20.093
0.14556,26-09-07 15:31:20.809
0.14535,26-09-07 15:31:21.523
0.14589,26-09-07 15:31:22.236
0.14501,26-09-07 15:31:22.951
0.14644,26-09-07 15:31:23.664
0.14551,26-09-07 15:31:24.379
0.14489,26-09-07 15:31:25.092
0.14497,26-09-07 15:31:25.809
0.14503,26-09-07 15:31:26.522
0.14476,26-09-07 15:31:27.238
0.14322,26-09-07 15:31:27.952
0.14558,26-09-07 15:31:28.665
0.14613,26-09-07 15:31:29.380
0.14532,26-09-07 15:31:30.093
0.14552,26-09-07 15:31:30.808
0.14515,26-09-07 15:31:31.523
0.14527,26-09-07 15:31:32.239
0.14528,26-09-07 15:31:32.953
0.14489,26-09-07 15:31:33.667
0.14481,26-09-07 15:31:34.380
0.14561,26-09-07 15:31:35.095
0.14546,26-09-07 15:31:35.808
0.14587,26-09-07 15:31:36.523
0.14577,26-09-07 15:31:37.238
0.14559,26-09-07 15:31:37.954
0.14498,26-09-07 15:31:38.668
0.14472,26-09-07 15:31:39.381
0.14554,26-09-07 15:31:40.096
0.14509,26-09-07 15:31:40.809
0.14643,26-09-07 15:31:41.524
0.1452,26-09-07 15:31:42.237
0.1453,26-09-07 15:31:42.954
0.14469,26-09-07 15:31:43.667
0.14572,26-09-07 15:31:44.383
0.14507,26-09-07 15:31:45.097
0.14553,26-09-07 15:31:45.810
0.14523,26-09-07 15:31:46.525
0.14638,26-09-07 15:31:47.238
0.1452,26-09-07 15:31:47.953
0.14622,26-09-07 15:31:48.668
0.14471,26-09-07 15:31:49.384
0.14572,26-09-07 15:31:50.098
0.14597,26-09-07 15:31:50.812
0.14583,26-09-07 15:31:51.525
0.14629,26-09-07 15:31:52.240
0.14587,26-09-07 15:31:52.953
0.146,26-09-07 15:31:53.668
0.14644,26-09-07 15:31:54.384
0.14593,26-09-07 15:31:55.097
0.14553,26-09-07 15:31:55.813
0.14631,26-09-07 15:31:56.527
0.14631,26-09-07 15:31:57.240
0.14483,26-09-07 15:31:57.955
0.14585,26-09-07 15:31:58.668
0.14502,26-09-07 15:31:59.383
0.1456,26-09-07 15:32:00.098
0.14601,26-09-07 15:32:00.814
0.14558,26-09-07 15:32:01.528
0.14506,26-09-07 15:32:02.242
0.14553,26-09-07 15:32:02.955
0.14496,26-09-07 15:32:03.670
0.14516,26-09-07 15:32:04.383
0.14546,26-09-07 15:32:05.098
0.14601,26-09-07 15:32:05.813
0.14584,26-09-07 15:32:06.529
0.14623,26-09-07 15:32:07.243
0.14502,26-09-07 15:32:07.956
0.14541,26-09-07 15:32:08.671
0.14548,26-09-07 15:32:09.384
0.14598,26-09-07 15:32:10.099
0.14502,26-09-07 15:32:10.812
0.14587,26-09-07 15:32:11.529
0.14593,26-09-07 15:32:12.242
0.14655,26-09-07 15:32:12.958
0.14631,26-09-07 15:32:13.672
0.14428,26-09-07 15:32:14.385
0.14626,26-09-07 15:32:15.100
0.14442,26-09-07 15:32:15.813
0.14446,26-09-07 15:32:16.528
0.14617,26-09-07 15:32:17.243
0.14519,26-09-07 15:32:17.959
0.14694,26-09-07 15:32:18.673
0.15357,26-09-07 15:32:19.386
0.14573,26-09-07 15:32:20.101
0.14493,26-09-07 15:32:20.814
0.14408,26-09-07 15:32:21.529
0.14471,26-09-07 15:32:22.244
0.14605,26-09-07 15:32:22.959
0.14513,26-09-07 15:32:23.675
0.14502,26-09-07 15:32:24.389
0.14561,26-09-07 15:32:25.102
0.146,26-09-07 15:32:25.817
0.14487,26-09-07 15:32:26.530
0.14514,26-09-07 15:32:27.245
0.14507,26-09-07 15:32:27.958
0.14463,26-09-07 15:32:28.675
0.14535,26-09-07 15:32:29.388
0.14491,26-09-07 15:32:30.104
0.14457,26-09-07 15:32:30.818
0.14493,26-09-07 15:32:31.531
0.14615,26-09-07 15:32:32.246
0.14576,26-09-07 15:32:32.959
0.14477,26-09-07 15:32:33.674
0.14599,26-09-07 15:32:34.389
0.14483,26-09-07 15:32:35.105
0.14532,26-09-07 15:32:35.819
0.14554,26-09-07 15:32:36.533
0.14608,26-09-07 15:32:37.246
0.1456,26-09-07 15:32:37.961
0.14503,26-09-07 15:32:38.674
0.14536,26-09-07 15:32:39.389
0.14481,26-09-07 15:32:40.104
0.14552,26-09-07 15:32:40.820
0.1456,26-09-07 15:32:41.534
0.14501,26-09-07 15:32:42.247
0.14538,26-09-07 15:32:42.962
0.14537,26-09-07 15:32:43.675
0.14648,26-09-07 15:32:44.390
0.14537,26-09-07 15:32:45.103
0.14509,26-09-07 15:32:45.820
0.14472,26-09-07 15:32:46.533
0.14626,26-09-07 15:32:47.249
0.14497,26-09-07 15:32:47.963
0.14408,26-09-07 15:32:48.677
0.14593,26-09-07 15:32:49.390
0.14524,26-09-07 15:32:50.105
0.14552,26-09-07 15:32:50.818
0.1453,26-09-07 15:32:51.535
0.14523,26-09-07 15:32:52.248
0.14519,26-09-07 15:32:52.964
0.1447,26-09-07 15:32:53.678
0.14558,26-09-07 15:32:54.391
0.14727,26-09-07 15:32:55.106
0.14672,26-09-07 15:32:55.819
0.14508,26-09-07 15:32:56.534
0.14595,26-09-07 15:32:57.249
0.14547,26-09-07 15:32:57.965
0.14469,26-09-07 15:32:58.679
0.14616,26-09-07 15:32:59.393
0.14469,26-09-07 15:33:00.106
0.14677,26-09-07 15:33:00.821
0.14642,26-09-07 15:33:01.534
0.14653,26-09-07 15:33:02.249
0.14507,26-09-07 15:33:02.964
0.1453,26-09-07 15:33:03.680
0.14513,26-09-07 15:33:04.394
0.14485,26-09-07 15:33:05.107
0.14488,26-09-07 15:33:05.822
0.14496,26-09-07 15:33:06.535
0.14737,26-09-07 15:33:07.250
0.14537,26-09-07 15:33:07.963
0.14533,26-09-07 15:33:08.680
0.14583,26-09-07 15:33:09.393
0.14494,26-09-07 15:33:10.109
0.14563,26-09-07 15:33:10.823
0.14569,26-09-07 15:33:11.536
0.1448,26-09-07 15:33:12.251
0.14473,26-09-07 15:33:12.964
0.14765,26-09-07 15:33:13.679
0.14637,26-09-07 15:33:14.394
0.1463,26-09-07 15:33:15.110
0.14647,26-09-07 15:33:15.824
0.14579,26-09-07 15:33:16.538
0.14537,26-09-07 15:33:17.251
0.14493,26-09-07 15:33:17.966
0.14576,26-09-07 15:33:18.679
0.15354,26-09-07 15:33:19.394
0.14568,26-09-07 15:33:20.109
0.14459,26-09-07 15:33:20.825
0.14504,26-09-07 15:33:21.539
0.14541,26-09-07 15:33:22.253
0.14598,26-09-07 15:33:22.967
0.14621,26-09-07 15:33:23.680
0.14516,26-09-07 15:33:24.395
0.14593,26-09-07 15:33:25.108
0.14423,26-09-07 15:33:25.825
0.1453,26-09-07 15:33:26.539
0.14494,26-09-07 15:33:27.255
0.14488,26-09-07 15:33:27.969
0.14423,26-09-07 15:33:28.682
0.147,26-09-07 15:33:29.398
0.1447,26-09-07 15:33:30.111
0.14407,26-09-07 15:33:30.826
0.14492,26-09-07 15:33:31.541
0.14514,26-09-07 15:33:32.256
0.14657,26-09-07 15:33:32.970
0.1472,26-09-07 15:33:33.683
0.1453,26-09-07 15:33:34.398
0.14541,26-09-07 15:33:35.111
0.14599,26-09-07 15:33:35.826
0.14631,26-09-07 15:33:36.539
0.14542,26-09-07 15:33:37.256
0.14479,26-09-07 15:33:37.969
0.14631,26-09-07 15:33:38.685
0.14524,26-09-07 15:33:39.399
0.14446,26-09-07 15:33:40.112
0.14484,26-09-07 15:33:40.827
0.14582,26-09-07 15:33:41.540
0.14471,26-09-07 15:33:42.255
0.14462,26-09-07 15:33:42.971
0.14572,26-09-07 15:33:43.684
0.14521,26-09-07 15:33:44.400
0.1454,26-09-07 15:33:45.114
0.1455,26-09-07 15:33:45.827
0.14402,26-09-07 15:33:46.542
0.14568,26-09-07 15:33:47.255
0.14488,26-09-07 15:33:47.970
0.14611,26-09-07 15:33:48.685
0.14541,26-09-07 15:33:49.401
0.14443,26-09-07 15:33:50.115
0.1453,26-09-07 15:33:50.829
0.14484,26-09-07 15:33:51.542
0.14547,26-09-07 15:33:52.257
0.14502,26-09-07 15:33:52.970
0.14498,26-09-07 15:33:53.685
0.14604,26-09-07 15:33:54.400
0.1454,26-09-07 15:33:55.116
0.14551,26-09-07 15:33:55.830
0.14521,26-09-07 15:33:56.543
0.14722,26-09-07 15:33:57.258
0.14582,26-09-07 15:33:57.971
0.14443,26-09-07 15:33:58.686
0.14491,26-09-07 15:33:59.399
0.14538,26-09-07 15:34:00.116
0.14493,26-09-07 15:34:00.829
0.14491,26-09-07 15:34:01.545
0.14504,26-09-07 15:34:02.260
0.14478,26-09-07 15:34:02.973
0.14546,26-09-07 15:34:03.688
0.14567,26-09-07 15:34:04.401
0.1453,26-09-07 15:34:05.116
0.14525,26-09-07 15:34:05.831
0.14617,26-09-07 15:34:06.546
0.14599,26-09-07 15:34:07.260
0.14503,26-09-07 15:34:07.974
0.14528,26-09-07 15:34:08.687
0.14538,26-09-07 15:34:09.402
0.14429,26-09-07 15:34:10.117
0.14562,26-09-07 15:34:10.832
0.14541,26-09-07 15:34:11.545
0.14548,26-09-07 15:34:12.261
0.14535,26-09-07 15:34:12.975
0.14449,26-09-07 15:34:13.688
0.14371,26-09-07 15:34:14.403
0.14632,26-09-07 15:34:15.116
0.14548,26-09-07 15:34:15.831
0.14581,26-09-07 15:34:16.544
0.14641,26-09-07 15:34:17.261
0.1463,26-09-07 15:34:17.974
0.14626,26-09-07 15:34:18.690
0.1452,26-09-07 15:34:19.404
0.15295,26-09-07 15:34:20.117
0.14541,26-09-07 15:34:20.832
0.14592,26-09-07 15:34:21.545
0.14616,26-09-07 15:34:22.260
0.14515,26-09-07 15:34:22.975
0.14524,26-09-07 15:34:23.691
0.1446,26-09-07 15:34:24.405
0.14539,26-09-07 15:34:25.118
0.14449,26-09-07 15:34:25.833
0.14397,26-09-07 15:34:26.546
0.14549,26-09-07 15:34:27.261
0.14653,26-09-07 15:34:27.974
0.14554,26-09-07 15:34:28.691
0.14523,26-09-07 15:34:29.404
0.14553,26-09-07 15:34:30.120
0.14592,26-09-07 15:34:30.835
0.14543,26-09-07 15:34:31.548
0.14608,26-09-07 15:34:32.263
0.14533,26-09-07 15:34:32.976
0.14527,26-09-07 15:34:33.692
0.14601,26-09-07 15:34:34.407
0.14593,26-09-07 15:34:35.122
0.14507,26-09-07 15:34:35.836
0.14663,26-09-07 15:34:36.549
0.14512,26-09-07 15:34:37.264
0.14501,26-09-07 15:34:37.978
0.14431,26-09-07 15:34:38.691
0.14605,26-09-07 15:34:39.406
0.14524,26-09-07 15:34:40.121
0.14538,26-09-07 15:34:40.837
0.14493,26-09-07 15:34:41.551
0.14544,26-09-07 15:34:42.264
0.14535,26-09-07 15:34:42.979
0.14499,26-09-07 15:34:43.692
0.14499,26-09-07 15:34:44.407
0.14546,26-09-07 15:34:45.120
0.14503,26-09-07 15:34:45.837
0.14584,26-09-07 15:34:46.550
0.14563,26-09-07 15:34:47.266
0.14477,26-09-07 15:34:47.980
0.14515,26-09-07 15:34:48.693
0.14555,26-09-07 15:34:49.408
0.14549,26-09-07 15:34:50.121
0.14545,26-09-07 15:34:50.836
0.14522,26-09-07 15:34:51.551
0.14396,26-09-07 15:34:52.267
0.14615,26-09-07 15:34:52.981
0.14674,26-09-07 15:34:53.695
0.14634,26-09-07 15:34:54.408
0.14494,26-09-07 15:34:55.123
0.14576,26-09-07 15:34:55.836
0.14493,26-09-07 15:34:56.551
0.14486,26-09-07 15:34:57.266
0.14337,26-09-07 15:34:57.982
0.14653,26-09-07 15:34:58.696
0.14709,26-09-07 15:34:59.409
0.14528,26-09-07 15:35:00.124
0.14509,26-09-07 15:35:00.837
0.14585,26-09-07 15:35:01.552
0.14524,26-09-07 15:35:02.265
0.14479,26-09-07 15:35:02.982
0.14608,26-09-07 15:35:03.695
0.14442,26-09-07 15:35:04.411
0.14624,26-09-07 15:35:05.125
0.14668,26-09-07 15:35:05.838
0.14554,26-09-07 15:35:06.553
0.14478,26-09-07 15:35:07.266
0.14516,26-09-07 15:35:07.981
0.14488,26-09-07 15:35:08.696
0.14413,26-09-07 15:35:09.412
0.14497,26-09-07 15:35:10.126
0.14469,26-09-07 15:35:10.840
0.14513,26-09-07 15:35:11.553
0.14545,26-09-07 15:35:12.268
0.14522,26-09-07 15:35:12.981
0.1447,26-09-07 15:35:13.696
0.14578,26-09-07 15:35:14.411
0.1455,26-09-07 15:35:15.127
0.14491,26-09-07 15:35:15.841
0.14436,26-09-07 15:35:16.555
0.14644,26-09-07 15:35:17.268
0.14581,26-09-07 15:35:17.984
0.14567,26-09-07 15:35:18.697
0.1459,26-09-07 15:35:19.412
0.14633,26-09-07 15:35:20.127
0.1455,26-09-07 15:35:20.842
0.14563,26-09-07 15:35:21.556
0.14436,26-09-07 15:35:22.269
0.14476,26-09-07 15:35:22.984
0.14584,26-09-07 15:35:23.697
0.14607,26-09-07 15:35:24.412
0.14524,26-09-07 15:35:25.125
0.14611,26-09-07 15:35:25.842
0.14539,26-09-07 15:35:26.555
0.14452,26-09-07 15:35:27.271
0.14502,26-09-07 15:35:27.985
0.14626,26-09-07 15:35:28.698
0.14481,26-09-07 15:35:29.413
0.14571,26-09-07 15:35:30.126
0.1452,26-09-07 15:35:30.841
0.14563,26-09-07 15:35:31.557
0.14573,26-09-07 15:35:32.270
0.14512,26-09-07 15:35:32.986
0.14569,26-09-07 15:35:33.700
0.14551,26-09-07 15:35:34.413
0.14496,26-09-07 15:35:35.128
0.14688,26-09-07 15:35:35.841
0.1456,26-09-07 15:35:36.556
0.14527,26-09-07 15:35:37.271
0.14573,26-09-07 15:35:37.987
0.14585,26-09-07 15:35:38.701
0.14551,26-09-07 15:35:39.415
0.14574,26-09-07 15:35:40.129
0.14441,26-09-07 15:35:40.844
0.14605,26-09-07 15:35:41.557
0.14559,26-09-07 15:35:42.272
0.1458,26-09-07 15:35:42.987
0.14533,26-09-07 15:35:43.703
0.14604,26-09-07 15:35:44.417
0.14507,26-09-07 15:35:45.130
0.14523,26-09-07 15:35:45.845
0.14531,26-09-07 15:35:46.558
0.14649,26-09-07 15:35:47.273
0.14491,26-09-07 15:35:47.986
0.14614,26-09-07 15:35:48.703
0.14604,26-09-07 15:35:49.416
0.1457,26-09-07 15:35:50.132
0.14603,26-09-07 15:35:50.846
0.14533,26-09-07 15:35:51.559
0.14508,26-09-07 15:35:52.274
0.14562,26-09-07 15:35:52.987
0.14571,26-09-07 15:35:53.702
0.14539,26-09-07 15:35:54.417
0.1442,26-09-07 15:35:55.133
0.14525,26-09-07 15:35:55.847
0.14618,26-09-07 15:35:56.560
0.14559,26-09-07 15:35:57.275
0.14348,26-09-07 15:35:57.988
0.14496,26-09-07 15:35:58.704
0.14558,26-09-07 15:35:59.418
0.146,26-09-07 15:36:00.133
0.14556,26-09-07 15:36:00.848
0.14546,26-09-07 15:36:01.562
0.14537,26-09-07 15:36:02.276
0.14536,26-09-07 15:36:02.989
0.1465,26-09-07 15:36:03.704
0.14647,26-09-07 15:36:04.417
0.14613,26-09-07 15:36:05.132
0.14486,26-09-07 15:36:05.847
0.14519,26-09-07 15:36:06.563
0.14474,26-09-07 15:36:07.277
0.1454,26-09-07 15:36:07.990
0.1466,26-09-07 15:36:08.705
0.14441,26-09-07 15:36:09.418
0.14541,26-09-07 15:36:10.133
0.14482,26-09-07 15:36:10.846
0.14636,26-09-07 15:36:11.563
0.14455,26-09-07 15:36:12.276
0.14494,26-09-07 15:36:12.992
0.14589,26-09-07 15:36:13.706
0.14421,26-09-07 15:36:14.419
0.11463,26-09-07 15:36:15.134
0.01203,26-09-07 15:36:15.847
0.01123,26-09-07 15:36:16.562
0.01115,26-09-07 15:36:17.277
0.01121,26-09-07 15:36:17.993
0.01125,26-09-07 15:36:18.707
0.01153,26-09-07 15:36:19.420
0.01215,26-09-07 15:36:20.135
0.01916,26-09-07 15:36:20.848
0.01156,26-09-07 15:36:21.563
0.01179,26-09-07 15:36:22.276
0.01086,26-09-07 15:36:22.993
0.01138,26-09-07 15:36:23.706
0.0115,26-09-07 15:36:24.422
0.01217,26-09-07 15:36:25.137
0.01201,26-09-07 15:36:25.850
0.01137,26-09-07 15:36:26.565
0.01249,26-09-07 15:36:27.278
0.01137,26-09-07 15:36:27.993
0.01137,26-09-07 15:36:28.708
0.01131,26-09-07 15:36:29.423
0.01186,26-09-07 15:36:30.137
0.0113,26-09-07 15:36:30.850
0.01143,26-09-07 15:36:31.565
0.01185,26-09-07 15:36:32.278
0.0104,26-09-07 15:36:32.993
0.01139,26-09-07 15:36:33.706
0.01202,26-09-07 15:36:34.423
0.01212,26-09-07 15:36:35.136
0.01122,26-09-07 15:36:35.852
0.01132,26-09-07 15:36:36.566
0.01163,26-09-07 15:36:37.279
0.01196,26-09-07 15:36:37.994
0.01228,26-09-07 15:36:38.707
0.01043,26-09-07 15:36:39.422
0.0135,26-09-07 15:36:40.137
0.01145,26-09-07 15:36:40.853
0.01072,26-09-07 15:36:41.567
0.0113,26-09-07 15:36:42.280
0.01173,26-09-07 15:36:42.995
0.01282,26-09-07 15:36:43.708
0.0123,26-09-07 15:36:44.423
0.0113,26-09-07 15:36:45.136
0.01247,26-09-07 15:36:45.853
0.01092,26-09-07 15:36:46.566
0.01183,26-09-07 15:36:47.282
0.01215,26-09-07 15:36:47.996
0.01139,26-09-07 15:36:48.709
0.01212,26-09-07 15:36:49.425
0.01249,26-09-07 15:36:50.138
0.0115,26-09-07 15:36:50.853
0.0114,26-09-07 15:36:51.568
0.01134,26-09-07 15:36:52.284
0.01144,26-09-07 15:36:52.998
0.01248,26-09-07 15:36:53.713
0.01069,26-09-07 15:36:54.426
0.01124,26-09-07 15:36:55.141
0.01153,26-09-07 15:36:55.854
0.0114,26-09-07 15:36:56.569
0.01118,26-09-07 15:36:57.284
0.01259,26-09-07 15:36:57.999
0.01272,26-09-07 15:36:58.713
0.01161,26-09-07 15:36:59.427
0.01235,26-09-07 15:37:00.140
0.01301,26-09-07 15:37:00.855
0.01159,26-09-07 15:37:01.568
0.01236,26-09-07 15:37:02.283
0.01185,26-09-07 15:37:02.998
0.01096,26-09-07 15:37:03.714
0.01186,26-09-07 15:37:04.428
0.01197,26-09-07 15:37:05.141
0.01168,26-09-07 15:37:05.856
0.01074,26-09-07 15:37:06.569
0.01105,26-09-07 15:37:07.284
0.01259,26-09-07 15:37:07.997
0.01157,26-09-07 15:37:08.714
0.011,26-09-07 15:37:09.427
0.01084,26-09-07 15:37:10.143
0.01191,26-09-07 15:37:10.857
0.01103,26-09-07 15:37:11.570
0.01158,26-09-07 15:37:12.285
0.01077,26-09-07 15:37:12.998
0.01162,26-09-07 15:37:13.713
0.01095,26-09-07 15:37:14.428
0.01093,26-09-07 15:37:15.144
0.01232,26-09-07 15:37:15.858
0.01074,26-09-07 15:37:16.571
0.01156,26-09-07 15:37:17.286
0.01112,26-09-07 15:37:18.000
0.0114,26-09-07 15:37:18.714
0.01123,26-09-07 15:37:19.427
0.0109,26-09-07 15:37:20.144
0.01155,26-09-07 15:37:20.859
0.01161,26-09-07 15:37:21.573
0.01106,26-09-07 15:37:22.286
0.01228,26-09-07 15:37:23.001
0.01093,26-09-07 15:37:23.714
0.01222,26-09-07 15:37:24.429
0.0111,26-09-07 15:37:25.142
0.01106,26-09-07 15:37:25.859
0.01064,26-09-07 15:37:26.573
0.01258,26-09-07 15:37:27.288
0.0111,26-09-07 15:37:28.001
0.01236,26-09-07 15:37:28.716
0.01183,26-09-07 15:37:29.429
0.01162,26-09-07 15:37:30.144
0.01135,26-09-07 15:37:30.857
0.01217,26-09-07 15:37:31.574
0.01118,26-09-07 15:37:32.287
0.01104,26-09-07 15:37:33.003
0.01141,26-09-07 15:37:33.717
0.01324,26-09-07 15:37:34.430
0.01235,26-09-07 15:37:35.145
0.01206,26-09-07 15:37:35.858
0.012,26-09-07 15:37:36.573
0.011,26-09-07 15:37:37.288
0.01192,26-09-07 15:37:38.004
0.01205,26-09-07 15:37:38.718
0.01142,26-09-07 15:37:39.431
0.01117,26-09-07 15:37:40.146
0.01147,26-09-07 15:37:40.859
0.01136,26-09-07 15:37:41.574
0.01185,26-09-07 15:37:42.287
0.01109,26-09-07 15:37:43.004
0.0116,26-09-07 15:37:43.717
0.01168,26-09-07 15:37:44.433
0.01153,26-09-07 15:37:45.147
0.0119,26-09-07 15:37:45.860
0.01222,26-09-07 15:37:46.575
0.01305,26-09-07 15:37:47.290
0.01211,26-09-07 15:37:48.005
0.01019,26-09-07 15:37:48.718
0.01302,26-09-07 15:37:49.434
0.01166,26-09-07 15:37:50.148
0.01188,26-09-07 15:37:50.861
0.01098,26-09-07 15:37:51.576
0.01145,26-09-07 15:37:52.289
0.01153,26-09-07 15:37:53.004
0.01074,26-09-07 15:37:53.717
0.0116,26-09-07 15:37:54.434
0.01174,26-09-07 15:37:55.147
0.01102,26-09-07 15:37:55.863
0.01088,26-09-07 15:37:56.577
0.01112,26-09-07 15:37:57.290
0.01098,26-09-07 15:37:58.005
0.01197,26-09-07 15:37:58.718
0.01199,26-09-07 15:37:59.434
0.01143,26-09-07 15:38:00.149
0.01293,26-09-07 15:38:00.865
0.01143,26-09-07 15:38:01.579
0.01097,26-09-07 15:38:02.292
0.01232,26-09-07 15:38:03.007
0.01118,26-09-07 15:38:03.720
0.01191,26-09-07 15:38:04.435
0.01174,26-09-07 15:38:05.148
0.01235,26-09-07 15:38:05.865
0.0124,26-09-07 15:38:06.578
0.01184,26-09-07 15:38:07.294
0.0116,26-09-07 15:38:08.008
0.01153,26-09-07 15:38:08.721
0.01144,26-09-07 15:38:09.436
0.01291,26-09-07 15:38:10.149
0.01259,26-09-07 15:38:10.864
0.01215,26-09-07 15:38:11.579
0.01206,26-09-07 15:38:12.295
0.0106,26-09-07 15:38:13.009
0.01175,26-09-07 15:38:13.722
0.01088,26-09-07 15:38:14.437
0.01168,26-09-07 15:38:15.151
0.01191,26-09-07 15:38:15.864
0.0113,26-09-07 15:38:16.579
0.01085,26-09-07 15:38:17.294
0.01185,26-09-07 15:38:18.010
0.01192,26-09-07 15:38:18.724
0.0114,26-09-07 15:38:19.439
0.01053,26-09-07 15:38:20.152
0.01108,26-09-07 15:38:20.867
0.01938,26-09-07 15:38:21.581
0.01207,26-09-07 15:38:22.294
0.01114,26-09-07 15:38:23.010
0.01252,26-09-07 15:38:23.723
0.0127,26-09-07 15:38:24.439
0.01162,26-09-07 15:38:25.153
0.01048,26-09-07 15:38:25.866
0.01139,26-09-07 15:38:26.581
0.0116,26-09-07 15:38:27.294
0.01274,26-09-07 15:38:28.009
0.01092,26-09-07 15:38:28.724
0.01162,26-09-07 15:38:29.440
0.01133,26-09-07 15:38:30.154
0.01165,26-09-07 15:38:30.867
0.01301,26-09-07 15:38:31.582
0.01229,26-09-07 15:38:32.295
0.01182,26-09-07 15:38:33.010
0.01085,26-09-07 15:38:33.723
0.01105,26-09-07 15:38:34.440
0.01143,26-09-07 15:38:35.153
0.01205,26-09-07 15:38:35.869
0.01256,26-09-07 15:38:36.583
0.01316,26-09-07 15:38:37.296
0.0116,26-09-07 15:38:38.011
0.0115,26-09-07 15:38:38.724
0.01171,26-09-07 15:38:39.439
0.0117,26-09-07 15:38:40.154
0.01141,26-09-07 15:38:40.870
0.01175,26-09-07 15:38:41.584
0.01148,26-09-07 15:38:42.298
0.01188,26-09-07 15:38:43.011
0.01179,26-09-07 15:38:43.726
0.01147,26-09-07 15:38:44.439
0.01113,26-09-07 15:38:45.154
0.01325,26-09-07 15:38:45.869
0.01241,26-09-07 15:38:46.585
0.01154,26-09-07 15:38:47.299
0.01237,26-09-07 15:38:48.013
0.01234,26-09-07 15:38:48.726
0.01242,26-09-07 15:38:49.441
0.0122,26-09-07 15:38:50.154
0.0117,26-09-07 15:38:50.869
0.0123,26-09-07 15:38:51.584
0.01201,26-09-07 15:38:52.300
0.01241,26-09-07 15:38:53.014
0.01081,26-09-07 15:38:53.727
0.01278,26-09-07 15:38:54.442
0.01189,26-09-07 15:38:55.155
0.01144,26-09-07 15:38:55.870
0.01136,26-09-07 15:38:56.583
0.01155,26-09-07 15:38:57.300
0.01171,26-09-07 15:38:58.013
0.01272,26-09-07 15:38:58.729
0.01186,26-09-07 15:38:59.443
0.01104,26-09-07 15:39:00.156
0.01241,26-09-07 15:39:00.871
0.01168,26-09-07 15:39:01.584
0.01209,26-09-07 15:39:02.299
0.01181,26-09-07 15:39:03.014
0.01207,26-09-07 15:39:03.730
0.01135,26-09-07 15:39:04.444
0.01101,26-09-07 15:39:05.158
0.01119,26-09-07 15:39:05.871
0.0122,26-09-07 15:39:06.586
0.01083,26-09-07 15:39:07.299
0.01183,26-09-07 15:39:08.014
0.01272,26-09-07 15:39:08.730
0.01102,26-09-07 15:39:09.443
0.01105,26-09-07 15:39:10.160
0.01153,26-09-07 15:39:10.874
0.01137,26-09-07 15:39:11.587
0.01132,26-09-07 15:39:12.302
0.01294,26-09-07 15:39:13.015
0.01199,26-09-07 15:39:13.730
0.01151,26-09-07 15:39:14.445
0.01186,26-09-07 15:39:15.161
0.01189,26-09-07 15:39:15.875
0.01215,26-09-07 15:39:16.590
0.01189,26-09-07 15:39:17.303
0.01158,26-09-07 15:39:18.018
0.01151,26-09-07 15:39:18.731
0.01212,26-09-07 15:39:19.446
0.01175,26-09-07 15:39:20.161
0.01168,26-09-07 15:39:20.876
0.01167,26-09-07 15:39:21.590
0.01938,26-09-07 15:39:22.303
0.01197,26-09-07 15:39:23.018
0.01131,26-09-07 15:39:23.731
0.012,26-09-07 15:39:24.446
0.01274,26-09-07 15:39:25.159
0.0117,26-09-07 15:39:25.876
0.01223,26-09-07 15:39:26.589
0.01236,26-09-07 15:39:27.305
0.01198,26-09-07 15:39:28.019
0.01192,26-09-07 15:39:28.732
0.01189,26-09-07 15:39:29.447
0.01215,26-09-07 15:39:30.160
0.01133,26-09-07 15:39:30.875
0.01137,26-09-07 15:39:31.590
0.0112,26-09-07 15:39:32.306
0.01173,26-09-07 15:39:33.020
0.01155,26-09-07 15:39:33.733
0.01233,26-09-07 15:39:34.448
0.01194,26-09-07 15:39:35.161
0.01123,26-09-07 15:39:35.876
0.01166,26-09-07 15:39:36.590
0.01085,26-09-07 15:39:37.305
0.01118,26-09-07 15:39:38.021
0.01237,26-09-07 15:39:38.735
0.01184,26-09-07 15:39:39.448
0.00993,26-09-07 15:39:40.163
0.01224,26-09-07 15:39:40.876
0.01069,26-09-07 15:39:41.591
0.01129,26-09-07 15:39:42.304
0.01124,26-09-07 15:39:43.021
0.01149,26-09-07 15:39:43.734
0.01189,26-09-07 15:39:44.450
0.01154,26-09-07 15:39:45.164
0.01137,26-09-07 15:39:45.877
0.01204,26-09-07 15:39:46.592
0.01244,26-09-07 15:39:47.305
0.01254,26-09-07 15:39:48.020
0.011,26-09-07 15:39:48.735
0.01154,26-09-07 15:39:49.451
0.01158,26-09-07 15:39:50.165
0.01173,26-09-07 15:39:50.879
0.01239,26-09-07 15:39:51.592
0.01157,26-09-07 15:39:52.307
0.01145,26-09-07 15:39:53.020
0.01172,26-09-07 15:39:53.735
0.01132,26-09-07 15:39:54.450
0.01153,26-09-07 15:39:55.166
0.01136,26-09-07 15:39:55.880
0.01149,26-09-07 15:39:56.593
0.01193,26-09-07 15:39:57.308
0.01208,26-09-07 15:39:58.021
0.01218,26-09-07 15:39:58.736
0.01141,26-09-07 15:39:59.449
0.01153,26-09-07 15:40:00.166
0.0113,26-09-07 15:40:00.879
0.01088,26-09-07 15:40:01.595
0.0117,26-09-07 15:40:02.309
0.0131,26-09-07 15:40:03.023
0.01191,26-09-07 15:40:03.736
0.01158,26-09-07 15:40:04.451
0.01168,26-09-07 15:40:05.164
0.01201,26-09-07 15:40:05.881
0.0115,26-09-07 15:40:06.594
0.0123,26-09-07 15:40:07.310
0.01095,26-09-07 15:40:08.024
0.01291,26-09-07 15:40:08.737
0.01266,26-09-07 15:40:09.452
0.01123,26-09-07 15:40:10.165
0.01162,26-09-07 15:40:10.880
0.01126,26-09-07 15:40:11.595
0.0117,26-09-07 15:40:12.311
0.01163,26-09-07 15:40:13.025
0.01132,26-09-07 15:40:13.740
0.01168,26-09-07 15:40:14.453
0.01295,26-09-07 15:40:15.168
0.01243,26-09-07 15:40:15.881
0.01233,26-09-07 15:40:16.597
0.01274,26-09-07 15:40:17.310
0.01232,26-09-07 15:40:18.026
0.01062,26-09-07 15:40:18.740
0.01153,26-09-07 15:40:19.453
0.01223,26-09-07 15:40:20.168
0.01247,26-09-07 15:40:20.881
0.01317,26-09-07 15:40:21.596
0.01499,26-09-07 15:40:22.310
0.0129,26-09-07 15:40:23.027
0.01138,26-09-07 15:40:23.740
0.01288,26-09-07 15:40:24.456
0.01078,26-09-07 15:40:25.170
0.01017,26-09-07 15:40:25.883
0.01272,26-09-07 15:40:26.598
0.01244,26-09-07 15:40:27.311
0.01179,26-09-07 15:40:28.026
0.01224,26-09-07 15:40:28.741
0.01247,26-09-07 15:40:29.457
0.01358,26-09-07 15:40:30.171
0.01193,26-09-07 15:40:30.885
0.01296,26-09-07 15:40:31.598
0.01164,26-09-07 15:40:32.313
0.01288,26-09-07 15:40:33.026
0.01373,26-09-07 15:40:33.741
0.01284,26-09-07 15:40:34.456
0.01259,26-09-07 15:40:35.172
0.01212,26-09-07 15:40:35.886
0.01212,26-09-07 15:40:36.600
0.01192,26-09-07 15:40:37.314
0.01134,26-09-07 15:40:38.027
0.01105,26-09-07 15:40:38.742
0.01145,26-09-07 15:40:39.455
0.01278,26-09-07 15:40:40.172
0.0112,26-09-07 15:40:40.885
0.01173,26-09-07 15:40:41.601
0.01335,26-09-07 15:40:42.316
0.0129,26-09-07 15:40:43.029
0.01116,26-09-07 15:40:43.744
0.01085,26-09-07 15:40:44.457
0.01134,26-09-07 15:40:45.172
0.01168,26-09-07 15:40:45.887
0.0121,26-09-07 15:40:46.602
0.0114,26-09-07 15:40:47.316
0.01231,26-09-07 15:40:48.029
0.01205,26-09-07 15:40:48.744
0.01231,26-09-07 15:40:49.457
0.01114,26-09-07 15:40:50.172
0.01126,26-09-07 15:40:50.885
0.01152,26-09-07 15:40:51.602
0.01116,26-09-07 15:40:52.315
0.01129,26-09-07 15:40:53.031
0.01098,26-09-07 15:40:53.745
0.01183,26-09-07 15:40:54.458
0.01187,26-09-07 15:40:55.173
0.01084,26-09-07 15:40:55.886
0.01181,26-09-07 15:40:56.601
0.01108,26-09-07 15:40:57.317
0.01237,26-09-07 15:40:58.030
0.01124,26-09-07 15:40:58.746
0.01183,26-09-07 15:40:59.460
0.01159,26-09-07 15:41:00.173
0.01144,26-09-07 15:41:00.888
0.01106,26-09-07 15:41:01.601
0.01068,26-09-07 15:41:02.316
0.01156,26-09-07 15:41:03.031
0.01123,26-09-07 15:41:03.747
0.01092,26-09-07 15:41:04.461
0.01203,26-09-07 15:41:05.175
0.01197,26-09-07 15:41:05.888
0.01209,26-09-07 15:41:06.603
0.01179,26-09-07 15:41:07.316
0.01138,26-09-07 15:41:08.031
0.0103,26-09-07 15:41:08.746
0.0122,26-09-07 15:41:09.462
0.01166,26-09-07 15:41:10.176
0.01283,26-09-07 15:41:10.889
0.01122,26-09-07 15:41:11.604
0.01098,26-09-07 15:41:12.317
0.01109,26-09-07 15:41:13.032
0.01066,26-09-07 15:41:13.745
0.01078,26-09-07 15:41:14.462
0.0111,26-09-07 15:41:15.175
0.01139,26-09-07 15:41:15.891
0.01186,26-09-07 15:41:16.605
0.01191,26-09-07 15:41:17.318
0.01157,26-09-07 15:41:18.033
0.01214,26-09-07 15:41:18.746
0.01254,26-09-07 15:41:19.461
0.01169,26-09-07 15:41:20.176
0.01058,26-09-07 15:41:20.892
0.01144,26-09-07 15:41:21.606
0.01101,26-09-07 15:41:22.319
0.02037,26-09-07 15:41:23.034
0.01138,26-09-07 15:41:23.747
0.01163,26-09-07 15:41:24.462
0.01136,26-09-07 15:41:25.176
0.01171,26-09-07 15:41:25.891
0.01081,26-09-07 15:41:26.607
0.01133,26-09-07 15:41:27.321
0.01151,26-09-07 15:41:28.034
0.01217,26-09-07 15:41:28.749
0.01153,26-09-07 15:41:29.462
0.01172,26-09-07 15:41:30.177
0.01196,26-09-07 15:41:30.890
0.01285,26-09-07 15:41:31.607
0.01098,26-09-07 15:41:32.320
0.01152,26-09-07 15:41:33.036
0.01136,26-09-07 15:41:33.750
0.01157,26-09-07 15:41:34.463
0.01246,26-09-07 15:41:35.179
0.01123,26-09-07 15:41:35.892
0.0117,26-09-07 15:41:36.607
0.01218,26-09-07 15:41:37.322
0.01207,26-09-07 15:41:38.038
0.01196,26-09-07 15:41:38.752
0.01097,26-09-07 15:41:39.465
0.01119,26-09-07 15:41:40.180
0.01201,26-09-07 15:41:40.893
0.01275,26-09-07 15:41:41.608
0.01142,26-09-07 15:41:42.321
0.01244,26-09-07 15:41:43.038
0.01225,26-09-07 15:41:43.751
0.01276,26-09-07 15:41:44.467
0.01184,26-09-07 15:41:45.181
0.01082,26-09-07 15:41:45.894
0.01147,26-09-07 15:41:46.609
0.01311,26-09-07 15:41:47.322
0.01239,26-09-07 15:41:48.037
0.01129,26-09-07 15:41:48.752
0.0115,26-09-07 15:41:49.468
0.01202,26-09-07 15:41:50.182
0.01207,26-09-07 15:41:50.895
0.01131,26-09-07 15:41:51.610
0.0113,26-09-07 15:41:52.324
0.01142,26-09-07 15:41:53.037
0.01241,26-09-07 15:41:53.752
0.01137,26-09-07 15:41:54.467
0.0116,26-09-07 15:41:55.183
0.01196,26-09-07 15:41:55.897
0.01191,26-09-07 15:41:56.610
0.01099,26-09-07 15:41:57.325
0.01189,26-09-07 15:41:58.038
0.0104,26-09-07 15:41:58.753
0.01293,26-09-07 15:41:59.466
0.01209,26-09-07 15:42:00.183
0.01126,26-09-07 15:42:00.896
0.01233,26-09-07 15:42:01.612
0.01243,26-09-07 15:42:02.326
0.01171,26-09-07 15:42:03.039
0.01185,26-09-07 15:42:03.754
0.01092,26-09-07 15:42:04.467
0.01233,26-09-07 15:42:05.182
0.01084,26-09-07 15:42:05.897
0.01212,26-09-07 15:42:06.613
0.01157,26-09-07 15:42:07.327
0.01173,26-09-07 15:42:08.040
0.01275,26-09-07 15:42:08.755
0.01168,26-09-07 15:42:09.468
0.0112,26-09-07 15:42:10.183
0.01085,26-09-07 15:42:10.896
0.01256,26-09-07 15:42:11.613
0.01188,26-09-07 15:42:12.326
0.01111,26-09-07 15:42:13.042
0.0124,26-09-07 15:42:13.756
0.01116,26-09-07 15:42:14.469
0.0121,26-09-07 15:42:15.184
0.01126,26-09-07 15:42:15.897
0.01119,26-09-07 15:42:16.612
0.01112,26-09-07 15:42:17.327
0.01106,26-09-07 15:42:18.043
0.0121,26-09-07 15:42:18.757
0.01201,26-09-07 15:42:19.471
0.01291,26-09-07 15:42:20.184
0.01052,26-09-07 15:42:20.899
0.01122,26-09-07 15:42:21.612
0.01205,26-09-07 15:42:22.327
0.0116,26-09-07 15:42:23.042
0.01194,26-09-07 15:42:23.758
0.01093,26-09-07 15:42:24.472
0.01098,26-09-07 15:42:25.186
0.0111,26-09-07 15:42:25.899
0.01153,26-09-07 15:42:26.614
0.01193,26-09-07 15:42:27.327
0.01085,26-09-07 15:42:28.042
0.01128,26-09-07 15:42:28.757
0.01155,26-09-07 15:42:29.473
0.01239,26-09-07 15:42:30.187
0.01145,26-09-07 15:42:30.901
0.01108,26-09-07 15:42:31.614
0.01082,26-09-07 15:42:32.330
0.01166,26-09-07 15:42:33.043
0.01156,26-09-07 15:42:33.758
0.01126,26-09-07 15:42:34.473
0.01156,26-09-07 15:42:35.188
0.01194,26-09-07 15:42:35.902
0.01125,26-09-07 15:42:36.615
0.01106,26-09-07 15:42:37.330
0.01091,26-09-07 15:42:38.043
0.01135,26-09-07 15:42:38.758
0.01182,26-09-07 15:42:39.471
0.01167,26-09-07 15:42:40.188
0.01082,26-09-07 15:42:40.901
0.01142,26-09-07 15:42:41.617
0.01176,26-09-07 15:42:42.331
0.01166,26-09-07 15:42:43.044
0.01224,26-09-07 15:42:43.759
0.01064,26-09-07 15:42:44.472
0.01179,26-09-07 15:42:45.187
0.01168,26-09-07 15:42:45.903
0.01197,26-09-07 15:42:46.616
0.01182,26-09-07 15:42:47.332
0.01192,26-09-07 15:42:48.046
0.01129,26-09-07 15:42:48.759
0.01158,26-09-07 15:42:49.475
0.01196,26-09-07 15:42:50.188
0.01153,26-09-07 15:42:50.903
0.01184,26-09-07 15:42:51.618
0.01211,26-09-07 15:42:52.334
0.011,26-09-07 15:42:53.048
0.01173,26-09-07 15:42:53.762
0.01225,26-09-07 15:42:54.475
0.01201,26-09-07 15:42:55.190
0.01149,26-09-07 15:42:55.903
0.01187,26-09-07 15:42:56.618
0.01209,26-09-07 15:42:57.333
0.01184,26-09-07 15:42:58.049
0.01235,26-09-07 15:42:58.763
0.01187,26-09-07 15:42:59.476
0.01137,26-09-07 15:43:00.191
0.0117,26-09-07 15:43:00.904
0.01135,26-09-07 15:43:01.619
0.01152,26-09-07 15:43:02.332
0.01219,26-09-07 15:43:03.049
0.01395,26-09-07 15:43:03.762
0.01192,26-09-07 15:43:04.478
0.01165,26-09-07 15:43:05.193
0.01153,26-09-07 15:43:05.906
0.01155,26-09-07 15:43:06.621
0.0119,26-09-07 15:43:07.334
0.01206,26-09-07 15:43:08.049
0.01157,26-09-07 15:43:08.764
0.01249,26-09-07 15:43:09.479
0.0121,26-09-07 15:43:10.193
0.01183,26-09-07 15:43:10.906
0.01139,26-09-07 15:43:11.621
0.0115,26-09-07 15:43:12.334
0.01125,26-09-07 15:43:13.049
0.01296,26-09-07 15:43:13.763
0.01122,26-09-07 15:43:14.478
0.01113,26-09-07 15:43:15.194
0.01185,26-09-07 15:43:15.908
0.01272,26-09-07 15:43:16.622
0.01178,26-09-07 15:43:17.335
0.01147,26-09-07 15:43:18.050
0.01144,26-09-07 15:43:18.763
0.01158,26-09-07 15:43:19.478
0.01176,26-09-07 15:43:20.193
0.01158,26-09-07 15:43:20.909
0.01173,26-09-07 15:43:21.623
0.01197,26-09-07 15:43:22.336
0.01136,26-09-07 15:43:23.051
0.0186,26-09-07 15:43:23.764
0.01075,26-09-07 15:43:24.479
0.01188,26-09-07 15:43:25.192
0.01155,26-09-07 15:43:25.909
0.0115,26-09-07 15:43:26.622
0.01169,26-09-07 15:43:27.338
0.01167,26-09-07 15:43:28.052
0.01157,26-09-07 15:43:28.765
0.01214,26-09-07 15:43:29.480
0.01095,26-09-07 15:43:30.193
0.01122,26-09-07 15:43:30.908
0.01132,26-09-07 15:43:31.623
0.01152,26-09-07 15:43:32.339
0.01115,26-09-07 15:43:33.053
0.01206,26-09-07 15:43:33.766
0.01295,26-09-07 15:43:34.481
0.01207,26-09-07 15:43:35.194
0.01221,26-09-07 15:43:35.909
0.01046,26-09-07 15:43:36.622
0.0117,26-09-07 15:43:37.339
0.01169,26-09-07 15:43:38.052
0.01178,26-09-07 15:43:38.768
0.01162,26-09-07 15:43:39.482
0.01146,26-09-07 15:43:40.196
0.01131,26-09-07 15:43:40.909
0.01074,26-09-07 15:43:41.624
0.01103,26-09-07 15:43:42.337
0.01153,26-09-07 15:43:43.054
0.01161,26-09-07 15:43:43.767
0.01142,26-09-07 15:43:44.483
0.01134,26-09-07 15:43:45.197
0.01151,26-09-07 15:43:45.910
0.01228,26-09-07 15:43:46.625
0.0116,26-09-07 15:43:47.338
0.01222,26-09-07 15:43:48.053
0.01213,26-09-07 15:43:48.768
0.01173,26-09-07 15:43:49.484
0.01229,26-09-07 15:43:50.198
0.01188,26-09-07 15:43:50.911
0.01181,26-09-07 15:43:51.626
0.01163,26-09-07 15:43:52.339
0.01184,26-09-07 15:43:53.054
0.01136,26-09-07 15:43:53.767
0.01171,26-09-07 15:43:54.484
0.01218,26-09-07 15:43:55.197
0.01199,26-09-07 15:43:55.913
0.01072,26-09-07 15:43:56.627
0.01141,26-09-07 15:43:57.340
0.01216,26-09-07 15:43:58.055
0.01417,26-09-07 15:43:58.768
0.01226,26-09-07 15:43:59.483
0.01417,26-09-07 15:44:00.198
0.01158,26-09-07 15:44:00.914
0.01212,26-09-07 15:44:01.628
0.01162,26-09-07 15:44:02.342
0.01265,26-09-07 15:44:03.055
0.01192,26-09-07 15:44:03.770
0.0116,26-09-07 15:44:04.484
0.01166,26-09-07 15:44:05.199
0.01284,26-09-07 15:44:05.914
0.01241,26-09-07 15:44:06.630
0.01271,26-09-07 15:44:07.344
0.01208,26-09-07 15:44:08.058
0.01126,26-09-07 15:44:08.771
0.01195,26-09-07 15:44:09.486
0.013,26-09-07 15:44:10.199
0.012,26-09-07 15:44:10.914
0.01236,26-09-07 15:44:11.629
0.01206,26-09-07 15:44:12.345
0.01136,26-09-07 15:44:13.059
0.01131,26-09-07 15:44:13.773
0.01243,26-09-07 15:44:14.486
0.01265,26-09-07 15:44:15.201
0.01238,26-09-07 15:44:15.914
0.01173,26-09-07 15:44:16.629
0.01259,26-09-07 15:44:17.344
0.01195,26-09-07 15:44:18.060
0.01205,26-09-07 15:44:18.774
0.01176,26-09-07 15:44:19.487
0.01054,26-09-07 15:44:20.202
0.01146,26-09-07 15:44:20.915
0.01241,26-09-07 15:44:21.630
0.01175,26-09-07 15:44:22.343
0.01181,26-09-07 15:44:23.060
0.01277,26-09-07 15:44:23.773
0.01983,26-09-07 15:44:24.489
0.01234,26-09-07 15:44:25.203
0.01118,26-09-07 15:44:25.916
0.01113,26-09-07 15:44:26.631
0.0123,26-09-07 15:44:27.344
0.01184,26-09-07 15:44:28.059
0.01081,26-09-07 15:44:28.774
0.01064,26-09-07 15:44:29.490
0.01298,26-09-07 15:44:30.204
0.01186,26-09-07 15:44:30.917
0.0119,26-09-07 15:44:31.632
0.01133,26-09-07 15:44:32.345
0.01164,26-09-07 15:44:33.060
0.01099,26-09-07 15:44:33.773
0.01147,26-09-07 15:44:34.490
0.01079,26-09-07 15:44:35.205
0.0111,26-09-07 15:44:35.919
0.01262,26-09-07 15:44:36.632
0.01156,26-09-07 15:44:37.347
0.01045,26-09-07 15:44:38.060
0.01088,26-09-07 15:44:38.775
0.01166,26-09-07 15:44:39.488
0.01152,26-09-07 15:44:40.205
0.01087,26-09-07 15:44:40.919
0.01186,26-09-07 15:44:41.634
0.0123,26-09-07 15:44:42.347
0.01248,26-09-07 15:44:43.062
0.01282,26-09-07 15:44:43.775
0.01246,26-09-07 15:44:44.490
0.01134,26-09-07 15:44:45.203
0.01209,26-09-07 15:44:45.920
0.01114,26-09-07 15:44:46.633
0.01088,26-09-07 15:44:47.349
0.01236,26-09-07 15:44:48.064
0.01204,26-09-07 15:44:48.777
0.01237,26-09-07 15:44:49.492
0.01141,26-09-07 15:44:50.205
0.0116,26-09-07 15:44:50.920
0.01218,26-09-07 15:44:51.635
0.01244,26-09-07 15:44:52.350
0.01158,26-09-07 15:44:53.064
0.01182,26-09-07 15:44:53.777
0.01272,26-09-07 15:44:54.492
0.01212,26-09-07 15:44:55.205
0.01119,26-09-07 15:44:55.920
0.01167,26-09-07 15:44:56.633
0.01217,26-09-07 15:44:57.350
0.01147,26-09-07 15:44:58.063
0.012,26-09-07 15:44:58.779
0.01235,26-09-07 15:44:59.493
0.01228,26-09-07 15:45:00.206
0.01223,26-09-07 15:45:00.921
0.01183,26-09-07 15:45:01.636
0.01147,26-09-07 15:45:02.351
0.01139,26-09-07 15:45:03.064
0.01345,26-09-07 15:45:03.780
0.01182,26-09-07 15:45:04.494
0.01115,26-09-07 15:45:05.207
0.01224,26-09-07 15:45:05.922
0.0122,26-09-07 15:45:06.635
0.01227,26-09-07 15:45:07.350
0.01136,26-09-07 15:45:08.063
0.0121,26-09-07 15:45:08.780
0.01128,26-09-07 15:45:09.493
0.01149,26-09-07 15:45:10.209
0.01127,26-09-07 15:45:10.923
0.01184,26-09-07 15:45:11.636
0.01116,26-09-07 15:45:12.351
0.01212,26-09-07 15:45:13.064
0.01235,26-09-07 15:45:13.779
0.01135,26-09-07 15:45:14.494
0.01194,26-09-07 15:45:15.210
0.01172,26-09-07 15:45:15.924
0.01191,26-09-07 15:45:16.637
0.0123,26-09-07 15:45:17.352
0.01261,26-09-07 15:45:18.065
0.01275,26-09-07 15:45:18.780
0.01084,26-09-07 15:45:19.495
0.01222,26-09-07 15:45:20.211
0.01162,26-09-07 15:45:20.924
0.01171,26-09-07 15:45:21.640
0.01212,26-09-07 15:45:22.354
0.01068,26-09-07 15:45:23.067
0.01181,26-09-07 15:45:23.782
0.0196,26-09-07 15:45:24.495
0.01145,26-09-07 15:45:25.210
0.01244,26-09-07 15:45:25.925
0.01147,26-09-07 15:45:26.641
0.01199,26-09-07 15:45:27.355
0.01218,26-09-07 15:45:28.068
0.01216,26-09-07 15:45:28.783
0.01123,26-09-07 15:45:29.497
0.01138,26-09-07 15:45:30.210
0.01163,26-09-07 15:45:30.925
0.01182,26-09-07 15:45:31.640
0.01125,26-09-07 15:45:32.356
0.0121,26-09-07 15:45:33.070
0.01126,26-09-07 15:45:33.784
0.01137,26-09-07 15:45:34.497
0.0115,26-09-07 15:45:35.212
0.01178,26-09-07 15:45:35.925
0.01157,26-09-07 15:45:36.640
0.01272,26-09-07 15:45:37.355
0.01175,26-09-07 15:45:38.071
0.01199,26-09-07 15:45:38.785
0.01064,26-09-07 15:45:39.498
0.01105,26-09-07 15:45:40.213
0.01174,26-09-07 15:45:40.926
0.01194,26-09-07 15:45:41.641
0.01175,26-09-07 15:45:42.354
0.01089,26-09-07 15:45:43.071
0.01256,26-09-07 15:45:43.784
0.01249,26-09-07 15:45:44.500
0.01215,26-09-07 15:45:45.214
0.01158,26-09-07 15:45:45.927
0.01101,26-09-07 15:45:46.642
0.01126,26-09-07 15:45:47.355
0.01168,26-09-07 15:45:48.070
0.01212,26-09-07 15:45:48.785
0.01114,26-09-07 15:45:49.501
0.01325,26-09-07 15:45:50.215
0.01279,26-09-07 15:45:50.928
0.01154,26-09-07 15:45:51.643
0.01098,26-09-07 15:45:52.356
0.01196,26-09-07 15:45:53.071
0.01279,26-09-07 15:45:53.784
0.01174,26-09-07 15:45:54.501
0.0117,26-09-07 15:45:55.214
0.01197,26-09-07 15:45:55.930
0.01183,26-09-07 15:45:56.644
0.01195,26-09-07 15:45:57.357
0.01028,26-09-07 15:45:58.072
0.01205,26-09-07 15:45:58.785
0.01138,26-09-07 15:45:59.500
0.01134,26-09-07 15:46:00.215
0.01154,26-09-07 15:46:00.931
0.01144,26-09-07 15:46:01.645
0.01278,26-09-07 15:46:02.359
0.01218,26-09-07 15:46:03.072
0.01127,26-09-07 15:46:03.787
0.0117,26-09-07 15:46:04.500
0.01206,26-09-07 15:46:05.215
0.01178,26-09-07 15:46:05.930
0.01103,26-09-07 15:46:06.646
0.01157,26-09-07 15:46:07.360
0.01176,26-09-07 15:46:08.073
0.01136,26-09-07 15:46:08.788
0.01188,26-09-07 15:46:09.501
0.01214,26-09-07 15:46:10.216
0.01093,26-09-07 15:46:10.929
0.01105,26-09-07 15:46:11.646
0.01241,26-09-07 15:46:12.359
0.01104,26-09-07 15:46:13.075
0.01095,26-09-07 15:46:13.789
0.01303,26-09-07 15:46:14.502
0.01137,26-09-07 15:46:15.217
0.01136,26-09-07 15:46:15.930
0.01096,26-09-07 15:46:16.645
0.01145,26-09-07 15:46:17.360
0.01086,26-09-07 15:46:18.076
0.01048,26-09-07 15:46:18.790
0.0108,26-09-07 15:46:19.504
0.01269,26-09-07 15:46:20.217
0.0122,26-09-07 15:46:20.932
0.01243,26-09-07 15:46:21.645
0.01179,26-09-07 15:46:22.360
0.01263,26-09-07 15:46:23.076
0.01136,26-09-07 15:46:23.789
0.01243,26-09-07 15:46:24.505
0.01941,26-09-07 15:46:25.219
0.01267,26-09-07 15:46:25.932
0.01206,26-09-07 15:46:26.647
0.01176,26-09-07 15:46:27.360
0.0102,26-09-07 15:46:28.075
0.01184,26-09-07 15:46:28.790
0.01139,26-09-07 15:46:29.506
0.01168,26-09-07 15:46:30.220
0.01256,26-09-07 15:46:30.934
0.01092,26-09-07 15:46:31.647
0.0122,26-09-07 15:46:32.362
0.01225,26-09-07 15:46:33.075
0.01195,26-09-07 15:46:33.790
0.01173,26-09-07 15:46:34.506
0.01211,26-09-07 15:46:35.222
0.01244,26-09-07 15:46:35.936
0.0117,26-09-07 15:46:36.649
0.01019,26-09-07 15:46:37.364
0.01097,26-09-07 15:46:38.077
0.01251,26-09-07 15:46:38.792
0.0127,26-09-07 15:46:39.505
0.01148,26-09-07 15:46:40.222
0.01181,26-09-07 15:46:40.935
0.01243,26-09-07 15:46:41.651
0.01122,26-09-07 15:46:42.365
0.01149,26-09-07 15:46:43.078
0.01105,26-09-07 15:46:43.793
0.0118,26-09-07 15:46:44.506
0.01235,26-09-07 15:46:45.221
0.01177,26-09-07 15:46:45.936
0.01166,26-09-07 15:46:46.652
0.01203,26-09-07 15:46:47.366
0.01173,26-09-07 15:46:48.079
0.01144,26-09-07 15:46:48.794
0.01103,26-09-07 15:46:49.507
0.01133,26-09-07 15:46:50.223
0.01262,26-09-07 15:46:50.937
0.01139,26-09-07 15:46:51.652
0.01178,26-09-07 15:46:52.367
0.01275,26-09-07 15:46:53.081
0.01093,26-09-07 15:46:53.794
0.01265,26-09-07 15:46:54.509
0.0121,26-09-07 15:46:55.222
0.01164,26-09-07 15:46:55.937
0.01205,26-09-07 15:46:56.650
0.01216,26-09-07 15:46:57.367
0.01181,26-09-07 15:46:58.080
0.01233,26-09-07 15:46:58.796
0.01233,26-09-07 15:46:59.510
0.01209,26-09-07 15:47:00.223
0.01097,26-09-07 15:47:00.938
0.01185,26-09-07 15:47:01.651
0.01163,26-09-07 15:47:02.366
0.0116,26-09-07 15:47:03.081
0.01178,26-09-07 15:47:03.797
0.01156,26-09-07 15:47:04.511
0.01202,26-09-07 15:47:05.225
0.01175,26-09-07 15:47:05.938
0.01169,26-09-07 15:47:06.653
0.01132,26-09-07 15:47:07.366
0.01162,26-09-07 15:47:08.081
0.01124,26-09-07 15:47:08.796
0.01219,26-09-07 15:47:09.512
0.01205,26-09-07 15:47:10.226
0.01138,26-09-07 15:47:10.939
0.01323,26-09-07 15:47:11.654
0.01149,26-09-07 15:47:12.367
0.01131,26-09-07 15:47:13.082
0.01136,26-09-07 15:47:13.796
0.01243,26-09-07 15:47:14.512
0.01103,26-09-07 15:47:15.225
0.01157,26-09-07 15:47:15.941
0.01139,26-09-07 15:47:16.655
0.01197,26-09-07 15:47:17.369
0.01241,26-09-07 15:47:18.082
0.01071,26-09-07 15:47:18.797
0.01139,26-09-07 15:47:19.510
0.01192,26-09-07 15:47:20.227
0.01122,26-09-07 15:47:20.940
0.01306,26-09-07 15:47:21.656
0.01165,26-09-07 15:47:22.370
0.01196,26-09-07 15:47:23.083
0.01085,26-09-07 15:47:23.798
0.01129,26-09-07 15:47:24.511
0.01075,26-09-07 15:47:25.226
0.01202,26-09-07 15:47:25.941
0.01152,26-09-07 15:47:26.657
0.0114,26-09-07 15:47:27.371
0.01127,26-09-07 15:47:28.085
0.012,26-09-07 15:47:28.798
0.01251,26-09-07 15:47:29.513
0.01106,26-09-07 15:47:30.226
0.01208,26-09-07 15:47:30.941
0.01209,26-09-07 15:47:31.656
0.0122,26-09-07 15:47:32.372
0.01185,26-09-07 15:47:33.086
0.0114,26-09-07 15:47:33.799
0.01296,26-09-07 15:47:34.514
0.01199,26-09-07 15:47:35.227
0.0115,26-09-07 15:47:35.942
0.01269,26-09-07 15:47:36.655
0.01243,26-09-07 15:47:37.372
0.01225,26-09-07 15:47:38.085
0.01156,26-09-07 15:47:38.801
0.01214,26-09-07 15:47:39.515
0.01202,26-09-07 15:47:40.228
0.01277,26-09-07 15:47:40.943
0.01263,26-09-07 15:47:41.656
0.01055,26-09-07 15:47:42.371
0.01295,26-09-07 15:47:43.086
0.01328,26-09-07 15:47:43.802
0.0116,26-09-07 15:47:44.516
0.01185,26-09-07 15:47:45.230
0.01202,26-09-07 15:47:45.943
0.01157,26-09-07 15:47:46.658
0.01183,26-09-07 15:47:47.371
0.01173,26-09-07 15:47:48.086
0.01158,26-09-07 15:47:48.801
0.01276,26-09-07 15:47:49.517
0.013,26-09-07 15:47:50.232
0.0115,26-09-07 15:47:50.946
0.01212,26-09-07 15:47:51.660
0.01156,26-09-07 15:47:52.373
0.01218,26-09-07 15:47:53.088
0.01175,26-09-07 15:47:53.801
0.01121,26-09-07 15:47:54.518
0.01194,26-09-07 15:47:55.231
0.01334,26-09-07 15:47:55.947
0.01143,26-09-07 15:47:56.661
0.01171,26-09-07 15:47:57.374
0.01175,26-09-07 15:47:58.090
0.01155,26-09-07 15:47:58.803
0.01232,26-09-07 15:47:59.518
0.01041,26-09-07 15:48:00.233
0.01209,26-09-07 15:48:00.948
0.01269,26-09-07 15:48:01.662
0.01142,26-09-07 15:48:02.375
0.01167,26-09-07 15:48:03.090
0.01103,26-09-07 15:48:03.803
0.01244,26-09-07 15:48:04.518
0.01303,26-09-07 15:48:05.231
0.01283,26-09-07 15:48:05.948
0.01192,26-09-07 15:48:06.661
0.01176,26-09-07 15:48:07.377
0.01259,26-09-07 15:48:08.091
0.01215,26-09-07 15:48:08.804
0.01157,26-09-07 15:48:09.519
0.01161,26-09-07 15:48:10.232
0.01171,26-09-07 15:48:10.947
0.01268,26-09-07 15:48:11.663
0.012,26-09-07 15:48:12.376
0.01229,26-09-07 15:48:13.092
0.01405,26-09-07 15:48:13.806
0.01132,26-09-07 15:48:14.519
0.01209,26-09-07 15:48:15.234
0.01127,26-09-07 15:48:15.947
0.01191,26-09-07 15:48:16.662
0.01064,26-09-07 15:48:17.377
0.01233,26-09-07 15:48:18.093
0.01164,26-09-07 15:48:18.807
0.01195,26-09-07 15:48:19.521
0.01392,26-09-07 15:48:20.234
0.0114,26-09-07 15:48:20.949
0.01157,26-09-07 15:48:21.662
0.01154,26-09-07 15:48:22.377
0.01129,26-09-07 15:48:23.092
0.01092,26-09-07 15:48:23.808
0.01196,26-09-07 15:48:24.522
0.01229,26-09-07 15:48:25.235
0.01946,26-09-07 15:48:25.950
0.01274,26-09-07 15:48:26.663
0.01145,26-09-07 15:48:27.378
0.01162,26-09-07 15:48:28.091
0.01092,26-09-07 15:48:28.808
0.01145,26-09-07 15:48:29.521
0.01123,26-09-07 15:48:30.237
0.01137,26-09-07 15:48:30.951
0.01264,26-09-07 15:48:31.664
0.01166,26-09-07 15:48:32.379
0.01249,26-09-07 15:48:33.092
0.01179,26-09-07 15:48:33.807
0.01115,26-09-07 15:48:34.522
0.01077,26-09-07 15:48:35.238
0.01191,26-09-07 15:48:35.952
0.01186,26-09-07 15:48:36.666
0.01139,26-09-07 15:48:37.379
0.01269,26-09-07 15:48:38.094
0.01196,26-09-07 15:48:38.809
0.01194,26-09-07 15:48:39.524
0.01115,26-09-07 15:48:40.237
0.0108,26-09-07 15:48:40.953
0.01132,26-09-07 15:48:41.667
0.01084,26-09-07 15:48:42.380
0.01212,26-09-07 15:48:43.095
0.01165,26-09-07 15:48:43.808
0.01132,26-09-07 15:48:44.523
0.01102,26-09-07 15:48:45.236
0.01184,26-09-07 15:48:45.953
0.01132,26-09-07 15:48:46.666
0.01109,26-09-07 15:48:47.382
0.01133,26-09-07 15:48:48.096
0.01194,26-09-07 15:48:48.809
0.01144,26-09-07 15:48:49.524
0.0112,26-09-07 15:48:50.237
0.01113,26-09-07 15:48:50.952
0.01158,26-09-07 15:48:51.667
0.01116,26-09-07 15:48:52.383
0.01104,26-09-07 15:48:53.097
0.01157,26-09-07 15:48:53.810
0.01097,26-09-07 15:48:54.525
0.01267,26-09-07 15:48:55.238
0.01087,26-09-07 15:48:55.953
0.01153,26-09-07 15:48:56.666
0.01181,26-09-07 15:48:57.383
0.01055,26-09-07 15:48:58.096
0.01144,26-09-07 15:48:58.812
0.01179,26-09-07 15:48:59.526
0.01154,26-09-07 15:49:00.239
0.01202,26-09-07 15:49:00.954
0.01137,26-09-07 15:49:01.667
0.01095,26-09-07 15:49:02.382
0.01151,26-09-07 15:49:03.097
0.01193,26-09-07 15:49:03.813
0.01144,26-09-07 15:49:04.527
0.01207,26-09-07 15:49:05.240
0.01158,26-09-07 15:49:05.955
0.01075,26-09-07 15:49:06.670
0.01159,26-09-07 15:49:07.383
0.01164,26-09-07 15:49:08.098
0.0114,26-09-07 15:49:08.813
0.01149,26-09-07 15:49:09.529
0.01202,26-09-07 15:49:10.243
0.01038,26-09-07 15:49:10.956
0.01283,26-09-07 15:49:11.671
0.01144,26-09-07 15:49:12.384
0.01192,26-09-07 15:49:13.099
0.01235,26-09-07 15:49:13.812
0.01085,26-09-07 15:49:14.529
0.01095,26-09-07 15:49:15.242
0.01129,26-09-07 15:49:15.958
0.01084,26-09-07 15:49:16.672
0.01119,26-09-07 15:49:17.385
0.01197,26-09-07 15:49:18.100
0.0116,26-09-07 15:49:18.813
0.01151,26-09-07 15:49:19.528
0.01189,26-09-07 15:49:20.243
0.01176,26-09-07 15:49:20.959
0.01152,26-09-07 15:49:21.673
0.01191,26-09-07 15:49:22.387
0.01221,26-09-07 15:49:23.100
0.0111,26-09-07 15:49:23.815
0.01177,26-09-07 15:49:24.528
0.01229,26-09-07 15:49:25.243
0.01141,26-09-07 15:49:25.958
0.01544,26-09-07 15:49:26.674
0.01253,26-09-07 15:49:27.388
0.01223,26-09-07 15:49:28.101
0.01178,26-09-07 15:49:28.816
0.01128,26-09-07 15:49:29.529
0.01136,26-09-07 15:49:30.244
0.01163,26-09-07 15:49:30.957
0.01199,26-09-07 15:49:31.674
0.01241,26-09-07 15:49:32.387
0.01164,26-09-07 15:49:33.103
0.01291,26-09-07 15:49:33.817
0.01246,26-09-07 15:49:34.530
0.01106,26-09-07 15:49:35.245
0.01092,26-09-07 15:49:35.958
0.01145,26-09-07 15:49:36.673
0.01158,26-09-07 15:49:37.388
0.01158,26-09-07 15:49:38.104
0.01267,26-09-07 15:49:38.818
0.01207,26-09-07 15:49:39.532
0.01264,26-09-07 15:49:40.245
0.01183,26-09-07 15:49:40.960
0.01185,26-09-07 15:49:41.673
0.01158,26-09-07 15:49:42.388
0.012,26-09-07 15:49:43.103
0.01276,26-09-07 15:49:43.819
0.01149,26-09-07 15:49:44.533
0.011,26-09-07 15:49:45.247
0.01193,26-09-07 15:49:45.960
0.01136,26-09-07 15:49:46.676
0.01134,26-09-07 15:49:47.389
0.01121,26-09-07 15:49:48.104
0.012,26-09-07 15:49:48.819
0.01205,26-09-07 15:49:49.534
0.01161,26-09-07 15:49:50.248
0.01192,26-09-07 15:49:50.961
0.01144,26-09-07 15:49:51.676
0.01222,26-09-07 15:49:52.389
0.01184,26-09-07 15:49:53.104
0.01225,26-09-07 15:49:53.817
0.01194,26-09-07 15:49:54.534
0.01149,26-09-07 15:49:55.247
0.0122,26-09-07 15:49:55.963
0.01128,26-09-07 15:49:56.677
0.01176,26-09-07 15:49:57.390
0.01247,26-09-07 15:49:58.105
0.01184,26-09-07 15:49:58.818
0.01224,26-09-07 15:49:59.533
0.0109,26-09-07 15:50:00.249
0.01139,26-09-07 15:50:00.962
0.01127,26-09-07 15:50:01.678
0.01131,26-09-07 15:50:02.392
0.01231,26-09-07 15:50:03.105
0.01285,26-09-07 15:50:03.820
0.01246,26-09-07 15:50:04.533
0.01155,26-09-07 15:50:05.248
0.0121,26-09-07 15:50:05.963
0.0117,26-09-07 15:50:06.679
0.01178,26-09-07 15:50:07.393
0.01142,26-09-07 15:50:08.107
0.01139,26-09-07 15:50:08.820
0.01175,26-09-07 15:50:09.535
0.01151,26-09-07 15:50:10.248
0.01209,26-09-07 15:50:10.963
0.01183,26-09-07 15:50:11.678
0.01224,26-09-07 15:50:12.394
0.01124,26-09-07 15:50:13.109
0.01319,26-09-07 15:50:13.824
0.01205,26-09-07 15:50:14.537
0.01118,26-09-07 15:50:15.252
0.01098,26-09-07 15:50:15.965
0.01245,26-09-07 15:50:16.680
0.01371,26-09-07 15:50:17.393
0.01147,26-09-07 15:50:18.109
0.01193,26-09-07 15:50:18.823
0.01166,26-09-07 15:50:19.536
0.0103,26-09-07 15:50:20.251
0.01264,26-09-07 15:50:20.964
0.01155,26-09-07 15:50:21.679
0.01228,26-09-07 15:50:22.392
0.01225,26-09-07 15:50:23.109
0.01342,26-09-07 15:50:23.822
0.01172,26-09-07 15:50:24.539
0.01087,26-09-07 15:50:25.253
0.01142,26-09-07 15:50:25.966
0.01913,26-09-07 15:50:26.681
0.01207,26-09-07 15:50:27.396
0.01126,26-09-07 15:50:28.111
0.01228,26-09-07 15:50:28.824
0.01215,26-09-07 15:50:29.540
0.01149,26-09-07 15:50:30.254
0.01191,26-09-07 15:50:30.968
0.01117,26-09-07 15:50:31.681
0.01196,26-09-07 15:50:32.396
0.01241,26-09-07 15:50:33.109
0.01254,26-09-07 15:50:33.824
0.01177,26-09-07 15:50:34.539
0.01192,26-09-07 15:50:35.255
0.01374,26-09-07 15:50:35.969
0.01078,26-09-07 15:50:36.682
0.01199,26-09-07 15:50:37.397
0.01206,26-09-07 15:50:38.110
0.01254,26-09-07 15:50:38.825
0.01251,26-09-07 15:50:39.538
0.0111,26-09-07 15:50:40.255
0.01231,26-09-07 15:50:40.968
0.01149,26-09-07 15:50:41.684
0.01182,26-09-07 15:50:42.398
0.01158,26-09-07 15:50:43.111
0.01121,26-09-07 15:50:43.826
0.01156,26-09-07 15:50:44.539
0.01178,26-09-07 15:50:45.254
0.012,26-09-07 15:50:45.969
0.01207,26-09-07 15:50:46.685
0.01246,26-09-07 15:50:47.399
0.01186,26-09-07 15:50:48.112
0.01098,26-09-07 15:50:48.827
0.01066,26-09-07 15:50:49.540
0.01119,26-09-07 15:50:50.255
0.0126,26-09-07 15:50:50.968
0.01158,26-09-07 15:50:51.685
0.0119,26-09-07 15:50:52.398
0.01188,26-09-07 15:50:53.114
0.0111,26-09-07 15:50:53.828
0.01287,26-09-07 15:50:54.542
0.01244,26-09-07 15:50:55.255
0.01125,26-09-07 15:50:55.970
0.01101,26-09-07 15:50:56.683
0.0118,26-09-07 15:50:57.400
0.01134,26-09-07 15:50:58.113
0.01119,26-09-07 15:50:58.829
0.01215,26-09-07 15:50:59.543
0.0134,26-09-07 15:51:00.256
0.01176,26-09-07 15:51:00.971
0.01084,26-09-07 15:51:01.684
0.01163,26-09-07 15:51:02.399
0.01179,26-09-07 15:51:03.114
0.01262,26-09-07 15:51:03.830
0.01175,26-09-07 15:51:04.544
0.01244,26-09-07 15:51:05.257
0.01103,26-09-07 15:51:05.972
0.01107,26-09-07 15:51:06.685
0.01184,26-09-07 15:51:07.400
0.00979,26-09-07 15:51:08.113
0.01202,26-09-07 15:51:08.830
0.01158,26-09-07 15:51:09.543
0.01155,26-09-07 15:51:10.259
0.01142,26-09-07 15:51:10.973
0.01264,26-09-07 15:51:11.686
0.01151,26-09-07 15:51:12.401
0.01197,26-09-07 15:51:13.114
0.01188,26-09-07 15:51:13.829
0.01231,26-09-07 15:51:14.544
0.01186,26-09-07 15:51:15.260
0.01084,26-09-07 15:51:15.974
0.011,26-09-07 15:51:16.687
0.01305,26-09-07 15:51:17.402
0.01248,26-09-07 15:51:18.115
0.01127,26-09-07 15:51:18.830
0.01155,26-09-07 15:51:19.543
0.01138,26-09-07 15:51:20.260
0.01078,26-09-07 15:51:20.973
0.0116,26-09-07 15:51:21.689
0.01125,26-09-07 15:51:22.403
0.01088,26-09-07 15:51:23.116
0.01155,26-09-07 15:51:23.831
0.01297,26-09-07 15:51:24.544
0.01223,26-09-07 15:51:25.259
0.01173,26-09-07 15:51:25.974
0.01209,26-09-07 15:51:26.690
0.02064,26-09-07 15:51:27.404
0.01183,26-09-07 15:51:28.118
0.01188,26-09-07 15:51:28.831
0.01204,26-09-07 15:51:29.546
0.01238,26-09-07 15:51:30.259
0.01152,26-09-07 15:51:30.974
0.01142,26-09-07 15:51:31.689
0.01182,26-09-07 15:51:32.405
0.01223,26-09-07 15:51:33.119
0.0118,26-09-07 15:51:33.832
0.01126,26-09-07 15:51:34.547
0.01128,26-09-07 15:51:35.260
0.01213,26-09-07 15:51:35.975
0.01143,26-09-07 15:51:36.688
0.01196,26-09-07 15:51:37.405
0.01149,26-09-07 15:51:38.118
0.01157,26-09-07 15:51:38.834
0.01074,26-09-07 15:51:39.548
0.01127,26-09-07 15:51:40.261
0.01146,26-09-07 15:51:40.976
0.01097,26-09-07 15:51:41.689
0.0109,26-09-07 15:51:42.405
0.01248,26-09-07 15:51:43.120
0.01232,26-09-07 15:51:43.836
0.01173,26-09-07 15:51:44.550
0.01113,26-09-07 15:51:45.263
0.01176,26-09-07 15:51:45.978
0.01199,26-09-07 15:51:46.750
0.0116,26-09-07 15:51:47.468
0.01121,26-09-07 15:51:48.182
0.01226,26-09-07 15:51:48.895
0.01189,26-09-07 15:51:49.610
0.01161,26-09-07 15:51:50.323
0.01183,26-09-07 15:51:51.038
0.01157,26-09-07 15:51:51.751
0.01124,26-09-07 15:51:52.466
0.01092,26-09-07 15:51:53.182
0.01121,26-09-07 15:51:53.897
0.01218,26-09-07 15:51:54.612
0.01217,26-09-07 15:51:55.325
0.01077,26-09-07 15:51:56.040
0.01099,26-09-07 15:51:56.753
0.01137,26-09-07 15:51:57.468
0.01153,26-09-07 15:51:58.181
0.01263,26-09-07 15:51:58.898
0.01198,26-09-07 15:51:59.612
0.01103,26-09-07 15:52:00.325
0.01205,26-09-07 15:52:01.040
0.01127,26-09-07 15:52:01.753
0.01059,26-09-07 15:52:02.468
0.01184,26-09-07 15:52:03.181
0.01087,26-09-07 15:52:03.896
0.01246,26-09-07 15:52:04.612
0.01121,26-09-07 15:52:05.325
0.011,26-09-07 15:52:06.040
0.01138,26-09-07 15:52:06.753
0.01327,26-09-07 15:52:07.468
0.01151,26-09-07 15:52:08.181
0.01104,26-09-07 15:52:08.896
0.01131,26-09-07 15:52:09.609
0.01256,26-09-07 15:52:10.328
0.01163,26-09-07 15:52:11.042
0.01129,26-09-07 15:52:11.756
0.01243,26-09-07 15:52:12.469
0.01162,26-09-07 15:52:13.185
0.01201,26-09-07 15:52:13.900
0.0117,26-09-07 15:52:14.617
0.01127,26-09-07 15:52:15.330
0.01105,26-09-07 15:52:16.046
0.01104,26-09-07 15:52:16.760
0.01205,26-09-07 15:52:17.473
0.01132,26-09-07 15:52:18.188
0.01183,26-09-07 15:52:18.901
0.01197,26-09-07 15:52:19.616
0.01178,26-09-07 15:52:20.331
0.01281,26-09-07 15:52:21.047
0.0123,26-09-07 15:52:21.761
0.01171,26-09-07 15:52:22.474
0.01158,26-09-07 15:52:23.189
0.01285,26-09-07 15:52:23.902
0.01332,26-09-07 15:52:24.617
0.01212,26-09-07 15:52:25.330
0.012,26-09-07 15:52:26.047
0.0116,26-09-07 15:52:26.760
0.01707,26-09-07 15:52:27.476
0.0122,26-09-07 15:52:28.190
0.01142,26-09-07 15:52:28.903
0.01199,26-09-07 15:52:29.618
0.01147,26-09-07 15:52:30.331
0.01171,26-09-07 15:52:31.046
0.01264,26-09-07 15:52:31.761
0.01176,26-09-07 15:52:32.477
0.01179,26-09-07 15:52:33.191
0.0121,26-09-07 15:52:33.904
0.01104,26-09-07 15:52:34.619
0.01204,26-09-07 15:52:35.332
0.01165,26-09-07 15:52:36.047
0.01243,26-09-07 15:52:36.760
0.0117,26-09-07 15:52:37.477
0.01343,26-09-07 15:52:38.190
0.01129,26-09-07 15:52:38.906
0.0107,26-09-07 15:52:39.620
0.01181,26-09-07 15:52:40.333
0.01149,26-09-07 15:52:41.048
0.01237,26-09-07 15:52:41.761
0.01209,26-09-07 15:52:42.476
0.01142,26-09-07 15:52:43.191
0.01266,26-09-07 15:52:43.907
0.01254,26-09-07 15:52:44.621
0.01297,26-09-07 15:52:45.335
0.01073,26-09-07 15:52:46.048
0.01212,26-09-07 15:52:46.763
0.01231,26-09-07 15:52:47.476
0.01219,26-09-07 15:52:48.191
0.01189,26-09-07 15:52:48.906
0.01155,26-09-07 15:52:49.622
0.01266,26-09-07 15:52:50.336
0.01111,26-09-07 15:52:51.049
0.0126,26-09-07 15:52:51.764
0.01077,26-09-07 15:52:52.477
0.01327,26-09-07 15:52:53.192
0.01213,26-09-07 15:52:53.905
0.01158,26-09-07 15:52:54.622
0.01282,26-09-07 15:52:55.335
0.01204,26-09-07 15:52:56.051
0.01338,26-09-07 15:52:56.765
0.01217,26-09-07 15:52:57.478
0.01137,26-09-07 15:52:58.193
0.01101,26-09-07 15:52:58.906
0.01294,26-09-07 15:52:59.621
0.01226,26-09-07 15:53:00.337
0.01061,26-09-07 15:53:01.053
0.01233,26-09-07 15:53:01.767
0.01289,26-09-07 15:53:02.480
0.01163,26-09-07 15:53:03.195
0.01109,26-09-07 15:53:03.908
0.01207,26-09-07 15:53:04.623
0.01216,26-09-07 15:53:05.336
0.01178,26-09-07 15:53:06.053
0.01139,26-09-07 15:53:06.768
0.01153,26-09-07 15:53:07.482
0.01139,26-09-07 15:53:08.195
0.01288,26-09-07 15:53:08.910
0.01168,26-09-07 15:53:09.623
0.01154,26-09-07 15:53:10.338
0.01158,26-09-07 15:53:11.051
0.011,26-09-07 15:53:11.768
0.01096,26-09-07 15:53:12.482
0.0115,26-09-07 15:53:13.197
0.01179,26-09-07 15:53:13.910
0.01301,26-09-07 15:53:14.625
0.01154,26-09-07 15:53:15.338
0.01185,26-09-07 15:53:16.053
0.01196,26-09-07 15:53:16.767
0.01241,26-09-07 15:53:17.483
0.0109,26-09-07 15:53:18.196
0.01062,26-09-07 15:53:18.912
0.01278,26-09-07 15:53:19.626
0.01206,26-09-07 15:53:20.339
0.01163,26-09-07 15:53:21.054
0.01222,26-09-07 15:53:21.767
0.01108,26-09-07 15:53:22.482
0.01098,26-09-07 15:53:23.197
0.01184,26-09-07 15:53:23.913
0.0121,26-09-07 15:53:24.627
0.01154,26-09-07 15:53:25.340
0.01191,26-09-07 15:53:26.055
0.01273,26-09-07 15:53:26.768
0.01235,26-09-07 15:53:27.483
0.0186,26-09-07 15:53:28.196
0.01382,26-09-07 15:53:28.913
0.01196,26-09-07 15:53:29.626
0.01288,26-09-07 15:53:30.342
0.01115,26-09-07 15:53:31.056
0.01147,26-09-07 15:53:31.769
0.01231,26-09-07 15:53:32.484
0.0128,26-09-07 15:53:33.199
0.01343,26-09-07 15:53:33.914
0.01173,26-09-07 15:53:34.627
0.01222,26-09-07 15:53:35.343
0.0109,26-09-07 15:53:36.057
0.01153,26-09-07 15:53:36.770
0.01194,26-09-07 15:53:37.485
0.01188,26-09-07 15:53:38.198
0.01269,26-09-07 15:53:38.913
0.01161,26-09-07 15:53:39.626
0.01184,26-09-07 15:53:40.343
0.01139,26-09-07 15:53:41.056
0.01176,26-09-07 15:53:41.772
0.01195,26-09-07 15:53:42.486
0.01213,26-09-07 15:53:43.199
0.01242,26-09-07 15:53:43.914
0.01213,26-09-07 15:53:44.627
0.01297,26-09-07 15:53:45.342
0.01178,26-09-07 15:53:46.057
0.01185,26-09-07 15:53:46.773
0.01165,26-09-07 15:53:47.487
0.01012,26-09-07 15:53:48.200
0.01158,26-09-07 15:53:48.915
0.01131,26-09-07 15:53:49.628
0.01205,26-09-07 15:53:50.343
0.01149,26-09-07 15:53:51.056
0.01206,26-09-07 15:53:51.773
0.01261,26-09-07 15:53:52.486
0.01106,26-09-07 15:53:53.202
0.0119,26-09-07 15:53:53.916
0.0109,26-09-07 15:53:54.629
0.01101,26-09-07 15:53:55.344
0.01249,26-09-07 15:53:56.057
0.01194,26-09-07 15:53:56.772
0.01235,26-09-07 15:53:57.487
0.01095,26-09-07 15:53:58.203
0.01221,26-09-07 15:53:58.917
0.01111,26-09-07 15:53:59.630
0.01071,26-09-07 15:54:00.345
0.01153,26-09-07 15:54:01.059
0.01091,26-09-07 15:54:01.772
0.0121,26-09-07 15:54:02.487
0.01204,26-09-07 15:54:03.202
0.01184,26-09-07 15:54:03.918
0.01197,26-09-07 15:54:04.632
0.01226,26-09-07 15:54:05.346
0.01191,26-09-07 15:54:06.059
0.01158,26-09-07 15:54:06.774
0.01304,26-09-07 15:54:07.487
0.01083,26-09-07 15:54:08.202
0.01118,26-09-07 15:54:08.917
0.01155,26-09-07 15:54:09.633
0.012,26-09-07 15:54:10.347
0.01127,26-09-07 15:54:11.060
0.01176,26-09-07 15:54:11.775
0.01233,26-09-07 15:54:12.488
0.0112,26-09-07 15:54:13.203
0.01199,26-09-07 15:54:13.916
0.01127,26-09-07 15:54:14.633
0.01264,26-09-07 15:54:15.346
0.01238,26-09-07 15:54:16.062
0.01169,26-09-07 15:54:16.776
0.01225,26-09-07 15:54:17.489
0.01111,26-09-07 15:54:18.204
0.01303,26-09-07 15:54:18.917
0.0116,26-09-07 15:54:19.632
0.0111,26-09-07 15:54:20.348
0.0125,26-09-07 15:54:21.064
0.01222,26-09-07 15:54:21.778
0.01248,26-09-07 15:54:22.491
0.01176,26-09-07 15:54:23.206
0.01186,26-09-07 15:54:23.919
0.0116,26-09-07 15:54:24.634
0.01196,26-09-07 15:54:25.347
0.0114,26-09-07 15:54:26.064
0.01164,26-09-07 15:54:26.777
0.01153,26-09-07 15:54:27.493
0.01064,26-09-07 15:54:28.208
0.01209,26-09-07 15:54:28.921
0.01218,26-09-07 15:54:29.636
0.01147,26-09-07 15:54:30.349
0.01178,26-09-07 15:54:31.064
0.01178,26-09-07 15:54:31.779
0.01093,26-09-07 15:54:32.494
0.01075,26-09-07 15:54:33.208
0.01129,26-09-07 15:54:33.922
0.01248,26-09-07 15:54:34.635
0.01179,26-09-07 15:54:35.350
0.01209,26-09-07 15:54:36.063
0.01134,26-09-07 15:54:36.778
0.01234,26-09-07 15:54:37.493
0.01095,26-09-07 15:54:38.209
0.01175,26-09-07 15:54:38.923
0.0122,26-09-07 15:54:39.636
0.01079,26-09-07 15:54:40.351
0.01256,26-09-07 15:54:41.064
0.01153,26-09-07 15:54:41.779
0.01107,26-09-07 15:54:42.493
0.01162,26-09-07 15:54:43.209
0.01078,26-09-07 15:54:43.922
0.01136,26-09-07 15:54:44.638
0.01145,26-09-07 15:54:45.352
0.01163,26-09-07 15:54:46.065
0.01145,26-09-07 15:54:46.780
0.01246,26-09-07 15:54:47.493
0.01225,26-09-07 15:54:48.208
0.01064,26-09-07 15:54:48.923
0.01238,26-09-07 15:54:49.639
0.01143,26-09-07 15:54:50.353
0.0123,26-09-07 15:54:51.067
0.01106,26-09-07 15:54:51.780
0.01321,26-09-07 15:54:52.495
0.0139,26-09-07 15:54:53.208
0.01165,26-09-07 15:54:53.923
0.01252,26-09-07 15:54:54.639
0.01168,26-09-07 15:54:55.352
0.01181,26-09-07 15:54:56.068
0.01095,26-09-07 15:54:56.782
0.01059,26-09-07 15:54:57.495
0.01215,26-09-07 15:54:58.210
0.01309,26-09-07 15:54:58.923
0.01284,26-09-07 15:54:59.638
0.01152,26-09-07 15:55:00.353
0.01294,26-09-07 15:55:01.069
0.01343,26-09-07 15:55:01.783
0.01081,26-09-07 15:55:02.497
0.01149,26-09-07 15:55:03.210
0.01116,26-09-07 15:55:03.925
0.01244,26-09-07 15:55:04.638
0.0117,26-09-07 15:55:05.353
0.01202,26-09-07 15:55:06.068
0.0116,26-09-07 15:55:06.784
0.01263,26-09-07 15:55:07.498
0.01101,26-09-07 15:55:08.211
0.01137,26-09-07 15:55:08.926
0.01175,26-09-07 15:55:09.639
0.01154,26-09-07 15:55:10.354
0.01304,26-09-07 15:55:11.067
0.01339,26-09-07 15:55:11.784
0.0114,26-09-07 15:55:12.497
0.01213,26-09-07 15:55:13.213
0.0114,26-09-07 15:55:13.927
0.01144,26-09-07 15:55:14.640
0.01067,26-09-07 15:55:15.355
0.01125,26-09-07 15:55:16.068
0.01227,26-09-07 15:55:16.783
0.01187,26-09-07 15:55:17.498
0.01043,26-09-07 15:55:18.214
0.01201,26-09-07 15:55:18.928
0.01142,26-09-07 15:55:19.641
0.01188,26-09-07 15:55:20.356
0.01179,26-09-07 15:55:21.069
0.01153,26-09-07 15:55:21.784
0.01144,26-09-07 15:55:22.498
0.01315,26-09-07 15:55:23.213
0.01192,26-09-07 15:55:23.929
0.01253,26-09-07 15:55:24.643
0.01228,26-09-07 15:55:25.356
0.01111,26-09-07 15:55:26.071
0.01157,26-09-07 15:55:26.784
0.01231,26-09-07 15:55:27.499
0.01131,26-09-07 15:55:28.212
0.01892,26-09-07 15:55:28.929
0.01249,26-09-07 15:55:29.642
0.0114,26-09-07 15:55:30.358
0.01119,26-09-07 15:55:31.072
0.01258,26-09-07 15:55:31.785
0.01165,26-09-07 15:55:32.500
0.01222,26-09-07 15:55:33.213
0.01158,26-09-07 15:55:33.928
0.01189,26-09-07 15:55:34.643
0.01053,26-09-07 15:55:35.359
0.01195,26-09-07 15:55:36.073
0.01178,26-09-07 15:55:36.786
0.01163,26-09-07 15:55:37.501
0.01152,26-09-07 15:55:38.214
0.01175,26-09-07 15:55:38.929
0.01167,26-09-07 15:55:39.643
0.01134,26-09-07 15:55:40.360
0.01152,26-09-07 15:55:41.073
0.0105,26-09-07 15:55:41.789
0.01139,26-09-07 15:55:42.503
0.01145,26-09-07 15:55:43.216
0.01081,26-09-07 15:55:43.931
0.01236,26-09-07 15:55:44.644
0.01176,26-09-07 15:55:45.359
0.01129,26-09-07 15:55:46.074
0.01129,26-09-07 15:55:46.790
0.01122,26-09-07 15:55:47.504
0.01194,26-09-07 15:55:48.217
0.01177,26-09-07 15:55:48.932
0.01148,26-09-07 15:55:49.646
0.01179,26-09-07 15:55:50.359
0.01158,26-09-07 15:55:51.074
0.01226,26-09-07 15:55:51.789
0.01105,26-09-07 15:55:52.505
0.01118,26-09-07 15:55:53.219
0.01137,26-09-07 15:55:53.932
0.01258,26-09-07 15:55:54.647
0.01187,26-09-07 15:55:55.360
0.01202,26-09-07 15:55:56.075
0.01109,26-09-07 15:55:56.788
0.01181,26-09-07 15:55:57.505
0.01213,26-09-07 15:55:58.218
0.01075,26-09-07 15:55:58.934
0.01093,26-09-07 15:55:59.648
0.01294,26-09-07 15:56:00.361
0.01173,26-09-07 15:56:01.076
0.01217,26-09-07 15:56:01.789
0.01101,26-09-07 15:56:02.504
0.01219,26-09-07 15:56:03.220
0.01175,26-09-07 15:56:03.935
0.01121,26-09-07 15:56:04.649
0.01178,26-09-07 15:56:05.362
0.01176,26-09-07 15:56:06.077
0.01301,26-09-07 15:56:06.790
0.01282,26-09-07 15:56:07.505
0.01253,26-09-07 15:56:08.219
0.01267,26-09-07 15:56:08.935
0.01052,26-09-07 15:56:09.648
0.01269,26-09-07 15:56:10.364
0.01102,26-09-07 15:56:11.078
0.01121,26-09-07 15:56:11.791
0.01213,26-09-07 15:56:12.506
0.01217,26-09-07 15:56:13.219
0.01138,26-09-07 15:56:13.934
0.01123,26-09-07 15:56:14.649
0.01177,26-09-07 15:56:15.365
0.01327,26-09-07 15:56:16.079
0.01164,26-09-07 15:56:16.793
0.01126,26-09-07 15:56:17.506
0.01134,26-09-07 15:56:18.221
0.01296,26-09-07 15:56:18.934
0.01222,26-09-07 15:56:19.649
0.01269,26-09-07 15:56:20.364
0.01223,26-09-07 15:56:21.080
0.01183,26-09-07 15:56:21.794
0.01148,26-09-07 15:56:22.508
0.01152,26-09-07 15:56:23.221
0.0116,26-09-07 15:56:23.936
0.01205,26-09-07 15:56:24.649
0.01238,26-09-07 15:56:25.364
0.01155,26-09-07 15:56:26.079
0.01294,26-09-07 15:56:26.795
0.01243,26-09-07 15:56:27.509
0.01213,26-09-07 15:56:28.222
0.01189,26-09-07 15:56:28.937
0.01769,26-09-07 15:56:29.650
0.01338,26-09-07 15:56:30.365
0.013,26-09-07 15:56:31.078
0.01272,26-09-07 15:56:31.795
0.01251,26-09-07 15:56:32.508
0.01162,26-09-07 15:56:33.224
0.01171,26-09-07 15:56:33.938
0.01219,26-09-07 15:56:34.651
0.01137,26-09-07 15:56:35.366
0.01234,26-09-07 15:56:36.079
0.01265,26-09-07 15:56:36.794
0.0111,26-09-07 15:56:37.509
0.01142,26-09-07 15:56:38.225
0.01118,26-09-07 15:56:38.939
0.0117,26-09-07 15:56:39.652
0.0118,26-09-07 15:56:40.367
0.0122,26-09-07 15:56:41.080
0.01218,26-09-07 15:56:41.795
0.012,26-09-07 15:56:42.508
0.01252,26-09-07 15:56:43.225
0.01077,26-09-07 15:56:43.940
0.01104,26-09-07 15:56:44.654
0.01161,26-09-07 15:56:45.368
0.01051,26-09-07 15:56:46.081
0.01253,26-09-07 15:56:46.796
0.01088,26-09-07 15:56:47.509
0.011,26-09-07 15:56:48.224
0.01159,26-09-07 15:56:48.939
0.01161,26-09-07 15:56:49.655
0.01101,26-09-07 15:56:50.369
0.0114,26-09-07 15:56:51.083
0.01194,26-09-07 15:56:51.796
0.01223,26-09-07 15:56:52.511
0.01157,26-09-07 15:56:53.224
0.01165,26-09-07 15:56:53.939
0.01055,26-09-07 15:56:54.654
0.01126,26-09-07 15:56:55.370
0.01134,26-09-07 15:56:56.084
0.01162,26-09-07 15:56:56.797
0.01067,26-09-07 15:56:57.512
0.01133,26-09-07 15:56:58.225
0.01136,26-09-07 15:56:58.940
0.01063,26-09-07 15:56:59.653
0.01168,26-09-07 15:57:00.371
0.01238,26-09-07 15:57:01.084
0.01254,26-09-07 15:57:01.800
0.01149,26-09-07 15:57:02.514
0.01204,26-09-07 15:57:03.227
0.01209,26-09-07 15:57:03.942
0.01228,26-09-07 15:57:04.655
0.01097,26-09-07 15:57:05.370
0.0123,26-09-07 15:57:06.085
0.01166,26-09-07 15:57:06.801
0.0113,26-09-07 15:57:07.515
0.01142,26-09-07 15:57:08.229
0.01188,26-09-07 15:57:08.942
0.01228,26-09-07 15:57:09.657
0.01316,26-09-07 15:57:10.372
0.0132,26-09-07 15:57:11.087
0.01285,26-09-07 15:57:11.800
0.01122,26-09-07 15:57:12.516
0.01205,26-09-07 15:57:13.230
0.01199,26-09-07 15:57:13.943
0.01129,26-09-07 15:57:14.658
0.01113,26-09-07 15:57:15.371
0.01175,26-09-07 15:57:16.086
0.01137,26-09-07 15:57:16.799
0.01239,26-09-07 15:57:17.516
0.01119,26-09-07 15:57:18.229
0.0114,26-09-07 15:57:18.945
0.01143,26-09-07 15:57:19.659
0.01214,26-09-07 15:57:20.372
0.01289,26-09-07 15:57:21.087
0.01181,26-09-07 15:57:21.800
0.01173,26-09-07 15:57:22.515
0.01337,26-09-07 15:57:23.230
0.01179,26-09-07 15:57:23.946
0.01072,26-09-07 15:57:24.660
0.01132,26-09-07 15:57:25.373
0.01217,26-09-07 15:57:26.088
0.01236,26-09-07 15:57:26.801
0.01175,26-09-07 15:57:27.516
0.01168,26-09-07 15:57:28.229
0.01217,26-09-07 15:57:28.946
0.01927,26-09-07 15:57:29.659
0.0126,26-09-07 15:57:30.375
0.01267,26-09-07 15:57:31.089
0.01199,26-09-07 15:57:31.802
0.01218,26-09-07 15:57:32.517
0.01272,26-09-07 15:57:33.230
0.01209,26-09-07 15:57:33.945
0.01183,26-09-07 15:57:34.660
0.01244,26-09-07 15:57:35.376
0.01175,26-09-07 15:57:36.090
0.01193,26-09-07 15:57:36.803
0.01216,26-09-07 15:57:37.518
0.01175,26-09-07 15:57:38.232
0.01222,26-09-07 15:57:38.945
0.01241,26-09-07 15:57:39.660
0.01189,26-09-07 15:57:40.375
0.01205,26-09-07 15:57:41.091
0.01225,26-09-07 15:57:41.805
0.01043,26-09-07 15:57:42.518
0.01134,26-09-07 15:57:43.233
0.01087,26-09-07 15:57:43.946
0.01241,26-09-07 15:57:44.661
0.01212,26-09-07 15:57:45.374
0.01136,26-09-07 15:57:46.091
0.0114,26-09-07 15:57:46.804
0.0128,26-09-07 15:57:47.520
0.01205,26-09-07 15:57:48.234
0.01206,26-09-07 15:57:48.947
0.01235,26-09-07 15:57:49.662
0.01115,26-09-07 15:57:50.375
0.01209,26-09-07 15:57:51.090
0.01174,26-09-07 15:57:51.805
0.01317,26-09-07 15:57:52.521
0.01192,26-09-07 15:57:53.235
0.01318,26-09-07 15:57:53.949
0.01152,26-09-07 15:57:54.662
0.01119,26-09-07 15:57:55.377
0.01181,26-09-07 15:57:56.090
0.01215,26-09-07 15:57:56.805
0.01118,26-09-07 15:57:57.520
0.01251,26-09-07 15:57:58.236
0.01095,26-09-07 15:57:58.950
0.01323,26-09-07 15:57:59.663
0.01212,26-09-07 15:58:00.378
0.01136,26-09-07 15:58:01.091
0.01096,26-09-07 15:58:01.806
0.01176,26-09-07 15:58:02.519
0.01177,26-09-07 15:58:03.236
0.01229,26-09-07 15:58:03.949
0.01172,26-09-07 15:58:04.665
0.01241,26-09-07 15:58:05.379
0.01315,26-09-07 15:58:06.092
0.01183,26-09-07 15:58:06.807
0.01168,26-09-07 15:58:07.520
0.01093,26-09-07 15:58:08.235
0.01224,26-09-07 15:58:08.950
0.0127,26-09-07 15:58:09.666
0.01154,26-09-07 15:58:10.380
0.01121,26-09-07 15:58:11.094
0.01219,26-09-07 15:58:11.807
0.01167,26-09-07 15:58:12.522
0.01156,26-09-07 15:58:13.235
0.01085,26-09-07 15:58:13.950
0.0116,26-09-07 15:58:14.665
0.0116,26-09-07 15:58:15.381
0.01147,26-09-07 15:58:16.095
0.01166,26-09-07 15:58:16.809
0.01119,26-09-07 15:58:17.522
0.01204,26-09-07 15:58:18.238
0.01255,26-09-07 15:58:18.951
0.01244,26-09-07 15:58:19.666
0.01228,26-09-07 15:58:20.382
0.01259,26-09-07 15:58:21.097
0.01256,26-09-07 15:58:21.811
0.011,26-09-07 15:58:22.524
0.01214,26-09-07 15:58:23.239
0.01124,26-09-07 15:58:23.952
0.01195,26-09-07 15:58:24.667
0.01057,26-09-07 15:58:25.380
0.0121,26-09-07 15:58:26.097
0.0122,26-09-07 15:58:26.810
0.01221,26-09-07 15:58:27.526
0.0117,26-09-07 15:58:28.240
0.01174,26-09-07 15:58:28.953
0.01255,26-09-07 15:58:29.668
0.01957,26-09-07 15:58:30.381
0.01348,26-09-07 15:58:31.096
0.01144,26-09-07 15:58:31.812
0.01209,26-09-07 15:58:32.525
0.0117,26-09-07 15:58:33.241
0.01146,26-09-07 15:58:33.955
0.01078,26-09-07 15:58:34.668
0.01191,26-09-07 15:58:35.383
0.01123,26-09-07 15:58:36.096
0.01175,26-09-07 15:58:36.811
0.01269,26-09-07 15:58:37.526
0.01207,26-09-07 15:58:38.242
0.01058,26-09-07 15:58:38.956
0.01183,26-09-07 15:58:39.670
0.01166,26-09-07 15:58:40.383
0.01192,26-09-07 15:58:41.098
0.01146,26-09-07 15:58:41.811
0.01137,26-09-07 15:58:42.526
0.01231,26-09-07 15:58:43.241
0.01124,26-09-07 15:58:43.957
0.01192,26-09-07 15:58:44.671
0.01105,26-09-07 15:58:45.384
0.01129,26-09-07 15:58:46.099
0.01181,26-09-07 15:58:46.812
0.01113,26-09-07 15:58:47.527
0.01217,26-09-07 15:58:48.240
0.01179,26-09-07 15:58:48.957
0.0116,26-09-07 15:58:49.670
0.01179,26-09-07 15:58:50.386
0.01137,26-09-07 15:58:51.100
0.01137,26-09-07 15:58:51.813
0.01105,26-09-07 15:58:52.528
0.01301,26-09-07 15:58:53.241
0.01212,26-09-07 15:58:53.956
0.0125,26-09-07 15:58:54.671
0.0121,26-09-07 15:58:55.387
0.01311,26-09-07 15:58:56.101
0.0119,26-09-07 15:58:56.814
0.01051,26-09-07 15:58:57.529
0.01129,26-09-07 15:58:58.242
0.01173,26-09-07 15:58:58.957
0.01264,26-09-07 15:58:59.671
0.01132,26-09-07 15:59:00.386
0.01103,26-09-07 15:59:01.102
0.0128,26-09-07 15:59:01.816
0.01146,26-09-07 15:59:02.530
0.01154,26-09-07 15:59:03.243
0.01127,26-09-07 15:59:03.958
0.01135,26-09-07 15:59:04.671
0.01201,26-09-07 15:59:05.386
0.01181,26-09-07 15:59:06.101
0.012,26-09-07 15:59:06.817
0.0121,26-09-07 15:59:07.531
0.01295,26-09-07 15:59:08.244
0.01142,26-09-07 15:59:08.959
0.01066,26-09-07 15:59:09.672
0.01157,26-09-07 15:59:10.387
0.01222,26-09-07 15:59:11.100
0.01158,26-09-07 15:59:11.817
0.01128,26-09-07 15:59:12.530
0.01124,26-09-07 15:59:13.246
0.01259,26-09-07 15:59:13.960
0.01204,26-09-07 15:59:14.673
0.0114,26-09-07 15:59:15.388
0.01077,26-09-07 15:59:16.101
0.01187,26-09-07 15:59:16.816
0.01109,26-09-07 15:59:17.531
0.01125,26-09-07 15:59:18.247
0.01124,26-09-07 15:59:18.961
0.01088,26-09-07 15:59:19.674
0.01208,26-09-07 15:59:20.389
0.01226,26-09-07 15:59:21.102
0.01231,26-09-07 15:59:21.817
0.01104,26-09-07 15:59:22.530
0.01262,26-09-07 15:59:23.247
0.01069,26-09-07 15:59:23.960
0.01237,26-09-07 15:59:24.676
0.01202,26-09-07 15:59:25.390
0.01165,26-09-07 15:59:26.104
0.01132,26-09-07 15:59:26.817
0.01282,26-09-07 15:59:27.532
0.01129,26-09-07 15:59:28.245
0.01168,26-09-07 15:59:28.962
0.01144,26-09-07 15:59:29.675
0.0121,26-09-07 15:59:30.391
0.01168,26-09-07 15:59:31.105
0.0146,26-09-07 15:59:31.818
0.01239,26-09-07 15:59:32.533
0.01157,26-09-07 15:59:33.246
0.0123,26-09-07 15:59:33.961
0.01134,26-09-07 15:59:34.676
0.01154,26-09-07 15:59:35.392
0.01225,26-09-07 15:59:36.106
0.01137,26-09-07 15:59:36.819
0.01196,26-09-07 15:59:37.534
0.01379,26-09-07 15:59:38.247
0.01158,26-09-07 15:59:38.962
0.01129,26-09-07 15:59:39.675
0.01038,26-09-07 15:59:40.392
0.01199,26-09-07 15:59:41.105
0.01241,26-09-07 15:59:41.821
0.01087,26-09-07 15:59:42.536
0.01138,26-09-07 15:59:43.249
0.01316,26-09-07 15:59:43.964
0.01326,26-09-07 15:59:44.677
0.0122,26-09-07 15:59:45.392
0.01192,26-09-07 15:59:46.107
0.01167,26-09-07 15:59:46.823
0.01157,26-09-07 15:59:47.537
0.01087,26-09-07 15:59:48.251
0.01183,26-09-07 15:59:48.964
0.01188,26-09-07 15:59:49.679
0.01215,26-09-07 15:59:50.392
0.01113,26-09-07 15:59:51.107
0.01264,26-09-07 15:59:51.822
0.01214,26-09-07 15:59:52.538
0.01233,26-09-07 15:59:53.252
0.01175,26-09-07 15:59:53.966
0.01191,26-09-07 15:59:54.679
0.01165,26-09-07 15:59:55.394
0.01094,26-09-07 15:59:56.109
0.01191,26-09-07 15:59:56.824
0.0127,26-09-07 15:59:57.537
0.01109,26-09-07 15:59:58.253
0.01193,26-09-07 15:59:58.967
0.01183,26-09-07 15:59:59.681
0.01132,26-09-07 16:00:00.394
0.0109,26-09-07 16:00:01.109
0.01134,26-09-07 16:00:01.822
0.01276,26-09-07 16:00:02.537
0.01267,26-09-07 16:00:03.252
0.01201,26-09-07 16:00:03.968
0.01171,26-09-07 16:00:04.682
0.01217,26-09-07 16:00:05.395
0.01218,26-09-07 16:00:06.110
0.01066,26-09-07 16:00:06.823
0.01269,26-09-07 16:00:07.538
0.01279,26-09-07 16:00:08.251
0.01275,26-09-07 16:00:08.968
0.01185,26-09-07 16:00:09.681
0.01165,26-09-07 16:00:10.397
0.0108,26-09-07 16:00:11.111
0.01156,26-09-07 16:00:11.824
0.01257,26-09-07 16:00:12.539
0.01137,26-09-07 16:00:13.252
0.01178,26-09-07 16:00:13.967
0.0116,26-09-07 16:00:14.682
0.01215,26-09-07 16:00:15.398
0.01233,26-09-07 16:00:16.112
0.011,26-09-07 16:00:16.825
0.01191,26-09-07 16:00:17.540
0.01113,26-09-07 16:00:18.253
0.01178,26-09-07 16:00:18.968
0.01095,26-09-07 16:00:19.681
0.0108,26-09-07 16:00:20.398
0.01234,26-09-07 16:00:21.113
0.01226,26-09-07 16:00:21.827
0.01226,26-09-07 16:00:22.540
0.01142,26-09-07 16:00:23.255
0.01131,26-09-07 16:00:23.968
0.01168,26-09-07 16:00:24.683
0.01155,26-09-07 16:00:25.397
0.01159,26-09-07 16:00:26.113
0.0114,26-09-07 16:00:26.827
0.01218,26-09-07 16:00:27.542
0.012,26-09-07 16:00:28.255
0.01213,26-09-07 16:00:28.970
0.01211,26-09-07 16:00:29.683
0.01174,26-09-07 16:00:30.398
0.01934,26-09-07 16:00:31.111
0.01272,26-09-07 16:00:31.828
0.01132,26-09-07 16:00:32.541
0.01063,26-09-07 16:00:33.257
0.01114,26-09-07 16:00:33.972
0.0115,26-09-07 16:00:34.685
0.01165,26-09-07 16:00:35.400
0.01119,26-09-07 16:00:36.113
0.01069,26-09-07 16:00:36.828
0.01236,26-09-07 16:00:37.543
0.01119,26-09-07 16:00:38.258
0.01098,26-09-07 16:00:38.972
0.01129,26-09-07 16:00:39.685
0.01111,26-09-07 16:00:40.400
0.0114,26-09-07 16:00:41.113
0.01035,26-09-07 16:00:41.828
0.01117,26-09-07 16:00:42.541
0.01149,26-09-07 16:00:43.258
0.01228,26-09-07 16:00:43.971
0.01119,26-09-07 16:00:44.687
0.01097,26-09-07 16:00:45.401
0.01251,26-09-07 16:00:46.114
0.01145,26-09-07 16:00:46.829
0.01223,26-09-07 16:00:47.544
0.01128,26-09-07 16:00:48.259
0.01157,26-09-07 16:00:48.972
0.01242,26-09-07 16:00:49.688
0.01232,26-09-07 16:00:50.402
0.01143,26-09-07 16:00:51.115
0.01147,26-09-07 16:00:51.830
0.0124,26-09-07 16:00:52.543
0.01249,26-09-07 16:00:53.258
0.01229,26-09-07 16:00:53.972
0.0117,26-09-07 16:00:54.688
0.012,26-09-07 16:00:55.401
0.01207,26-09-07 16:00:56.117
0.01119,26-09-07 16:00:56.831
0.01239,26-09-07 16:00:57.544
0.01238,26-09-07 16:00:58.259
0.01165,26-09-07 16:00:58.972
0.01128,26-09-07 16:00:59.687
0.01158,26-09-07 16:01:00.402
0.01313,26-09-07 16:01:01.118
0.0108,26-09-07 16:01:01.832
0.01181,26-09-07 16:01:02.545
0.01163,26-09-07 16:01:03.261
0.01201,26-09-07 16:01:03.974
0.01194,26-09-07 16:01:04.689
0.01187,26-09-07 16:01:05.402
0.01179,26-09-07 16:01:06.119
0.01046,26-09-07 16:01:06.832
0.01144,26-09-07 16:01:07.548
0.01105,26-09-07 16:01:08.262
0.01181,26-09-07 16:01:08.975
0.01158,26-09-07 16:01:09.690
0.01179,26-09-07 16:01:10.403
0.01229,26-09-07 16:01:11.118
0.01264,26-09-07 16:01:11.833
0.0117,26-09-07 16:01:12.549
0.01256,26-09-07 16:01:13.263
0.01174,26-09-07 16:01:13.976
0.01199,26-09-07 16:01:14.691
0.0109,26-09-07 16:01:15.405
0.01187,26-09-07 16:01:16.118
0.01274,26-09-07 16:01:16.833
0.01206,26-09-07 16:01:17.548
0.01139,26-09-07 16:01:18.264
0.01198,26-09-07 16:01:18.978
0.01317,26-09-07 16:01:19.692
0.01137,26-09-07 16:01:20.407
0.01152,26-09-07 16:01:21.122
0.01176,26-09-07 16:01:21.836
0.01111,26-09-07 16:01:22.550
0.01157,26-09-07 16:01:23.265
0.01219,26-09-07 16:01:23.978
0.01127,26-09-07 16:01:24.693
0.01064,26-09-07 16:01:25.407
0.012,26-09-07 16:01:26.120
0.01131,26-09-07 16:01:26.835
0.01207,26-09-07 16:01:27.548
0.01054,26-09-07 16:01:28.263
0.01121,26-09-07 16:01:28.978
0.0122,26-09-07 16:01:29.694
0.01141,26-09-07 16:01:30.408
0.01198,26-09-07 16:01:31.121
0.01171,26-09-07 16:01:31.836
0.01132,26-09-07 16:01:32.549
0.01169,26-09-07 16:01:33.264
0.01385,26-09-07 16:01:33.977
0.01239,26-09-07 16:01:34.694
0.01184,26-09-07 16:01:35.407
0.01268,26-09-07 16:01:36.123
0.01267,26-09-07 16:01:36.837
0.01147,26-09-07 16:01:37.550
0.0121,26-09-07 16:01:38.265
0.01098,26-09-07 16:01:38.978
0.01296,26-09-07 16:01:39.693
0.01215,26-09-07 16:01:40.408
0.01119,26-09-07 16:01:41.124
0.01132,26-09-07 16:01:41.838
0.01298,26-09-07 16:01:42.552
0.01207,26-09-07 16:01:43.265
0.01267,26-09-07 16:01:43.980
0.01191,26-09-07 16:01:44.693
0.01132,26-09-07 16:01:45.408
0.01298,26-09-07 16:01:46.123
0.01142,26-09-07 16:01:46.839
0.0118,26-09-07 16:01:47.553
0.0128,26-09-07 16:01:48.267
0.01186,26-09-07 16:01:48.980
0.01087,26-09-07 16:01:49.695
0.01205,26-09-07 16:01:50.408
0.01142,26-09-07 16:01:51.123
0.01092,26-09-07 16:01:51.838
0.01142,26-09-07 16:01:52.554
0.01084,26-09-07 16:01:53.268
0.01265,26-09-07 16:01:53.981
0.01114,26-09-07 16:01:54.696
0.01141,26-09-07 16:01:55.409
0.0121,26-09-07 16:01:56.124
0.01156,26-09-07 16:01:56.837
0.01162,26-09-07 16:01:57.554
0.01256,26-09-07 16:01:58.267
0.01132,26-09-07 16:01:58.983
0.01218,26-09-07 16:01:59.697
0.01254,26-09-07 16:02:00.410
0.01184,26-09-07 16:02:01.125
0.0114,26-09-07 16:02:01.838
0.01059,26-09-07 16:02:02.553
0.01173,26-09-07 16:02:03.268
0.01214,26-09-07 16:02:03.984
0.0117,26-09-07 16:02:04.698
0.01289,26-09-07 16:02:05.412
0.01202,26-09-07 16:02:06.125
0.01148,26-09-07 16:02:06.840
0.01163,26-09-07 16:02:07.553
0.01141,26-09-07 16:02:08.268
0.01129,26-09-07 16:02:08.984
0.01246,26-09-07 16:02:09.697
0.0132,26-09-07 16:02:10.413
0.01134,26-09-07 16:02:11.127
0.0121,26-09-07 16:02:11.840
0.01228,26-09-07 16:02:12.555
0.01179,26-09-07 16:02:13.268
0.01272,26-09-07 16:02:13.983
0.01215,26-09-07 16:02:14.698
0.01364,26-09-07 16:02:15.414
0.01142,26-09-07 16:02:16.128
0.01139,26-09-07 16:02:16.842
0.01049,26-09-07 16:02:17.555
0.01269,26-09-07 16:02:18.270
0.01226,26-09-07 16:02:18.983
0.01202,26-09-07 16:02:19.698
0.01256,26-09-07 16:02:20.413
0.01209,26-09-07 16:02:21.129
0.01266,26-09-07 16:02:21.843
0.01305,26-09-07 16:02:22.556
0.01068,26-09-07 16:02:23.271
0.01233,26-09-07 16:02:23.984
0.01116,26-09-07 16:02:24.699
0.01152,26-09-07 16:02:25.413
0.01265,26-09-07 16:02:26.130
0.01267,26-09-07 16:02:26.843
0.01317,26-09-07 16:02:27.559
0.01195,26-09-07 16:02:28.273
0.01215,26-09-07 16:02:28.986
0.0111,26-09-07 16:02:29.701
0.01248,26-09-07 16:02:30.414
0.01321,26-09-07 16:02:31.129
0.01982,26-09-07 16:02:31.844
0.01218,26-09-07 16:02:32.560
0.01262,26-09-07 16:02:33.274
0.01195,26-09-07 16:02:33.987
0.01135,26-09-07 16:02:34.702
0.0111,26-09-07 16:02:35.415
0.01164,26-09-07 16:02:36.130
0.01179,26-09-07 16:02:36.844
0.01227,26-09-07 16:02:37.559
0.0115,26-09-07 16:02:38.275
0.01199,26-09-07 16:02:38.989
0.01096,26-09-07 16:02:39.702
0.01329,26-09-07 16:02:40.417
0.011,26-09-07 16:02:41.130
0.01129,26-09-07 16:02:41.845
0.01228,26-09-07 16:02:42.558
0.01145,26-09-07 16:02:43.275
0.01194,26-09-07 16:02:43.988
0.0123,26-09-07 16:02:44.704
0.01194,26-09-07 16:02:45.418
0.01155,26-09-07 16:02:46.131
0.01099,26-09-07 16:02:46.846
0.01192,26-09-07 16:02:47.559
0.01155,26-09-07 16:02:48.274
0.01176,26-09-07 16:02:48.989
0.01147,26-09-07 16:02:49.705
0.01137,26-09-07 16:02:50.419
0.01019,26-09-07 16:02:51.133
0.01202,26-09-07 16:02:51.846
0.01275,26-09-07 16:02:52.561
0.01131,26-09-07 16:02:53.274
0.01169,26-09-07 16:02:53.989
0.01064,26-09-07 16:02:54.704
0.01166,26-09-07 16:02:55.420
0.01162,26-09-07 16:02:56.134
0.01171,26-09-07 16:02:56.847
0.01205,26-09-07 16:02:57.562
0.01168,26-09-07 16:02:58.275
0.01185,26-09-07 16:02:58.990
0.01075,26-09-07 16:02:59.703
0.01126,26-09-07 16:03:00.420
0.01168,26-09-07 16:03:01.133
0.01104,26-09-07 16:03:01.849
0.01205,26-09-07 16:03:02.563
0.01109,26-09-07 16:03:03.277
0.01145,26-09-07 16:03:03.990
0.01027,26-09-07 16:03:04.705
0.0111,26-09-07 16:03:05.418
0.01121,26-09-07 16:03:06.135
0.01192,26-09-07 16:03:06.848
0.01108,26-09-07 16:03:07.564
0.01238,26-09-07 16:03:08.278
0.01053,26-09-07 16:03:08.991
0.0115,26-09-07 16:03:09.706
0.01209,26-09-07 16:03:10.419
0.01191,26-09-07 16:03:11.134
0.0117,26-09-07 16:03:11.849
0.01132,26-09-07 16:03:12.565
0.0114,26-09-07 16:03:13.279
0.01059,26-09-07 16:03:13.993
0.0124,26-09-07 16:03:14.706
0.01182,26-09-07 16:03:15.421
0.01243,26-09-07 16:03:16.134
0.01139,26-09-07 16:03:16.849
0.01196,26-09-07 16:03:17.564
0.01132,26-09-07 16:03:18.280
0.01226,26-09-07 16:03:18.994
0.01148,26-09-07 16:03:19.707
0.01128,26-09-07 16:03:20.422
0.01195,26-09-07 16:03:21.135
0.01256,26-09-07 16:03:21.850
0.01225,26-09-07 16:03:22.563
0.01201,26-09-07 16:03:23.280
0.01247,26-09-07 16:03:23.993
0.01143,26-09-07 16:03:24.709
0.01136,26-09-07 16:03:25.423
0.01291,26-09-07 16:03:26.136
0.01131,26-09-07 16:03:26.851
0.0116,26-09-07 16:03:27.564
0.01165,26-09-07 16:03:28.279
0.01189,26-09-07 16:03:28.994
0.01303,26-09-07 16:03:29.710
0.01186,26-09-07 16:03:30.424
0.01179,26-09-07 16:03:31.138
0.01239,26-09-07 16:03:31.851
0.01986,26-09-07 16:03:32.566
0.01202,26-09-07 16:03:33.279
0.01253,26-09-07 16:03:33.994
0.01177,26-09-07 16:03:34.709
0.01102,26-09-07 16:03:35.425
0.01261,26-09-07 16:03:36.139
0.01185,26-09-07 16:03:36.853
0.01183,26-09-07 16:03:37.567
0.01249,26-09-07 16:03:38.280
0.01211,26-09-07 16:03:38.995
0.01262,26-09-07 16:03:39.708
0.0129,26-09-07 16:03:40.425
0.01147,26-09-07 16:03:41.138
0.01278,26-09-07 16:03:41.854
0.01105,26-09-07 16:03:42.568
0.01212,26-09-07 16:03:43.281
0.01127,26-09-07 16:03:43.997
0.01201,26-09-07 16:03:44.710
0.0121,26-09-07 16:03:45.425
0.01222,26-09-07 16:03:46.140
0.01181,26-09-07 16:03:46.855
0.01213,26-09-07 16:03:47.570
0.01249,26-09-07 16:03:48.283
0.0119,26-09-07 16:03:48.998
0.01086,26-09-07 16:03:49.711
0.01264,26-09-07 16:03:50.426
0.01226,26-09-07 16:03:51.139
0.01119,26-09-07 16:03:51.856
0.01135,26-09-07 16:03:52.569
0.01249,26-09-07 16:03:53.285
0.01064,26-09-07 16:03:53.999
0.01098,26-09-07 16:03:54.712
0.01164,26-09-07 16:03:55.427
0.01176,26-09-07 16:03:56.140
0.01262,26-09-07 16:03:56.855
0.01137,26-09-07 16:03:57.571
0.01228,26-09-07 16:03:58.284
0.01179,26-09-07 16:03:59.000
0.01197,26-09-07 16:03:59.714
0.01179,26-09-07 16:04:00.427
0.01132,26-09-07 16:04:01.142
0.011,26-09-07 16:04:01.855
0.01194,26-09-07 16:04:02.570
0.01219,26-09-07 16:04:03.285
0.01077,26-09-07 16:04:04.001
0.01168,26-09-07 16:04:04.715
0.01196,26-09-07 16:04:05.429
0.01194,26-09-07 16:04:06.142
0.01144,26-09-07 16:04:06.857
0.01282,26-09-07 16:04:07.570
0.01188,26-09-07 16:04:08.285
0.01148,26-09-07 16:04:09.000
0.01155,26-09-07 16:04:09.716
0.01239,26-09-07 16:04:10.430
0.01272,26-09-07 16:04:11.143
0.01279,26-09-07 16:04:11.858
0.01255,26-09-07 16:04:12.571
0.01111,26-09-07 16:04:13.286
0.01087,26-09-07 16:04:14.000
0.01111,26-09-07 16:04:14.716
0.01233,26-09-07 16:04:15.429
0.01219,26-09-07 16:04:16.145
0.01228,26-09-07 16:04:16.859
0.01221,26-09-07 16:04:17.572
0.01178,26-09-07 16:04:18.287
0.01192,26-09-07 16:04:19.000
0.01187,26-09-07 16:04:19.715
0.0108,26-09-07 16:04:20.430
0.01283,26-09-07 16:04:21.146
0.01183,26-09-07 16:04:21.860
0.0119,26-09-07 16:04:22.574
0.01222,26-09-07 16:04:23.287
0.01245,26-09-07 16:04:24.002
0.01345,26-09-07 16:04:24.717
0.01228,26-09-07 16:04:25.432
0.01171,26-09-07 16:04:26.145
0.01203,26-09-07 16:04:26.861
0.01126,26-09-07 16:04:27.575
0.01353,26-09-07 16:04:28.288
0.0122,26-09-07 16:04:29.003
0.01262,26-09-07 16:04:29.716
0.01159,26-09-07 16:04:30.431
0.01101,26-09-07 16:04:31.144
0.01166,26-09-07 16:04:31.861
0.01858,26-09-07 16:04:32.574
0.01351,26-09-07 16:04:33.290
0.01186,26-09-07 16:04:34.004
0.0121,26-09-07 16:04:34.717
0.0116,26-09-07 16:04:35.432
0.01251,26-09-07 16:04:36.145
0.01239,26-09-07 16:04:36.860
0.01214,26-09-07 16:04:37.575
0.01121,26-09-07 16:04:38.291
0.01237,26-09-07 16:04:39.005
0.01182,26-09-07 16:04:39.718
0.01167,26-09-07 16:04:40.433
0.01234,26-09-07 16:04:41.146
0.01263,26-09-07 16:04:41.861
0.01171,26-09-07 16:04:42.574
0.01389,26-09-07 16:04:43.291
0.01123,26-09-07 16:04:44.004
0.01352,26-09-07 16:04:44.720
0.01256,26-09-07 16:04:45.434
0.01259,26-09-07 16:04:46.147
0.01098,26-09-07 16:04:46.862
0.01233,26-09-07 16:04:47.575
0.01257,26-09-07 16:04:48.290
0.01249,26-09-07 16:04:49.005
0.01223,26-09-07 16:04:49.721
0.01218,26-09-07 16:04:50.435
0.01144,26-09-07 16:04:51.148
0.01182,26-09-07 16:04:51.863
0.01234,26-09-07 16:04:52.577
0.012,26-09-07 16:04:53.290
0.01163,26-09-07 16:04:54.005
0.01289,26-09-07 16:04:54.720
0.01282,26-09-07 16:04:55.436
0.012,26-09-07 16:04:56.150
0.01243,26-09-07 16:04:56.863
0.01164,26-09-07 16:04:57.578
0.01236,26-09-07 16:04:58.291
0.01257,26-09-07 16:04:59.006
0.01175,26-09-07 16:04:59.719
0.01201,26-09-07 16:05:00.436
0.01189,26-09-07 16:05:01.149
0.01316,26-09-07 16:05:01.865
0.01176,26-09-07 16:05:02.579
0.01248,26-09-07 16:05:03.292
0.01179,26-09-07 16:05:04.007
0.01199,26-09-07 16:05:04.720
0.01147,26-09-07 16:05:05.435
0.01179,26-09-07 16:05:06.150
0.01184,26-09-07 16:05:06.866
0.01116,26-09-07 16:05:07.580
0.01235,26-09-07 16:05:08.294
0.01209,26-09-07 16:05:09.008
0.01108,26-09-07 16:05:09.723
0.01244,26-09-07 16:05:10.436
0.01146,26-09-07 16:05:11.151
0.01097,26-09-07 16:05:11.866
0.01133,26-09-07 16:05:12.582
0.01185,26-09-07 16:05:13.296
0.01279,26-09-07 16:05:14.009
0.01121,26-09-07 16:05:14.724
0.01145,26-09-07 16:05:15.437
0.01228,26-09-07 16:05:16.152
0.01338,26-09-07 16:05:16.865
0.01216,26-09-07 16:05:17.582
0.01248,26-09-07 16:05:18.295
0.01078,26-09-07 16:05:19.011
0.01283,26-09-07 16:05:19.725
0.01128,26-09-07 16:05:20.438
0.0113,26-09-07 16:05:21.153
0.01249,26-09-07 16:05:21.866
0.01112,26-09-07 16:05:22.581
0.01195,26-09-07 16:05:23.296
0.01242,26-09-07 16:05:24.012
0.01265,26-09-07 16:05:24.726
0.01246,26-09-07 16:05:25.440
0.01213,26-09-07 16:05:26.153
0.011,26-09-07 16:05:26.868
0.01238,26-09-07 16:05:27.581
0.01187,26-09-07 16:05:28.296
0.01131,26-09-07 16:05:29.011
0.01324,26-09-07 16:05:29.727
0.01135,26-09-07 16:05:30.441
0.01192,26-09-07 16:05:31.155
0.01243,26-09-07 16:05:31.868
0.01267,26-09-07 16:05:32.584
0.01895,26-09-07 16:05:33.297
0.01227,26-09-07 16:05:34.012
0.01163,26-09-07 16:05:34.727
0.01133,26-09-07 16:05:35.442
0.01213,26-09-07 16:05:36.156
0.01142,26-09-07 16:05:36.869
0.01288,26-09-07 16:05:37.584
0.01298,26-09-07 16:05:38.297
0.01161,26-09-07 16:05:39.012
0.01209,26-09-07 16:05:39.725
0.01158,26-09-07 16:05:40.442
0.01148,26-09-07 16:05:41.155
0.0117,26-09-07 16:05:41.871
0.01194,26-09-07 16:05:42.585
0.012,26-09-07 16:05:43.298
0.01212,26-09-07 16:05:44.013
0.0115,26-09-07 16:05:44.726
0.01175,26-09-07 16:05:45.441
0.01294,26-09-07 16:05:46.157
0.01233,26-09-07 16:05:46.870
0.01135,26-09-07 16:05:47.586
0.01142,26-09-07 16:05:48.300
0.012,26-09-07 16:05:49.013
0.01293,26-09-07 16:05:49.728
0.01334,26-09-07 16:05:50.441
0.01222,26-09-07 16:05:51.156
0.01213,26-09-07 16:05:51.871
0.01256,26-09-07 16:05:52.587
0.01217,26-09-07 16:05:53.301
0.01093,26-09-07 16:05:54.015
0.01227,26-09-07 16:05:54.728
0.01284,26-09-07 16:05:55.443
0.01355,26-09-07 16:05:56.156
0.01134,26-09-07 16:05:56.871
0.01239,26-09-07 16:05:57.586
0.01287,26-09-07 16:05:58.302
0.01257,26-09-07 16:05:59.016
0.01158,26-09-07 16:05:59.729
0.01252,26-09-07 16:06:00.444
0.01231,26-09-07 16:06:01.157
0.01362,26-09-07 16:06:01.872
0.01188,26-09-07 16:06:02.585
0.01222,26-09-07 16:06:03.302
0.01183,26-09-07 16:06:04.015
0.01247,26-09-07 16:06:04.731
0.01235,26-09-07 16:06:05.445
0.01166,26-09-07 16:06:06.158
0.01164,26-09-07 16:06:06.873
0.01214,26-09-07 16:06:07.586
0.01402,26-09-07 16:06:08.301
0.01162,26-09-07 16:06:09.016
0.01234,26-09-07 16:06:09.732
0.01145,26-09-07 16:06:10.446
0.01185,26-09-07 16:06:11.159
0.01233,26-09-07 16:06:11.874
0.0123,26-09-07 16:06:12.587
0.0121,26-09-07 16:06:13.303
0.01236,26-09-07 16:06:14.017
0.01116,26-09-07 16:06:14.732
0.01256,26-09-07 16:06:15.447
0.01201,26-09-07 16:06:16.161
0.01106,26-09-07 16:06:16.875
0.01188,26-09-07 16:06:17.588
0.01128,26-09-07 16:06:18.303
0.01101,26-09-07 16:06:19.016
0.01152,26-09-07 16:06:19.731
0.01213,26-09-07 16:06:20.446
0.0138,26-09-07 16:06:21.162
0.01209,26-09-07 16:06:21.876
0.01168,26-09-07 16:06:22.589
0.0114,26-09-07 16:06:23.304
0.01135,26-09-07 16:06:24.017
0.01168,26-09-07 16:06:24.732
0.01204,26-09-07 16:06:25.445
0.01183,26-09-07 16:06:26.162
0.01167,26-09-07 16:06:26.875
0.01348,26-09-07 16:06:27.591
0.01326,26-09-07 16:06:28.305
0.01264,26-09-07 16:06:29.018
0.01202,26-09-07 16:06:29.733
0.01091,26-09-07 16:06:30.446
0.01289,26-09-07 16:06:31.161
0.0117,26-09-07 16:06:31.876
0.01136,26-09-07 16:06:32.593
0.01261,26-09-07 16:06:33.307
0.0122,26-09-07 16:06:34.020
0.01216,26-09-07 16:06:34.735
0.01147,26-09-07 16:06:35.448
0.01179,26-09-07 16:06:36.163
0.01237,26-09-07 16:06:36.876
0.01142,26-09-07 16:06:37.593
0.01213,26-09-07 16:06:38.306
0.012,26-09-07 16:06:39.022
0.01274,26-09-07 16:06:39.736
0.01309,26-09-07 16:06:40.450
0.01147,26-09-07 16:06:41.163
0.01288,26-09-07 16:06:41.878
0.01199,26-09-07 16:06:42.591
0.0118,26-09-07 16:06:43.308
0.01204,26-09-07 16:06:44.021
0.0122,26-09-07 16:06:44.737
0.01248,26-09-07 16:06:45.451
0.012,26-09-07 16:06:46.164
0.01207,26-09-07 16:06:46.879
0.01077,26-09-07 16:06:47.592
0.01243,26-09-07 16:06:48.307
0.01242,26-09-07 16:06:49.022
0.01232,26-09-07 16:06:49.738
0.01272,26-09-07 16:06:50.452
0.01249,26-09-07 16:06:51.165
0.01191,26-09-07 16:06:51.880
0.01136,26-09-07 16:06:52.593
0.01129,26-09-07 16:06:53.308
0.01199,26-09-07 16:06:54.021
0.01184,26-09-07 16:06:54.738
0.01187,26-09-07 16:06:55.451
0.01121,26-09-07 16:06:56.167
0.01192,26-09-07 16:06:56.881
0.01249,26-09-07 16:06:57.594
0.01183,26-09-07 16:06:58.309
0.01121,26-09-07 16:06:59.022
0.01134,26-09-07 16:06:59.737
0.01219,26-09-07 16:07:00.452
0.01236,26-09-07 16:07:01.168
0.01144,26-09-07 16:07:01.882
0.01184,26-09-07 16:07:02.596
0.01301,26-09-07 16:07:03.309
0.0129,26-09-07 16:07:04.024
0.01217,26-09-07 16:07:04.737
0.01126,26-09-07 16:07:05.452
0.01105,26-09-07 16:07:06.167
0.01306,26-09-07 16:07:06.883
0.01229,26-09-07 16:07:07.597
0.01117,26-09-07 16:07:08.311
0.01189,26-09-07 16:07:09.024
0.01205,26-09-07 16:07:09.739
0.01265,26-09-07 16:07:10.452
0.01145,26-09-07 16:07:11.167
0.01031,26-09-07 16:07:11.882
0.01082,26-09-07 16:07:12.598
0.01204,26-09-07 16:07:13.312
0.01199,26-09-07 16:07:14.026
0.0101,26-09-07 16:07:14.739
0.01252,26-09-07 16:07:15.454
0.01218,26-09-07 16:07:16.167
0.01197,26-09-07 16:07:16.882
0.0123,26-09-07 16:07:17.597
0.01133,26-09-07 16:07:18.313
0.01084,26-09-07 16:07:19.027
0.01249,26-09-07 16:07:19.740
0.01147,26-09-07 16:07:20.455
0.01146,26-09-07 16:07:21.168
0.01228,26-09-07 16:07:21.883
0.01159,26-09-07 16:07:22.596
0.01197,26-09-07 16:07:23.313
0.01204,26-09-07 16:07:24.026
0.01213,26-09-07 16:07:24.742
0.01254,26-09-07 16:07:25.456
0.01038,26-09-07 16:07:26.169
0.01172,26-09-07 16:07:26.884
0.01198,26-09-07 16:07:27.597
0.01175,26-09-07 16:07:28.312
0.0124,26-09-07 16:07:29.027
0.01117,26-09-07 16:07:29.743
0.0124,26-09-07 16:07:30.457
0.01176,26-09-07 16:07:31.170
0.01088,26-09-07 16:07:31.885
0.01151,26-09-07 16:07:32.598
0.01214,26-09-07 16:07:33.313
0.01954,26-09-07 16:07:34.026
0.01122,26-09-07 16:07:34.743
0.01134,26-09-07 16:07:35.458
0.01231,26-09-07 16:07:36.172
0.01201,26-09-07 16:07:36.885
0.01229,26-09-07 16:07:37.600
0.01213,26-09-07 16:07:38.313
0.01179,26-09-07 16:07:39.028
0.01126,26-09-07 16:07:39.741
0.01179,26-09-07 16:07:40.458
0.01166,26-09-07 16:07:41.172
0.01168,26-09-07 16:07:41.887
0.01186,26-09-07 16:07:42.600
0.01147,26-09-07 16:07:43.315
0.01135,26-09-07 16:07:44.028
0.01166,26-09-07 16:07:44.743
0.01193,26-09-07 16:07:45.456
0.01164,26-09-07 16:07:46.173
0.013,26-09-07 16:07:46.886
0.01233,26-09-07 16:07:47.602
0.01121,26-09-07 16:07:48.316
0.01219,26-09-07 16:07:49.029
0.01184,26-09-07 16:07:49.744
0.01091,26-09-07 16:07:50.457
0.01105,26-09-07 16:07:51.172
0.01167,26-09-07 16:07:51.887
0.01219,26-09-07 16:07:52.603
0.01158,26-09-07 16:07:53.317
0.01235,26-09-07 16:07:54.030
0.01056,26-09-07 16:07:54.745
0.01207,26-09-07 16:07:55.459
0.01207,26-09-07 16:07:56.174
0.01176,26-09-07 16:07:56.887
0.01188,26-09-07 16:07:57.604
0.01077,26-09-07 16:07:58.317
0.0108,26-09-07 16:07:59.033
0.01254,26-09-07 16:07:59.747
0.01224,26-09-07 16:08:00.460
0.01158,26-09-07 16:08:01.175
0.01228,26-09-07 16:08:01.890
0.01207,26-09-07 16:08:02.605
0.01058,26-09-07 16:08:03.318
0.01152,26-09-07 16:08:04.034
0.01085,26-09-07 16:08:04.748
0.01089,26-09-07 16:08:05.461
0.01181,26-09-07 16:08:06.176
0.01192,26-09-07 16:08:06.889
0.01194,26-09-07 16:08:07.604
0.01067,26-09-07 16:08:08.317
0.01136,26-09-07 16:08:09.034
0.0117,26-09-07 16:08:09.747
0.01078,26-09-07 16:08:10.463
0.01173,26-09-07 16:08:11.177
0.01097,26-09-07 16:08:11.890
0.01178,26-09-07 16:08:12.605
0.01091,26-09-07 16:08:13.318
0.0109,26-09-07 16:08:14.033
0.01137,26-09-07 16:08:14.748
0.01167,26-09-07 16:08:15.464
0.01163,26-09-07 16:08:16.178
0.01155,26-09-07 16:08:16.891
0.01191,26-09-07 16:08:17.606
0.0121,26-09-07 16:08:18.319
0.01111,26-09-07 16:08:19.034
0.01126,26-09-07 16:08:19.747
0.0122,26-09-07 16:08:20.464
0.01242,26-09-07 16:08:21.178
0.01181,26-09-07 16:08:21.893
0.01066,26-09-07 16:08:22.607
0.01113,26-09-07 16:08:23.320
0.01184,26-09-07 16:08:24.035
0.01171,26-09-07 16:08:24.748
0.01181,26-09-07 16:08:25.463
0.01196,26-09-07 16:08:26.178
0.01284,26-09-07 16:08:26.894
0.01254,26-09-07 16:08:27.608
0.01142,26-09-07 16:08:28.321
0.01114,26-09-07 16:08:29.036
0.01209,26-09-07 16:08:29.750
0.01111,26-09-07 16:08:30.463
0.01212,26-09-07 16:08:31.178
0.01112,26-09-07 16:08:31.893
0.0115,26-09-07 16:08:32.609
0.01197,26-09-07 16:08:33.323
0.01175,26-09-07 16:08:34.037
0.01213,26-09-07 16:08:34.750
0.01184,26-09-07 16:08:35.465
0.01262,26-09-07 16:08:36.178
0.01159,26-09-07 16:08:36.893
0.01193,26-09-07 16:08:37.608
0.01239,26-09-07 16:08:38.324
0.01262,26-09-07 16:08:39.038
0.01137,26-09-07 16:08:39.751
0.01142,26-09-07 16:08:40.466
0.01165,26-09-07 16:08:41.179
0.01205,26-09-07 16:08:41.894
0.0133,26-09-07 16:08:42.607
0.01215,26-09-07 16:08:43.324
0.01231,26-09-07 16:08:44.037
0.01186,26-09-07 16:08:44.753
0.01093,26-09-07 16:08:45.467
0.011,26-09-07 16:08:46.180
0.01106,26-09-07 16:08:46.895
0.01321,26-09-07 16:08:47.608
0.01186,26-09-07 16:08:48.323
0.01192,26-09-07 16:08:49.038
0.01095,26-09-07 16:08:49.754
0.01163,26-09-07 16:08:50.468
0.01286,26-09-07 16:08:51.181
0.01176,26-09-07 16:08:51.896
0.01121,26-09-07 16:08:52.609
0.01085,26-09-07 16:08:53.324
0.01217,26-09-07 16:08:54.037
0.01178,26-09-07 16:08:54.754
0.01205,26-09-07 16:08:55.467
0.01039,26-09-07 16:08:56.183
0.01185,26-09-07 16:08:56.898
0.01199,26-09-07 16:08:57.611
0.01126,26-09-07 16:08:58.326
0.01114,26-09-07 16:08:59.039
0.01128,26-09-07 16:08:59.754
0.01079,26-09-07 16:09:00.469
0.0116,26-09-07 16:09:01.184
0.01233,26-09-07 16:09:01.898
0.01187,26-09-07 16:09:02.612
0.01187,26-09-07 16:09:03.325
0.01146,26-09-07 16:09:04.040
0.0118,26-09-07 16:09:04.753
0.01139,26-09-07 16:09:05.468
0.01147,26-09-07 16:09:06.183
0.01106,26-09-07 16:09:06.899
0.01109,26-09-07 16:09:07.613
0.01217,26-09-07 16:09:08.326
0.01094,26-09-07 16:09:09.041
0.01199,26-09-07 16:09:09.754
0.01137,26-09-07 16:09:10.469
0.01139,26-09-07 16:09:11.182
0.01097,26-09-07 16:09:11.899
0.01153,26-09-07 16:09:12.612
0.01179,26-09-07 16:09:13.328
0.01184,26-09-07 16:09:14.042
0.01186,26-09-07 16:09:14.755
0.01171,26-09-07 16:09:15.470
0.01246,26-09-07 16:09:16.183
0.01166,26-09-07 16:09:16.898
0.01093,26-09-07 16:09:17.613
0.0114,26-09-07 16:09:18.330
0.01145,26-09-07 16:09:19.044
0.01188,26-09-07 16:09:19.757
0.01127,26-09-07 16:09:20.472
0.01163,26-09-07 16:09:21.185
0.01151,26-09-07 16:09:21.900
0.01112,26-09-07 16:09:22.613
0.01244,26-09-07 16:09:23.330
0.01216,26-09-07 16:09:24.045
0.01196,26-09-07 16:09:24.759
0.01146,26-09-07 16:09:25.472
0.01223,26-09-07 16:09:26.187
0.01083,26-09-07 16:09:26.900
0.01156,26-09-07 16:09:27.615
0.01275,26-09-07 16:09:28.328
0.01233,26-09-07 16:09:29.045
0.01133,26-09-07 16:09:29.759
0.01107,26-09-07 16:09:30.474
0.01173,26-09-07 16:09:31.187
0.01256,26-09-07 16:09:31.902
0.01194,26-09-07 16:09:32.615
0.01188,26-09-07 16:09:33.330
0.01179,26-09-07 16:09:34.043
0.02033,26-09-07 16:09:34.760
0.01116,26-09-07 16:09:35.473
0.01149,26-09-07 16:09:36.189
0.01108,26-09-07 16:09:36.903
0.01231,26-09-07 16:09:37.616
0.01252,26-09-07 16:09:38.331
0.01167,26-09-07 16:09:39.044
0.01155,26-09-07 16:09:39.759
0.01281,26-09-07 16:09:40.474
0.01218,26-09-07 16:09:41.190
0.01181,26-09-07 16:09:41.904
0.01176,26-09-07 16:09:42.618
0.01163,26-09-07 16:09:43.331
0.01145,26-09-07 16:09:44.046
0.01186,26-09-07 16:09:44.759
0.01108,26-09-07 16:09:45.474
0.01189,26-09-07 16:09:46.189
0.01319,26-09-07 16:09:46.905
0.01117,26-09-07 16:09:47.619
0.01064,26-09-07 16:09:48.332
0.01137,26-09-07 16:09:49.047
0.01223,26-09-07 16:09:49.760
0.01215,26-09-07 16:09:50.476
0.01202,26-09-07 16:09:51.190
0.01223,26-09-07 16:09:51.905
0.01156,26-09-07 16:09:52.620
0.01281,26-09-07 16:09:53.334
0.01188,26-09-07 16:09:54.047
0.01161,26-09-07 16:09:54.762
0.01174,26-09-07 16:09:55.475
0.01328,26-09-07 16:09:56.190
0.01291,26-09-07 16:09:56.903
0.01261,26-09-07 16:09:57.620
0.01235,26-09-07 16:09:58.333
0.01262,26-09-07 16:09:59.049
0.01192,26-09-07 16:09:59.763
0.01182,26-09-07 16:10:00.476
0.01194,26-09-07 16:10:01.191
0.01277,26-09-07 16:10:01.904
0.0126,26-09-07 16:10:02.619
0.01238,26-09-07 16:10:03.334
0.01136,26-09-07 16:10:04.050
0.01181,26-09-07 16:10:04.764
0.01246,26-09-07 16:10:05.478
0.01132,26-09-07 16:10:06.191
0.01131,26-09-07 16:10:06.906
0.01267,26-09-07 16:10:07.619
0.01205,26-09-07 16:10:08.334
0.01275,26-09-07 16:10:09.049
0.01131,26-09-07 16:10:09.765
0.01142,26-09-07 16:10:10.479
0.01309,26-09-07 16:10:11.192
0.01157,26-09-07 16:10:11.907
0.01166,26-09-07 16:10:12.620
0.01093,26-09-07 16:10:13.335
0.01137,26-09-07 16:10:14.048
0.0115,26-09-07 16:10:14.765
0.01136,26-09-07 16:10:15.478
0.01184,26-09-07 16:10:16.194
0.01169,26-09-07 16:10:16.908
0.01245,26-09-07 16:10:17.622
0.01171,26-09-07 16:10:18.335
0.01162,26-09-07 16:10:19.050
0.01198,26-09-07 16:10:19.763
0.01172,26-09-07 16:10:20.480
0.0123,26-09-07 16:10:21.193
0.01128,26-09-07 16:10:21.909
0.01262,26-09-07 16:10:22.623
0.0122,26-09-07 16:10:23.336
0.01235,26-09-07 16:10:24.051
0.01187,26-09-07 16:10:24.764
0.01113,26-09-07 16:10:25.479
0.01166,26-09-07 16:10:26.194
0.0111,26-09-07 16:10:26.910
0.01097,26-09-07 16:10:27.624
0.0109,26-09-07 16:10:28.338
0.01163,26-09-07 16:10:29.051
0.01207,26-09-07 16:10:29.766
0.0118,26-09-07 16:10:30.479
0.0121,26-09-07 16:10:31.194
0.01233,26-09-07 16:10:31.909
0.01148,26-09-07 16:10:32.625
0.01197,26-09-07 16:10:33.339
0.01169,26-09-07 16:10:34.052
0.01301,26-09-07 16:10:34.767
0.02092,26-09-07 16:10:35.480
0.01231,26-09-07 16:10:36.195
0.01136,26-09-07 16:10:36.908
0.01169,26-09-07 16:10:37.625
0.0111,26-09-07 16:10:38.338
0.0122,26-09-07 16:10:39.054
0.01112,26-09-07 16:10:39.768
0.01154,26-09-07 16:10:40.481
0.01218,26-09-07 16:10:41.196
0.01338,26-09-07 16:10:41.909
0.01213,26-09-07 16:10:42.625
0.01199,26-09-07 16:10:43.340
0.01141,26-09-07 16:10:44.056
0.01236,26-09-07 16:10:44.770
0.01146,26-09-07 16:10:45.484
0.01238,26-09-07 16:10:46.197
0.01211,26-09-07 16:10:46.912
0.01105,26-09-07 16:10:47.625
0.01218,26-09-07 16:10:48.340
0.01194,26-09-07 16:10:49.055
0.01128,26-09-07 16:10:49.771
0.01121,26-09-07 16:10:50.485
0.01175,26-09-07 16:10:51.199
0.01192,26-09-07 16:10:51.913
0.0122,26-09-07 16:10:52.626
0.0116,26-09-07 16:10:53.341
0.01101,26-09-07 16:10:54.054
0.01269,26-09-07 16:10:54.771
0.01163,26-09-07 16:10:55.484
0.01191,26-09-07 16:10:56.200
0.01162,26-09-07 16:10:56.914
0.01129,26-09-07 16:10:57.627
0.01051,26-09-07 16:10:58.343
0.01153,26-09-07 16:10:59.056
0.01188,26-09-07 16:10:59.771
0.01176,26-09-07 16:11:00.486
0.01246,26-09-07 16:11:01.201
0.0112,26-09-07 16:11:01.915
0.01238,26-09-07 16:11:02.628
0.01202,26-09-07 16:11:03.343
0.01204,26-09-07 16:11:04.056
0.01212,26-09-07 16:11:04.771
0.0101,26-09-07 16:11:05.484
0.01222,26-09-07 16:11:06.201
0.01301,26-09-07 16:11:06.914
0.01225,26-09-07 16:11:07.630
0.01136,26-09-07 16:11:08.344
0.01128,26-09-07 16:11:09.057
0.01185,26-09-07 16:11:09.772
0.01154,26-09-07 16:11:10.485
0.01293,26-09-07 16:11:11.200
0.01231,26-09-07 16:11:11.916
0.01274,26-09-07 16:11:12.629
0.01191,26-09-07 16:11:13.345
0.01171,26-09-07 16:11:14.059
0.01162,26-09-07 16:11:14.772
0.01128,26-09-07 16:11:15.487
0.01258,26-09-07 16:11:16.200
0.01176,26-09-07 16:11:16.915
0.01149,26-09-07 16:11:17.630
0.01118,26-09-07 16:11:18.346
0.01182,26-09-07 16:11:19.060
0.01329,26-09-07 16:11:19.774
0.01097,26-09-07 16:11:20.487
0.0123,26-09-07 16:11:21.202
0.01119,26-09-07 16:11:21.915
0.01324,26-09-07 16:11:22.630
0.0118,26-09-07 16:11:23.345
0.01142,26-09-07 16:11:24.061
0.01257,26-09-07 16:11:24.775
0.01249,26-09-07 16:11:25.488
0.01259,26-09-07 16:11:26.203
0.01078,26-09-07 16:11:26.916
0.01227,26-09-07 16:11:27.631
0.01119,26-09-07 16:11:28.344
0.0104,26-09-07 16:11:29.061
0.0117,26-09-07 16:11:29.774
0.01188,26-09-07 16:11:30.490
0.0132,26-09-07 16:11:31.204
0.01153,26-09-07 16:11:31.917
0.01207,26-09-07 16:11:32.632
0.01093,26-09-07 16:11:33.345
0.01192,26-09-07 16:11:34.060
0.01205,26-09-07 16:11:34.775
0.01901,26-09-07 16:11:35.491
0.01095,26-09-07 16:11:36.205
0.01139,26-09-07 16:11:36.920
0.01183,26-09-07 16:11:37.633
0.0116,26-09-07 16:11:38.348
0.01178,26-09-07 16:11:39.062
0.01039,26-09-07 16:11:39.775
0.01133,26-09-07 16:11:40.491
0.0117,26-09-07 16:11:41.205
0.01142,26-09-07 16:11:41.920
0.01282,26-09-07 16:11:42.634
0.0129,26-09-07 16:11:43.347
0.0117,26-09-07 16:11:44.062
0.0114,26-09-07 16:11:44.775
0.01188,26-09-07 16:11:45.490
0.01175,26-09-07 16:11:46.205
0.01178,26-09-07 16:11:46.921
0.01134,26-09-07 16:11:47.635
0.01238,26-09-07 16:11:48.348
0.01235,26-09-07 16:11:49.063
0.01209,26-09-07 16:11:49.776
0.01091,26-09-07 16:11:50.491
0.01218,26-09-07 16:11:51.205
0.01053,26-09-07 16:11:51.921
0.01166,26-09-07 16:11:52.634
0.01177,26-09-07 16:11:53.350
0.01108,26-09-07 16:11:54.064
0.01137,26-09-07 16:11:54.777
0.01225,26-09-07 16:11:55.492
0.01132,26-09-07 16:11:56.205
0.01239,26-09-07 16:11:56.920
0.01149,26-09-07 16:11:57.635
0.01139,26-09-07 16:11:58.351
0.01171,26-09-07 16:11:59.065
0.01189,26-09-07 16:11:59.779
0.01122,26-09-07 16:12:00.492
0.01269,26-09-07 16:12:01.207
0.01128,26-09-07 16:12:01.920
0.01136,26-09-07 16:12:02.635
0.01142,26-09-07 16:12:03.350
0.01162,26-09-07 16:12:04.066
0.01184,26-09-07 16:12:04.780
0.01097,26-09-07 16:12:05.493
0.01099,26-09-07 16:12:06.208
0.01117,26-09-07 16:12:06.922
0.01288,26-09-07 16:12:07.636
0.0122,26-09-07 16:12:08.351
0.01212,26-09-07 16:12:09.066
0.01236,26-09-07 16:12:09.782
0.01158,26-09-07 16:12:10.496
0.01173,26-09-07 16:12:11.209
0.01064,26-09-07 16:12:11.924
0.01126,26-09-07 16:12:12.637
0.01343,26-09-07 16:12:13.352
0.01157,26-09-07 16:12:14.065
0.01269,26-09-07 16:12:14.782
0.01146,26-09-07 16:12:15.495
0.01212,26-09-07 16:12:16.211
0.01136,26-09-07 16:12:16.925
0.01261,26-09-07 16:12:17.638
0.01105,26-09-07 16:12:18.353
0.01144,26-09-07 16:12:19.066
0.01186,26-09-07 16:12:19.781
0.01218,26-09-07 16:12:20.496
0.01189,26-09-07 16:12:21.212
0.01272,26-09-07 16:12:21.926
0.01089,26-09-07 16:12:22.639
0.01164,26-09-07 16:12:23.354
0.01228,26-09-07 16:12:24.067
0.01188,26-09-07 16:12:24.782
0.01156,26-09-07 16:12:25.495
0.01178,26-09-07 16:12:26.212
0.01205,26-09-07 16:12:26.925
0.01105,26-09-07 16:12:27.641
0.01205,26-09-07 16:12:28.355
0.01149,26-09-07 16:12:29.068
0.01136,26-09-07 16:12:29.783
0.01064,26-09-07 16:12:30.496
0.01162,26-09-07 16:12:31.211
0.0116,26-09-07 16:12:31.926
0.01154,26-09-07 16:12:32.642
0.01197,26-09-07 16:12:33.356
0.01193,26-09-07 16:12:34.070
0.01175,26-09-07 16:12:34.783
0.01132,26-09-07 16:12:35.498
0.01942,26-09-07 16:12:36.211
0.01257,26-09-07 16:12:36.926
0.01134,26-09-07 16:12:37.641
0.01186,26-09-07 16:12:38.357
0.0113,26-09-07 16:12:39.071
0.01218,26-09-07 16:12:39.785
0.01058,26-09-07 16:12:40.498
0.01171,26-09-07 16:12:41.213
0.01217,26-09-07 16:12:41.926
0.0122,26-09-07 16:12:42.641
0.0121,26-09-07 16:12:43.356
0.01171,26-09-07 16:12:44.072
0.01121,26-09-07 16:12:44.786
0.01178,26-09-07 16:12:45.500
0.01159,26-09-07 16:12:46.213
0.01184,26-09-07 16:12:46.929
0.01259,26-09-07 16:12:47.642
0.01197,26-09-07 16:12:48.357
0.01107,26-09-07 16:12:49.072
0.01147,26-09-07 16:12:49.787
0.01095,26-09-07 16:12:50.501
0.01127,26-09-07 16:12:51.214
0.01202,26-09-07 16:12:51.929
0.011,26-09-07 16:12:52.642
0.01249,26-09-07 16:12:53.357
0.01158,26-09-07 16:12:54.070
0.01085,26-09-07 16:12:54.787
0.01097,26-09-07 16:12:55.500
0.01189,26-09-07 16:12:56.216
0.01164,26-09-07 16:12:56.930
0.01151,26-09-07 16:12:57.643
0.01209,26-09-07 16:12:58.358
0.01087,26-09-07 16:12:59.071
0.01148,26-09-07 16:12:59.786
0.01145,26-09-07 16:13:00.502
0.01071,26-09-07 16:13:01.215
0.01139,26-09-07 16:13:01.931
0.01147,26-09-07 16:13:02.645
0.01199,26-09-07 16:13:03.358
0.01227,26-09-07 16:13:04.073
0.01214,26-09-07 16:13:04.786
0.01084,26-09-07 16:13:05.501
0.01142,26-09-07 16:13:06.216
0.01158,26-09-07 16:13:06.932
0.01127,26-09-07 16:13:07.646
0.01213,26-09-07 16:13:08.360
0.01188,26-09-07 16:13:09.073
0.01121,26-09-07 16:13:09.788
0.01138,26-09-07 16:13:10.501
0.01213,26-09-07 16:13:11.216
0.01228,26-09-07 16:13:11.931
0.01222,26-09-07 16:13:12.647
0.01172,26-09-07 16:13:13.361
0.01178,26-09-07 16:13:14.074
0.0116,26-09-07 16:13:14.789
0.0137,26-09-07 16:13:15.502
0.01296,26-09-07 16:13:16.217
0.01097,26-09-07 16:13:16.930
0.01126,26-09-07 16:13:17.647
0.01238,26-09-07 16:13:18.360
0.01175,26-09-07 16:13:19.076
0.01136,26-09-07 16:13:19.790
0.01142,26-09-07 16:13:20.503
0.01142,26-09-07 16:13:21.218
0.01354,26-09-07 16:13:21.931
0.01159,26-09-07 16:13:22.646
0.01207,26-09-07 16:13:23.361
0.01238,26-09-07 16:13:24.077
0.01183,26-09-07 16:13:24.791
0.01155,26-09-07 16:13:25.504
0.01111,26-09-07 16:13:26.219
0.01176,26-09-07 16:13:26.932
0.01212,26-09-07 16:13:27.647
0.01171,26-09-07 16:13:28.361
0.01166,26-09-07 16:13:29.076
0.01068,26-09-07 16:13:29.792
0.01226,26-09-07 16:13:30.506
0.01188,26-09-07 16:13:31.220
0.01226,26-09-07 16:13:31.933
0.01072,26-09-07 16:13:32.649
0.01222,26-09-07 16:13:33.362
0.01226,26-09-07 16:13:34.077
0.01099,26-09-07 16:13:34.792
0.01176,26-09-07 16:13:35.508
0.01115,26-09-07 16:13:36.222
0.01168,26-09-07 16:13:36.935
0.0122,26-09-07 16:13:37.650
0.01171,26-09-07 16:13:38.363
0.01238,26-09-07 16:13:39.078
0.01181,26-09-07 16:13:39.791
0.01175,26-09-07 16:13:40.508
0.0113,26-09-07 16:13:41.221
0.01144,26-09-07 16:13:41.937
0.01066,26-09-07 16:13:42.651
0.0116,26-09-07 16:13:43.364
0.01144,26-09-07 16:13:44.079
0.01228,26-09-07 16:13:44.792
0.01197,26-09-07 16:13:45.508
0.00998,26-09-07 16:13:46.223
0.01199,26-09-07 16:13:46.938
0.01168,26-09-07 16:13:47.652
0.01115,26-09-07 16:13:48.365
0.01189,26-09-07 16:13:49.080
0.01207,26-09-07 16:13:49.793
0.01342,26-09-07 16:13:50.508
0.01167,26-09-07 16:13:51.221
0.01172,26-09-07 16:13:51.938
0.01248,26-09-07 16:13:52.651
0.01202,26-09-07 16:13:53.367
0.01114,26-09-07 16:13:54.081
0.0118,26-09-07 16:13:54.795
0.01182,26-09-07 16:13:55.508
0.01085,26-09-07 16:13:56.223
0.01101,26-09-07 16:13:56.936
0.01132,26-09-07 16:13:57.653
0.01266,26-09-07 16:13:58.366
0.0116,26-09-07 16:13:59.082
0.01197,26-09-07 16:13:59.796
0.01196,26-09-07 16:14:00.509
0.01176,26-09-07 16:14:01.224
0.01132,26-09-07 16:14:01.937
0.01147,26-09-07 16:14:02.652
0.01148,26-09-07 16:14:03.367
0.01131,26-09-07 16:14:04.083
0.01214,26-09-07 16:14:04.797
0.01228,26-09-07 16:14:05.510
0.01197,26-09-07 16:14:06.225
0.01074,26-09-07 16:14:06.938
0.01159,26-09-07 16:14:07.653
0.0113,26-09-07 16:14:08.366
0.01221,26-09-07 16:14:09.083
0.01184,26-09-07 16:14:09.796
0.01159,26-09-07 16:14:10.512
0.01285,26-09-07 16:14:11.226
0.01194,26-09-07 16:14:11.939
0.01168,26-09-07 16:14:12.654
0.01144,26-09-07 16:14:13.367
0.01179,26-09-07 16:14:14.082
0.0122,26-09-07 16:14:14.797
0.01138,26-09-07 16:14:15.513
0.01075,26-09-07 16:14:16.227
0.01153,26-09-07 16:14:16.941
0.01462,26-09-07 16:14:17.654
0.01079,26-09-07 16:14:18.369
0.01136,26-09-07 16:14:19.082
0.01113,26-09-07 16:14:19.797
0.01284,26-09-07 16:14:20.512
0.01166,26-09-07 16:14:21.228
0.01205,26-09-07 16:14:21.942
0.01152,26-09-07 16:14:22.656
0.01198,26-09-07 16:14:23.369
0.01237,26-09-07 16:14:24.084
0.01236,26-09-07 16:14:24.797
0.0115,26-09-07 16:14:25.512
0.01234,26-09-07 16:14:26.227
0.01224,26-09-07 16:14:26.943
0.01203,26-09-07 16:14:27.657
0.01082,26-09-07 16:14:28.371
0.01214,26-09-07 16:14:29.084
0.01221,26-09-07 16:14:29.799
0.0119,26-09-07 16:14:30.512
0.01164,26-09-07 16:14:31.227
0.01215,26-09-07 16:14:31.942
0.01282,26-09-07 16:14:32.658
0.01152,26-09-07 16:14:33.372
0.01147,26-09-07 16:14:34.085
0.01201,26-09-07 16:14:34.800
0.01218,26-09-07 16:14:35.513
0.01179,26-09-07 16:14:36.228
0.01821,26-09-07 16:14:36.941
0.01155,26-09-07 16:14:37.658
0.01243,26-09-07 16:14:38.371
0.01126,26-09-07 16:14:39.087
0.01175,26-09-07 16:14:39.801
0.01106,26-09-07 16:14:40.514
0.01142,26-09-07 16:14:41.229
0.0123,26-09-07 16:14:41.942
0.01163,26-09-07 16:14:42.657
0.01178,26-09-07 16:14:43.372
0.01186,26-09-07 16:14:44.088
0.01273,26-09-07 16:14:44.802
0.01174,26-09-07 16:14:45.515
0.01137,26-09-07 16:14:46.230
0.01203,26-09-07 16:14:46.943
0.01192,26-09-07 16:14:47.658
0.01207,26-09-07 16:14:48.371
0.011,26-09-07 16:14:49.088
0.01242,26-09-07 16:14:49.803
0.01309,26-09-07 16:14:50.517
0.01197,26-09-07 16:14:51.230
0.01234,26-09-07 16:14:51.945
0.01191,26-09-07 16:14:52.658
0.01249,26-09-07 16:14:53.373
0.01107,26-09-07 16:14:54.086
0.01193,26-09-07 16:14:54.803
0.01173,26-09-07 16:14:55.517
0.01237,26-09-07 16:14:56.232
0.01196,26-09-07 16:14:56.945
0.01101,26-09-07 16:14:57.661
0.01134,26-09-07 16:14:58.374
0.01063,26-09-07 16:14:59.089
0.01225,26-09-07 16:14:59.802
0.01063,26-09-07 16:15:00.519
0.01136,26-09-07 16:15:01.232
0.01063,26-09-07 16:15:01.948
0.01215,26-09-07 16:15:02.663
0.01316,26-09-07 16:15:03.376
0.0119,26-09-07 16:15:04.091
0.01187,26-09-07 16:15:04.804
0.01151,26-09-07 16:15:05.519
0.0105,26-09-07 16:15:06.234
0.01142,26-09-07 16:15:06.949
0.01134,26-09-07 16:15:07.663
0.01166,26-09-07 16:15:08.376
0.01185,26-09-07 16:15:09.091
0.0114,26-09-07 16:15:09.804
0.01126,26-09-07 16:15:10.519
0.01288,26-09-07 16:15:11.232
0.01097,26-09-07 16:15:11.949
0.01218,26-09-07 16:15:12.662
0.01186,26-09-07 16:15:13.378
0.01121,26-09-07 16:15:14.092
0.01159,26-09-07 16:15:14.805
0.01251,26-09-07 16:15:15.520
0.01203,26-09-07 16:15:16.235
0.01085,26-09-07 16:15:16.950
0.01051,26-09-07 16:15:17.663
0.0112,26-09-07 16:15:18.379
0.01159,26-09-07 16:15:19.093
0.01147,26-09-07 16:15:19.806
0.01139,26-09-07 16:15:20.521
0.01164,26-09-07 16:15:21.234
0.0123,26-09-07 16:15:21.949
0.01189,26-09-07 16:15:22.662
0.01169,26-09-07 16:15:23.379
0.01129,26-09-07 16:15:24.092
0.01188,26-09-07 16:15:24.808
0.01273,26-09-07 16:15:25.522
0.01142,26-09-07 16:15:26.235
0.01178,26-09-07 16:15:26.950
0.01236,26-09-07 16:15:27.663
0.01124,26-09-07 16:15:28.378
0.01153,26-09-07 16:15:29.093
0.01147,26-09-07 16:15:29.809
0.01141,26-09-07 16:15:30.523
0.01123,26-09-07 16:15:31.236
0.01171,26-09-07 16:15:31.951
0.01147,26-09-07 16:15:32.664
0.0116,26-09-07 16:15:33.379
0.01096,26-09-07 16:15:34.092
0.01256,26-09-07 16:15:34.809
0.01119,26-09-07 16:15:35.522
0.01165,26-09-07 16:15:36.238
0.01172,26-09-07 16:15:36.952
0.01897,26-09-07 16:15:37.665
0.01149,26-09-07 16:15:38.380
0.0115,26-09-07 16:15:39.093
0.01192,26-09-07 16:15:39.808
0.01186,26-09-07 16:15:40.523
0.01177,26-09-07 16:15:41.239
0.01265,26-09-07 16:15:41.953
0.01149,26-09-07 16:15:42.666
0.01137,26-09-07 16:15:43.381
0.01123,26-09-07 16:15:44.095
0.01233,26-09-07 16:15:44.808
0.01105,26-09-07 16:15:45.523
0.01285,26-09-07 16:15:46.238
0.01304,26-09-07 16:15:46.954
0.01179,26-09-07 16:15:47.668
0.01022,26-09-07 16:15:48.382
0.01188,26-09-07 16:15:49.095
0.0119,26-09-07 16:15:49.810
0.01233,26-09-07 16:15:50.523
0.01165,26-09-07 16:15:51.238
0.01176,26-09-07 16:15:51.953
0.01202,26-09-07 16:15:52.669
0.01196,26-09-07 16:15:53.383
0.01089,26-09-07 16:15:54.096
0.01101,26-09-07 16:15:54.811
0.01262,26-09-07 16:15:55.524
0.01128,26-09-07 16:15:56.239
0.01149,26-09-07 16:15:56.952
0.01058,26-09-07 16:15:57.669
0.01231,26-09-07 16:15:58.382
0.01202,26-09-07 16:15:59.098
0.01136,26-09-07 16:15:59.812
0.01218,26-09-07 16:16:00.525
0.01078,26-09-07 16:16:01.240
0.01223,26-09-07 16:16:01.953
0.01299,26-09-07 16:16:02.668
0.01156,26-09-07 16:16:03.383
0.01163,26-09-07 16:16:04.099
0.01174,26-09-07 16:16:04.813
0.01136,26-09-07 16:16:05.526
0.01148,26-09-07 16:16:06.241
0.01188,26-09-07 16:16:06.954
0.01121,26-09-07 16:16:07.669
0.0118,26-09-07 16:16:08.382
0.01167,26-09-07 16:16:09.099
0.0134,26-09-07 16:16:09.812
0.01252,26-09-07 16:16:10.528
0.01223,26-09-07 16:16:11.242
0.01077,26-09-07 16:16:11.955
0.01168,26-09-07 16:16:12.670
0.01181,26-09-07 16:16:13.383
0.01196,26-09-07 16:16:14.098
0.01128,26-09-07 16:16:14.813
0.01206,26-09-07 16:16:15.529
0.01184,26-09-07 16:16:16.243
0.01235,26-09-07 16:16:16.957
0.01193,26-09-07 16:16:17.670
0.01235,26-09-07 16:16:18.385
0.01106,26-09-07 16:16:19.098
0.01259,26-09-07 16:16:19.813
0.01117,26-09-07 16:16:20.528
0.0117,26-09-07 16:16:21.244
0.01109,26-09-07 16:16:21.958
0.01384,26-09-07 16:16:22.671
0.01202,26-09-07 16:16:23.387
0.01195,26-09-07 16:16:24.100
0.01119,26-09-07 16:16:24.815
0.01224,26-09-07 16:16:25.528
0.01204,26-09-07 16:16:26.245
0.01179,26-09-07 16:16:26.958
0.01205,26-09-07 16:16:27.674
0.01244,26-09-07 16:16:28.388
0.01179,26-09-07 16:16:29.101
0.01199,26-09-07 16:16:29.816
0.01277,26-09-07 16:16:30.529
0.01246,26-09-07 16:16:31.244
0.01206,26-09-07 16:16:31.959
0.01227,26-09-07 16:16:32.675
0.01153,26-09-07 16:16:33.389
0.01259,26-09-07 16:16:34.103
0.01204,26-09-07 16:16:34.816
0.01271,26-09-07 16:16:35.531
0.01077,26-09-07 16:16:36.244
0.01152,26-09-07 16:16:36.959
0.0197,26-09-07 16:16:37.675
0.01019,26-09-07 16:16:38.388
0.01139,26-09-07 16:16:39.104
0.01186,26-09-07 16:16:39.818
0.01238,26-09-07 16:16:40.531
0.01192,26-09-07 16:16:41.246
0.01178,26-09-07 16:16:41.959
0.01064,26-09-07 16:16:42.674
0.01103,26-09-07 16:16:43.389
0.01191,26-09-07 16:16:44.105
0.01085,26-09-07 16:16:44.819
0.0117,26-09-07 16:16:45.533
0.0109,26-09-07 16:16:46.246
0.01211,26-09-07 16:16:46.961
0.01189,26-09-07 16:16:47.674
0.01069,26-09-07 16:16:48.389
0.01232,26-09-07 16:16:49.104
0.01124,26-09-07 16:16:49.820
0.01165,26-09-07 16:16:50.534
0.01126,26-09-07 16:16:51.247
0.01186,26-09-07 16:16:51.962
0.01353,26-09-07 16:16:52.675
0.01202,26-09-07 16:16:53.390
0.01241,26-09-07 16:16:54.103
0.01191,26-09-07 16:16:54.820
0.01132,26-09-07 16:16:55.533
0.011,26-09-07 16:16:56.249
0.01131,26-09-07 16:16:56.963
0.01163,26-09-07 16:16:57.676
0.01251,26-09-07 16:16:58.391
0.01222,26-09-07 16:16:59.104
0.01205,26-09-07 16:16:59.819
0.01147,26-09-07 16:17:00.534
0.01205,26-09-07 16:17:01.250
0.01114,26-09-07 16:17:01.964
0.00953,26-09-07 16:17:02.677
0.01101,26-09-07 16:17:03.392
0.01243,26-09-07 16:17:04.105
0.01394,26-09-07 16:17:04.821
0.01182,26-09-07 16:17:05.535
0.01356,26-09-07 16:17:06.250
0.01218,26-09-07 16:17:06.965
0.01089,26-09-07 16:17:07.679
0.0117,26-09-07 16:17:08.392
0.01149,26-09-07 16:17:09.107
0.01306,26-09-07 16:17:09.820
0.01204,26-09-07 16:17:10.535
0.06093,26-09-07 16:17:11.248
0.30369,26-09-07 16:17:11.965
0.31884,26-09-07 16:17:12.678
0.31425,26-09-07 16:17:13.394
0.32129,26-09-07 16:17:14.108
0.3191,26-09-07 16:17:14.821
0.31653,26-09-07 16:17:15.536
0.32204,26-09-07 16:17:16.249
0.32107,26-09-07 16:17:16.964
0.31671,26-09-07 16:17:17.679
0.3179,26-09-07 16:17:18.395
0.31738,26-09-07 16:17:19.109
0.31621,26-09-07 16:17:19.823
0.3178,26-09-07 16:17:20.536
0.31806,26-09-07 16:17:21.251
0.24889,26-09-07 16:17:21.964
0.25041,26-09-07 16:17:22.679
0.25184,26-09-07 16:17:23.394
0.01205,26-09-07 16:17:24.110
0.01171,26-09-07 16:17:24.824
0.011,26-09-07 16:17:25.537
0.01191,26-09-07 16:17:26.252
0.01133,26-09-07 16:17:26.965
0.01177,26-09-07 16:17:27.680
0.01207,26-09-07 16:17:28.393
0.01123,26-09-07 16:17:29.110
0.01151,26-09-07 16:17:29.823
0.01277,26-09-07 16:17:30.539
0.01221,26-09-07 16:17:31.253
0.01139,26-09-07 16:17:31.967
0.01106,26-09-07 16:17:32.680
0.01061,26-09-07 16:17:33.395
0.01173,26-09-07 16:17:34.108
0.0109,26-09-07 16:17:34.825
0.01007,26-09-07 16:17:35.538
0.01199,26-09-07 16:17:36.254
0.01108,26-09-07 16:17:36.968
0.01142,26-09-07 16:17:37.681
0.01944,26-09-07 16:17:38.396
0.01126,26-09-07 16:17:39.109
0.011,26-09-07 16:17:39.824
0.0117,26-09-07 16:17:40.539
0.01124,26-09-07 16:17:41.255
0.01056,26-09-07 16:17:41.969
0.01136,26-09-07 16:17:42.683
0.01198,26-09-07 16:17:43.396
0.01186,26-09-07 16:17:44.111
0.0121,26-09-07 16:17:44.824
0.01225,26-09-07 16:17:45.539
0.01217,26-09-07 16:17:46.254
0.01072,26-09-07 16:17:46.970
0.01226,26-09-07 16:17:47.684
0.01228,26-09-07 16:17:48.398
0.01272,26-09-07 16:17:49.113
0.0117,26-09-07 16:17:49.826
0.01106,26-09-07 16:17:50.541
0.01121,26-09-07 16:17:51.254
0.01102,26-09-07 16:17:51.971
0.01096,26-09-07 16:17:52.684
0.01111,26-09-07 16:17:53.400
0.01157,26-09-07 16:17:54.114
0.01248,26-09-07 16:17:54.827
0.01235,26-09-07 16:17:55.542
0.01122,26-09-07 16:17:56.255
0.01272,26-09-07 16:17:56.970
0.01218,26-09-07 16:17:57.685
0.01202,26-09-07 16:17:58.401
0.01177,26-09-07 16:17:59.115
0.01189,26-09-07 16:17:59.829
0.01195,26-09-07 16:18:00.542
0.01168,26-09-07 16:18:01.257
0.01077,26-09-07 16:18:01.970
0.01084,26-09-07 16:18:02.685
0.01157,26-09-07 16:18:03.400
0.0125,26-09-07 16:18:04.116
0.01162,26-09-07 16:18:04.830
0.01153,26-09-07 16:18:05.544
0.0117,26-09-07 16:18:06.258
0.01239,26-09-07 16:18:06.971
0.0108,26-09-07 16:18:07.686
0.01266,26-09-07 16:18:08.399
0.01184,26-09-07 16:18:09.116
0.01157,26-09-07 16:18:09.829
0.013,26-09-07 16:18:10.545
0.01105,26-09-07 16:18:11.259
0.01213,26-09-07 16:18:11.972
0.01191,26-09-07 16:18:12.688
0.01205,26-09-07 16:18:13.401
0.01233,26-09-07 16:18:14.116
0.01256,26-09-07 16:18:14.831
0.01053,26-09-07 16:18:15.546
0.01148,26-09-07 16:18:16.260
0.01235,26-09-07 16:18:16.973
0.0121,26-09-07 16:18:17.688
0.01143,26-09-07 16:18:18.401
0.01111,26-09-07 16:18:19.116
0.01207,26-09-07 16:18:19.829
0.0113,26-09-07 16:18:20.546
0.01144,26-09-07 16:18:21.259
0.01226,26-09-07 16:18:21.975
0.01249,26-09-07 16:18:22.689
0.01183,26-09-07 16:18:23.402
0.01275,26-09-07 16:18:24.117
0.01246,26-09-07 16:18:24.830
0.01298,26-09-07 16:18:25.545
0.01196,26-09-07 16:18:26.261
0.0113,26-09-07 16:18:26.974
0.01112,26-09-07 16:18:27.690
0.01169,26-09-07 16:18:28.404
0.01186,26-09-07 16:18:29.117
0.00963,26-09-07 16:18:29.832
0.0111,26-09-07 16:18:30.545
0.01192,26-09-07 16:18:31.260
0.01229,26-09-07 16:18:31.975
0.01241,26-09-07 16:18:32.691
0.01049,26-09-07 16:18:33.405
0.01165,26-09-07 16:18:34.119
0.011,26-09-07 16:18:34.832
0.01178,26-09-07 16:18:35.547
0.01205,26-09-07 16:18:36.260
0.01177,26-09-07 16:18:36.975
0.0121,26-09-07 16:18:37.690
0.01225,26-09-07 16:18:38.406
0.01194,26-09-07 16:18:39.120
0.01162,26-09-07 16:18:39.833
0.0118,26-09-07 16:18:40.548
0.01218,26-09-07 16:18:41.261
0.01158,26-09-07 16:18:41.976
0.01212,26-09-07 16:18:42.689
0.01093,26-09-07 16:18:43.406
0.0131,26-09-07 16:18:44.119
0.01123,26-09-07 16:18:44.835
0.01241,26-09-07 16:18:45.549
0.01116,26-09-07 16:18:46.262
