"Trigger time","No1 Average Ch1"
"","A"
"26-09-11 11:42:54.176","-1.7172030E-02"
"26-09-11 11:42:56.459","-1.7066832E-02"
"26-09-11 11:42:57.172","-1.6745050E-02"
"26-09-11 11:42:58.080","-1.7766089E-02"
"26-09-11 11:42:58.797","-1.6769802E-02"
"26-09-11 11:42:59.701","-1.6986386E-02"
"26-09-11 11:43:00.416","-1.7042079E-02"
"26-09-11 11:43:01.317","-1.6553218E-02"
"26-09-11 11:43:02.032","-1.6831683E-02"
"26-09-11 11:43:02.927","-1.6738861E-02"
"26-09-11 11:43:03.644","-1.6868812E-02"
"26-09-11 11:43:04.540","-1.8106436E-02"
"26-09-11 11:43:05.254","-1.7048267E-02"
"26-09-11 11:43:06.157","-1.7240099E-02"
"26-09-11 11:43:06.872","-1.7462871E-02"
"26-09-11 11:43:07.769","-1.6163366E-02"
"26-09-11 11:43:08.484","-1.6602723E-02"
"26-09-11 11:43:09.387","-1.7753713E-02"
"26-09-11 11:43:10.102","-1.7122525E-02"
"26-09-11 11:43:10.998","-1.7326733E-02"
"26-09-11 11:43:11.714","-1.7431931E-02"
"26-09-11 11:43:12.608","-1.6825495E-02"
"26-09-11 11:43:13.323","-1.7141089E-02"
"26-09-11 11:43:14.218","-1.7698020E-02"
"26-09-11 11:43:14.933","-1.7815594E-02"
"26-09-11 11:43:15.832","-1.7462871E-02"
"26-09-11 11:43:16.545","-1.7215347E-02"
"26-09-11 11:43:17.450","-1.7939356E-02"
"26-09-11 11:43:18.165","-1.7512376E-02"
"26-09-11 11:43:19.070","-1.7685644E-02"
"26-09-11 11:43:19.785","-1.7159653E-02"
"26-09-11 11:43:20.680","-1.7153465E-02"
"26-09-11 11:43:21.395","-1.7277228E-02"
"26-09-11 11:43:22.299","-1.7728960E-02"
"26-09-11 11:43:23.014","-1.7246287E-02"
"26-09-11 11:43:23.911","-1.8830446E-02"
"26-09-11 11:43:24.627","-1.7438119E-02"
"26-09-11 11:43:25.531","-1.8650990E-02"
"26-09-11 11:43:26.246","-1.6868812E-02"
"26-09-11 11:43:27.143","-1.7289604E-02"
"26-09-11 11:43:27.857","-1.6027228E-02"
"26-09-11 11:43:28.750","-1.6980198E-02"
"26-09-11 11:43:29.464","-1.7116337E-02"
"26-09-11 11:43:30.363","-1.6565594E-02"
"26-09-11 11:43:31.078","-1.6899752E-02"
"26-09-11 11:43:31.972","-1.8570545E-02"
"26-09-11 11:43:32.685","-1.7815594E-02"
"26-09-11 11:43:33.582","-1.7444307E-02"
"26-09-11 11:43:34.299","-1.6559406E-02"
"26-09-11 11:43:35.202","-1.8007426E-02"
"26-09-11 11:43:35.917","-1.7964109E-02"
"26-09-11 11:43:36.823","-1.7419554E-02"
"26-09-11 11:43:37.538","-1.6763614E-02"
"26-09-11 11:43:38.432","-1.6825495E-02"
"26-09-11 11:43:39.147","-1.7512376E-02"
"26-09-11 11:43:40.044","-1.7141089E-02"
"26-09-11 11:43:40.757","-1.7444307E-02"
"26-09-11 11:43:41.654","-1.6881188E-02"
"26-09-11 11:43:42.369","-1.6738861E-02"
"26-09-11 11:43:43.264","-1.6590347E-02"
"26-09-11 11:43:43.978","-1.7654703E-02"
"26-09-11 11:43:44.882","-1.7221535E-02"
"26-09-11 11:43:45.597","-1.7605198E-02"
"26-09-11 11:43:46.495","-1.7865099E-02"
"26-09-11 11:43:47.210","-1.7277228E-02"
"26-09-11 11:43:48.104","-1.7103960E-02"
"26-09-11 11:43:48.819","-1.7475248E-02"
"26-09-11 11:43:49.723","-1.7184406E-02"
"26-09-11 11:43:50.437","-1.7487624E-02"
"26-09-11 11:43:51.336","-1.7339109E-02"
"26-09-11 11:43:52.051","-1.7722772E-02"
"26-09-11 11:43:52.947","-1.7642327E-02"
"26-09-11 11:43:53.663","-1.7747525E-02"
"26-09-11 11:43:54.558","-1.7425743E-02"
"26-09-11 11:43:55.272","-1.7431931E-02"
"26-09-11 11:43:56.167","-1.8521040E-02"
"26-09-11 11:43:56.881","-1.7277228E-02"
"26-09-11 11:43:57.777","-1.7537129E-02"
"26-09-11 11:43:58.490","-1.7896040E-02"
"26-09-11 11:43:59.387","-1.7865099E-02"
"26-09-11 11:44:00.101","-1.7778465E-02"
"26-09-11 11:44:00.996","-1.7407178E-02"
"26-09-11 11:44:01.712","-1.7611386E-02"
"26-09-11 11:44:02.857","-1.7091584E-02"
"26-09-11 11:44:03.570","-1.7964109E-02"
"26-09-11 11:44:04.482","-1.6986386E-02"
"26-09-11 11:44:05.196","-1.6918317E-02"
"26-09-11 11:44:06.099","-1.7988861E-02"
"26-09-11 11:44:06.817","-1.7976485E-02"
"26-09-11 11:44:07.718","-1.6547030E-02"
"26-09-11 11:44:08.432","-1.8681931E-02"
"26-09-11 11:44:09.329","-1.7357673E-02"
"26-09-11 11:44:10.046","-1.7351485E-02"
"26-09-11 11:44:10.939","-1.7629950E-02"
"26-09-11 11:44:11.653","-1.7660891E-02"
"26-09-11 11:44:12.545","-1.6788366E-02"
"26-09-11 11:44:13.260","-1.7623762E-02"
"26-09-11 11:44:14.186","-1.7190594E-02"
"26-09-11 11:44:14.901","-1.7264851E-02"
"26-09-11 11:44:15.799","-1.6540842E-02"
"26-09-11 11:44:16.513","-1.6868812E-02"
"26-09-11 11:44:17.421","-1.7827970E-02"
"26-09-11 11:44:18.136","-1.6924505E-02"
"26-09-11 11:44:19.030","-1.7580446E-02"
"26-09-11 11:44:19.746","-1.7568069E-02"
"26-09-11 11:44:20.638","-1.6720297E-02"
"26-09-11 11:44:21.353","-1.7957921E-02"
"26-09-11 11:44:22.252","-1.7766089E-02"
"26-09-11 11:44:22.968","-1.6485149E-02"
"26-09-11 11:44:23.875","-1.7147277E-02"
"26-09-11 11:44:24.592","-1.7982673E-02"
"26-09-11 11:44:25.491","-1.8081683E-02"
"26-09-11 11:44:26.205","-1.6980198E-02"
"26-09-11 11:44:27.101","-1.8230198E-02"
"26-09-11 11:44:27.815","-1.6448020E-02"
"26-09-11 11:44:28.710","-1.7394802E-02"
"26-09-11 11:44:29.424","-1.6683168E-02"
"26-09-11 11:44:30.321","-1.6757426E-02"
"26-09-11 11:44:31.037","-1.7945545E-02"
"26-09-11 11:44:31.943","-1.7605198E-02"
"26-09-11 11:44:32.656","-1.7308168E-02"
"26-09-11 11:44:33.558","-1.7277228E-02"
"26-09-11 11:44:34.271","-1.7654703E-02"
"26-09-11 11:44:35.173","-1.7976485E-02"
"26-09-11 11:44:35.888","-1.7017327E-02"
"26-09-11 11:44:36.784","-1.7772277E-02"
"26-09-11 11:44:37.499","-1.7128713E-02"
"26-09-11 11:44:38.396","-1.7277228E-02"
"26-09-11 11:44:39.111","-1.7444307E-02"
"26-09-11 11:44:40.015","-1.7704208E-02"
"26-09-11 11:44:40.728","-1.6540842E-02"
"26-09-11 11:44:41.635","-1.7475248E-02"
"26-09-11 11:44:42.350","-1.7351485E-02"
"26-09-11 11:44:43.244","-1.7933168E-02"
"26-09-11 11:44:43.959","-1.6460396E-02"
"26-09-11 11:44:44.875","-1.7834158E-02"
"26-09-11 11:44:45.590","-1.8081683E-02"
"26-09-11 11:44:46.485","-1.7103960E-02"
"26-09-11 11:44:47.204","-1.7190594E-02"
"26-09-11 11:44:48.106","-1.6943069E-02"
"26-09-11 11:44:48.820","-1.8019802E-02"
"26-09-11 11:44:49.716","-1.7964109E-02"
"26-09-11 11:44:50.432","-1.7363861E-02"
"26-09-11 11:44:51.325","-1.7592822E-02"
"26-09-11 11:44:52.040","-1.7351485E-02"
"26-09-11 11:44:52.935","-1.8360149E-02"
"26-09-11 11:44:53.650","-1.7586634E-02"
"26-09-11 11:44:54.556","-1.8211634E-02"
"26-09-11 11:44:55.271","-1.7091584E-02"
"26-09-11 11:44:56.167","-1.7227723E-02"
"26-09-11 11:44:56.883","-1.8186881E-02"
"26-09-11 11:44:57.776","-1.8081683E-02"
"26-09-11 11:44:58.491","-1.5903465E-02"
"26-09-11 11:44:59.396","-1.8007426E-02"
"26-09-11 11:45:00.111","-1.7766089E-02"
"26-09-11 11:45:01.007","-1.7759901E-02"
"26-09-11 11:45:01.721","-1.7815594E-02"
"26-09-11 11:45:02.619","-1.6887376E-02"
"26-09-11 11:45:03.334","-1.7066832E-02"
"26-09-11 11:45:04.237","-1.7141089E-02"
"26-09-11 11:45:04.951","-1.6355198E-02"
"26-09-11 11:45:05.848","-1.7902228E-02"
"26-09-11 11:45:06.563","-1.7054455E-02"
"26-09-11 11:45:07.458","-1.7629950E-02"
"26-09-11 11:45:08.172","-1.7827970E-02"
"26-09-11 11:45:09.320","-1.6126238E-02"
"26-09-11 11:45:10.035","-1.7301980E-02"
"26-09-11 11:45:10.940","-1.6980198E-02"
"26-09-11 11:45:11.654","-1.7431931E-02"
"26-09-11 11:45:12.569","-1.7394802E-02"
"26-09-11 11:45:13.282","-1.6844059E-02"
"26-09-11 11:45:14.189","-1.7784653E-02"
"26-09-11 11:45:14.903","-1.6491337E-02"
"26-09-11 11:45:15.801","-1.8521040E-02"
"26-09-11 11:45:16.517","-1.6856436E-02"
"26-09-11 11:45:17.410","-1.7568069E-02"
"26-09-11 11:45:18.124","-1.7357673E-02"
"26-09-11 11:45:19.023","-1.7048267E-02"
"26-09-11 11:45:19.739","-1.8019802E-02"
"26-09-11 11:45:20.640","-1.6379950E-02"
"26-09-11 11:45:21.355","-1.7698020E-02"
"26-09-11 11:45:22.250","-1.6875000E-02"
"26-09-11 11:45:22.966","-1.8706683E-02"
"26-09-11 11:45:23.872","-1.6986386E-02"
"26-09-11 11:45:24.587","-1.7592822E-02"
"26-09-11 11:45:25.482","-1.6676980E-02"
"26-09-11 11:45:26.197","-1.7339109E-02"
"26-09-11 11:45:27.112","-1.7308168E-02"
"26-09-11 11:45:27.826","-1.7537129E-02"
"26-09-11 11:45:28.732","-1.7308168E-02"
"26-09-11 11:45:29.446","-1.7413366E-02"
"26-09-11 11:45:30.340","-1.8131188E-02"
"26-09-11 11:45:31.055","-1.7475248E-02"
"26-09-11 11:45:31.952","-1.8149752E-02"
"26-09-11 11:45:32.671","-1.8044554E-02"
"26-09-11 11:45:33.592","-1.8044554E-02"
"26-09-11 11:45:34.307","-1.7716584E-02"
"26-09-11 11:45:35.203","-1.7877475E-02"
"26-09-11 11:45:35.920","-1.7506188E-02"
"26-09-11 11:45:36.814","-1.7035891E-02"
"26-09-11 11:45:37.527","-1.7611386E-02"
"26-09-11 11:45:38.424","-1.7073020E-02"
"26-09-11 11:45:39.137","-1.7054455E-02"
"26-09-11 11:45:40.052","-1.6930693E-02"
"26-09-11 11:45:40.766","-1.7370050E-02"
"26-09-11 11:45:41.664","-1.7370050E-02"
"26-09-11 11:45:42.378","-1.7524752E-02"
"26-09-11 11:45:43.278","-1.7165842E-02"
"26-09-11 11:45:43.992","-1.8211634E-02"
"26-09-11 11:45:44.895","-1.6887376E-02"
"26-09-11 11:45:45.609","-1.7599010E-02"
"26-09-11 11:45:46.505","-1.7289604E-02"
"26-09-11 11:45:47.219","-1.7066832E-02"
"26-09-11 11:45:48.116","-1.7283416E-02"
"26-09-11 11:45:48.830","-1.7363861E-02"
"26-09-11 11:45:49.737","-1.6602723E-02"
"26-09-11 11:45:50.452","-1.7784653E-02"
"26-09-11 11:45:51.355","-1.6918317E-02"
"26-09-11 11:45:52.070","-1.7116337E-02"
"26-09-11 11:45:52.979","-1.6806931E-02"
"26-09-11 11:45:53.694","-1.7339109E-02"
"26-09-11 11:45:54.595","-1.7673267E-02"
"26-09-11 11:45:55.309","-1.7803218E-02"
"26-09-11 11:45:56.206","-1.7400990E-02"
"26-09-11 11:45:56.923","-1.7617574E-02"
"26-09-11 11:45:57.817","-1.6998762E-02"
"26-09-11 11:45:58.531","-1.7636139E-02"
"26-09-11 11:45:59.428","-1.6936881E-02"
"26-09-11 11:46:00.143","-1.6608911E-02"
"26-09-11 11:46:01.037","-1.7512376E-02"
"26-09-11 11:46:01.756","-1.8415842E-02"
"26-09-11 11:46:02.660","-1.7122525E-02"
"26-09-11 11:46:03.375","-1.7370050E-02"
"26-09-11 11:46:04.267","-1.7277228E-02"
"26-09-11 11:46:04.984","-1.7141089E-02"
"26-09-11 11:46:05.880","-1.6305693E-02"
"26-09-11 11:46:06.594","-1.8186881E-02"
"26-09-11 11:46:07.496","-1.7141089E-02"
"26-09-11 11:46:08.209","-1.8155941E-02"
"26-09-11 11:46:09.109","-1.6435644E-02"
"26-09-11 11:46:09.824","-1.6410891E-02"
"26-09-11 11:46:10.720","-1.7481436E-02"
"26-09-11 11:46:11.433","-1.7537129E-02"
"26-09-11 11:46:12.333","-1.8236386E-02"
"26-09-11 11:46:13.047","-1.7060644E-02"
"26-09-11 11:46:13.949","-1.6905941E-02"
"26-09-11 11:46:14.664","-1.6775990E-02"
"26-09-11 11:46:15.811","-1.7221535E-02"
"26-09-11 11:46:16.525","-1.7481436E-02"
"26-09-11 11:46:17.421","-1.8001238E-02"
"26-09-11 11:46:18.139","-1.6868812E-02"
"26-09-11 11:46:19.041","-1.7079208E-02"
"26-09-11 11:46:19.755","-1.7357673E-02"
"26-09-11 11:46:20.658","-1.7586634E-02"
"26-09-11 11:46:21.373","-1.7320545E-02"
"26-09-11 11:46:22.270","-1.6992574E-02"
"26-09-11 11:46:22.986","-1.7103960E-02"
"26-09-11 11:46:23.881","-1.7926980E-02"
"26-09-11 11:46:24.595","-1.8106436E-02"
"26-09-11 11:46:25.502","-1.6813119E-02"
"26-09-11 11:46:26.215","-1.8050743E-02"
"26-09-11 11:46:27.110","-1.7827970E-02"
"26-09-11 11:46:27.824","-1.6930693E-02"
"26-09-11 11:46:28.722","-1.7308168E-02"
"26-09-11 11:46:29.438","-1.7475248E-02"
"26-09-11 11:46:30.343","-1.7920792E-02"
"26-09-11 11:46:31.057","-1.7797030E-02"
"26-09-11 11:46:31.962","-1.7289604E-02"
"26-09-11 11:46:32.676","-1.7945545E-02"
"26-09-11 11:46:33.583","-1.6379950E-02"
"26-09-11 11:46:34.298","-1.8001238E-02"
"26-09-11 11:46:35.205","-1.6868812E-02"
"26-09-11 11:46:35.918","-1.8075495E-02"
"26-09-11 11:46:36.823","-1.6559406E-02"
"26-09-11 11:46:37.538","-1.7636139E-02"
"26-09-11 11:46:38.433","-1.7945545E-02"
"26-09-11 11:46:39.148","-1.7153465E-02"
"26-09-11 11:46:40.044","-1.6936881E-02"
"26-09-11 11:46:40.759","-1.7054455E-02"
"26-09-11 11:46:41.654","-1.6584158E-02"
"26-09-11 11:46:42.371","-1.6441832E-02"
"26-09-11 11:46:43.275","-1.6540842E-02"
"26-09-11 11:46:43.988","-1.7202970E-02"
"26-09-11 11:46:44.884","-1.6732673E-02"
"26-09-11 11:46:45.599","-1.7271040E-02"
"26-09-11 11:46:46.494","-1.7481436E-02"
"26-09-11 11:46:47.209","-1.7264851E-02"
"26-09-11 11:46:48.115","-1.6813119E-02"
"26-09-11 11:46:48.828","-1.7271040E-02"
"26-09-11 11:46:49.723","-1.7555693E-02"
"26-09-11 11:46:50.437","-1.6967822E-02"
"26-09-11 11:46:51.337","-1.5773515E-02"
"26-09-11 11:46:52.051","-1.7382426E-02"
"26-09-11 11:46:52.765","-1.8409653E-02"
"26-09-11 11:46:53.667","-1.7029703E-02"
"26-09-11 11:46:54.385","-1.6280941E-02"
"26-09-11 11:46:55.287","-1.7790842E-02"
"26-09-11 11:46:56.000","-1.7500000E-02"
"26-09-11 11:46:56.896","-1.7079208E-02"
"26-09-11 11:46:57.611","-1.6064356E-02"
"26-09-11 11:46:58.507","-1.8032178E-02"
"26-09-11 11:46:59.222","-1.8180693E-02"
"26-09-11 11:47:00.117","-1.7871287E-02"
"26-09-11 11:47:00.833","-1.7592822E-02"
"26-09-11 11:47:01.742","-1.7215347E-02"
"26-09-11 11:47:02.459","-1.6379950E-02"
"26-09-11 11:47:03.357","-1.6472772E-02"
"26-09-11 11:47:04.071","-1.5915842E-02"
"26-09-11 11:47:04.969","-1.7215347E-02"
"26-09-11 11:47:05.688","-1.7648515E-02"
"26-09-11 11:47:06.589","-1.8038366E-02"
"26-09-11 11:47:07.302","-1.7500000E-02"
"26-09-11 11:47:08.198","-1.6936881E-02"
"26-09-11 11:47:08.914","-1.8100248E-02"
"26-09-11 11:47:09.808","-1.7710396E-02"
"26-09-11 11:47:10.523","-1.7914604E-02"
"26-09-11 11:47:11.422","-1.7190594E-02"
"26-09-11 11:47:12.136","-1.6503713E-02"
"26-09-11 11:47:13.039","-1.7722772E-02"
"26-09-11 11:47:13.753","-1.8298267E-02"
"26-09-11 11:47:14.657","-1.7679455E-02"
"26-09-11 11:47:15.372","-1.6497525E-02"
"26-09-11 11:47:16.270","-1.7314356E-02"
"26-09-11 11:47:16.985","-1.7605198E-02"
"26-09-11 11:47:17.879","-1.7277228E-02"
"26-09-11 11:47:18.593","-1.7530941E-02"
"26-09-11 11:47:19.501","-1.7400990E-02"
"26-09-11 11:47:20.218","-1.7803218E-02"
"26-09-11 11:47:21.109","-1.6398515E-02"
"26-09-11 11:47:22.045","-1.7623762E-02"
"26-09-11 11:47:22.759","-1.7561881E-02"
"26-09-11 11:47:23.661","-1.7388614E-02"
"26-09-11 11:47:24.376","-1.7834158E-02"
"26-09-11 11:47:25.268","-1.6893564E-02"
"26-09-11 11:47:25.982","-1.6516089E-02"
"26-09-11 11:47:26.881","-1.8025990E-02"
"26-09-11 11:47:27.595","-1.7939356E-02"
"26-09-11 11:47:28.501","-1.7914604E-02"
"26-09-11 11:47:29.216","-1.7079208E-02"
"26-09-11 11:47:30.111","-1.7407178E-02"
"26-09-11 11:47:30.825","-1.7858911E-02"
"26-09-11 11:47:31.727","-1.7920792E-02"
"26-09-11 11:47:32.441","-1.7035891E-02"
"26-09-11 11:47:33.342","-1.8100248E-02"
"26-09-11 11:47:34.057","-1.7233911E-02"
"26-09-11 11:47:34.953","-1.7623762E-02"
"26-09-11 11:47:35.668","-1.7753713E-02"
"26-09-11 11:47:36.562","-1.6621287E-02"
"26-09-11 11:47:37.276","-1.7215347E-02"
"26-09-11 11:47:38.172","-1.7834158E-02"
"26-09-11 11:47:38.887","-1.6683168E-02"
"26-09-11 11:47:39.782","-1.6955446E-02"
"26-09-11 11:47:40.496","-1.7376238E-02"
"26-09-11 11:47:41.397","-1.7475248E-02"
"26-09-11 11:47:42.111","-1.7029703E-02"
"26-09-11 11:47:43.024","-1.6980198E-02"
"26-09-11 11:47:43.739","-1.6732673E-02"
"26-09-11 11:47:44.644","-1.6448020E-02"
"26-09-11 11:47:45.358","-1.6763614E-02"
"26-09-11 11:47:46.255","-1.7079208E-02"
"26-09-11 11:47:46.969","-1.7555693E-02"
"26-09-11 11:47:47.863","-1.6596535E-02"
"26-09-11 11:47:48.577","-1.7048267E-02"
"26-09-11 11:47:49.476","-1.8162129E-02"
"26-09-11 11:47:50.191","-1.7617574E-02"
"26-09-11 11:47:51.100","-1.6732673E-02"
"26-09-11 11:47:51.814","-1.8056931E-02"
"26-09-11 11:47:52.717","-1.8762376E-02"
"26-09-11 11:47:53.431","-1.6720297E-02"
"26-09-11 11:47:54.336","-1.7920792E-02"
"26-09-11 11:47:55.050","-1.6509901E-02"
"26-09-11 11:47:55.953","-1.8162129E-02"
"26-09-11 11:47:56.668","-1.6509901E-02"
"26-09-11 11:47:57.567","-1.7660891E-02"
"26-09-11 11:47:58.281","-1.6565594E-02"
"26-09-11 11:47:59.178","-1.7085396E-02"
"26-09-11 11:47:59.894","-1.7308168E-02"
"26-09-11 11:48:00.800","-1.7821782E-02"
"26-09-11 11:48:01.519","-1.7599010E-02"
"26-09-11 11:48:02.417","-1.7320545E-02"
"26-09-11 11:48:03.133","-1.7431931E-02"
"26-09-11 11:48:04.037","-1.7493812E-02"
"26-09-11 11:48:04.750","-1.6986386E-02"
"26-09-11 11:48:05.651","-1.7178218E-02"
"26-09-11 11:48:06.367","-1.6478960E-02"
"26-09-11 11:48:07.267","-1.7215347E-02"
"26-09-11 11:48:07.981","-1.6615099E-02"
"26-09-11 11:48:08.878","-1.7289604E-02"
"26-09-11 11:48:09.595","-1.8094059E-02"
"26-09-11 11:48:10.499","-1.7908416E-02"
"26-09-11 11:48:11.213","-1.6318069E-02"
"26-09-11 11:48:11.928","-1.7741337E-02"
"26-09-11 11:48:12.828","-1.6633663E-02"
"26-09-11 11:48:13.542","-1.6806931E-02"
"26-09-11 11:48:14.440","-1.7834158E-02"
"26-09-11 11:48:15.158","-1.7654703E-02"
"26-09-11 11:48:16.050","-1.8267327E-02"
"26-09-11 11:48:16.765","-1.6516089E-02"
"26-09-11 11:48:17.669","-1.7493812E-02"
"26-09-11 11:48:18.385","-1.7766089E-02"
"26-09-11 11:48:19.280","-1.7419554E-02"
"26-09-11 11:48:19.994","-1.6974010E-02"
"26-09-11 11:48:20.896","-1.7085396E-02"
"26-09-11 11:48:21.612","-1.7079208E-02"
"26-09-11 11:48:22.511","-1.7345297E-02"
"26-09-11 11:48:23.225","-1.7976485E-02"
"26-09-11 11:48:24.131","-1.7277228E-02"
"26-09-11 11:48:24.844","-1.8465347E-02"
"26-09-11 11:48:25.740","-1.7710396E-02"
"26-09-11 11:48:26.455","-1.7908416E-02"
"26-09-11 11:48:27.354","-1.7376238E-02"
"26-09-11 11:48:28.287","-1.7574257E-02"
"26-09-11 11:48:29.004","-1.6936881E-02"
"26-09-11 11:48:29.900","-1.7543317E-02"
"26-09-11 11:48:30.614","-1.7475248E-02"
"26-09-11 11:48:31.518","-1.7091584E-02"
"26-09-11 11:48:32.233","-1.7456683E-02"
"26-09-11 11:48:33.131","-1.6998762E-02"
"26-09-11 11:48:33.844","-1.6349010E-02"
"26-09-11 11:48:34.744","-1.6503713E-02"
"26-09-11 11:48:35.458","-1.7865099E-02"
"26-09-11 11:48:36.362","-1.6714109E-02"
"26-09-11 11:48:37.079","-1.7679455E-02"
"26-09-11 11:48:37.973","-1.7611386E-02"
"26-09-11 11:48:38.688","-1.7537129E-02"
"26-09-11 11:48:39.581","-1.7128713E-02"
"26-09-11 11:48:40.295","-1.7147277E-02"
"26-09-11 11:48:41.204","-1.7023515E-02"
"26-09-11 11:48:41.918","-1.7487624E-02"
"26-09-11 11:48:42.815","-1.7747525E-02"
"26-09-11 11:48:43.531","-1.8360149E-02"
"26-09-11 11:48:44.435","-1.6627475E-02"
"26-09-11 11:48:45.148","-1.8279703E-02"
"26-09-11 11:48:46.044","-1.6936881E-02"
"26-09-11 11:48:46.759","-1.8081683E-02"
"26-09-11 11:48:47.653","-1.6336634E-02"
"26-09-11 11:48:48.368","-1.7778465E-02"
"26-09-11 11:48:49.264","-1.6862624E-02"
"26-09-11 11:48:49.978","-1.6503713E-02"
"26-09-11 11:48:50.895","-1.6992574E-02"
"26-09-11 11:48:51.611","-1.7271040E-02"
"26-09-11 11:48:52.507","-1.8205446E-02"
"26-09-11 11:48:53.222","-1.6837871E-02"
"26-09-11 11:48:54.116","-1.7537129E-02"
"26-09-11 11:48:54.830","-1.7357673E-02"
"26-09-11 11:48:55.726","-1.8434406E-02"
"26-09-11 11:48:56.440","-1.7858911E-02"
"26-09-11 11:48:57.337","-1.6509901E-02"
"26-09-11 11:48:58.050","-1.8589109E-02"
"26-09-11 11:48:58.946","-1.7926980E-02"
"26-09-11 11:48:59.661","-1.7283416E-02"
"26-09-11 11:49:00.560","-1.7159653E-02"
"26-09-11 11:49:01.274","-1.7642327E-02"
"26-09-11 11:49:02.177","-1.6460396E-02"
"26-09-11 11:49:02.891","-1.7240099E-02"
"26-09-11 11:49:03.799","-1.7555693E-02"
"26-09-11 11:49:04.513","-1.6577970E-02"
"26-09-11 11:49:05.417","-1.6819307E-02"
"26-09-11 11:49:06.132","-1.7988861E-02"
"26-09-11 11:49:07.037","-1.6720297E-02"
"26-09-11 11:49:07.751","-1.8149752E-02"
"26-09-11 11:49:08.649","-1.7233911E-02"
"26-09-11 11:49:09.365","-1.7029703E-02"
"26-09-11 11:49:10.261","-1.7153465E-02"
"26-09-11 11:49:10.975","-1.6466584E-02"
"26-09-11 11:49:11.878","-1.8298267E-02"
"26-09-11 11:49:12.591","-1.7400990E-02"
"26-09-11 11:49:13.489","-1.7363861E-02"
"26-09-11 11:49:14.203","-1.7493812E-02"
"26-09-11 11:49:15.099","-1.7357673E-02"
"26-09-11 11:49:15.815","-1.7153465E-02"
"26-09-11 11:49:16.709","-1.7202970E-02"
"26-09-11 11:49:17.423","-1.6875000E-02"
"26-09-11 11:49:18.329","-1.8477723E-02"
"26-09-11 11:49:19.044","-1.7586634E-02"
"26-09-11 11:49:19.945","-1.7320545E-02"
"26-09-11 11:49:20.659","-1.7883663E-02"
"26-09-11 11:49:21.559","-1.6200495E-02"
"26-09-11 11:49:22.274","-1.7877475E-02"
"26-09-11 11:49:23.170","-1.7704208E-02"
"26-09-11 11:49:23.884","-1.7500000E-02"
"26-09-11 11:49:24.780","-1.8700495E-02"
"26-09-11 11:49:25.494","-1.7264851E-02"
"26-09-11 11:49:26.390","-1.6683168E-02"
"26-09-11 11:49:27.105","-1.7716584E-02"
"26-09-11 11:49:28.001","-1.7790842E-02"
"26-09-11 11:49:28.717","-1.7134901E-02"
"26-09-11 11:49:29.643","-1.7988861E-02"
"26-09-11 11:49:30.357","-1.6689356E-02"
"26-09-11 11:49:31.271","-1.7469059E-02"
"26-09-11 11:49:31.985","-1.6051980E-02"
"26-09-11 11:49:32.882","-1.7549505E-02"
"26-09-11 11:49:33.598","-1.7339109E-02"
"26-09-11 11:49:34.750","-1.6825495E-02"
"26-09-11 11:49:35.464","-1.7308168E-02"
"26-09-11 11:49:36.363","-1.7759901E-02"
"26-09-11 11:49:37.079","-1.6732673E-02"
"26-09-11 11:49:37.972","-1.7778465E-02"
"26-09-11 11:49:38.686","-1.7852723E-02"
"26-09-11 11:49:39.586","-1.7295792E-02"
"26-09-11 11:49:40.302","-1.7561881E-02"
"26-09-11 11:49:41.203","-1.6992574E-02"
"26-09-11 11:49:41.917","-1.7042079E-02"
"26-09-11 11:49:42.813","-1.7097772E-02"
"26-09-11 11:49:43.529","-1.7407178E-02"
"26-09-11 11:49:44.434","-1.6806931E-02"
"26-09-11 11:49:45.153","-1.7091584E-02"
"26-09-11 11:49:46.052","-1.7264851E-02"
"26-09-11 11:49:46.768","-1.6318069E-02"
"26-09-11 11:49:47.666","-1.7475248E-02"
"26-09-11 11:49:48.382","-1.7363861E-02"
"26-09-11 11:49:49.286","-1.7308168E-02"
"26-09-11 11:49:50.001","-1.7784653E-02"
"26-09-11 11:49:50.906","-1.7227723E-02"
"26-09-11 11:49:51.620","-1.6676980E-02"
"26-09-11 11:49:52.515","-1.7221535E-02"
"26-09-11 11:49:53.229","-1.7320545E-02"
"26-09-11 11:49:54.125","-1.7357673E-02"
"26-09-11 11:49:54.839","-1.7227723E-02"
"26-09-11 11:49:55.735","-1.6868812E-02"
"26-09-11 11:49:56.452","-1.8056931E-02"
"26-09-11 11:49:57.345","-1.6806931E-02"
"26-09-11 11:49:58.060","-1.7382426E-02"
"26-09-11 11:49:58.967","-1.7017327E-02"
"26-09-11 11:49:59.683","-1.6875000E-02"
"26-09-11 11:50:00.588","-1.9009901E-02"
"26-09-11 11:50:01.304","-1.7271040E-02"
"26-09-11 11:50:02.206","-1.7289604E-02"
"26-09-11 11:50:02.920","-1.6683168E-02"
"26-09-11 11:50:03.816","-1.7011139E-02"
"26-09-11 11:50:04.532","-1.5952970E-02"
"26-09-11 11:50:05.428","-1.6429455E-02"
"26-09-11 11:50:06.142","-1.6961634E-02"
"26-09-11 11:50:07.038","-1.7908416E-02"
"26-09-11 11:50:07.754","-1.6775990E-02"
"26-09-11 11:50:08.648","-1.7834158E-02"
"26-09-11 11:50:09.362","-1.6485149E-02"
"26-09-11 11:50:10.267","-1.7017327E-02"
"26-09-11 11:50:10.985","-1.7438119E-02"
"26-09-11 11:50:11.888","-1.6095297E-02"
"26-09-11 11:50:12.602","-1.8180693E-02"
"26-09-11 11:50:13.497","-1.7252475E-02"
"26-09-11 11:50:14.211","-1.7295792E-02"
"26-09-11 11:50:15.110","-1.7500000E-02"
"26-09-11 11:50:15.825","-1.7431931E-02"
"26-09-11 11:50:16.731","-1.7413366E-02"
"26-09-11 11:50:17.446","-1.6881188E-02"
"26-09-11 11:50:18.349","-1.7308168E-02"
"26-09-11 11:50:19.065","-1.6670792E-02"
"26-09-11 11:50:19.970","-1.6893564E-02"
"26-09-11 11:50:20.684","-1.6540842E-02"
"26-09-11 11:50:21.578","-1.6775990E-02"
"26-09-11 11:50:22.293","-1.7691832E-02"
"26-09-11 11:50:23.191","-1.7716584E-02"
"26-09-11 11:50:23.906","-1.7277228E-02"
"26-09-11 11:50:24.801","-1.7246287E-02"
"26-09-11 11:50:25.515","-1.6986386E-02"
"26-09-11 11:50:26.421","-1.8174505E-02"
"26-09-11 11:50:27.135","-1.8013614E-02"
"26-09-11 11:50:28.032","-1.6726485E-02"
"26-09-11 11:50:28.746","-1.6621287E-02"
"26-09-11 11:50:29.652","-1.7301980E-02"
"26-09-11 11:50:30.367","-1.6571782E-02"
"26-09-11 11:50:31.272","-1.6998762E-02"
"26-09-11 11:50:31.986","-1.6120050E-02"
"26-09-11 11:50:32.892","-1.7011139E-02"
"26-09-11 11:50:33.607","-1.6936881E-02"
"26-09-11 11:50:34.503","-1.6386139E-02"
"26-09-11 11:50:35.218","-1.7363861E-02"
"26-09-11 11:50:36.113","-1.7902228E-02"
"26-09-11 11:50:36.826","-1.7202970E-02"
"26-09-11 11:50:37.723","-1.6429455E-02"
"26-09-11 11:50:38.437","-1.7896040E-02"
"26-09-11 11:50:39.352","-1.7834158E-02"
"26-09-11 11:50:40.069","-1.7017327E-02"
"26-09-11 11:50:41.209","-1.7475248E-02"
"26-09-11 11:50:41.924","-1.7122525E-02"
"26-09-11 11:50:42.822","-1.6646040E-02"
"26-09-11 11:50:43.535","-1.7815594E-02"
"26-09-11 11:50:44.432","-1.7425743E-02"
"26-09-11 11:50:45.149","-1.8032178E-02"
"26-09-11 11:50:46.044","-1.7394802E-02"
"26-09-11 11:50:46.757","-1.6986386E-02"
"26-09-11 11:50:47.654","-1.7351485E-02"
"26-09-11 11:50:48.367","-1.7698020E-02"
"26-09-11 11:50:49.293","-1.6565594E-02"
"26-09-11 11:50:50.008","-1.7023515E-02"
"26-09-11 11:50:50.904","-1.6930693E-02"
"26-09-11 11:50:51.619","-1.7493812E-02"
"26-09-11 11:50:52.514","-1.7103960E-02"
"26-09-11 11:50:53.229","-1.7097772E-02"
"26-09-11 11:50:54.133","-1.6714109E-02"
"26-09-11 11:50:54.848","-1.7889851E-02"
"26-09-11 11:50:55.746","-1.7103960E-02"
"26-09-11 11:50:56.461","-1.7852723E-02"
"26-09-11 11:50:57.358","-1.7190594E-02"
"26-09-11 11:50:58.074","-1.7116337E-02"
"26-09-11 11:50:58.979","-1.7308168E-02"
"26-09-11 11:50:59.693","-1.7679455E-02"
"26-09-11 11:51:00.596","-1.7252475E-02"
"26-09-11 11:51:01.309","-1.7611386E-02"
"26-09-11 11:51:02.204","-1.7512376E-02"
"26-09-11 11:51:02.918","-1.6862624E-02"
"26-09-11 11:51:03.817","-1.7419554E-02"
"26-09-11 11:51:04.532","-1.7017327E-02"
"26-09-11 11:51:05.437","-1.7815594E-02"
"26-09-11 11:51:06.156","-1.6639851E-02"
"26-09-11 11:51:07.059","-1.7654703E-02"
"26-09-11 11:51:07.773","-1.7580446E-02"
"26-09-11 11:51:08.681","-1.8056931E-02"
"26-09-11 11:51:09.395","-1.6930693E-02"
"26-09-11 11:51:10.299","-1.7803218E-02"
"26-09-11 11:51:11.012","-1.7221535E-02"
"26-09-11 11:51:11.919","-1.7116337E-02"
"26-09-11 11:51:12.632","-1.7314356E-02"
"26-09-11 11:51:13.540","-1.7753713E-02"
"26-09-11 11:51:14.256","-1.6262376E-02"
"26-09-11 11:51:15.159","-1.7753713E-02"
"26-09-11 11:51:15.874","-1.7444307E-02"
"26-09-11 11:51:16.767","-1.7227723E-02"
"26-09-11 11:51:17.485","-1.6157178E-02"
"26-09-11 11:51:18.385","-1.7153465E-02"
"26-09-11 11:51:19.099","-1.8254950E-02"
"26-09-11 11:51:20.009","-1.7425743E-02"
"26-09-11 11:51:20.724","-1.7549505E-02"
"26-09-11 11:51:21.621","-1.6002475E-02"
"26-09-11 11:51:22.337","-1.6485149E-02"
"26-09-11 11:51:23.230","-1.7438119E-02"
"26-09-11 11:51:23.945","-1.7103960E-02"
"26-09-11 11:51:24.841","-1.7636139E-02"
"26-09-11 11:51:25.555","-1.7809406E-02"
"26-09-11 11:51:26.452","-1.7345297E-02"
"26-09-11 11:51:27.166","-1.8081683E-02"
"26-09-11 11:51:28.075","-1.7543317E-02"
"26-09-11 11:51:28.790","-1.6813119E-02"
"26-09-11 11:51:29.690","-1.7165842E-02"
"26-09-11 11:51:30.404","-1.7178218E-02"
"26-09-11 11:51:31.302","-1.6831683E-02"
"26-09-11 11:51:32.017","-1.8087871E-02"
"26-09-11 11:51:32.912","-1.7456683E-02"
"26-09-11 11:51:33.627","-1.8118812E-02"
"26-09-11 11:51:34.532","-1.7543317E-02"
"26-09-11 11:51:35.247","-1.7580446E-02"
"26-09-11 11:51:36.139","-1.6868812E-02"
"26-09-11 11:51:36.854","-1.7679455E-02"
"26-09-11 11:51:37.755","-1.7233911E-02"
"26-09-11 11:51:38.469","-1.7691832E-02"
"26-09-11 11:51:39.373","-1.6751238E-02"
"26-09-11 11:51:40.091","-1.7865099E-02"
"26-09-11 11:51:40.993","-1.6912129E-02"
"26-09-11 11:51:41.707","-1.7190594E-02"
"26-09-11 11:51:42.603","-1.7605198E-02"
"26-09-11 11:51:43.319","-1.7103960E-02"
"26-09-11 11:51:44.212","-1.8001238E-02"
"26-09-11 11:51:44.925","-1.8032178E-02"
"26-09-11 11:51:45.825","-1.7134901E-02"
"26-09-11 11:51:46.542","-1.7376238E-02"
"26-09-11 11:51:47.701","-1.6689356E-02"
"26-09-11 11:51:48.415","-1.6856436E-02"
"26-09-11 11:51:49.311","-1.7376238E-02"
"26-09-11 11:51:50.025","-1.8032178E-02"
"26-09-11 11:51:50.924","-1.6503713E-02"
"26-09-11 11:51:51.641","-1.7233911E-02"
"26-09-11 11:51:52.533","-1.8075495E-02"
"26-09-11 11:51:53.246","-1.7512376E-02"
"26-09-11 11:51:54.147","-1.7277228E-02"
"26-09-11 11:51:54.862","-1.7264851E-02"
"26-09-11 11:51:55.766","-1.7351485E-02"
"26-09-11 11:51:56.481","-1.6466584E-02"
"26-09-11 11:51:57.384","-1.6856436E-02"
"26-09-11 11:51:58.100","-1.6751238E-02"
"26-09-11 11:51:58.997","-1.6887376E-02"
"26-09-11 11:51:59.710","-1.6584158E-02"
"26-09-11 11:52:00.606","-1.6912129E-02"
"26-09-11 11:52:01.322","-1.6466584E-02"
"26-09-11 11:52:02.227","-1.6819307E-02"
"26-09-11 11:52:02.941","-1.7004950E-02"
"26-09-11 11:52:03.848","-1.7914604E-02"
"26-09-11 11:52:04.563","-1.7029703E-02"
"26-09-11 11:52:05.457","-1.7091584E-02"
"26-09-11 11:52:06.177","-1.7852723E-02"
"26-09-11 11:52:07.066","-1.8793317E-02"
"26-09-11 11:52:07.780","-1.7871287E-02"
"26-09-11 11:52:08.494","-1.7462871E-02"
"26-09-11 11:52:09.398","-1.7970297E-02"
"26-09-11 11:52:10.114","-1.6899752E-02"
"26-09-11 11:52:11.008","-1.7920792E-02"
"26-09-11 11:52:11.723","-1.6868812E-02"
"26-09-11 11:52:12.616","-1.6868812E-02"
"26-09-11 11:52:13.331","-1.8063119E-02"
"26-09-11 11:52:14.228","-1.7004950E-02"
"26-09-11 11:52:14.943","-1.7190594E-02"
"26-09-11 11:52:15.839","-1.7128713E-02"
"26-09-11 11:52:16.554","-1.7784653E-02"
"26-09-11 11:52:17.454","-1.7172030E-02"
"26-09-11 11:52:18.168","-1.7716584E-02"
"26-09-11 11:52:19.070","-1.7933168E-02"
"26-09-11 11:52:19.785","-1.7654703E-02"
"26-09-11 11:52:20.679","-1.7636139E-02"
"26-09-11 11:52:21.394","-1.7543317E-02"
"26-09-11 11:52:22.289","-1.8013614E-02"
"26-09-11 11:52:23.004","-1.7388614E-02"
"26-09-11 11:52:23.900","-1.7048267E-02"
"26-09-11 11:52:24.616","-1.7469059E-02"
"26-09-11 11:52:25.512","-1.6763614E-02"
"26-09-11 11:52:26.226","-1.6819307E-02"
"26-09-11 11:52:27.131","-1.6429455E-02"
"26-09-11 11:52:27.846","-1.7784653E-02"
"26-09-11 11:52:28.760","-1.7128713E-02"
"26-09-11 11:52:29.475","-1.7103960E-02"
"26-09-11 11:52:30.381","-1.6757426E-02"
"26-09-11 11:52:31.095","-1.7469059E-02"
"26-09-11 11:52:31.991","-1.8750000E-02"
"26-09-11 11:52:32.706","-1.7103960E-02"
"26-09-11 11:52:33.602","-1.6782178E-02"
"26-09-11 11:52:34.321","-1.7642327E-02"
"26-09-11 11:52:35.222","-1.7066832E-02"
"26-09-11 11:52:35.937","-1.7029703E-02"
"26-09-11 11:52:36.832","-1.6924505E-02"
"26-09-11 11:52:37.549","-1.7221535E-02"
"26-09-11 11:52:38.452","-1.7592822E-02"
"26-09-11 11:52:39.168","-1.5965347E-02"
"26-09-11 11:52:40.062","-1.6534653E-02"
"26-09-11 11:52:40.777","-1.8261139E-02"
"26-09-11 11:52:41.682","-1.7821782E-02"
"26-09-11 11:52:42.398","-1.6918317E-02"
"26-09-11 11:52:43.294","-1.7660891E-02"
"26-09-11 11:52:44.007","-1.7444307E-02"
"26-09-11 11:52:44.903","-1.6745050E-02"
"26-09-11 11:52:45.620","-1.6763614E-02"
"26-09-11 11:52:46.514","-1.6961634E-02"
"26-09-11 11:52:47.228","-1.7301980E-02"
"26-09-11 11:52:48.135","-1.7951733E-02"
"26-09-11 11:52:48.851","-1.6293317E-02"
"26-09-11 11:52:49.745","-1.7382426E-02"
"26-09-11 11:52:50.459","-1.7017327E-02"
"26-09-11 11:52:51.356","-1.7803218E-02"
"26-09-11 11:52:52.070","-1.7388614E-02"
"26-09-11 11:52:52.974","-1.7351485E-02"
"26-09-11 11:52:53.907","-1.7407178E-02"
"26-09-11 11:52:54.621","-1.7264851E-02"
"26-09-11 11:52:55.535","-1.7283416E-02"
"26-09-11 11:52:56.249","-1.7660891E-02"
"26-09-11 11:52:57.150","-1.6547030E-02"
"26-09-11 11:52:57.867","-1.6553218E-02"
"26-09-11 11:52:58.766","-1.6540842E-02"
"26-09-11 11:52:59.479","-1.6707921E-02"
"26-09-11 11:53:00.377","-1.7035891E-02"
"26-09-11 11:53:01.093","-1.6683168E-02"
"26-09-11 11:53:01.995","-1.8131188E-02"
"26-09-11 11:53:02.708","-1.7425743E-02"
"26-09-11 11:53:03.609","-1.6955446E-02"
"26-09-11 11:53:04.323","-1.7116337E-02"
"26-09-11 11:53:05.227","-1.7320545E-02"
"26-09-11 11:53:05.945","-1.6788366E-02"
"26-09-11 11:53:06.841","-1.7710396E-02"
"26-09-11 11:53:07.554","-1.7128713E-02"
"26-09-11 11:53:08.458","-1.7215347E-02"
"26-09-11 11:53:09.173","-1.7326733E-02"
"26-09-11 11:53:10.077","-1.7537129E-02"
"26-09-11 11:53:10.792","-1.7233911E-02"
"26-09-11 11:53:11.686","-1.7667079E-02"
"26-09-11 11:53:12.401","-1.7617574E-02"
"26-09-11 11:53:13.299","-1.7314356E-02"
"26-09-11 11:53:14.012","-1.7933168E-02"
"26-09-11 11:53:14.907","-1.7450495E-02"
"26-09-11 11:53:15.623","-1.6615099E-02"
"26-09-11 11:53:16.520","-1.8323020E-02"
"26-09-11 11:53:17.233","-1.7617574E-02"
"26-09-11 11:53:18.138","-1.7537129E-02"
"26-09-11 11:53:18.853","-1.7326733E-02"
"26-09-11 11:53:19.749","-1.8032178E-02"
"26-09-11 11:53:20.463","-1.6639851E-02"
"26-09-11 11:53:21.359","-1.8248762E-02"
"26-09-11 11:53:22.074","-1.7673267E-02"
"26-09-11 11:53:22.988","-1.6014851E-02"
"26-09-11 11:53:23.701","-1.7023515E-02"
"26-09-11 11:53:24.599","-1.7568069E-02"
"26-09-11 11:53:25.314","-1.7283416E-02"
"26-09-11 11:53:26.210","-1.7735149E-02"
"26-09-11 11:53:26.926","-1.6324257E-02"
"26-09-11 11:53:27.639","-1.7073020E-02"
"26-09-11 11:53:28.539","-1.7815594E-02"
"26-09-11 11:53:29.253","-1.7710396E-02"
"26-09-11 11:53:30.152","-1.6547030E-02"
"26-09-11 11:53:30.866","-1.7710396E-02"
"26-09-11 11:53:31.775","-1.6775990E-02"
"26-09-11 11:53:32.489","-1.8372525E-02"
"26-09-11 11:53:33.391","-1.6503713E-02"
"26-09-11 11:53:34.106","-1.7153465E-02"
"26-09-11 11:53:35.002","-1.6683168E-02"
"26-09-11 11:53:35.717","-1.7165842E-02"
"26-09-11 11:53:36.624","-1.7605198E-02"
"26-09-11 11:53:37.341","-1.5977723E-02"
"26-09-11 11:53:38.241","-1.7091584E-02"
"26-09-11 11:53:38.954","-1.6967822E-02"
"26-09-11 11:53:39.852","-1.7574257E-02"
"26-09-11 11:53:40.567","-1.6875000E-02"
"26-09-11 11:53:41.462","-1.7394802E-02"
"26-09-11 11:53:42.176","-1.7289604E-02"
"26-09-11 11:53:43.073","-1.7363861E-02"
"26-09-11 11:53:43.792","-1.7370050E-02"
"26-09-11 11:53:44.693","-1.8001238E-02"
"26-09-11 11:53:45.407","-1.6813119E-02"
"26-09-11 11:53:46.305","-1.7363861E-02"
"26-09-11 11:53:47.020","-1.7766089E-02"
"26-09-11 11:53:47.913","-1.6794554E-02"
"26-09-11 11:53:48.628","-1.6287129E-02"
"26-09-11 11:53:49.533","-1.7858911E-02"
"26-09-11 11:53:50.247","-1.7821782E-02"
"26-09-11 11:53:51.144","-1.8118812E-02"
"26-09-11 11:53:51.859","-1.7877475E-02"
"26-09-11 11:53:52.754","-1.7079208E-02"
"26-09-11 11:53:53.470","-1.6943069E-02"
"26-09-11 11:53:54.365","-1.7939356E-02"
"26-09-11 11:53:55.079","-1.6670792E-02"
"26-09-11 11:53:55.978","-1.7271040E-02"
"26-09-11 11:53:56.693","-1.8422030E-02"
"26-09-11 11:53:57.595","-1.7017327E-02"
"26-09-11 11:53:58.309","-1.6967822E-02"
"26-09-11 11:53:59.207","-1.7314356E-02"
"26-09-11 11:54:00.145","-1.7227723E-02"
"26-09-11 11:54:00.862","-1.6856436E-02"
"26-09-11 11:54:01.755","-1.7889851E-02"
"26-09-11 11:54:02.470","-1.7642327E-02"
"26-09-11 11:54:03.375","-1.6850248E-02"
"26-09-11 11:54:04.090","-1.7580446E-02"
"26-09-11 11:54:04.984","-1.6955446E-02"
"26-09-11 11:54:05.699","-1.6930693E-02"
"26-09-11 11:54:06.599","-1.8477723E-02"
"26-09-11 11:54:07.312","-1.7091584E-02"
"26-09-11 11:54:08.217","-1.7240099E-02"
"26-09-11 11:54:08.933","-1.6998762E-02"
"26-09-11 11:54:09.825","-1.6949257E-02"
"26-09-11 11:54:10.539","-1.7537129E-02"
"26-09-11 11:54:11.437","-1.6608911E-02"
"26-09-11 11:54:12.151","-1.6633663E-02"
"26-09-11 11:54:13.045","-1.6373762E-02"
"26-09-11 11:54:13.763","-1.7060644E-02"
"26-09-11 11:54:14.660","-1.7685644E-02"
"26-09-11 11:54:15.373","-1.7097772E-02"
"26-09-11 11:54:16.280","-1.8570545E-02"
"26-09-11 11:54:16.993","-1.6800743E-02"
"26-09-11 11:54:17.900","-1.7314356E-02"
"26-09-11 11:54:18.615","-1.6522277E-02"
"26-09-11 11:54:19.506","-1.6961634E-02"
"26-09-11 11:54:20.221","-1.7277228E-02"
"26-09-11 11:54:21.118","-1.7357673E-02"
"26-09-11 11:54:21.832","-1.7345297E-02"
"26-09-11 11:54:22.732","-1.8100248E-02"
"26-09-11 11:54:23.446","-1.7326733E-02"
"26-09-11 11:54:24.349","-1.7438119E-02"
"26-09-11 11:54:25.068","-1.6472772E-02"
"26-09-11 11:54:25.972","-1.7642327E-02"
"26-09-11 11:54:26.686","-1.8217822E-02"
"26-09-11 11:54:27.590","-1.7537129E-02"
"26-09-11 11:54:28.304","-1.7233911E-02"
"26-09-11 11:54:29.199","-1.7561881E-02"
"26-09-11 11:54:29.914","-1.6608911E-02"
"26-09-11 11:54:30.822","-1.8038366E-02"
"26-09-11 11:54:31.539","-1.7827970E-02"
"26-09-11 11:54:32.431","-1.7896040E-02"
"26-09-11 11:54:33.146","-1.7939356E-02"
"26-09-11 11:54:34.041","-1.6726485E-02"
"26-09-11 11:54:34.755","-1.6658416E-02"
"26-09-11 11:54:35.656","-1.7592822E-02"
"26-09-11 11:54:36.371","-1.6404703E-02"
"26-09-11 11:54:37.272","-1.7233911E-02"
"26-09-11 11:54:37.986","-1.7425743E-02"
"26-09-11 11:54:38.883","-1.6596535E-02"
"26-09-11 11:54:39.599","-1.7042079E-02"
"26-09-11 11:54:40.495","-1.6751238E-02"
"26-09-11 11:54:41.208","-1.7320545E-02"
"26-09-11 11:54:42.112","-1.6565594E-02"
"26-09-11 11:54:42.826","-1.6912129E-02"
"26-09-11 11:54:43.723","-1.7524752E-02"
"26-09-11 11:54:44.437","-1.6627475E-02"
"26-09-11 11:54:45.374","-1.8137376E-02"
"26-09-11 11:54:46.087","-1.6163366E-02"
"26-09-11 11:54:46.981","-1.7537129E-02"
"26-09-11 11:54:47.695","-1.6714109E-02"
"26-09-11 11:54:48.592","-1.6646040E-02"
"26-09-11 11:54:49.307","-1.7066832E-02"
"26-09-11 11:54:50.204","-1.6522277E-02"
"26-09-11 11:54:50.919","-1.6559406E-02"
"26-09-11 11:54:51.815","-1.7382426E-02"
"26-09-11 11:54:52.529","-1.6683168E-02"
"26-09-11 11:54:53.424","-1.7351485E-02"
"26-09-11 11:54:54.138","-1.7277228E-02"
"26-09-11 11:54:55.034","-1.7357673E-02"
"26-09-11 11:54:55.749","-1.7073020E-02"
"26-09-11 11:54:56.645","-1.7165842E-02"
"26-09-11 11:54:57.359","-1.7716584E-02"
"26-09-11 11:54:58.265","-1.8242574E-02"
"26-09-11 11:54:58.979","-1.7326733E-02"
"26-09-11 11:54:59.885","-1.7178218E-02"
"26-09-11 11:55:00.602","-1.7252475E-02"
"26-09-11 11:55:01.495","-1.7240099E-02"
"26-09-11 11:55:02.209","-1.8632426E-02"
"26-09-11 11:55:03.107","-1.6949257E-02"
"26-09-11 11:55:03.824","-1.6757426E-02"
"26-09-11 11:55:04.724","-1.6658416E-02"
"26-09-11 11:55:05.439","-1.9894802E-02"
"26-09-11 11:55:06.594","-1.6448020E-02"
"26-09-11 11:55:07.308","-1.7673267E-02"
"26-09-11 11:55:08.205","-1.6547030E-02"
"26-09-11 11:55:08.920","-1.7240099E-02"
"26-09-11 11:55:09.816","-1.6423267E-02"
"26-09-11 11:55:10.533","-1.7784653E-02"
"26-09-11 11:55:11.445","-1.6590347E-02"
"26-09-11 11:55:12.160","-1.6522277E-02"
"26-09-11 11:55:13.059","-1.6021040E-02"
"26-09-11 11:55:13.774","-1.6670792E-02"
"26-09-11 11:55:14.678","-1.7097772E-02"
"26-09-11 11:55:15.393","-1.7029703E-02"
"26-09-11 11:55:16.298","-1.6732673E-02"
"26-09-11 11:55:17.012","-1.7215347E-02"
"26-09-11 11:55:17.908","-1.7370050E-02"
"26-09-11 11:55:18.621","-1.7004950E-02"
"26-09-11 11:55:19.519","-1.7271040E-02"
"26-09-11 11:55:20.237","-1.6967822E-02"
"26-09-11 11:55:21.130","-1.7394802E-02"
"26-09-11 11:55:21.845","-1.6881188E-02"
"26-09-11 11:55:22.739","-1.6386139E-02"
"26-09-11 11:55:23.453","-1.6819307E-02"
"26-09-11 11:55:24.350","-1.7821782E-02"
"26-09-11 11:55:25.066","-1.7425743E-02"
"26-09-11 11:55:25.980","-1.6924505E-02"
"26-09-11 11:55:26.694","-1.7172030E-02"
"26-09-11 11:55:27.588","-1.7506188E-02"
"26-09-11 11:55:28.302","-1.7308168E-02"
"26-09-11 11:55:29.201","-1.7586634E-02"
"26-09-11 11:55:29.915","-1.7691832E-02"
"26-09-11 11:55:30.820","-1.6986386E-02"
"26-09-11 11:55:31.540","-1.6324257E-02"
"26-09-11 11:55:32.432","-1.7797030E-02"
"26-09-11 11:55:33.145","-1.7178218E-02"
"26-09-11 11:55:34.051","-1.6813119E-02"
"26-09-11 11:55:34.766","-1.7964109E-02"
"26-09-11 11:55:35.669","-1.7339109E-02"
"26-09-11 11:55:36.384","-1.7209158E-02"
"26-09-11 11:55:37.282","-1.7945545E-02"
"26-09-11 11:55:37.996","-1.7438119E-02"
"26-09-11 11:55:38.903","-1.6955446E-02"
"26-09-11 11:55:39.618","-1.7209158E-02"
"26-09-11 11:55:40.519","-1.7215347E-02"
"26-09-11 11:55:41.234","-1.6763614E-02"
"26-09-11 11:55:42.133","-1.7295792E-02"
"26-09-11 11:55:42.847","-1.6386139E-02"
"26-09-11 11:55:43.754","-1.6293317E-02"
"26-09-11 11:55:44.470","-1.7196782E-02"
"26-09-11 11:55:45.373","-1.5928218E-02"
"26-09-11 11:55:46.090","-1.7388614E-02"
"26-09-11 11:55:46.983","-1.6584158E-02"
"26-09-11 11:55:47.698","-1.6825495E-02"
"26-09-11 11:55:48.590","-1.6602723E-02"
"26-09-11 11:55:49.305","-1.6045792E-02"
"26-09-11 11:55:50.202","-1.6775990E-02"
"26-09-11 11:55:50.921","-1.6664604E-02"
"26-09-11 11:55:51.824","-1.7834158E-02"
"26-09-11 11:55:52.537","-1.8886139E-02"
"26-09-11 11:55:53.443","-1.6924505E-02"
"26-09-11 11:55:54.158","-1.8050743E-02"
"26-09-11 11:55:55.057","-1.7629950E-02"
"26-09-11 11:55:55.773","-1.7128713E-02"
"26-09-11 11:55:56.674","-1.6460396E-02"
"26-09-11 11:55:57.388","-1.6732673E-02"
"26-09-11 11:55:58.284","-1.6924505E-02"
"26-09-11 11:55:58.999","-1.6287129E-02"
"26-09-11 11:55:59.895","-1.6769802E-02"
"26-09-11 11:56:00.608","-1.7048267E-02"
"26-09-11 11:56:01.505","-1.8465347E-02"
"26-09-11 11:56:02.223","-1.6150990E-02"
"26-09-11 11:56:03.124","-1.7481436E-02"
"26-09-11 11:56:03.838","-1.6454208E-02"
"26-09-11 11:56:04.766","-1.8180693E-02"
"26-09-11 11:56:05.481","-1.8254950E-02"
"26-09-11 11:56:06.386","-1.7345297E-02"
"26-09-11 11:56:07.103","-1.7134901E-02"
"26-09-11 11:56:07.996","-1.6757426E-02"
"26-09-11 11:56:08.711","-1.6577970E-02"
"26-09-11 11:56:09.607","-1.7382426E-02"
"26-09-11 11:56:10.321","-1.8459158E-02"
"26-09-11 11:56:11.227","-1.7568069E-02"
"26-09-11 11:56:11.941","-1.7456683E-02"
"26-09-11 11:56:13.092","-1.7277228E-02"
"26-09-11 11:56:13.807","-1.7920792E-02"
"26-09-11 11:56:14.710","-1.6788366E-02"
"26-09-11 11:56:15.427","-1.6256188E-02"
"26-09-11 11:56:16.328","-1.6695545E-02"
"26-09-11 11:56:17.042","-1.7462871E-02"
"26-09-11 11:56:17.937","-1.7351485E-02"
"26-09-11 11:56:18.650","-1.7128713E-02"
"26-09-11 11:56:19.559","-1.6503713E-02"
"26-09-11 11:56:20.273","-1.7116337E-02"
"26-09-11 11:56:21.178","-1.7462871E-02"
"26-09-11 11:56:21.892","-1.7073020E-02"
"26-09-11 11:56:22.788","-1.7735149E-02"
"26-09-11 11:56:23.502","-1.7196782E-02"
"26-09-11 11:56:24.404","-1.7759901E-02"
"26-09-11 11:56:25.119","-1.7698020E-02"
"26-09-11 11:56:26.018","-1.7728960E-02"
"26-09-11 11:56:26.736","-1.7221535E-02"
"26-09-11 11:56:27.639","-1.6961634E-02"
"26-09-11 11:56:28.353","-1.6379950E-02"
"26-09-11 11:56:29.249","-1.6379950E-02"
"26-09-11 11:56:29.964","-1.7363861E-02"
"26-09-11 11:56:30.860","-1.7202970E-02"
"26-09-11 11:56:31.575","-1.8087871E-02"
"26-09-11 11:56:32.470","-1.7209158E-02"
"26-09-11 11:56:33.187","-1.7500000E-02"
"26-09-11 11:56:34.091","-1.7926980E-02"
"26-09-11 11:56:34.805","-1.7438119E-02"
"26-09-11 11:56:35.703","-1.6887376E-02"
"26-09-11 11:56:36.418","-1.7097772E-02"
"26-09-11 11:56:37.321","-1.7988861E-02"
"26-09-11 11:56:38.039","-1.6243812E-02"
"26-09-11 11:56:38.938","-1.7642327E-02"
"26-09-11 11:56:39.653","-1.6825495E-02"
"26-09-11 11:56:40.551","-1.7332921E-02"
"26-09-11 11:56:41.267","-1.7425743E-02"
"26-09-11 11:56:42.158","-1.6936881E-02"
"26-09-11 11:56:42.873","-1.8533416E-02"
"26-09-11 11:56:43.773","-1.7320545E-02"
"26-09-11 11:56:44.490","-1.8254950E-02"
"26-09-11 11:56:45.392","-1.7178218E-02"
"26-09-11 11:56:46.106","-1.6955446E-02"
"26-09-11 11:56:47.009","-1.6986386E-02"
"26-09-11 11:56:47.724","-1.7957921E-02"
"26-09-11 11:56:48.622","-1.7964109E-02"
"26-09-11 11:56:49.340","-1.7202970E-02"
"26-09-11 11:56:50.243","-1.6998762E-02"
"26-09-11 11:56:50.958","-1.7629950E-02"
"26-09-11 11:56:51.852","-1.7147277E-02"
"26-09-11 11:56:52.569","-1.7153465E-02"
"26-09-11 11:56:53.463","-1.8094059E-02"
"26-09-11 11:56:54.178","-1.7116337E-02"
"26-09-11 11:56:55.081","-1.7506188E-02"
"26-09-11 11:56:55.795","-1.7215347E-02"
"26-09-11 11:56:56.694","-1.6825495E-02"
"26-09-11 11:56:57.407","-1.6967822E-02"
"26-09-11 11:56:58.305","-1.7190594E-02"
"26-09-11 11:56:59.021","-1.7035891E-02"
"26-09-11 11:56:59.914","-1.7153465E-02"
"26-09-11 11:57:00.629","-1.6571782E-02"
"26-09-11 11:57:01.535","-1.7648515E-02"
"26-09-11 11:57:02.250","-1.7945545E-02"
"26-09-11 11:57:03.145","-1.7660891E-02"
"26-09-11 11:57:03.859","-1.7264851E-02"
"26-09-11 11:57:04.765","-1.6113861E-02"
"26-09-11 11:57:05.480","-1.7840347E-02"
"26-09-11 11:57:06.376","-1.6410891E-02"
"26-09-11 11:57:07.091","-1.7926980E-02"
"26-09-11 11:57:07.995","-1.7301980E-02"
"26-09-11 11:57:08.709","-1.6775990E-02"
"26-09-11 11:57:09.608","-1.7277228E-02"
"26-09-11 11:57:10.323","-1.7023515E-02"
"26-09-11 11:57:11.225","-1.7400990E-02"
"26-09-11 11:57:11.942","-1.6639851E-02"
"26-09-11 11:57:12.837","-1.7091584E-02"
"26-09-11 11:57:13.551","-1.6992574E-02"
"26-09-11 11:57:14.466","-1.6856436E-02"
"26-09-11 11:57:15.180","-1.7042079E-02"
"26-09-11 11:57:16.079","-1.7184406E-02"
"26-09-11 11:57:16.796","-1.7852723E-02"
"26-09-11 11:57:17.697","-1.6998762E-02"
"26-09-11 11:57:18.411","-1.7339109E-02"
"26-09-11 11:57:19.564","-1.7246287E-02"
"26-09-11 11:57:20.279","-1.7673267E-02"
"26-09-11 11:57:21.177","-1.6664604E-02"
"26-09-11 11:57:21.890","-1.7821782E-02"
"26-09-11 11:57:22.788","-1.7128713E-02"
"26-09-11 11:57:23.506","-1.6448020E-02"
"26-09-11 11:57:24.220","-1.7190594E-02"
"26-09-11 11:57:25.115","-1.7382426E-02"
"26-09-11 11:57:25.830","-1.7710396E-02"
"26-09-11 11:57:26.729","-1.7252475E-02"
"26-09-11 11:57:27.444","-1.6448020E-02"
"26-09-11 11:57:28.357","-1.8063119E-02"
"26-09-11 11:57:29.072","-1.7011139E-02"
"26-09-11 11:57:29.968","-1.7803218E-02"
"26-09-11 11:57:30.683","-1.6423267E-02"
"26-09-11 11:57:31.574","-1.7363861E-02"
"26-09-11 11:57:32.290","-1.7660891E-02"
"26-09-11 11:57:33.192","-1.7617574E-02"
"26-09-11 11:57:33.906","-1.7097772E-02"
"26-09-11 11:57:34.811","-1.7481436E-02"
"26-09-11 11:57:35.525","-1.7029703E-02"
"26-09-11 11:57:36.430","-1.7852723E-02"
"26-09-11 11:57:37.146","-1.6324257E-02"
"26-09-11 11:57:38.038","-1.6794554E-02"
"26-09-11 11:57:38.753","-1.6856436E-02"
"26-09-11 11:57:39.646","-1.6949257E-02"
"26-09-11 11:57:40.360","-1.7438119E-02"
"26-09-11 11:57:41.270","-1.7184406E-02"
"26-09-11 11:57:41.985","-1.6646040E-02"
"26-09-11 11:57:42.882","-1.6875000E-02"
"26-09-11 11:57:43.598","-1.7301980E-02"
"26-09-11 11:57:44.501","-1.7042079E-02"
"26-09-11 11:57:45.216","-1.7326733E-02"
"26-09-11 11:57:46.111","-1.6639851E-02"
"26-09-11 11:57:46.826","-1.7079208E-02"
"26-09-11 11:57:47.718","-1.7487624E-02"
"26-09-11 11:57:48.433","-1.7493812E-02"
"26-09-11 11:57:49.335","-1.7246287E-02"
"26-09-11 11:57:50.050","-1.7085396E-02"
"26-09-11 11:57:50.953","-1.7388614E-02"
"26-09-11 11:57:51.666","-1.6992574E-02"
"26-09-11 11:57:52.563","-1.7419554E-02"
"26-09-11 11:57:53.278","-1.7134901E-02"
"26-09-11 11:57:54.183","-1.6825495E-02"
"26-09-11 11:57:54.898","-1.7512376E-02"
"26-09-11 11:57:55.805","-1.7487624E-02"
"26-09-11 11:57:56.522","-1.6707921E-02"
"26-09-11 11:57:57.427","-1.6410891E-02"
"26-09-11 11:57:58.141","-1.6751238E-02"
"26-09-11 11:57:59.045","-1.7543317E-02"
"26-09-11 11:57:59.758","-1.7431931E-02"
"26-09-11 11:58:00.664","-1.6819307E-02"
"26-09-11 11:58:01.379","-1.8409653E-02"
"26-09-11 11:58:02.275","-1.8428218E-02"
"26-09-11 11:58:02.989","-1.6738861E-02"
"26-09-11 11:58:03.896","-1.5897277E-02"
"26-09-11 11:58:04.610","-1.7097772E-02"
"26-09-11 11:58:05.518","-1.7957921E-02"
"26-09-11 11:58:06.232","-1.7258663E-02"
"26-09-11 11:58:07.136","-1.7487624E-02"
"26-09-11 11:58:07.851","-1.8143564E-02"
"26-09-11 11:58:08.763","-1.7580446E-02"
"26-09-11 11:58:09.481","-1.6101485E-02"
"26-09-11 11:58:10.376","-1.8663366E-02"
"26-09-11 11:58:11.091","-1.5804455E-02"
"26-09-11 11:58:11.987","-1.7475248E-02"
"26-09-11 11:58:12.706","-1.7209158E-02"
"26-09-11 11:58:13.607","-1.6516089E-02"
"26-09-11 11:58:14.322","-1.7413366E-02"
"26-09-11 11:58:15.226","-1.7209158E-02"
"26-09-11 11:58:15.941","-1.7240099E-02"
"26-09-11 11:58:16.836","-1.7896040E-02"
"26-09-11 11:58:17.551","-1.6664604E-02"
"26-09-11 11:58:18.448","-1.7636139E-02"
"26-09-11 11:58:19.163","-1.7722772E-02"
"26-09-11 11:58:20.069","-1.7809406E-02"
"26-09-11 11:58:20.784","-1.7462871E-02"
"26-09-11 11:58:21.688","-1.6522277E-02"
"26-09-11 11:58:22.402","-1.7128713E-02"
"26-09-11 11:58:23.316","-1.6788366E-02"
"26-09-11 11:58:24.033","-1.7568069E-02"
"26-09-11 11:58:24.929","-1.6652228E-02"
"26-09-11 11:58:25.863","-1.7308168E-02"
"26-09-11 11:58:26.578","-1.6974010E-02"
"26-09-11 11:58:27.477","-1.7858911E-02"
"26-09-11 11:58:28.192","-1.7660891E-02"
"26-09-11 11:58:29.089","-1.7122525E-02"
"26-09-11 11:58:29.802","-1.7073020E-02"
"26-09-11 11:58:30.708","-1.7487624E-02"
"26-09-11 11:58:31.422","-1.7586634E-02"
"26-09-11 11:58:32.319","-1.7314356E-02"
"26-09-11 11:58:33.033","-1.7035891E-02"
"26-09-11 11:58:33.939","-1.7506188E-02"
"26-09-11 11:58:34.654","-1.6992574E-02"
"26-09-11 11:58:35.548","-1.6336634E-02"
"26-09-11 11:58:36.261","-1.6974010E-02"
"26-09-11 11:58:37.167","-1.6274752E-02"
"26-09-11 11:58:37.881","-1.6967822E-02"
"26-09-11 11:58:38.779","-1.7159653E-02"
"26-09-11 11:58:39.493","-1.7134901E-02"
"26-09-11 11:58:40.390","-1.7271040E-02"
"26-09-11 11:58:41.105","-1.7883663E-02"
"26-09-11 11:58:42.010","-1.7122525E-02"
"26-09-11 11:58:42.724","-1.7320545E-02"
"26-09-11 11:58:43.440","-1.7134901E-02"
"26-09-11 11:58:44.329","-1.7413366E-02"
"26-09-11 11:58:45.043","-1.7147277E-02"
"26-09-11 11:58:45.941","-1.7184406E-02"
"26-09-11 11:58:46.656","-1.6887376E-02"
"26-09-11 11:58:47.552","-1.6429455E-02"
"26-09-11 11:58:48.268","-1.7475248E-02"
"26-09-11 11:58:49.161","-1.6410891E-02"
"26-09-11 11:58:49.875","-1.6775990E-02"
"26-09-11 11:58:50.772","-1.6769802E-02"
"26-09-11 11:58:51.486","-1.7264851E-02"
"26-09-11 11:58:52.394","-1.7728960E-02"
"26-09-11 11:58:53.108","-1.7407178E-02"
"26-09-11 11:58:54.015","-1.8329208E-02"
"26-09-11 11:58:54.728","-1.8267327E-02"
"26-09-11 11:58:55.636","-1.7252475E-02"
"26-09-11 11:58:56.350","-1.8415842E-02"
"26-09-11 11:58:57.252","-1.7165842E-02"
"26-09-11 11:58:57.970","-1.7896040E-02"
"26-09-11 11:58:58.863","-1.7209158E-02"
"26-09-11 11:58:59.577","-1.6602723E-02"
"26-09-11 11:59:00.472","-1.7809406E-02"
"26-09-11 11:59:01.187","-1.6627475E-02"
"26-09-11 11:59:02.090","-1.7487624E-02"
"26-09-11 11:59:02.803","-1.8366337E-02"
"26-09-11 11:59:03.713","-1.7271040E-02"
"26-09-11 11:59:04.426","-1.7066832E-02"
"26-09-11 11:59:05.324","-1.7079208E-02"
"26-09-11 11:59:06.037","-1.7153465E-02"
"26-09-11 11:59:06.933","-1.7530941E-02"
"26-09-11 11:59:07.648","-1.6683168E-02"
"26-09-11 11:59:08.545","-1.6707921E-02"
"26-09-11 11:59:09.260","-1.8360149E-02"
"26-09-11 11:59:10.166","-1.7500000E-02"
"26-09-11 11:59:10.881","-1.6788366E-02"
"26-09-11 11:59:11.781","-1.7103960E-02"
"26-09-11 11:59:12.494","-1.7178218E-02"
"26-09-11 11:59:13.395","-1.7555693E-02"
"26-09-11 11:59:14.110","-1.6268564E-02"
"26-09-11 11:59:15.015","-1.6658416E-02"
"26-09-11 11:59:15.730","-1.7623762E-02"
"26-09-11 11:59:16.635","-1.7481436E-02"
"26-09-11 11:59:17.352","-1.7221535E-02"
"26-09-11 11:59:18.244","-1.6689356E-02"
"26-09-11 11:59:18.958","-1.7042079E-02"
"26-09-11 11:59:19.857","-1.7103960E-02"
"26-09-11 11:59:20.571","-1.7722772E-02"
"26-09-11 11:59:21.465","-1.6646040E-02"
"26-09-11 11:59:22.179","-1.6856436E-02"
"26-09-11 11:59:23.087","-1.7667079E-02"
"26-09-11 11:59:23.802","-1.6689356E-02"
"26-09-11 11:59:24.697","-1.7240099E-02"
"26-09-11 11:59:25.412","-1.7586634E-02"
"26-09-11 11:59:26.306","-1.7017327E-02"
"26-09-11 11:59:27.021","-1.6701733E-02"
"26-09-11 11:59:27.918","-1.6856436E-02"
"26-09-11 11:59:28.633","-1.6930693E-02"
"26-09-11 11:59:29.523","-1.8019802E-02"
"26-09-11 11:59:30.238","-1.6955446E-02"
"26-09-11 11:59:31.148","-1.7444307E-02"
"26-09-11 11:59:32.085","-1.7011139E-02"
"26-09-11 11:59:32.798","-1.7252475E-02"
"26-09-11 11:59:33.698","-1.7840347E-02"
"26-09-11 11:59:34.412","-1.7926980E-02"
"26-09-11 11:59:35.318","-1.7264851E-02"
"26-09-11 11:59:36.033","-1.6522277E-02"
"26-09-11 11:59:36.929","-1.7178218E-02"
"26-09-11 11:59:37.644","-1.6794554E-02"
"26-09-11 11:59:38.539","-1.7945545E-02"
"26-09-11 11:59:39.254","-1.6745050E-02"
"26-09-11 11:59:40.150","-1.6887376E-02"
"26-09-11 11:59:40.864","-1.6268564E-02"
"26-09-11 11:59:41.764","-1.8366337E-02"
"26-09-11 11:59:42.479","-1.7240099E-02"
"26-09-11 11:59:43.380","-1.6683168E-02"
"26-09-11 11:59:44.098","-1.7240099E-02"
"26-09-11 11:59:45.001","-1.7667079E-02"
"26-09-11 11:59:45.714","-1.7190594E-02"
"26-09-11 11:59:46.612","-1.6670792E-02"
"26-09-11 11:59:47.327","-1.6837871E-02"
"26-09-11 11:59:48.218","-1.7023515E-02"
"26-09-11 11:59:48.931","-1.7258663E-02"
"26-09-11 11:59:49.832","-1.7871287E-02"
"26-09-11 11:59:50.549","-1.6992574E-02"
"26-09-11 11:59:51.445","-1.7691832E-02"
"26-09-11 11:59:52.159","-1.7004950E-02"
"26-09-11 11:59:53.062","-1.7679455E-02"
"26-09-11 11:59:53.777","-1.8193069E-02"
"26-09-11 11:59:54.674","-1.6361386E-02"
"26-09-11 11:59:55.388","-1.7017327E-02"
"26-09-11 11:59:56.290","-1.7196782E-02"
"26-09-11 11:59:57.005","-1.7865099E-02"
"26-09-11 11:59:57.911","-1.6689356E-02"
"26-09-11 11:59:58.628","-1.7320545E-02"
"26-09-11 11:59:59.525","-1.7339109E-02"
"26-09-11 12:00:00.238","-1.7202970E-02"
"26-09-11 12:00:01.174","-1.7450495E-02"
"26-09-11 12:00:01.888","-1.7339109E-02"
"26-09-11 12:00:02.785","-1.6881188E-02"
"26-09-11 12:00:03.499","-1.6175743E-02"
"26-09-11 12:00:04.393","-1.6986386E-02"
"26-09-11 12:00:05.108","-1.7456683E-02"
"26-09-11 12:00:06.004","-1.7698020E-02"
"26-09-11 12:00:06.718","-1.7691832E-02"
"26-09-11 12:00:07.614","-1.6998762E-02"
"26-09-11 12:00:08.329","-1.7042079E-02"
"26-09-11 12:00:09.222","-1.7246287E-02"
"26-09-11 12:00:09.937","-1.6472772E-02"
"26-09-11 12:00:10.836","-1.6478960E-02"
"26-09-11 12:00:11.551","-1.7116337E-02"
"26-09-11 12:00:12.454","-1.6250000E-02"
"26-09-11 12:00:13.167","-1.7345297E-02"
"26-09-11 12:00:14.062","-1.7066832E-02"
"26-09-11 12:00:14.778","-1.7370050E-02"
"26-09-11 12:00:15.676","-1.7172030E-02"
"26-09-11 12:00:16.391","-1.7264851E-02"
"26-09-11 12:00:17.298","-1.8601485E-02"
"26-09-11 12:00:18.011","-1.7085396E-02"
"26-09-11 12:00:18.916","-1.7926980E-02"
"26-09-11 12:00:19.632","-1.6912129E-02"
"26-09-11 12:00:20.525","-1.6918317E-02"
"26-09-11 12:00:21.239","-1.7314356E-02"
"26-09-11 12:00:22.142","-1.7543317E-02"
"26-09-11 12:00:22.855","-1.6658416E-02"
"26-09-11 12:00:23.757","-1.6466584E-02"
"26-09-11 12:00:24.472","-1.6813119E-02"
"26-09-11 12:00:25.377","-1.5569307E-02"
"26-09-11 12:00:26.091","-1.7865099E-02"
"26-09-11 12:00:26.984","-1.7431931E-02"
"26-09-11 12:00:27.699","-1.6225248E-02"
"26-09-11 12:00:28.597","-1.7184406E-02"
"26-09-11 12:00:29.310","-1.7970297E-02"
"26-09-11 12:00:30.207","-1.7438119E-02"
"26-09-11 12:00:30.921","-1.6788366E-02"
"26-09-11 12:00:31.829","-1.7809406E-02"
"26-09-11 12:00:32.544","-1.6751238E-02"
"26-09-11 12:00:33.449","-1.5928218E-02"
"26-09-11 12:00:34.164","-1.7667079E-02"
"26-09-11 12:00:35.059","-1.7803218E-02"
"26-09-11 12:00:35.773","-1.6986386E-02"
"26-09-11 12:00:36.680","-1.6769802E-02"
"26-09-11 12:00:37.394","-1.7394802E-02"
"26-09-11 12:00:38.553","-1.6144802E-02"
"26-09-11 12:00:39.270","-1.7240099E-02"
"26-09-11 12:00:40.173","-1.7110149E-02"
"26-09-11 12:00:40.889","-1.7246287E-02"
"26-09-11 12:00:41.791","-1.7728960E-02"
"26-09-11 12:00:42.506","-1.7097772E-02"
"26-09-11 12:00:43.411","-1.7122525E-02"
"26-09-11 12:00:44.126","-1.7178218E-02"
"26-09-11 12:00:45.034","-1.7902228E-02"
"26-09-11 12:00:45.748","-1.6237624E-02"
"26-09-11 12:00:46.651","-1.6782178E-02"
"26-09-11 12:00:47.366","-1.6534653E-02"
"26-09-11 12:00:48.263","-1.7091584E-02"
"26-09-11 12:00:48.977","-1.6905941E-02"
"26-09-11 12:00:49.883","-1.7085396E-02"
"26-09-11 12:00:50.598","-1.7357673E-02"
"26-09-11 12:00:51.502","-1.6738861E-02"
"26-09-11 12:00:52.221","-1.7202970E-02"
"26-09-11 12:00:53.119","-1.7382426E-02"
"26-09-11 12:00:53.833","-1.7190594E-02"
"26-09-11 12:00:54.731","-1.7889851E-02"
"26-09-11 12:00:55.447","-1.7134901E-02"
"26-09-11 12:00:56.342","-1.6584158E-02"
"26-09-11 12:00:57.057","-1.6212871E-02"
"26-09-11 12:00:57.953","-1.6528465E-02"
"26-09-11 12:00:58.668","-1.6868812E-02"
"26-09-11 12:00:59.561","-1.6918317E-02"
"26-09-11 12:01:00.276","-1.7240099E-02"
"26-09-11 12:01:01.181","-1.7438119E-02"
"26-09-11 12:01:01.897","-1.7184406E-02"
"26-09-11 12:01:02.794","-1.6905941E-02"
"26-09-11 12:01:03.508","-1.6676980E-02"
"26-09-11 12:01:04.413","-1.7283416E-02"
"26-09-11 12:01:05.128","-1.8224010E-02"
"26-09-11 12:01:06.042","-1.7246287E-02"
"26-09-11 12:01:06.756","-1.7165842E-02"
"26-09-11 12:01:07.651","-1.6410891E-02"
"26-09-11 12:01:08.365","-1.6435644E-02"
"26-09-11 12:01:09.266","-1.7134901E-02"
"26-09-11 12:01:09.980","-1.8087871E-02"
"26-09-11 12:01:10.887","-1.6837871E-02"
"26-09-11 12:01:11.602","-1.7357673E-02"
"26-09-11 12:01:12.503","-1.7920792E-02"
"26-09-11 12:01:13.218","-1.7233911E-02"
"26-09-11 12:01:14.114","-1.7456683E-02"
"26-09-11 12:01:14.830","-1.6875000E-02"
"26-09-11 12:01:15.725","-1.6924505E-02"
"26-09-11 12:01:16.440","-1.6596535E-02"
"26-09-11 12:01:17.336","-1.7555693E-02"
"26-09-11 12:01:18.051","-1.7233911E-02"
"26-09-11 12:01:18.946","-1.7184406E-02"
"26-09-11 12:01:19.660","-1.7790842E-02"
"26-09-11 12:01:20.597","-1.7481436E-02"
"26-09-11 12:01:21.311","-1.6596535E-02"
"26-09-11 12:01:22.203","-1.8118812E-02"
"26-09-11 12:01:22.917","-1.7642327E-02"
"26-09-11 12:01:23.816","-1.7561881E-02"
"26-09-11 12:01:24.530","-1.7190594E-02"
"26-09-11 12:01:25.436","-1.5996287E-02"
"26-09-11 12:01:26.149","-1.7493812E-02"
"26-09-11 12:01:27.047","-1.6788366E-02"
"26-09-11 12:01:27.762","-1.7184406E-02"
"26-09-11 12:01:28.658","-1.8205446E-02"
"26-09-11 12:01:29.373","-1.7382426E-02"
"26-09-11 12:01:30.280","-1.6349010E-02"
"26-09-11 12:01:30.995","-1.6930693E-02"
"26-09-11 12:01:31.898","-1.6800743E-02"
"26-09-11 12:01:32.612","-1.6590347E-02"
"26-09-11 12:01:33.519","-1.8094059E-02"
"26-09-11 12:01:34.235","-1.6745050E-02"
"26-09-11 12:01:35.136","-1.6596535E-02"
"26-09-11 12:01:35.853","-1.6720297E-02"
"26-09-11 12:01:36.749","-1.6652228E-02"
"26-09-11 12:01:37.463","-1.7691832E-02"
"26-09-11 12:01:38.356","-1.7301980E-02"
"26-09-11 12:01:39.071","-1.7747525E-02"
"26-09-11 12:01:39.977","-1.7209158E-02"
"26-09-11 12:01:40.691","-1.7425743E-02"
"26-09-11 12:01:41.590","-1.7642327E-02"
"26-09-11 12:01:42.304","-1.8155941E-02"
"26-09-11 12:01:43.207","-1.7759901E-02"
"26-09-11 12:01:43.922","-1.7388614E-02"
"26-09-11 12:01:45.070","-1.6274752E-02"
"26-09-11 12:01:45.786","-1.7469059E-02"
"26-09-11 12:01:46.689","-1.7506188E-02"
"26-09-11 12:01:47.404","-1.6608911E-02"
"26-09-11 12:01:48.301","-1.6194307E-02"
"26-09-11 12:01:49.015","-1.7035891E-02"
"26-09-11 12:01:49.914","-1.6274752E-02"
"26-09-11 12:01:50.628","-1.7122525E-02"
"26-09-11 12:01:51.534","-1.8069307E-02"
"26-09-11 12:01:52.248","-1.6955446E-02"
"26-09-11 12:01:53.152","-1.6751238E-02"
"26-09-11 12:01:53.868","-1.6943069E-02"
"26-09-11 12:01:54.772","-1.7475248E-02"
"26-09-11 12:01:55.486","-1.6918317E-02"
"26-09-11 12:01:56.391","-1.6856436E-02"
"26-09-11 12:01:57.106","-1.6652228E-02"
"26-09-11 12:01:58.001","-1.7128713E-02"
"26-09-11 12:01:58.719","-1.8081683E-02"
"26-09-11 12:01:59.624","-1.6237624E-02"
"26-09-11 12:02:00.339","-1.7462871E-02"
"26-09-11 12:02:01.250","-1.7660891E-02"
"26-09-11 12:02:01.965","-1.5563119E-02"
"26-09-11 12:02:02.862","-1.7332921E-02"
"26-09-11 12:02:03.576","-1.6243812E-02"
"26-09-11 12:02:04.472","-1.6404703E-02"
"26-09-11 12:02:05.187","-1.6912129E-02"
"26-09-11 12:02:06.083","-1.7042079E-02"
"26-09-11 12:02:06.798","-1.7060644E-02"
"26-09-11 12:02:07.695","-1.7091584E-02"
"26-09-11 12:02:08.408","-1.7351485E-02"
"26-09-11 12:02:09.314","-1.6441832E-02"
"26-09-11 12:02:10.027","-1.6664604E-02"
"26-09-11 12:02:10.934","-1.7116337E-02"
"26-09-11 12:02:11.648","-1.7042079E-02"
"26-09-11 12:02:12.554","-1.7004950E-02"
"26-09-11 12:02:13.267","-1.6429455E-02"
"26-09-11 12:02:14.174","-1.6516089E-02"
"26-09-11 12:02:14.887","-1.7252475E-02"
"26-09-11 12:02:15.785","-1.6998762E-02"
"26-09-11 12:02:16.500","-1.7865099E-02"
"26-09-11 12:02:17.404","-1.7685644E-02"
"26-09-11 12:02:18.119","-1.7685644E-02"
"26-09-11 12:02:19.024","-1.6745050E-02"
"26-09-11 12:02:19.739","-1.6658416E-02"
"26-09-11 12:02:20.643","-1.7085396E-02"
"26-09-11 12:02:21.357","-1.7289604E-02"
"26-09-11 12:02:22.254","-1.6497525E-02"
"26-09-11 12:02:22.969","-1.7456683E-02"
"26-09-11 12:02:23.863","-1.7141089E-02"
"26-09-11 12:02:24.579","-1.6676980E-02"
"26-09-11 12:02:25.477","-1.7797030E-02"
"26-09-11 12:02:26.191","-1.6714109E-02"
"26-09-11 12:02:27.086","-1.7481436E-02"
"26-09-11 12:02:27.804","-1.7153465E-02"
"26-09-11 12:02:28.717","-1.7252475E-02"
"26-09-11 12:02:29.432","-1.6571782E-02"
"26-09-11 12:02:30.338","-1.7073020E-02"
"26-09-11 12:02:31.053","-1.7178218E-02"
"26-09-11 12:02:31.958","-1.7314356E-02"
"26-09-11 12:02:32.673","-1.7555693E-02"
"26-09-11 12:02:33.576","-1.6955446E-02"
"26-09-11 12:02:34.290","-1.6992574E-02"
"26-09-11 12:02:35.187","-1.6961634E-02"
"26-09-11 12:02:35.902","-1.7122525E-02"
"26-09-11 12:02:36.798","-1.7196782E-02"
"26-09-11 12:02:37.513","-1.6905941E-02"
"26-09-11 12:02:38.412","-1.7165842E-02"
"26-09-11 12:02:39.128","-1.6417079E-02"
"26-09-11 12:02:39.843","-1.7035891E-02"
"26-09-11 12:02:40.749","-1.6998762E-02"
"26-09-11 12:02:41.466","-1.7035891E-02"
"26-09-11 12:02:42.359","-1.7803218E-02"
"26-09-11 12:02:43.074","-1.7339109E-02"
"26-09-11 12:02:43.969","-1.6850248E-02"
"26-09-11 12:02:44.683","-1.6769802E-02"
"26-09-11 12:02:45.589","-1.7555693E-02"
"26-09-11 12:02:46.302","-1.7066832E-02"
"26-09-11 12:02:47.199","-1.8044554E-02"
"26-09-11 12:02:47.914","-1.7314356E-02"
"26-09-11 12:02:48.812","-1.6837871E-02"
"26-09-11 12:02:49.525","-1.7153465E-02"
"26-09-11 12:02:50.428","-1.7871287E-02"
"26-09-11 12:02:51.360","-1.6936881E-02"
"26-09-11 12:02:52.074","-1.6076733E-02"
"26-09-11 12:02:52.972","-1.8001238E-02"
"26-09-11 12:02:53.685","-1.7221535E-02"
"26-09-11 12:02:54.600","-1.7122525E-02"
"26-09-11 12:02:55.313","-1.7153465E-02"
"26-09-11 12:02:56.210","-1.7091584E-02"
"26-09-11 12:02:56.924","-1.6751238E-02"
"26-09-11 12:02:57.823","-1.6212871E-02"
"26-09-11 12:02:58.538","-1.8415842E-02"
"26-09-11 12:02:59.446","-1.6763614E-02"
"26-09-11 12:03:00.163","-1.6912129E-02"
"26-09-11 12:03:01.062","-1.5371287E-02"
"26-09-11 12:03:01.776","-1.6243812E-02"
"26-09-11 12:03:02.674","-1.7209158E-02"
"26-09-11 12:03:03.390","-1.7370050E-02"
"26-09-11 12:03:04.291","-1.7685644E-02"
"26-09-11 12:03:05.005","-1.6875000E-02"
"26-09-11 12:03:05.904","-1.6726485E-02"
"26-09-11 12:03:06.617","-1.6695545E-02"
"26-09-11 12:03:07.513","-1.7029703E-02"
"26-09-11 12:03:08.228","-1.7085396E-02"
"26-09-11 12:03:09.136","-1.7110149E-02"
"26-09-11 12:03:09.851","-1.7153465E-02"
"26-09-11 12:03:10.753","-1.7524752E-02"
"26-09-11 12:03:11.467","-1.7351485E-02"
"26-09-11 12:03:12.374","-1.7951733E-02"
"26-09-11 12:03:13.090","-1.6509901E-02"
"26-09-11 12:03:13.994","-1.6862624E-02"
"26-09-11 12:03:14.708","-1.7066832E-02"
"26-09-11 12:03:15.605","-1.7271040E-02"
"26-09-11 12:03:16.318","-1.7970297E-02"
"26-09-11 12:03:17.225","-1.8019802E-02"
"26-09-11 12:03:17.941","-1.7332921E-02"
"26-09-11 12:03:18.848","-1.7524752E-02"
"26-09-11 12:03:19.563","-1.6485149E-02"
"26-09-11 12:03:20.465","-1.7487624E-02"
"26-09-11 12:03:21.180","-1.6850248E-02"
"26-09-11 12:03:22.087","-1.7283416E-02"
"26-09-11 12:03:22.801","-1.8013614E-02"
"26-09-11 12:03:23.708","-1.6757426E-02"
"26-09-11 12:03:24.422","-1.6986386E-02"
"26-09-11 12:03:25.326","-1.6905941E-02"
"26-09-11 12:03:26.041","-1.6584158E-02"
"26-09-11 12:03:26.937","-1.7518564E-02"
"26-09-11 12:03:27.652","-1.6924505E-02"
"26-09-11 12:03:28.552","-1.6596535E-02"
"26-09-11 12:03:29.269","-1.7784653E-02"
"26-09-11 12:03:30.167","-1.7512376E-02"
"26-09-11 12:03:30.881","-1.6676980E-02"
"26-09-11 12:03:31.779","-1.6881188E-02"
"26-09-11 12:03:32.498","-1.6132426E-02"
"26-09-11 12:03:33.397","-1.7289604E-02"
"26-09-11 12:03:34.112","-1.7301980E-02"
"26-09-11 12:03:35.007","-1.6478960E-02"
"26-09-11 12:03:35.724","-1.7400990E-02"
"26-09-11 12:03:36.625","-1.6837871E-02"
"26-09-11 12:03:37.338","-1.6893564E-02"
"26-09-11 12:03:38.240","-1.7153465E-02"
"26-09-11 12:03:38.955","-1.6695545E-02"
"26-09-11 12:03:39.861","-1.7642327E-02"
"26-09-11 12:03:40.576","-1.6441832E-02"
"26-09-11 12:03:41.480","-1.7852723E-02"
"26-09-11 12:03:42.194","-1.7184406E-02"
"26-09-11 12:03:43.098","-1.7066832E-02"
"26-09-11 12:03:43.812","-1.6881188E-02"
"26-09-11 12:03:44.707","-1.7202970E-02"
"26-09-11 12:03:45.422","-1.6868812E-02"
"26-09-11 12:03:46.318","-1.7493812E-02"
"26-09-11 12:03:47.034","-1.7629950E-02"
"26-09-11 12:03:47.939","-1.8230198E-02"
"26-09-11 12:03:48.654","-1.7252475E-02"
"26-09-11 12:03:49.567","-1.7097772E-02"
"26-09-11 12:03:50.282","-1.6720297E-02"
"26-09-11 12:03:51.180","-1.7209158E-02"
"26-09-11 12:03:51.894","-1.6967822E-02"
"26-09-11 12:03:52.789","-1.7456683E-02"
"26-09-11 12:03:53.504","-1.7042079E-02"
"26-09-11 12:03:54.411","-1.8285891E-02"
"26-09-11 12:03:55.128","-1.6998762E-02"
"26-09-11 12:03:56.021","-1.7060644E-02"
"26-09-11 12:03:56.734","-1.8719059E-02"
"26-09-11 12:03:57.885","-1.6577970E-02"
"26-09-11 12:03:58.599","-1.6806931E-02"
"26-09-11 12:03:59.312","-1.7852723E-02"
"26-09-11 12:04:00.210","-1.7258663E-02"
"26-09-11 12:04:00.925","-1.6788366E-02"
"26-09-11 12:04:01.820","-1.7400990E-02"
"26-09-11 12:04:02.536","-1.7277228E-02"
"26-09-11 12:04:03.438","-1.6404703E-02"
"26-09-11 12:04:04.153","-1.6850248E-02"
"26-09-11 12:04:05.050","-1.7518564E-02"
"26-09-11 12:04:05.765","-1.6800743E-02"
"26-09-11 12:04:06.664","-1.7400990E-02"
"26-09-11 12:04:07.378","-1.6454208E-02"
"26-09-11 12:04:08.286","-1.7629950E-02"
"26-09-11 12:04:09.001","-1.6280941E-02"
"26-09-11 12:04:09.902","-1.8075495E-02"
"26-09-11 12:04:10.616","-1.6485149E-02"
"26-09-11 12:04:11.511","-1.6417079E-02"
"26-09-11 12:04:12.226","-1.6565594E-02"
"26-09-11 12:04:13.122","-1.7611386E-02"
"26-09-11 12:04:13.836","-1.7351485E-02"
"26-09-11 12:04:14.733","-1.7964109E-02"
"26-09-11 12:04:15.448","-1.6757426E-02"
"26-09-11 12:04:16.353","-1.7772277E-02"
"26-09-11 12:04:17.068","-1.7283416E-02"
"26-09-11 12:04:17.967","-1.7716584E-02"
"26-09-11 12:04:18.681","-1.7376238E-02"
"26-09-11 12:04:19.584","-1.7642327E-02"
"26-09-11 12:04:20.302","-1.7896040E-02"
"26-09-11 12:04:21.196","-1.7042079E-02"
"26-09-11 12:04:21.910","-1.7215347E-02"
"26-09-11 12:04:22.815","-1.6652228E-02"
"26-09-11 12:04:23.530","-1.8657178E-02"
"26-09-11 12:04:24.425","-1.6410891E-02"
"26-09-11 12:04:25.140","-1.7586634E-02"
"26-09-11 12:04:26.045","-1.6633663E-02"
"26-09-11 12:04:26.759","-1.7029703E-02"
"26-09-11 12:04:27.658","-1.7407178E-02"
"26-09-11 12:04:28.372","-1.7370050E-02"
"26-09-11 12:04:29.278","-1.7060644E-02"
"26-09-11 12:04:29.991","-1.6584158E-02"
"26-09-11 12:04:30.896","-1.7339109E-02"
"26-09-11 12:04:31.610","-1.6571782E-02"
"26-09-11 12:04:32.516","-1.6936881E-02"
"26-09-11 12:04:33.231","-1.6448020E-02"
"26-09-11 12:04:34.129","-1.7834158E-02"
"26-09-11 12:04:34.842","-1.6794554E-02"
"26-09-11 12:04:35.748","-1.6943069E-02"
"26-09-11 12:04:36.463","-1.6361386E-02"
"26-09-11 12:04:37.368","-1.6918317E-02"
"26-09-11 12:04:38.083","-1.7240099E-02"
"26-09-11 12:04:38.987","-1.6559406E-02"
"26-09-11 12:04:39.702","-1.6144802E-02"
"26-09-11 12:04:40.598","-1.7530941E-02"
"26-09-11 12:04:41.312","-1.7704208E-02"
"26-09-11 12:04:42.209","-1.7710396E-02"
"26-09-11 12:04:42.924","-1.7759901E-02"
"26-09-11 12:04:43.839","-1.7023515E-02"
"26-09-11 12:04:44.553","-1.7184406E-02"
"26-09-11 12:04:45.458","-1.6856436E-02"
"26-09-11 12:04:46.173","-1.7345297E-02"
"26-09-11 12:04:47.067","-1.6448020E-02"
"26-09-11 12:04:47.780","-1.8044554E-02"
"26-09-11 12:04:48.679","-1.6398515E-02"
"26-09-11 12:04:49.394","-1.7388614E-02"
"26-09-11 12:04:50.289","-1.6875000E-02"
"26-09-11 12:04:51.003","-1.7042079E-02"
"26-09-11 12:04:51.900","-1.6485149E-02"
"26-09-11 12:04:52.614","-1.7475248E-02"
"26-09-11 12:04:53.509","-1.7766089E-02"
"26-09-11 12:04:54.224","-1.7456683E-02"
"26-09-11 12:04:55.117","-1.6262376E-02"
"26-09-11 12:04:55.831","-1.7623762E-02"
"26-09-11 12:04:56.731","-1.7073020E-02"
"26-09-11 12:04:57.445","-1.6974010E-02"
"26-09-11 12:04:58.360","-1.7413366E-02"
"26-09-11 12:04:59.074","-1.7308168E-02"
"26-09-11 12:04:59.971","-1.7122525E-02"
"26-09-11 12:05:00.688","-1.7079208E-02"
"26-09-11 12:05:01.582","-1.7079208E-02"
"26-09-11 12:05:02.296","-1.7493812E-02"
"26-09-11 12:05:03.200","-1.7141089E-02"
"26-09-11 12:05:04.130","-1.7388614E-02"
"26-09-11 12:05:04.844","-1.6547030E-02"
"26-09-11 12:05:05.740","-1.7685644E-02"
"26-09-11 12:05:06.455","-1.6800743E-02"
"26-09-11 12:05:07.354","-1.7147277E-02"
"26-09-11 12:05:08.069","-1.7209158E-02"
"26-09-11 12:05:08.967","-1.8001238E-02"
"26-09-11 12:05:09.682","-1.7821782E-02"
"26-09-11 12:05:10.582","-1.7438119E-02"
"26-09-11 12:05:11.296","-1.6701733E-02"
"26-09-11 12:05:12.201","-1.6881188E-02"
"26-09-11 12:05:12.915","-1.6788366E-02"
"26-09-11 12:05:13.813","-1.7400990E-02"
"26-09-11 12:05:14.527","-1.6120050E-02"
"26-09-11 12:05:15.421","-1.7939356E-02"
"26-09-11 12:05:16.136","-1.7809406E-02"
"26-09-11 12:05:17.066","-1.6775990E-02"
"26-09-11 12:05:17.783","-1.8118812E-02"
"26-09-11 12:05:18.683","-1.6782178E-02"
"26-09-11 12:05:19.398","-1.6336634E-02"
"26-09-11 12:05:20.293","-1.7388614E-02"
"26-09-11 12:05:21.009","-1.7673267E-02"
"26-09-11 12:05:21.905","-1.6763614E-02"
"26-09-11 12:05:22.619","-1.7722772E-02"
"26-09-11 12:05:23.515","-1.6379950E-02"
"26-09-11 12:05:24.230","-1.7376238E-02"
"26-09-11 12:05:25.135","-1.6751238E-02"
"26-09-11 12:05:25.849","-1.7172030E-02"
"26-09-11 12:05:26.757","-1.6633663E-02"
"26-09-11 12:05:27.471","-1.6423267E-02"
"26-09-11 12:05:28.376","-1.6095297E-02"
"26-09-11 12:05:29.089","-1.6287129E-02"
"26-09-11 12:05:29.986","-1.7636139E-02"
"26-09-11 12:05:30.700","-1.7716584E-02"
"26-09-11 12:05:31.594","-1.6683168E-02"
"26-09-11 12:05:32.312","-1.7654703E-02"
"26-09-11 12:05:33.206","-1.6800743E-02"
"26-09-11 12:05:33.919","-1.6813119E-02"
"26-09-11 12:05:34.818","-1.7629950E-02"
"26-09-11 12:05:35.534","-1.7091584E-02"
"26-09-11 12:05:36.437","-1.6856436E-02"
"26-09-11 12:05:37.152","-1.7271040E-02"
"26-09-11 12:05:38.066","-1.6794554E-02"
"26-09-11 12:05:38.781","-1.8038366E-02"
"26-09-11 12:05:39.676","-1.7827970E-02"
"26-09-11 12:05:40.392","-1.7073020E-02"
"26-09-11 12:05:41.288","-1.6745050E-02"
"26-09-11 12:05:42.003","-1.6899752E-02"
"26-09-11 12:05:42.908","-1.6305693E-02"
"26-09-11 12:05:43.623","-1.7735149E-02"
"26-09-11 12:05:44.528","-1.7691832E-02"
"26-09-11 12:05:45.242","-1.7908416E-02"
"26-09-11 12:05:46.139","-1.6250000E-02"
"26-09-11 12:05:46.854","-1.7215347E-02"
"26-09-11 12:05:47.758","-1.7568069E-02"
"26-09-11 12:05:48.472","-1.7116337E-02"
"26-09-11 12:05:49.379","-1.6695545E-02"
"26-09-11 12:05:50.093","-1.6763614E-02"
"26-09-11 12:05:50.999","-1.7190594E-02"
"26-09-11 12:05:51.715","-1.6899752E-02"
"26-09-11 12:05:52.620","-1.7772277E-02"
"26-09-11 12:05:53.334","-1.7073020E-02"
"26-09-11 12:05:54.229","-1.6899752E-02"
"26-09-11 12:05:54.944","-1.7153465E-02"
"26-09-11 12:05:55.850","-1.5952970E-02"
"26-09-11 12:05:56.564","-1.6992574E-02"
"26-09-11 12:05:57.468","-1.7060644E-02"
"26-09-11 12:05:58.183","-1.7301980E-02"
"26-09-11 12:05:59.080","-1.7252475E-02"
"26-09-11 12:05:59.796","-1.6330446E-02"
"26-09-11 12:06:00.691","-1.7388614E-02"
"26-09-11 12:06:01.405","-1.7673267E-02"
"26-09-11 12:06:02.310","-1.6553218E-02"
"26-09-11 12:06:03.025","-1.6107673E-02"
"26-09-11 12:06:03.921","-1.7568069E-02"
"26-09-11 12:06:04.636","-1.6534653E-02"
"26-09-11 12:06:05.540","-1.7048267E-02"
"26-09-11 12:06:06.254","-1.6819307E-02"
"26-09-11 12:06:07.159","-1.7141089E-02"
"26-09-11 12:06:07.874","-1.6503713E-02"
"26-09-11 12:06:08.772","-1.6943069E-02"
"26-09-11 12:06:09.487","-1.7159653E-02"
"26-09-11 12:06:10.645","-1.7209158E-02"
"26-09-11 12:06:11.359","-1.7351485E-02"
"26-09-11 12:06:12.260","-1.7481436E-02"
"26-09-11 12:06:12.978","-1.6893564E-02"
"26-09-11 12:06:13.880","-1.7301980E-02"
"26-09-11 12:06:14.594","-1.7444307E-02"
"26-09-11 12:06:15.491","-1.8242574E-02"
"26-09-11 12:06:16.207","-1.6924505E-02"
"26-09-11 12:06:17.108","-1.6856436E-02"
"26-09-11 12:06:17.822","-1.7357673E-02"
"26-09-11 12:06:18.724","-1.6788366E-02"
"26-09-11 12:06:19.437","-1.8904703E-02"
"26-09-11 12:06:20.355","-1.7487624E-02"
"26-09-11 12:06:21.070","-1.7048267E-02"
"26-09-11 12:06:21.972","-1.6899752E-02"
"26-09-11 12:06:22.686","-1.7190594E-02"
"26-09-11 12:06:23.581","-1.7469059E-02"
"26-09-11 12:06:24.296","-1.7679455E-02"
"26-09-11 12:06:25.195","-1.7004950E-02"
"26-09-11 12:06:25.909","-1.8063119E-02"
"26-09-11 12:06:26.808","-1.7048267E-02"
"26-09-11 12:06:27.522","-1.8768564E-02"
"26-09-11 12:06:28.425","-1.6788366E-02"
"26-09-11 12:06:29.140","-1.6417079E-02"
"26-09-11 12:06:30.033","-1.6695545E-02"
"26-09-11 12:06:30.748","-1.6330446E-02"
"26-09-11 12:06:31.643","-1.7295792E-02"
"26-09-11 12:06:32.358","-1.6318069E-02"
"26-09-11 12:06:33.266","-1.7196782E-02"
"26-09-11 12:06:33.984","-1.8353960E-02"
"26-09-11 12:06:34.890","-1.7246287E-02"
"26-09-11 12:06:35.606","-1.7555693E-02"
"26-09-11 12:06:36.535","-1.6893564E-02"
"26-09-11 12:06:37.250","-1.7586634E-02"
"26-09-11 12:06:38.146","-1.7735149E-02"
"26-09-11 12:06:38.859","-1.7029703E-02"
"26-09-11 12:06:39.756","-1.6980198E-02"
"26-09-11 12:06:40.471","-1.6621287E-02"
"26-09-11 12:06:41.368","-1.7487624E-02"
"26-09-11 12:06:42.083","-1.6788366E-02"
"26-09-11 12:06:42.988","-1.7277228E-02"
"26-09-11 12:06:43.702","-1.7462871E-02"
"26-09-11 12:06:44.607","-1.7159653E-02"
"26-09-11 12:06:45.321","-1.7964109E-02"
"26-09-11 12:06:46.221","-1.7264851E-02"
"26-09-11 12:06:46.938","-1.8180693E-02"
"26-09-11 12:06:47.840","-1.6639851E-02"
"26-09-11 12:06:48.554","-1.7462871E-02"
"26-09-11 12:06:49.458","-1.7871287E-02"
"26-09-11 12:06:50.173","-1.8224010E-02"
"26-09-11 12:06:51.079","-1.7035891E-02"
"26-09-11 12:06:51.794","-1.7332921E-02"
"26-09-11 12:06:52.697","-1.6819307E-02"
"26-09-11 12:06:53.415","-1.7735149E-02"
"26-09-11 12:06:54.310","-1.7431931E-02"
"26-09-11 12:06:55.026","-1.7271040E-02"
"26-09-11 12:06:55.936","-1.6899752E-02"
"26-09-11 12:06:56.650","-1.6621287E-02"
"26-09-11 12:06:57.551","-1.7475248E-02"
"26-09-11 12:06:58.266","-1.7636139E-02"
"26-09-11 12:06:59.172","-1.6652228E-02"
"26-09-11 12:06:59.890","-1.7351485E-02"
"26-09-11 12:07:00.799","-1.7196782E-02"
"26-09-11 12:07:01.514","-1.7277228E-02"
"26-09-11 12:07:02.410","-1.7524752E-02"
"26-09-11 12:07:03.124","-1.7555693E-02"
"26-09-11 12:07:04.020","-1.7184406E-02"
"26-09-11 12:07:04.734","-1.5816832E-02"
"26-09-11 12:07:05.629","-1.7196782E-02"
"26-09-11 12:07:06.345","-1.6485149E-02"
"26-09-11 12:07:07.240","-1.7530941E-02"
"26-09-11 12:07:07.954","-1.7648515E-02"
"26-09-11 12:07:08.861","-1.7246287E-02"
"26-09-11 12:07:09.576","-1.6683168E-02"
"26-09-11 12:07:10.482","-1.7141089E-02"
"26-09-11 12:07:11.198","-1.7215347E-02"
"26-09-11 12:07:12.101","-1.6905941E-02"
"26-09-11 12:07:12.817","-1.7017327E-02"
"26-09-11 12:07:13.720","-1.7759901E-02"
"26-09-11 12:07:14.433","-1.8094059E-02"
"26-09-11 12:07:15.332","-1.7246287E-02"
"26-09-11 12:07:16.047","-1.7159653E-02"
"26-09-11 12:07:17.206","-1.7301980E-02"
"26-09-11 12:07:17.921","-1.6875000E-02"
"26-09-11 12:07:18.822","-1.7592822E-02"
"26-09-11 12:07:19.536","-1.6571782E-02"
"26-09-11 12:07:20.432","-1.6757426E-02"
"26-09-11 12:07:21.145","-1.7846535E-02"
"26-09-11 12:07:22.040","-1.7728960E-02"
"26-09-11 12:07:22.756","-1.7246287E-02"
"26-09-11 12:07:23.653","-1.7023515E-02"
"26-09-11 12:07:24.367","-1.6856436E-02"
"26-09-11 12:07:25.263","-1.7023515E-02"
"26-09-11 12:07:25.979","-1.6726485E-02"
"26-09-11 12:07:26.884","-1.6324257E-02"
"26-09-11 12:07:27.598","-1.7394802E-02"
"26-09-11 12:07:28.504","-1.5934406E-02"
"26-09-11 12:07:29.218","-1.7103960E-02"
"26-09-11 12:07:30.114","-1.6769802E-02"
"26-09-11 12:07:30.830","-1.6615099E-02"
"26-09-11 12:07:31.726","-1.8397277E-02"
"26-09-11 12:07:32.439","-1.6769802E-02"
"26-09-11 12:07:33.346","-1.7227723E-02"
"26-09-11 12:07:34.059","-1.6967822E-02"
"26-09-11 12:07:34.967","-1.7648515E-02"
"26-09-11 12:07:35.683","-1.7314356E-02"
"26-09-11 12:07:36.585","-1.6813119E-02"
"26-09-11 12:07:37.302","-1.8001238E-02"
"26-09-11 12:07:38.195","-1.8415842E-02"
"26-09-11 12:07:38.909","-1.6794554E-02"
"26-09-11 12:07:39.806","-1.6429455E-02"
"26-09-11 12:07:40.521","-1.7227723E-02"
"26-09-11 12:07:41.427","-1.6980198E-02"
"26-09-11 12:07:42.141","-1.6485149E-02"
"26-09-11 12:07:43.045","-1.6608911E-02"
"26-09-11 12:07:43.759","-1.7654703E-02"
"26-09-11 12:07:44.667","-1.7017327E-02"
"26-09-11 12:07:45.383","-1.7574257E-02"
"26-09-11 12:07:46.287","-1.8038366E-02"
"26-09-11 12:07:47.000","-1.7370050E-02"
"26-09-11 12:07:47.896","-1.7103960E-02"
"26-09-11 12:07:48.611","-1.7642327E-02"
"26-09-11 12:07:49.519","-1.7103960E-02"
"26-09-11 12:07:50.236","-1.6992574E-02"
"26-09-11 12:07:51.138","-1.7400990E-02"
"26-09-11 12:07:51.852","-1.7580446E-02"
"26-09-11 12:07:52.758","-1.7233911E-02"
"26-09-11 12:07:53.472","-1.6881188E-02"
"26-09-11 12:07:54.368","-1.8106436E-02"
"26-09-11 12:07:55.092","-1.7530941E-02"
"26-09-11 12:07:55.807","-1.6875000E-02"
"26-09-11 12:07:56.709","-1.5730198E-02"
"26-09-11 12:07:57.425","-1.7308168E-02"
"26-09-11 12:07:58.330","-1.7506188E-02"
"26-09-11 12:07:59.045","-1.7283416E-02"
"26-09-11 12:07:59.948","-1.7605198E-02"
"26-09-11 12:08:00.663","-1.7141089E-02"
"26-09-11 12:08:01.560","-1.7561881E-02"
"26-09-11 12:08:02.275","-1.7450495E-02"
"26-09-11 12:08:03.179","-1.6899752E-02"
"26-09-11 12:08:03.892","-1.7011139E-02"
"26-09-11 12:08:04.789","-1.8025990E-02"
"26-09-11 12:08:05.503","-1.7097772E-02"
"26-09-11 12:08:06.409","-1.6837871E-02"
"26-09-11 12:08:07.123","-1.7048267E-02"
"26-09-11 12:08:08.018","-1.6819307E-02"
"26-09-11 12:08:08.733","-1.6918317E-02"
"26-09-11 12:08:09.629","-1.7790842E-02"
"26-09-11 12:08:10.344","-1.7165842E-02"
"26-09-11 12:08:11.240","-1.6676980E-02"
"26-09-11 12:08:11.955","-1.7264851E-02"
"26-09-11 12:08:12.860","-1.7178218E-02"
"26-09-11 12:08:13.576","-1.7450495E-02"
"26-09-11 12:08:14.470","-1.7048267E-02"
"26-09-11 12:08:15.184","-1.7871287E-02"
"26-09-11 12:08:16.090","-1.7159653E-02"
"26-09-11 12:08:16.805","-1.6540842E-02"
"26-09-11 12:08:17.711","-1.7165842E-02"
"26-09-11 12:08:18.426","-1.7920792E-02"
"26-09-11 12:08:19.322","-1.6652228E-02"
"26-09-11 12:08:20.036","-1.7215347E-02"
"26-09-11 12:08:20.931","-1.6163366E-02"
"26-09-11 12:08:21.646","-1.6899752E-02"
"26-09-11 12:08:22.550","-1.6398515E-02"
"26-09-11 12:08:23.481","-1.7215347E-02"
"26-09-11 12:08:24.194","-1.6912129E-02"
"26-09-11 12:08:25.095","-1.6194307E-02"
"26-09-11 12:08:25.808","-1.6615099E-02"
"26-09-11 12:08:26.712","-1.6726485E-02"
"26-09-11 12:08:27.425","-1.6206683E-02"
"26-09-11 12:08:28.323","-1.7512376E-02"
"26-09-11 12:08:29.037","-1.7840347E-02"
"26-09-11 12:08:29.935","-1.6881188E-02"
"26-09-11 12:08:30.649","-1.7103960E-02"
"26-09-11 12:08:31.551","-1.7011139E-02"
"26-09-11 12:08:32.266","-1.7085396E-02"
"26-09-11 12:08:33.164","-1.6293317E-02"
"26-09-11 12:08:33.879","-1.8582921E-02"
"26-09-11 12:08:34.780","-1.7413366E-02"
"26-09-11 12:08:35.496","-1.7413366E-02"
"26-09-11 12:08:36.404","-1.8589109E-02"
"26-09-11 12:08:37.121","-1.7066832E-02"
"26-09-11 12:08:38.014","-1.5816832E-02"
"26-09-11 12:08:38.729","-1.6875000E-02"
"26-09-11 12:08:39.626","-1.7957921E-02"
"26-09-11 12:08:40.340","-1.6986386E-02"
"26-09-11 12:08:41.244","-1.7382426E-02"
"26-09-11 12:08:41.958","-1.6689356E-02"
"26-09-11 12:08:42.855","-1.7821782E-02"
"26-09-11 12:08:43.569","-1.6163366E-02"
"26-09-11 12:08:44.471","-1.6398515E-02"
"26-09-11 12:08:45.184","-1.7487624E-02"
"26-09-11 12:08:46.088","-1.7654703E-02"
"26-09-11 12:08:46.804","-1.7147277E-02"
"26-09-11 12:08:47.705","-1.7642327E-02"
"26-09-11 12:08:48.422","-1.6423267E-02"
"26-09-11 12:08:49.326","-1.7617574E-02"
"26-09-11 12:08:50.041","-1.6410891E-02"
"26-09-11 12:08:50.945","-1.8137376E-02"
"26-09-11 12:08:51.659","-1.6992574E-02"
"26-09-11 12:08:52.556","-1.6695545E-02"
"26-09-11 12:08:53.271","-1.7549505E-02"
"26-09-11 12:08:54.168","-1.6701733E-02"
"26-09-11 12:08:54.881","-1.7382426E-02"
"26-09-11 12:08:55.788","-1.6355198E-02"
"26-09-11 12:08:56.504","-1.7790842E-02"
"26-09-11 12:08:57.408","-1.6868812E-02"
"26-09-11 12:08:58.123","-1.7753713E-02"
"26-09-11 12:08:59.030","-1.6547030E-02"
"26-09-11 12:08:59.743","-1.6441832E-02"
"26-09-11 12:09:00.649","-1.6540842E-02"
"26-09-11 12:09:01.362","-1.7172030E-02"
"26-09-11 12:09:02.269","-1.6448020E-02"
"26-09-11 12:09:02.982","-1.7190594E-02"
"26-09-11 12:09:03.888","-1.7066832E-02"
"26-09-11 12:09:04.602","-1.7852723E-02"
"26-09-11 12:09:05.508","-1.7308168E-02"
"26-09-11 12:09:06.221","-1.7673267E-02"
"26-09-11 12:09:07.119","-1.7388614E-02"
"26-09-11 12:09:07.834","-1.6237624E-02"
"26-09-11 12:09:08.729","-1.7023515E-02"
"26-09-11 12:09:09.444","-1.6924505E-02"
"26-09-11 12:09:10.340","-1.7054455E-02"
"26-09-11 12:09:11.056","-1.6831683E-02"
"26-09-11 12:09:11.958","-1.7376238E-02"
"26-09-11 12:09:12.672","-1.8824257E-02"
"26-09-11 12:09:13.569","-1.7487624E-02"
"26-09-11 12:09:14.284","-1.7926980E-02"
"26-09-11 12:09:15.000","-1.7586634E-02"
"26-09-11 12:09:15.899","-1.7388614E-02"
"26-09-11 12:09:16.613","-1.8143564E-02"
"26-09-11 12:09:17.511","-1.6930693E-02"
"26-09-11 12:09:18.226","-1.7747525E-02"
"26-09-11 12:09:19.131","-1.6497525E-02"
"26-09-11 12:09:19.849","-1.6615099E-02"
"26-09-11 12:09:20.741","-1.6912129E-02"
"26-09-11 12:09:21.456","-1.7988861E-02"
"26-09-11 12:09:22.352","-1.6540842E-02"
"26-09-11 12:09:23.066","-1.8075495E-02"
"26-09-11 12:09:23.966","-1.6547030E-02"
"26-09-11 12:09:24.680","-1.7227723E-02"
"26-09-11 12:09:25.583","-1.7202970E-02"
"26-09-11 12:09:26.297","-1.6516089E-02"
"26-09-11 12:09:27.203","-1.7134901E-02"
"26-09-11 12:09:27.917","-1.6522277E-02"
"26-09-11 12:09:28.813","-1.6602723E-02"
"26-09-11 12:09:29.527","-1.6825495E-02"
"26-09-11 12:09:30.685","-1.6386139E-02"
"26-09-11 12:09:31.399","-1.7667079E-02"
"26-09-11 12:09:32.292","-1.7178218E-02"
"26-09-11 12:09:33.007","-1.7599010E-02"
"26-09-11 12:09:33.917","-1.6571782E-02"
"26-09-11 12:09:34.632","-1.6738861E-02"
"26-09-11 12:09:35.532","-1.7159653E-02"
"26-09-11 12:09:36.247","-1.7054455E-02"
"26-09-11 12:09:37.143","-1.6039604E-02"
"26-09-11 12:09:37.859","-1.6664604E-02"
"26-09-11 12:09:38.749","-1.7277228E-02"
"26-09-11 12:09:39.464","-1.6992574E-02"
"26-09-11 12:09:40.365","-1.7747525E-02"
"26-09-11 12:09:41.081","-1.7877475E-02"
"26-09-11 12:09:41.975","-1.6695545E-02"
"26-09-11 12:09:42.690","-1.6367574E-02"
"26-09-11 12:09:43.595","-1.7599010E-02"
"26-09-11 12:09:44.310","-1.6875000E-02"
"26-09-11 12:09:45.215","-1.6194307E-02"
"26-09-11 12:09:45.928","-1.6881188E-02"
"26-09-11 12:09:46.835","-1.6509901E-02"
"26-09-11 12:09:47.550","-1.6980198E-02"
"26-09-11 12:09:48.445","-1.7648515E-02"
"26-09-11 12:09:49.158","-1.7215347E-02"
"26-09-11 12:09:50.055","-1.7246287E-02"
"26-09-11 12:09:50.769","-1.8477723E-02"
"26-09-11 12:09:51.664","-1.7444307E-02"
"26-09-11 12:09:52.378","-1.7512376E-02"
"26-09-11 12:09:53.278","-1.8743812E-02"
"26-09-11 12:09:53.992","-1.7896040E-02"
"26-09-11 12:09:54.898","-1.7914604E-02"
"26-09-11 12:09:55.613","-1.6206683E-02"
"26-09-11 12:09:56.517","-1.7271040E-02"
"26-09-11 12:09:57.231","-1.7233911E-02"
"26-09-11 12:09:58.137","-1.8032178E-02"
"26-09-11 12:09:58.850","-1.6602723E-02"
"26-09-11 12:09:59.749","-1.6893564E-02"
"26-09-11 12:10:00.464","-1.7438119E-02"
"26-09-11 12:10:01.367","-1.7524752E-02"
"26-09-11 12:10:02.083","-1.6534653E-02"
"26-09-11 12:10:02.978","-1.6738861E-02"
"26-09-11 12:10:03.693","-1.7728960E-02"
"26-09-11 12:10:04.598","-1.6676980E-02"
"26-09-11 12:10:05.315","-1.7933168E-02"
"26-09-11 12:10:06.208","-1.7543317E-02"
"26-09-11 12:10:06.922","-1.6268564E-02"
"26-09-11 12:10:07.828","-1.6652228E-02"
"26-09-11 12:10:08.542","-1.6194307E-02"
"26-09-11 12:10:09.439","-1.7493812E-02"
"26-09-11 12:10:10.154","-1.5841584E-02"
"26-09-11 12:10:11.058","-1.8087871E-02"
"26-09-11 12:10:11.773","-1.7450495E-02"
"26-09-11 12:10:12.668","-1.7153465E-02"
"26-09-11 12:10:13.382","-1.5631188E-02"
"26-09-11 12:10:14.290","-1.6367574E-02"
"26-09-11 12:10:15.004","-1.8384901E-02"
"26-09-11 12:10:15.900","-1.5872525E-02"
"26-09-11 12:10:16.618","-1.6918317E-02"
"26-09-11 12:10:17.510","-1.7178218E-02"
"26-09-11 12:10:18.225","-1.7122525E-02"
"26-09-11 12:10:19.131","-1.6974010E-02"
"26-09-11 12:10:19.845","-1.7493812E-02"
"26-09-11 12:10:20.749","-1.6441832E-02"
"26-09-11 12:10:21.463","-1.7611386E-02"
"26-09-11 12:10:22.360","-1.7500000E-02"
"26-09-11 12:10:23.074","-1.6961634E-02"
"26-09-11 12:10:23.983","-1.7648515E-02"
"26-09-11 12:10:24.697","-1.7889851E-02"
"26-09-11 12:10:25.612","-1.6707921E-02"
"26-09-11 12:10:26.327","-1.7500000E-02"
"26-09-11 12:10:27.221","-1.6800743E-02"
"26-09-11 12:10:27.936","-1.7419554E-02"
"26-09-11 12:10:28.832","-1.6893564E-02"
"26-09-11 12:10:29.545","-1.7011139E-02"
"26-09-11 12:10:30.441","-1.5996287E-02"
"26-09-11 12:10:31.156","-1.6714109E-02"
"26-09-11 12:10:32.053","-1.8366337E-02"
"26-09-11 12:10:32.767","-1.6577970E-02"
"26-09-11 12:10:33.703","-1.7326733E-02"
"26-09-11 12:10:34.416","-1.7103960E-02"
"26-09-11 12:10:35.312","-1.7029703E-02"
"26-09-11 12:10:36.027","-1.7574257E-02"
"26-09-11 12:10:37.176","-1.6825495E-02"
"26-09-11 12:10:37.891","-1.7357673E-02"
"26-09-11 12:10:38.803","-1.7271040E-02"
"26-09-11 12:10:39.516","-1.6992574E-02"
"26-09-11 12:10:40.414","-1.6837871E-02"
"26-09-11 12:10:41.130","-1.6683168E-02"
"26-09-11 12:10:42.023","-1.6837871E-02"
"26-09-11 12:10:42.738","-1.7469059E-02"
"26-09-11 12:10:43.638","-1.7190594E-02"
"26-09-11 12:10:44.354","-1.6683168E-02"
"26-09-11 12:10:45.255","-1.6670792E-02"
"26-09-11 12:10:45.969","-1.6256188E-02"
"26-09-11 12:10:46.867","-1.7097772E-02"
"26-09-11 12:10:47.583","-1.7246287E-02"
"26-09-11 12:10:48.485","-1.6559406E-02"
"26-09-11 12:10:49.202","-1.7722772E-02"
"26-09-11 12:10:50.094","-1.7450495E-02"
"26-09-11 12:10:50.808","-1.6905941E-02"
"26-09-11 12:10:51.717","-1.6707921E-02"
"26-09-11 12:10:52.433","-1.7240099E-02"
"26-09-11 12:10:53.340","-1.6491337E-02"
"26-09-11 12:10:54.055","-1.7524752E-02"
"26-09-11 12:10:54.955","-1.7079208E-02"
"26-09-11 12:10:55.669","-1.7011139E-02"
"26-09-11 12:10:56.575","-1.7060644E-02"
"26-09-11 12:10:57.290","-1.8001238E-02"
"26-09-11 12:10:58.184","-1.7042079E-02"
"26-09-11 12:10:58.899","-1.6955446E-02"
"26-09-11 12:10:59.797","-1.7586634E-02"
"26-09-11 12:11:00.512","-1.7091584E-02"
"26-09-11 12:11:01.418","-1.7524752E-02"
"26-09-11 12:11:02.132","-1.6460396E-02"
"26-09-11 12:11:03.042","-1.6577970E-02"
"26-09-11 12:11:03.759","-1.6652228E-02"
"26-09-11 12:11:04.657","-1.6856436E-02"
"26-09-11 12:11:05.371","-1.6652228E-02"
"26-09-11 12:11:06.278","-1.7444307E-02"
"26-09-11 12:11:06.993","-1.5754950E-02"
"26-09-11 12:11:07.897","-1.7190594E-02"
"26-09-11 12:11:08.613","-1.7772277E-02"
"26-09-11 12:11:09.509","-1.7172030E-02"
"26-09-11 12:11:10.223","-1.6522277E-02"
"26-09-11 12:11:11.129","-1.6670792E-02"
"26-09-11 12:11:11.843","-1.6974010E-02"
"26-09-11 12:11:12.752","-1.5563119E-02"
"26-09-11 12:11:13.467","-1.6757426E-02"
"26-09-11 12:11:14.369","-1.6943069E-02"
"26-09-11 12:11:15.083","-1.7116337E-02"
"26-09-11 12:11:15.989","-1.7667079E-02"
"26-09-11 12:11:16.702","-1.6875000E-02"
"26-09-11 12:11:17.601","-1.6936881E-02"
"26-09-11 12:11:18.317","-1.6955446E-02"
"26-09-11 12:11:19.228","-1.6825495E-02"
"26-09-11 12:11:19.943","-1.8168317E-02"
"26-09-11 12:11:20.849","-1.6058168E-02"
"26-09-11 12:11:21.564","-1.7667079E-02"
"26-09-11 12:11:22.463","-1.7741337E-02"
"26-09-11 12:11:23.176","-1.7475248E-02"
"26-09-11 12:11:24.081","-1.7995050E-02"
"26-09-11 12:11:24.795","-1.6936881E-02"
"26-09-11 12:11:25.690","-1.6887376E-02"
"26-09-11 12:11:26.405","-1.7500000E-02"
"26-09-11 12:11:27.301","-1.7134901E-02"
"26-09-11 12:11:28.017","-1.7073020E-02"
"26-09-11 12:11:28.910","-1.7580446E-02"
"26-09-11 12:11:29.625","-1.6082921E-02"
"26-09-11 12:11:30.522","-1.6831683E-02"
"26-09-11 12:11:31.235","-1.5470297E-02"
"26-09-11 12:11:32.131","-1.7561881E-02"
"26-09-11 12:11:32.846","-1.7685644E-02"
"26-09-11 12:11:33.751","-1.8211634E-02"
"26-09-11 12:11:34.465","-1.6831683E-02"
"26-09-11 12:11:35.363","-1.7407178E-02"
"26-09-11 12:11:36.077","-1.7264851E-02"
"26-09-11 12:11:36.982","-1.6943069E-02"
"26-09-11 12:11:37.697","-1.6732673E-02"
"26-09-11 12:11:38.593","-1.7469059E-02"
"26-09-11 12:11:39.306","-1.8378713E-02"
"26-09-11 12:11:40.203","-1.8193069E-02"
"26-09-11 12:11:40.918","-1.6082921E-02"
"26-09-11 12:11:41.813","-1.7271040E-02"
"26-09-11 12:11:42.528","-1.6683168E-02"
"26-09-11 12:11:43.679","-1.6868812E-02"
"26-09-11 12:11:44.393","-1.7648515E-02"
"26-09-11 12:11:45.295","-1.6676980E-02"
"26-09-11 12:11:46.010","-1.7407178E-02"
"26-09-11 12:11:46.922","-1.6386139E-02"
"26-09-11 12:11:47.637","-1.8149752E-02"
"26-09-11 12:11:48.532","-1.6664604E-02"
"26-09-11 12:11:49.246","-1.7196782E-02"
"26-09-11 12:11:50.145","-1.7345297E-02"
"26-09-11 12:11:50.860","-1.7648515E-02"
"26-09-11 12:11:51.754","-1.7209158E-02"
"26-09-11 12:11:52.468","-1.7456683E-02"
"26-09-11 12:11:53.181","-1.7029703E-02"
"26-09-11 12:11:54.075","-1.7023515E-02"
"26-09-11 12:11:54.792","-1.7518564E-02"
"26-09-11 12:11:55.684","-1.7481436E-02"
"26-09-11 12:11:56.398","-1.5538366E-02"
"26-09-11 12:11:57.295","-1.7190594E-02"
"26-09-11 12:11:58.008","-1.6967822E-02"
"26-09-11 12:11:58.906","-1.6423267E-02"
"26-09-11 12:11:59.620","-1.7803218E-02"
"26-09-11 12:12:00.528","-1.5946782E-02"
"26-09-11 12:12:01.244","-1.6918317E-02"
"26-09-11 12:12:02.141","-1.7122525E-02"
"26-09-11 12:12:02.854","-1.6751238E-02"
"26-09-11 12:12:03.756","-1.6936881E-02"
"26-09-11 12:12:04.470","-1.6701733E-02"
"26-09-11 12:12:05.367","-1.7574257E-02"
"26-09-11 12:12:06.082","-1.6565594E-02"
"26-09-11 12:12:06.977","-1.7376238E-02"
"26-09-11 12:12:07.695","-1.7976485E-02"
"26-09-11 12:12:08.596","-1.7487624E-02"
"26-09-11 12:12:09.311","-1.7741337E-02"
"26-09-11 12:12:10.207","-1.6949257E-02"
"26-09-11 12:12:10.923","-1.7202970E-02"
"26-09-11 12:12:11.821","-1.7141089E-02"
"26-09-11 12:12:12.535","-1.7066832E-02"
"26-09-11 12:12:13.449","-1.6324257E-02"
"26-09-11 12:12:14.166","-1.7196782E-02"
"26-09-11 12:12:15.068","-1.6881188E-02"
"26-09-11 12:12:15.781","-1.7407178E-02"
"26-09-11 12:12:16.677","-1.7289604E-02"
"26-09-11 12:12:17.391","-1.6862624E-02"
"26-09-11 12:12:18.289","-1.7642327E-02"
"26-09-11 12:12:19.003","-1.7172030E-02"
"26-09-11 12:12:19.908","-1.6181931E-02"
"26-09-11 12:12:20.623","-1.6658416E-02"
"26-09-11 12:12:21.520","-1.6918317E-02"
"26-09-11 12:12:22.234","-1.8236386E-02"
"26-09-11 12:12:23.141","-1.8576733E-02"
"26-09-11 12:12:23.854","-1.7679455E-02"
"26-09-11 12:12:24.761","-1.6881188E-02"
"26-09-11 12:12:25.476","-1.7258663E-02"
"26-09-11 12:12:26.380","-1.6788366E-02"
"26-09-11 12:12:27.094","-1.6794554E-02"
"26-09-11 12:12:28.011","-1.8403465E-02"
"26-09-11 12:12:28.725","-1.6980198E-02"
"26-09-11 12:12:29.621","-1.7493812E-02"
"26-09-11 12:12:30.335","-1.7469059E-02"
"26-09-11 12:12:31.232","-1.7011139E-02"
"26-09-11 12:12:31.949","-1.7314356E-02"
"26-09-11 12:12:32.851","-1.6256188E-02"
"26-09-11 12:12:33.566","-1.7858911E-02"
"26-09-11 12:12:34.461","-1.6664604E-02"
"26-09-11 12:12:35.178","-1.6349010E-02"
"26-09-11 12:12:36.072","-1.7233911E-02"
"26-09-11 12:12:36.786","-1.7029703E-02"
"26-09-11 12:12:37.682","-1.7957921E-02"
"26-09-11 12:12:38.396","-1.7066832E-02"
"26-09-11 12:12:39.292","-1.7778465E-02"
"26-09-11 12:12:40.007","-1.6887376E-02"
"26-09-11 12:12:40.912","-1.6924505E-02"
"26-09-11 12:12:41.625","-1.7042079E-02"
"26-09-11 12:12:42.533","-1.7518564E-02"
"26-09-11 12:12:43.250","-1.6349010E-02"
"26-09-11 12:12:44.140","-1.7066832E-02"
"26-09-11 12:12:44.855","-1.7295792E-02"
"26-09-11 12:12:45.750","-1.6287129E-02"
"26-09-11 12:12:46.464","-1.7172030E-02"
"26-09-11 12:12:47.364","-1.7722772E-02"
"26-09-11 12:12:48.081","-1.6318069E-02"
"26-09-11 12:12:48.980","-1.7011139E-02"
"26-09-11 12:12:49.913","-1.7085396E-02"
"26-09-11 12:12:50.626","-1.6664604E-02"
"26-09-11 12:12:51.537","-1.7654703E-02"
"26-09-11 12:12:52.251","-1.7048267E-02"
"26-09-11 12:12:53.153","-1.7487624E-02"
"26-09-11 12:12:53.866","-1.6775990E-02"
"26-09-11 12:12:54.771","-1.6615099E-02"
"26-09-11 12:12:55.486","-1.6553218E-02"
"26-09-11 12:12:56.384","-1.7778465E-02"
"26-09-11 12:12:57.099","-1.7382426E-02"
"26-09-11 12:12:58.003","-1.6980198E-02"
"26-09-11 12:12:58.718","-1.6608911E-02"
"26-09-11 12:12:59.613","-1.7599010E-02"
"26-09-11 12:13:00.328","-1.6862624E-02"
"26-09-11 12:13:01.229","-1.6472772E-02"
"26-09-11 12:13:01.946","-1.7351485E-02"
"26-09-11 12:13:02.844","-1.7370050E-02"
"26-09-11 12:13:03.558","-1.7370050E-02"
"26-09-11 12:13:04.455","-1.6806931E-02"
"26-09-11 12:13:05.169","-1.6912129E-02"
"26-09-11 12:13:06.065","-1.7679455E-02"
"26-09-11 12:13:06.779","-1.7376238E-02"
"26-09-11 12:13:07.674","-1.8384901E-02"
"26-09-11 12:13:08.389","-1.8143564E-02"
"26-09-11 12:13:09.293","-1.6775990E-02"
"26-09-11 12:13:10.008","-1.7679455E-02"
"26-09-11 12:13:10.906","-1.8867574E-02"
"26-09-11 12:13:11.620","-1.5767327E-02"
"26-09-11 12:13:12.338","-1.6974010E-02"
"26-09-11 12:13:13.238","-1.7413366E-02"
"26-09-11 12:13:13.951","-1.7747525E-02"
"26-09-11 12:13:14.857","-1.6565594E-02"
"26-09-11 12:13:15.571","-1.6726485E-02"
"26-09-11 12:13:16.470","-1.6683168E-02"
"26-09-11 12:13:17.186","-1.7073020E-02"
"26-09-11 12:13:18.087","-1.6726485E-02"
"26-09-11 12:13:18.801","-1.6132426E-02"
"26-09-11 12:13:19.697","-1.6887376E-02"
"26-09-11 12:13:20.413","-1.7698020E-02"
"26-09-11 12:13:21.312","-1.8193069E-02"
"26-09-11 12:13:22.027","-1.7611386E-02"
"26-09-11 12:13:22.927","-1.7710396E-02"
"26-09-11 12:13:23.642","-1.7165842E-02"
"26-09-11 12:13:24.547","-1.7209158E-02"
"26-09-11 12:13:25.262","-1.7258663E-02"
"26-09-11 12:13:26.159","-1.7487624E-02"
"26-09-11 12:13:26.873","-1.8254950E-02"
"26-09-11 12:13:27.771","-1.7110149E-02"
"26-09-11 12:13:28.485","-1.7555693E-02"
"26-09-11 12:13:29.389","-1.6844059E-02"
"26-09-11 12:13:30.103","-1.6707921E-02"
"26-09-11 12:13:31.001","-1.6955446E-02"
"26-09-11 12:13:31.718","-1.6646040E-02"
"26-09-11 12:13:32.610","-1.6633663E-02"
"26-09-11 12:13:33.324","-1.6633663E-02"
"26-09-11 12:13:34.220","-1.7240099E-02"
"26-09-11 12:13:34.934","-1.5810644E-02"
"26-09-11 12:13:35.840","-1.7512376E-02"
"26-09-11 12:13:36.555","-1.6757426E-02"
"26-09-11 12:13:37.451","-1.7518564E-02"
"26-09-11 12:13:38.170","-1.6732673E-02"
"26-09-11 12:13:39.063","-1.7407178E-02"
"26-09-11 12:13:39.777","-1.6819307E-02"
"26-09-11 12:13:40.685","-1.7902228E-02"
"26-09-11 12:13:41.400","-1.6738861E-02"
"26-09-11 12:13:42.302","-1.6943069E-02"
"26-09-11 12:13:43.016","-1.6206683E-02"
"26-09-11 12:13:43.912","-1.7345297E-02"
"26-09-11 12:13:44.627","-1.6992574E-02"
"26-09-11 12:13:45.522","-1.6652228E-02"
"26-09-11 12:13:46.236","-1.7147277E-02"
"26-09-11 12:13:47.133","-1.7147277E-02"
"26-09-11 12:13:47.846","-1.6466584E-02"
"26-09-11 12:13:48.751","-1.7054455E-02"
"26-09-11 12:13:49.466","-1.6893564E-02"
"26-09-11 12:13:50.368","-1.7048267E-02"
"26-09-11 12:13:51.082","-1.6547030E-02"
"26-09-11 12:13:51.984","-1.7667079E-02"
"26-09-11 12:13:52.700","-1.6769802E-02"
"26-09-11 12:13:53.594","-1.8094059E-02"
"26-09-11 12:13:54.308","-1.7920792E-02"
"26-09-11 12:13:55.203","-1.7759901E-02"
"26-09-11 12:13:56.131","-1.7450495E-02"
"26-09-11 12:13:56.846","-1.7320545E-02"
"26-09-11 12:13:57.745","-1.6200495E-02"
"26-09-11 12:13:58.462","-1.7165842E-02"
"26-09-11 12:13:59.353","-1.6806931E-02"
"26-09-11 12:14:00.068","-1.6373762E-02"
"26-09-11 12:14:00.963","-1.6930693E-02"
"26-09-11 12:14:01.678","-1.6831683E-02"
"26-09-11 12:14:02.584","-1.7462871E-02"
"26-09-11 12:14:03.298","-1.7246287E-02"
"26-09-11 12:14:04.193","-1.8446782E-02"
"26-09-11 12:14:04.908","-1.6404703E-02"
"26-09-11 12:14:05.804","-1.6967822E-02"
"26-09-11 12:14:06.518","-1.7388614E-02"
"26-09-11 12:14:07.416","-1.7116337E-02"
"26-09-11 12:14:08.130","-1.6676980E-02"
"26-09-11 12:14:09.026","-1.6472772E-02"
"26-09-11 12:14:09.743","-1.6509901E-02"
"26-09-11 12:14:10.648","-1.7054455E-02"
"26-09-11 12:14:11.362","-1.7722772E-02"
"26-09-11 12:14:12.264","-1.7128713E-02"
"26-09-11 12:14:12.978","-1.7091584E-02"
"26-09-11 12:14:13.875","-1.7202970E-02"
"26-09-11 12:14:14.591","-1.7698020E-02"
"26-09-11 12:14:15.487","-1.7790842E-02"
"26-09-11 12:14:16.201","-1.7537129E-02"
"26-09-11 12:14:17.107","-1.6998762E-02"
"26-09-11 12:14:17.822","-1.7011139E-02"
"26-09-11 12:14:18.717","-1.6293317E-02"
"26-09-11 12:14:19.431","-1.7691832E-02"
"26-09-11 12:14:20.332","-1.6949257E-02"
"26-09-11 12:14:21.047","-1.7085396E-02"
"26-09-11 12:14:21.946","-1.5581683E-02"
"26-09-11 12:14:22.661","-1.7710396E-02"
"26-09-11 12:14:23.558","-1.7122525E-02"
"26-09-11 12:14:24.274","-1.7599010E-02"
"26-09-11 12:14:25.171","-1.7456683E-02"
"26-09-11 12:14:25.884","-1.7295792E-02"
"26-09-11 12:14:26.787","-1.6101485E-02"
"26-09-11 12:14:27.502","-1.7648515E-02"
"26-09-11 12:14:28.399","-1.6974010E-02"
"26-09-11 12:14:29.114","-1.6646040E-02"
"26-09-11 12:14:30.049","-1.8038366E-02"
"26-09-11 12:14:30.763","-1.6472772E-02"
"26-09-11 12:14:31.661","-1.7685644E-02"
"26-09-11 12:14:32.377","-1.7685644E-02"
"26-09-11 12:14:33.270","-1.7759901E-02"
"26-09-11 12:14:33.984","-1.6299505E-02"
"26-09-11 12:14:34.880","-1.6875000E-02"
"26-09-11 12:14:35.595","-1.6819307E-02"
"26-09-11 12:14:36.492","-1.8242574E-02"
"26-09-11 12:14:37.206","-1.7097772E-02"
"26-09-11 12:14:38.113","-1.6974010E-02"
"26-09-11 12:14:38.828","-1.6924505E-02"
"26-09-11 12:14:39.736","-1.7190594E-02"
"26-09-11 12:14:40.453","-1.7351485E-02"
"26-09-11 12:14:41.351","-1.7073020E-02"
"26-09-11 12:14:42.066","-1.8428218E-02"
"26-09-11 12:14:42.964","-1.7858911E-02"
"26-09-11 12:14:43.680","-1.6398515E-02"
"26-09-11 12:14:44.582","-1.6949257E-02"
"26-09-11 12:14:45.299","-1.6534653E-02"
"26-09-11 12:14:46.192","-1.6534653E-02"
"26-09-11 12:14:46.905","-1.8019802E-02"
"26-09-11 12:14:47.802","-1.6881188E-02"
"26-09-11 12:14:48.517","-1.7951733E-02"
"26-09-11 12:14:49.416","-1.5983911E-02"
"26-09-11 12:14:50.131","-1.7592822E-02"
"26-09-11 12:14:51.033","-1.7400990E-02"
"26-09-11 12:14:51.748","-1.6590347E-02"
"26-09-11 12:14:52.643","-1.6584158E-02"
"26-09-11 12:14:53.359","-1.6800743E-02"
"26-09-11 12:14:54.255","-1.6912129E-02"
"26-09-11 12:14:54.968","-1.6757426E-02"
"26-09-11 12:14:55.874","-1.6670792E-02"
"26-09-11 12:14:56.588","-1.6961634E-02"
"26-09-11 12:14:57.502","-1.7209158E-02"
"26-09-11 12:14:58.216","-1.7091584E-02"
"26-09-11 12:14:59.113","-1.7178218E-02"
"26-09-11 12:14:59.833","-1.6887376E-02"
"26-09-11 12:15:00.734","-1.6429455E-02"
"26-09-11 12:15:01.447","-1.6794554E-02"
"26-09-11 12:15:02.597","-1.6751238E-02"
"26-09-11 12:15:03.313","-1.7035891E-02"
"26-09-11 12:15:04.214","-1.9158416E-02"
"26-09-11 12:15:04.927","-1.7698020E-02"
"26-09-11 12:15:05.823","-1.7988861E-02"
"26-09-11 12:15:06.540","-1.7722772E-02"
"26-09-11 12:15:07.433","-1.7803218E-02"
"26-09-11 12:15:08.148","-1.6670792E-02"
"26-09-11 12:15:09.044","-1.6639851E-02"
"26-09-11 12:15:09.758","-1.6757426E-02"
"26-09-11 12:15:10.676","-1.6695545E-02"
"26-09-11 12:15:11.392","-1.7252475E-02"
"26-09-11 12:15:12.296","-1.6429455E-02"
"26-09-11 12:15:13.012","-1.6881188E-02"
"26-09-11 12:15:13.906","-1.6633663E-02"
"26-09-11 12:15:14.620","-1.7134901E-02"
"26-09-11 12:15:15.513","-1.7178218E-02"
"26-09-11 12:15:16.228","-1.6899752E-02"
"26-09-11 12:15:17.127","-1.7524752E-02"
"26-09-11 12:15:17.843","-1.6280941E-02"
"26-09-11 12:15:18.739","-1.7537129E-02"
"26-09-11 12:15:19.452","-1.6367574E-02"
"26-09-11 12:15:20.357","-1.7345297E-02"
"26-09-11 12:15:21.072","-1.6237624E-02"
"26-09-11 12:15:21.966","-1.7066832E-02"
"26-09-11 12:15:22.681","-1.6912129E-02"
"26-09-11 12:15:23.576","-1.6448020E-02"
"26-09-11 12:15:24.294","-1.6974010E-02"
"26-09-11 12:15:25.197","-1.6856436E-02"
"26-09-11 12:15:25.910","-1.7778465E-02"
"26-09-11 12:15:26.806","-1.6887376E-02"
"26-09-11 12:15:27.522","-1.7704208E-02"
"26-09-11 12:15:28.419","-1.7568069E-02"
"26-09-11 12:15:29.133","-1.6905941E-02"
"26-09-11 12:15:30.038","-1.7128713E-02"
"26-09-11 12:15:30.751","-1.6974010E-02"
"26-09-11 12:15:31.648","-1.7011139E-02"
"26-09-11 12:15:32.362","-1.6250000E-02"
"26-09-11 12:15:33.261","-1.6664604E-02"
"26-09-11 12:15:33.975","-1.6379950E-02"
"26-09-11 12:15:34.878","-1.6936881E-02"
"26-09-11 12:15:35.597","-1.7264851E-02"
"26-09-11 12:15:36.491","-1.7240099E-02"
"26-09-11 12:15:37.205","-1.7611386E-02"
"26-09-11 12:15:38.109","-1.7215347E-02"
"26-09-11 12:15:38.825","-1.7134901E-02"
"26-09-11 12:15:39.729","-1.6967822E-02"
"26-09-11 12:15:40.445","-1.7599010E-02"
"26-09-11 12:15:41.340","-1.6769802E-02"
"26-09-11 12:15:42.055","-1.7896040E-02"
"26-09-11 12:15:42.951","-1.6423267E-02"
"26-09-11 12:15:43.666","-1.6707921E-02"
"26-09-11 12:15:44.560","-1.6268564E-02"
"26-09-11 12:15:45.276","-1.7246287E-02"
"26-09-11 12:15:46.172","-1.7636139E-02"
"26-09-11 12:15:46.885","-1.6986386E-02"
"26-09-11 12:15:47.790","-1.7326733E-02"
"26-09-11 12:15:48.505","-1.7004950E-02"
"26-09-11 12:15:49.432","-1.7462871E-02"
"26-09-11 12:15:50.149","-1.6918317E-02"
"26-09-11 12:15:51.042","-1.6763614E-02"
"26-09-11 12:15:51.756","-1.5686881E-02"
"26-09-11 12:15:52.652","-1.7623762E-02"
"26-09-11 12:15:53.366","-1.7004950E-02"
"26-09-11 12:15:54.263","-1.6967822E-02"
"26-09-11 12:15:54.977","-1.6850248E-02"
"26-09-11 12:15:55.872","-1.8106436E-02"
"26-09-11 12:15:56.587","-1.6701733E-02"
"26-09-11 12:15:57.482","-1.7400990E-02"
"26-09-11 12:15:58.198","-1.6441832E-02"
"26-09-11 12:15:59.096","-1.7017327E-02"
"26-09-11 12:15:59.810","-1.6825495E-02"
"26-09-11 12:16:00.713","-1.6553218E-02"
"26-09-11 12:16:01.430","-1.6875000E-02"
"26-09-11 12:16:02.323","-1.7221535E-02"
"26-09-11 12:16:03.036","-1.7227723E-02"
"26-09-11 12:16:03.934","-1.6893564E-02"
"26-09-11 12:16:04.647","-1.7277228E-02"
"26-09-11 12:16:05.564","-1.6646040E-02"
"26-09-11 12:16:06.279","-1.7097772E-02"
"26-09-11 12:16:07.175","-1.8155941E-02"
"26-09-11 12:16:07.889","-1.6367574E-02"
"26-09-11 12:16:09.036","-1.6726485E-02"
"26-09-11 12:16:09.750","-1.7704208E-02"
"26-09-11 12:16:10.654","-1.7184406E-02"
"26-09-11 12:16:11.368","-1.8490099E-02"
"26-09-11 12:16:12.263","-1.8032178E-02"
"26-09-11 12:16:12.977","-1.7153465E-02"
"26-09-11 12:16:13.873","-1.6602723E-02"
"26-09-11 12:16:14.588","-1.7493812E-02"
"26-09-11 12:16:15.485","-1.7128713E-02"
"26-09-11 12:16:16.199","-1.7004950E-02"
"26-09-11 12:16:17.096","-1.6676980E-02"
"26-09-11 12:16:17.812","-1.6386139E-02"
"26-09-11 12:16:18.721","-1.6912129E-02"
"26-09-11 12:16:19.435","-1.6856436E-02"
"26-09-11 12:16:20.338","-1.6850248E-02"
"26-09-11 12:16:21.052","-1.6775990E-02"
"26-09-11 12:16:21.958","-1.6850248E-02"
"26-09-11 12:16:22.672","-1.7011139E-02"
"26-09-11 12:16:23.579","-1.8731436E-02"
"26-09-11 12:16:24.292","-1.6652228E-02"
"26-09-11 12:16:25.201","-1.7011139E-02"
"26-09-11 12:16:25.916","-1.7970297E-02"
"26-09-11 12:16:26.818","-1.6534653E-02"
"26-09-11 12:16:27.535","-1.7054455E-02"
"26-09-11 12:16:28.444","-1.6887376E-02"
"26-09-11 12:16:29.158","-1.5099010E-02"
"26-09-11 12:16:30.059","-1.5464109E-02"
"26-09-11 12:16:30.773","-1.6417079E-02"
"26-09-11 12:16:31.679","-1.6986386E-02"
"26-09-11 12:16:32.393","-1.7438119E-02"
"26-09-11 12:16:33.298","-1.5903465E-02"
"26-09-11 12:16:34.017","-1.7858911E-02"
"26-09-11 12:16:34.918","-1.7048267E-02"
"26-09-11 12:16:35.632","-1.6410891E-02"
"26-09-11 12:16:36.529","-1.7865099E-02"
"26-09-11 12:16:37.245","-1.6646040E-02"
"26-09-11 12:16:38.138","-1.6188119E-02"
"26-09-11 12:16:38.853","-1.6639851E-02"
"26-09-11 12:16:39.760","-1.6472772E-02"
"26-09-11 12:16:40.475","-1.6967822E-02"
"26-09-11 12:16:41.371","-1.6355198E-02"
"26-09-11 12:16:42.085","-1.7852723E-02"
"26-09-11 12:16:42.981","-1.6899752E-02"
"26-09-11 12:16:43.697","-1.7308168E-02"
"26-09-11 12:16:44.590","-1.7698020E-02"
"26-09-11 12:16:45.305","-1.6757426E-02"
"26-09-11 12:16:46.210","-1.7920792E-02"
"26-09-11 12:16:46.925","-1.7555693E-02"
"26-09-11 12:16:47.821","-1.7320545E-02"
"26-09-11 12:16:48.536","-1.7889851E-02"
"26-09-11 12:16:49.442","-1.6225248E-02"
"26-09-11 12:16:50.157","-1.6237624E-02"
"26-09-11 12:16:51.051","-1.7314356E-02"
"26-09-11 12:16:51.765","-1.7258663E-02"
"26-09-11 12:16:52.661","-1.6157178E-02"
"26-09-11 12:16:53.376","-1.6608911E-02"
"26-09-11 12:16:54.272","-1.6615099E-02"
"26-09-11 12:16:54.985","-1.6757426E-02"
"26-09-11 12:16:55.882","-1.6893564E-02"
"26-09-11 12:16:56.599","-1.7035891E-02"
"26-09-11 12:16:57.493","-1.7141089E-02"
"26-09-11 12:16:58.207","-1.6893564E-02"
"26-09-11 12:16:59.113","-1.6627475E-02"
"26-09-11 12:16:59.827","-1.5470297E-02"
"26-09-11 12:17:00.734","-1.6689356E-02"
"26-09-11 12:17:01.450","-1.7178218E-02"
"26-09-11 12:17:02.353","-1.6429455E-02"
"26-09-11 12:17:03.068","-1.6936881E-02"
"26-09-11 12:17:03.963","-1.6992574E-02"
"26-09-11 12:17:04.679","-1.6825495E-02"
"26-09-11 12:17:05.575","-1.7271040E-02"
"26-09-11 12:17:06.288","-1.6912129E-02"
"26-09-11 12:17:07.193","-1.7394802E-02"
"26-09-11 12:17:07.908","-1.7128713E-02"
"26-09-11 12:17:08.621","-1.7240099E-02"
"26-09-11 12:17:09.524","-1.6280941E-02"
"26-09-11 12:17:10.240","-1.7141089E-02"
"26-09-11 12:17:11.135","-1.7865099E-02"
"26-09-11 12:17:11.848","-1.5705446E-02"
"26-09-11 12:17:12.755","-1.7450495E-02"
"26-09-11 12:17:13.468","-1.5940594E-02"
"26-09-11 12:17:14.364","-1.7029703E-02"
"26-09-11 12:17:15.288","-1.6559406E-02"
"26-09-11 12:17:16.003","-1.6491337E-02"
"26-09-11 12:17:16.904","-1.6565594E-02"
"26-09-11 12:17:17.618","-1.7172030E-02"
"26-09-11 12:17:18.524","-1.7153465E-02"
"26-09-11 12:17:19.237","-1.7320545E-02"
"26-09-11 12:17:20.136","-1.6516089E-02"
"26-09-11 12:17:20.849","-1.6955446E-02"
"26-09-11 12:17:21.755","-1.6813119E-02"
"26-09-11 12:17:22.469","-1.6936881E-02"
"26-09-11 12:17:23.367","-1.7654703E-02"
"26-09-11 12:17:24.083","-1.8428218E-02"
"26-09-11 12:17:24.975","-1.7085396E-02"
"26-09-11 12:17:25.690","-1.7066832E-02"
"26-09-11 12:17:26.596","-1.6912129E-02"
"26-09-11 12:17:27.311","-1.7500000E-02"
"26-09-11 12:17:28.207","-1.6714109E-02"
"26-09-11 12:17:28.922","-1.6373762E-02"
"26-09-11 12:17:29.816","-1.7413366E-02"
"26-09-11 12:17:30.534","-1.7543317E-02"
"26-09-11 12:17:31.436","-1.7376238E-02"
"26-09-11 12:17:32.151","-1.6875000E-02"
"26-09-11 12:17:33.047","-1.6466584E-02"
"26-09-11 12:17:33.762","-1.7271040E-02"
"26-09-11 12:17:34.658","-1.7462871E-02"
"26-09-11 12:17:35.372","-1.7586634E-02"
"26-09-11 12:17:36.266","-1.7704208E-02"
"26-09-11 12:17:36.980","-1.7103960E-02"
"26-09-11 12:17:37.881","-1.6379950E-02"
"26-09-11 12:17:38.596","-1.7481436E-02"
"26-09-11 12:17:39.499","-1.7741337E-02"
"26-09-11 12:17:40.212","-1.6565594E-02"
"26-09-11 12:17:41.119","-1.7487624E-02"
"26-09-11 12:17:41.837","-1.7209158E-02"
"26-09-11 12:17:42.739","-1.7308168E-02"
"26-09-11 12:17:43.454","-1.7543317E-02"
"26-09-11 12:17:44.350","-1.7153465E-02"
"26-09-11 12:17:45.066","-1.7184406E-02"
"26-09-11 12:17:45.962","-1.6608911E-02"
"26-09-11 12:17:46.675","-1.7196782E-02"
"26-09-11 12:17:47.572","-1.6819307E-02"
"26-09-11 12:17:48.289","-1.7382426E-02"
"26-09-11 12:17:49.191","-1.6460396E-02"
"26-09-11 12:17:49.904","-1.7407178E-02"
"26-09-11 12:17:50.801","-1.7883663E-02"
"26-09-11 12:17:51.516","-1.7271040E-02"
"26-09-11 12:17:52.410","-1.7537129E-02"
"26-09-11 12:17:53.125","-1.6720297E-02"
"26-09-11 12:17:54.031","-1.7277228E-02"
"26-09-11 12:17:54.746","-1.7382426E-02"
"26-09-11 12:17:55.642","-1.7456683E-02"
"26-09-11 12:17:56.356","-1.7425743E-02"
"26-09-11 12:17:57.258","-1.7704208E-02"
"26-09-11 12:17:57.972","-1.6701733E-02"
"26-09-11 12:17:58.870","-1.6676980E-02"
"26-09-11 12:17:59.585","-1.7815594E-02"
"26-09-11 12:18:00.483","-1.7221535E-02"
"26-09-11 12:18:01.197","-1.6676980E-02"
"26-09-11 12:18:02.092","-1.6454208E-02"
"26-09-11 12:18:02.806","-1.6577970E-02"
"26-09-11 12:18:03.703","-1.7190594E-02"
"26-09-11 12:18:04.416","-1.7215347E-02"
"26-09-11 12:18:05.313","-1.6800743E-02"
"26-09-11 12:18:06.026","-1.6893564E-02"
"26-09-11 12:18:06.926","-1.6472772E-02"
"26-09-11 12:18:07.641","-1.6912129E-02"
"26-09-11 12:18:08.553","-1.6509901E-02"
"26-09-11 12:18:09.270","-1.7042079E-02"
"26-09-11 12:18:10.174","-1.6831683E-02"
"26-09-11 12:18:10.887","-1.6726485E-02"
"26-09-11 12:18:11.783","-1.6775990E-02"
"26-09-11 12:18:12.498","-1.6782178E-02"
"26-09-11 12:18:13.394","-1.7865099E-02"
"26-09-11 12:18:14.107","-1.7283416E-02"
"26-09-11 12:18:15.003","-1.7060644E-02"
"26-09-11 12:18:15.719","-1.7252475E-02"
"26-09-11 12:18:16.617","-1.6986386E-02"
"26-09-11 12:18:17.330","-1.7840347E-02"
"26-09-11 12:18:18.237","-1.7128713E-02"
"26-09-11 12:18:18.952","-1.6998762E-02"
"26-09-11 12:18:19.854","-1.6899752E-02"
"26-09-11 12:18:20.573","-1.6875000E-02"
"26-09-11 12:18:21.724","-1.5148515E-02"
"26-09-11 12:18:22.438","-1.6441832E-02"
"26-09-11 12:18:23.336","-1.6633663E-02"
"26-09-11 12:18:24.052","-1.6912129E-02"
"26-09-11 12:18:24.944","-1.7636139E-02"
"26-09-11 12:18:25.659","-1.6441832E-02"
"26-09-11 12:18:26.556","-1.7042079E-02"
"26-09-11 12:18:27.270","-1.7871287E-02"
"26-09-11 12:18:27.989","-1.7623762E-02"
"26-09-11 12:18:28.888","-1.7252475E-02"
"26-09-11 12:18:29.601","-1.7073020E-02"
"26-09-11 12:18:30.505","-1.7004950E-02"
"26-09-11 12:18:31.220","-1.7042079E-02"
"26-09-11 12:18:32.115","-1.7759901E-02"
"26-09-11 12:18:32.830","-1.6763614E-02"
"26-09-11 12:18:33.725","-1.6472772E-02"
"26-09-11 12:18:34.442","-1.7568069E-02"
"26-09-11 12:18:35.346","-1.6745050E-02"
"26-09-11 12:18:36.063","-1.7277228E-02"
"26-09-11 12:18:36.962","-1.7710396E-02"
"26-09-11 12:18:37.675","-1.6466584E-02"
"26-09-11 12:18:38.578","-1.6794554E-02"
"26-09-11 12:18:39.295","-1.7314356E-02"
"26-09-11 12:18:40.188","-1.6986386E-02"
"26-09-11 12:18:40.901","-1.7178218E-02"
"26-09-11 12:18:41.798","-1.8347772E-02"
"26-09-11 12:18:42.512","-1.7679455E-02"
"26-09-11 12:18:43.408","-1.7982673E-02"
"26-09-11 12:18:44.122","-1.6237624E-02"
"26-09-11 12:18:45.018","-1.7035891E-02"
"26-09-11 12:18:45.732","-1.7667079E-02"
"26-09-11 12:18:46.633","-1.5965347E-02"
"26-09-11 12:18:47.346","-1.7450495E-02"
"26-09-11 12:18:48.259","-1.7085396E-02"
"26-09-11 12:18:48.973","-1.7103960E-02"
"26-09-11 12:18:49.871","-1.6788366E-02"
"26-09-11 12:18:50.584","-1.7233911E-02"
"26-09-11 12:18:51.479","-1.7549505E-02"
"26-09-11 12:18:52.197","-1.6163366E-02"
"26-09-11 12:18:53.099","-1.6652228E-02"
"26-09-11 12:18:53.814","-1.7073020E-02"
"26-09-11 12:18:54.711","-1.6806931E-02"
"26-09-11 12:18:55.425","-1.7141089E-02"
"26-09-11 12:18:56.326","-1.6045792E-02"
"26-09-11 12:18:57.044","-1.6448020E-02"
"26-09-11 12:18:57.941","-1.7264851E-02"
"26-09-11 12:18:58.655","-1.7407178E-02"
"26-09-11 12:18:59.551","-1.6757426E-02"
"26-09-11 12:19:00.266","-1.7011139E-02"
"26-09-11 12:19:01.163","-1.7023515E-02"
"26-09-11 12:19:01.877","-1.6819307E-02"
"26-09-11 12:19:02.785","-1.7103960E-02"
"26-09-11 12:19:03.500","-1.7685644E-02"
"26-09-11 12:19:04.403","-1.7320545E-02"
"26-09-11 12:19:05.118","-1.7246287E-02"
"26-09-11 12:19:06.027","-1.8310644E-02"
"26-09-11 12:19:06.741","-1.8075495E-02"
"26-09-11 12:19:07.643","-1.6565594E-02"
"26-09-11 12:19:08.357","-1.7586634E-02"
"26-09-11 12:19:09.253","-1.7920792E-02"
"26-09-11 12:19:09.967","-1.7939356E-02"
"26-09-11 12:19:10.863","-1.6887376E-02"
"26-09-11 12:19:11.578","-1.5612624E-02"
"26-09-11 12:19:12.473","-1.7840347E-02"
"26-09-11 12:19:13.187","-1.7846535E-02"
"26-09-11 12:19:14.084","-1.6961634E-02"
"26-09-11 12:19:14.802","-1.7790842E-02"
"26-09-11 12:19:15.713","-1.7196782E-02"
"26-09-11 12:19:16.428","-1.7759901E-02"
"26-09-11 12:19:17.334","-1.7308168E-02"
"26-09-11 12:19:18.048","-1.7456683E-02"
"26-09-11 12:19:18.944","-1.7345297E-02"
"26-09-11 12:19:19.659","-1.6837871E-02"
"26-09-11 12:19:20.554","-1.7945545E-02"
"26-09-11 12:19:21.269","-1.7970297E-02"
"26-09-11 12:19:22.174","-1.6627475E-02"
"26-09-11 12:19:22.889","-1.7382426E-02"
"26-09-11 12:19:23.785","-1.7976485E-02"
"26-09-11 12:19:24.504","-1.7493812E-02"
"26-09-11 12:19:25.397","-1.7252475E-02"
"26-09-11 12:19:26.110","-1.7629950E-02"
"26-09-11 12:19:27.012","-1.7023515E-02"
"26-09-11 12:19:27.939","-1.7283416E-02"
"26-09-11 12:19:28.652","-1.7264851E-02"
"26-09-11 12:19:29.563","-1.7363861E-02"
"26-09-11 12:19:30.278","-1.7295792E-02"
"26-09-11 12:19:31.176","-1.7933168E-02"
"26-09-11 12:19:31.890","-1.6949257E-02"
"26-09-11 12:19:32.787","-1.7246287E-02"
"26-09-11 12:19:33.501","-1.7196782E-02"
"26-09-11 12:19:34.409","-1.7561881E-02"
"26-09-11 12:19:35.123","-1.7568069E-02"
"26-09-11 12:19:36.030","-1.7704208E-02"
"26-09-11 12:19:36.744","-1.7240099E-02"
"26-09-11 12:19:37.645","-1.6522277E-02"
"26-09-11 12:19:38.359","-1.7500000E-02"
"26-09-11 12:19:39.259","-1.7165842E-02"
"26-09-11 12:19:39.975","-1.6503713E-02"
"26-09-11 12:19:40.877","-1.7116337E-02"
"26-09-11 12:19:41.594","-1.6670792E-02"
"26-09-11 12:19:42.490","-1.7735149E-02"
"26-09-11 12:19:43.203","-1.6454208E-02"
"26-09-11 12:19:44.117","-1.6775990E-02"
"26-09-11 12:19:44.830","-1.7982673E-02"
"26-09-11 12:19:45.758","-1.7691832E-02"
"26-09-11 12:19:46.476","-1.6485149E-02"
"26-09-11 12:19:47.367","-1.7308168E-02"
"26-09-11 12:19:48.082","-1.7326733E-02"
"26-09-11 12:19:48.986","-1.8391089E-02"
"26-09-11 12:19:49.701","-1.7073020E-02"
"26-09-11 12:19:50.599","-1.6974010E-02"
"26-09-11 12:19:51.314","-1.8459158E-02"
"26-09-11 12:19:52.209","-1.6800743E-02"
"26-09-11 12:19:52.924","-1.6417079E-02"
"26-09-11 12:19:53.819","-1.8261139E-02"
"26-09-11 12:19:54.535","-1.7568069E-02"
"26-09-11 12:19:55.444","-1.6670792E-02"
"26-09-11 12:19:56.159","-1.6930693E-02"
"26-09-11 12:19:57.070","-1.7048267E-02"
"26-09-11 12:19:57.785","-1.6522277E-02"
"26-09-11 12:19:58.681","-1.7530941E-02"
"26-09-11 12:19:59.395","-1.7629950E-02"
"26-09-11 12:20:00.292","-1.7301980E-02"
"26-09-11 12:20:01.006","-1.6769802E-02"
"26-09-11 12:20:01.910","-1.6175743E-02"
"26-09-11 12:20:02.625","-1.7011139E-02"
"26-09-11 12:20:03.522","-1.7252475E-02"
"26-09-11 12:20:04.236","-1.7648515E-02"
"26-09-11 12:20:05.131","-1.6472772E-02"
"26-09-11 12:20:05.846","-1.7004950E-02"
"26-09-11 12:20:06.752","-1.6726485E-02"
"26-09-11 12:20:07.466","-1.6615099E-02"
"26-09-11 12:20:08.362","-1.7320545E-02"
"26-09-11 12:20:09.077","-1.7914604E-02"
"26-09-11 12:20:09.981","-1.7592822E-02"
"26-09-11 12:20:10.696","-1.7469059E-02"
"26-09-11 12:20:11.592","-1.7172030E-02"
"26-09-11 12:20:12.309","-1.7159653E-02"
"26-09-11 12:20:13.203","-1.7431931E-02"
"26-09-11 12:20:13.917","-1.7085396E-02"
"26-09-11 12:20:14.815","-1.7351485E-02"
"26-09-11 12:20:15.531","-1.7648515E-02"
"26-09-11 12:20:16.430","-1.7184406E-02"
"26-09-11 12:20:17.145","-1.7419554E-02"
"26-09-11 12:20:18.043","-1.7227723E-02"
"26-09-11 12:20:18.758","-1.7110149E-02"
"26-09-11 12:20:19.655","-1.6831683E-02"
"26-09-11 12:20:20.369","-1.6497525E-02"
"26-09-11 12:20:21.272","-1.6342822E-02"
"26-09-11 12:20:21.987","-1.6707921E-02"
"26-09-11 12:20:22.884","-1.6955446E-02"
"26-09-11 12:20:23.598","-1.8100248E-02"
"26-09-11 12:20:24.502","-1.7543317E-02"
"26-09-11 12:20:25.216","-1.7258663E-02"
"26-09-11 12:20:26.114","-1.6831683E-02"
"26-09-11 12:20:26.829","-1.6349010E-02"
"26-09-11 12:20:27.725","-1.7549505E-02"
"26-09-11 12:20:28.439","-1.6899752E-02"
"26-09-11 12:20:29.343","-1.6590347E-02"
"26-09-11 12:20:30.057","-1.6646040E-02"
"26-09-11 12:20:30.955","-1.7586634E-02"
"26-09-11 12:20:31.668","-1.5872525E-02"
"26-09-11 12:20:32.564","-1.7233911E-02"
"26-09-11 12:20:33.279","-1.7537129E-02"
"26-09-11 12:20:34.425","-1.6615099E-02"
"26-09-11 12:20:35.141","-1.7599010E-02"
"26-09-11 12:20:36.043","-1.7382426E-02"
"26-09-11 12:20:36.757","-1.7809406E-02"
"26-09-11 12:20:37.667","-1.7487624E-02"
"26-09-11 12:20:38.382","-1.7048267E-02"
"26-09-11 12:20:39.276","-1.6980198E-02"
"26-09-11 12:20:39.989","-1.7673267E-02"
"26-09-11 12:20:40.888","-1.7450495E-02"
"26-09-11 12:20:41.601","-1.6188119E-02"
"26-09-11 12:20:42.507","-1.7871287E-02"
"26-09-11 12:20:43.222","-1.6924505E-02"
"26-09-11 12:20:44.116","-1.8564356E-02"
"26-09-11 12:20:44.831","-1.6924505E-02"
"26-09-11 12:20:45.737","-1.5897277E-02"
"26-09-11 12:20:46.452","-1.7159653E-02"
"26-09-11 12:20:47.347","-1.5990099E-02"
"26-09-11 12:20:48.061","-1.6992574E-02"
"26-09-11 12:20:48.958","-1.7456683E-02"
"26-09-11 12:20:49.673","-1.7654703E-02"
"26-09-11 12:20:50.576","-1.6491337E-02"
"26-09-11 12:20:51.291","-1.7289604E-02"
"26-09-11 12:20:52.197","-1.7543317E-02"
"26-09-11 12:20:52.911","-1.7308168E-02"
"26-09-11 12:20:53.808","-1.7704208E-02"
"26-09-11 12:20:54.521","-1.5934406E-02"
"26-09-11 12:20:55.418","-1.6349010E-02"
"26-09-11 12:20:56.131","-1.7419554E-02"
"26-09-11 12:20:57.028","-1.7741337E-02"
"26-09-11 12:20:57.743","-1.7035891E-02"
"26-09-11 12:20:58.640","-1.6113861E-02"
"26-09-11 12:20:59.355","-1.7153465E-02"
"26-09-11 12:21:00.262","-1.7004950E-02"
"26-09-11 12:21:00.977","-1.7914604E-02"
"26-09-11 12:21:01.881","-1.7394802E-02"
"26-09-11 12:21:02.595","-1.7450495E-02"
"26-09-11 12:21:03.500","-1.7413366E-02"
"26-09-11 12:21:04.215","-1.7858911E-02"
"26-09-11 12:21:05.149","-1.7487624E-02"
"26-09-11 12:21:05.864","-1.7184406E-02"
"26-09-11 12:21:06.760","-1.6559406E-02"
"26-09-11 12:21:07.475","-1.7858911E-02"
"26-09-11 12:21:08.371","-1.6602723E-02"
"26-09-11 12:21:09.084","-1.7419554E-02"
"26-09-11 12:21:09.981","-1.6899752E-02"
"26-09-11 12:21:10.696","-1.8180693E-02"
"26-09-11 12:21:11.591","-1.7568069E-02"
"26-09-11 12:21:12.305","-1.6429455E-02"
"26-09-11 12:21:13.201","-1.6472772E-02"
"26-09-11 12:21:13.916","-1.6311881E-02"
"26-09-11 12:21:14.814","-1.7363861E-02"
"26-09-11 12:21:15.529","-1.6955446E-02"
"26-09-11 12:21:16.422","-1.7530941E-02"
"26-09-11 12:21:17.137","-1.6949257E-02"
"26-09-11 12:21:18.032","-1.6714109E-02"
"26-09-11 12:21:18.746","-1.6775990E-02"
"26-09-11 12:21:19.652","-1.7759901E-02"
"26-09-11 12:21:20.367","-1.7475248E-02"
"26-09-11 12:21:21.263","-1.6899752E-02"
"26-09-11 12:21:21.982","-1.6318069E-02"
"26-09-11 12:21:22.874","-1.8626238E-02"
"26-09-11 12:21:23.587","-1.6472772E-02"
"26-09-11 12:21:24.497","-1.7530941E-02"
"26-09-11 12:21:25.212","-1.8007426E-02"
"26-09-11 12:21:26.113","-1.7301980E-02"
"26-09-11 12:21:26.828","-1.6478960E-02"
"26-09-11 12:21:27.724","-1.7469059E-02"
"26-09-11 12:21:28.439","-1.6720297E-02"
"26-09-11 12:21:29.335","-1.6887376E-02"
"26-09-11 12:21:30.049","-1.6590347E-02"
"26-09-11 12:21:30.944","-1.6986386E-02"
"26-09-11 12:21:31.657","-1.6862624E-02"
"26-09-11 12:21:32.562","-1.6144802E-02"
"26-09-11 12:21:33.275","-1.7165842E-02"
"26-09-11 12:21:34.182","-1.6720297E-02"
"26-09-11 12:21:34.897","-1.7017327E-02"
"26-09-11 12:21:35.796","-1.7419554E-02"
"26-09-11 12:21:36.511","-1.6949257E-02"
"26-09-11 12:21:37.417","-1.6949257E-02"
"26-09-11 12:21:38.130","-1.7698020E-02"
"26-09-11 12:21:39.037","-1.6806931E-02"
"26-09-11 12:21:39.752","-1.5990099E-02"
"26-09-11 12:21:40.908","-1.7586634E-02"
"26-09-11 12:21:41.622","-1.7122525E-02"
"26-09-11 12:21:42.526","-1.7790842E-02"
"26-09-11 12:21:43.242","-1.5779703E-02"
"26-09-11 12:21:44.151","-1.6212871E-02"
"26-09-11 12:21:44.866","-1.6881188E-02"
"26-09-11 12:21:45.766","-1.7710396E-02"
"26-09-11 12:21:46.481","-1.7110149E-02"
"26-09-11 12:21:47.387","-1.7116337E-02"
"26-09-11 12:21:48.101","-1.6763614E-02"
"26-09-11 12:21:48.998","-1.7308168E-02"
"26-09-11 12:21:49.711","-1.6404703E-02"
"26-09-11 12:21:50.613","-1.7388614E-02"
"26-09-11 12:21:51.328","-1.6806931E-02"
"26-09-11 12:21:52.230","-1.7196782E-02"
"26-09-11 12:21:52.946","-1.7147277E-02"
"26-09-11 12:21:53.847","-1.7172030E-02"
"26-09-11 12:21:54.560","-1.7029703E-02"
"26-09-11 12:21:55.468","-1.6967822E-02"
"26-09-11 12:21:56.183","-1.6998762E-02"
"26-09-11 12:21:57.087","-1.6491337E-02"
"26-09-11 12:21:57.802","-1.7722772E-02"
"26-09-11 12:21:58.694","-1.6775990E-02"
"26-09-11 12:21:59.409","-1.7283416E-02"
"26-09-11 12:22:00.317","-1.5897277E-02"
"26-09-11 12:22:01.031","-1.7042079E-02"
"26-09-11 12:22:01.926","-1.7202970E-02"
"26-09-11 12:22:02.641","-1.7716584E-02"
"26-09-11 12:22:03.539","-1.6639851E-02"
"26-09-11 12:22:04.253","-1.7271040E-02"
"26-09-11 12:22:05.159","-1.7252475E-02"
"26-09-11 12:22:05.874","-1.7382426E-02"
"26-09-11 12:22:06.768","-1.6429455E-02"
"26-09-11 12:22:07.483","-1.6206683E-02"
"26-09-11 12:22:08.379","-1.7388614E-02"
"26-09-11 12:22:09.092","-1.6868812E-02"
"26-09-11 12:22:09.992","-1.7079208E-02"
"26-09-11 12:22:10.706","-1.6534653E-02"
"26-09-11 12:22:11.612","-1.6472772E-02"
"26-09-11 12:22:12.326","-1.7660891E-02"
"26-09-11 12:22:13.230","-1.7456683E-02"
"26-09-11 12:22:13.944","-1.6577970E-02"
"26-09-11 12:22:14.850","-1.6837871E-02"
"26-09-11 12:22:15.564","-1.7004950E-02"
"26-09-11 12:22:16.463","-1.8112624E-02"
"26-09-11 12:22:17.178","-1.7413366E-02"
"26-09-11 12:22:18.082","-1.8471535E-02"
"26-09-11 12:22:18.797","-1.6887376E-02"
"26-09-11 12:22:19.702","-1.7227723E-02"
"26-09-11 12:22:20.415","-1.7246287E-02"
"26-09-11 12:22:21.311","-1.6943069E-02"
"26-09-11 12:22:22.026","-1.6986386E-02"
"26-09-11 12:22:22.922","-1.7357673E-02"
"26-09-11 12:22:23.636","-1.6571782E-02"
"26-09-11 12:22:24.350","-1.6658416E-02"
"26-09-11 12:22:25.253","-1.7654703E-02"
"26-09-11 12:22:25.967","-1.6478960E-02"
"26-09-11 12:22:26.863","-1.6577970E-02"
"26-09-11 12:22:27.578","-1.7011139E-02"
"26-09-11 12:22:28.473","-1.7264851E-02"
"26-09-11 12:22:29.190","-1.7561881E-02"
"26-09-11 12:22:30.086","-1.7691832E-02"
"26-09-11 12:22:30.800","-1.7889851E-02"
"26-09-11 12:22:31.704","-1.7592822E-02"
"26-09-11 12:22:32.418","-1.7939356E-02"
"26-09-11 12:22:33.329","-1.6720297E-02"
"26-09-11 12:22:34.044","-1.7110149E-02"
"26-09-11 12:22:34.946","-1.5959158E-02"
"26-09-11 12:22:35.660","-1.7345297E-02"
"26-09-11 12:22:36.555","-1.6021040E-02"
"26-09-11 12:22:37.270","-1.7153465E-02"
"26-09-11 12:22:38.164","-1.6720297E-02"
"26-09-11 12:22:38.879","-1.6305693E-02"
"26-09-11 12:22:39.775","-1.8125000E-02"
"26-09-11 12:22:40.492","-1.6788366E-02"
"26-09-11 12:22:41.395","-1.6250000E-02"
"26-09-11 12:22:42.109","-1.6621287E-02"
"26-09-11 12:22:43.003","-1.6875000E-02"
"26-09-11 12:22:43.721","-1.6837871E-02"
"26-09-11 12:22:44.625","-1.6639851E-02"
"26-09-11 12:22:45.339","-1.6324257E-02"
"26-09-11 12:22:46.246","-1.6918317E-02"
"26-09-11 12:22:47.179","-1.8502475E-02"
"26-09-11 12:22:47.894","-1.6503713E-02"
"26-09-11 12:22:48.793","-1.7073020E-02"
"26-09-11 12:22:49.510","-1.7060644E-02"
"26-09-11 12:22:50.405","-1.7122525E-02"
"26-09-11 12:22:51.119","-1.6782178E-02"
"26-09-11 12:22:52.015","-1.6986386E-02"
"26-09-11 12:22:52.732","-1.7803218E-02"
"26-09-11 12:22:53.630","-1.6850248E-02"
"26-09-11 12:22:54.344","-1.5996287E-02"
"26-09-11 12:22:55.255","-1.6485149E-02"
"26-09-11 12:22:55.970","-1.7555693E-02"
"26-09-11 12:22:56.864","-1.7332921E-02"
"26-09-11 12:22:57.579","-1.7728960E-02"
"26-09-11 12:22:58.476","-1.6837871E-02"
"26-09-11 12:22:59.191","-1.8230198E-02"
"26-09-11 12:23:00.086","-1.6800743E-02"
"26-09-11 12:23:00.799","-1.7091584E-02"
"26-09-11 12:23:01.696","-1.7332921E-02"
"26-09-11 12:23:02.411","-1.7735149E-02"
"26-09-11 12:23:03.309","-1.7017327E-02"
"26-09-11 12:23:04.024","-1.6225248E-02"
"26-09-11 12:23:04.915","-1.5891089E-02"
"26-09-11 12:23:05.630","-1.7215347E-02"
"26-09-11 12:23:06.530","-1.7196782E-02"
"26-09-11 12:23:07.244","-1.6516089E-02"
"26-09-11 12:23:08.158","-1.7283416E-02"
"26-09-11 12:23:08.873","-1.7431931E-02"
"26-09-11 12:23:09.780","-1.8236386E-02"
"26-09-11 12:23:10.494","-1.7660891E-02"
"26-09-11 12:23:11.388","-1.6478960E-02"
"26-09-11 12:23:12.102","-1.7048267E-02"
"26-09-11 12:23:13.006","-1.7475248E-02"
"26-09-11 12:23:13.720","-1.6868812E-02"
"26-09-11 12:23:14.620","-1.7704208E-02"
"26-09-11 12:23:15.333","-1.7091584E-02"
"26-09-11 12:23:16.230","-1.6862624E-02"
"26-09-11 12:23:16.943","-1.6274752E-02"
"26-09-11 12:23:17.842","-1.7530941E-02"
"26-09-11 12:23:18.557","-1.7481436E-02"
"26-09-11 12:23:19.452","-1.7636139E-02"
"26-09-11 12:23:20.171","-1.7766089E-02"
"26-09-11 12:23:21.072","-1.7425743E-02"
"26-09-11 12:23:21.787","-1.6714109E-02"
"26-09-11 12:23:22.707","-1.7085396E-02"
"26-09-11 12:23:23.420","-1.7085396E-02"
"26-09-11 12:23:24.322","-1.6355198E-02"
"26-09-11 12:23:25.036","-1.7537129E-02"
"26-09-11 12:23:25.933","-1.6881188E-02"
"26-09-11 12:23:26.648","-1.7500000E-02"
"26-09-11 12:23:27.553","-1.8050743E-02"
"26-09-11 12:23:28.268","-1.6875000E-02"
"26-09-11 12:23:29.173","-1.7363861E-02"
"26-09-11 12:23:29.887","-1.6738861E-02"
"26-09-11 12:23:30.784","-1.6237624E-02"
"26-09-11 12:23:31.500","-1.7865099E-02"
"26-09-11 12:23:32.393","-1.7549505E-02"
"26-09-11 12:23:33.108","-1.6769802E-02"
"26-09-11 12:23:34.014","-1.6980198E-02"
"26-09-11 12:23:34.729","-1.6782178E-02"
"26-09-11 12:23:35.633","-1.6726485E-02"
"26-09-11 12:23:36.350","-1.7165842E-02"
"26-09-11 12:23:37.244","-1.6491337E-02"
"26-09-11 12:23:37.958","-1.7091584E-02"
"26-09-11 12:23:38.854","-1.6658416E-02"
"26-09-11 12:23:39.568","-1.7518564E-02"
"26-09-11 12:23:40.464","-1.6732673E-02"
"26-09-11 12:23:41.179","-1.7091584E-02"
"26-09-11 12:23:42.076","-1.6553218E-02"
"26-09-11 12:23:42.790","-1.6577970E-02"
"26-09-11 12:23:43.504","-1.6974010E-02"
"26-09-11 12:23:44.405","-1.7209158E-02"
"26-09-11 12:23:45.120","-1.7561881E-02"
"26-09-11 12:23:46.015","-1.7227723E-02"
"26-09-11 12:23:46.730","-1.7116337E-02"
"26-09-11 12:23:47.625","-1.7141089E-02"
"26-09-11 12:23:48.340","-1.7184406E-02"
"26-09-11 12:23:49.256","-1.6701733E-02"
"26-09-11 12:23:49.971","-1.6918317E-02"
"26-09-11 12:23:50.865","-1.7382426E-02"
"26-09-11 12:23:51.580","-1.7970297E-02"
"26-09-11 12:23:52.482","-1.6410891E-02"
"26-09-11 12:23:53.410","-1.7122525E-02"
"26-09-11 12:23:54.130","-1.6033416E-02"
"26-09-11 12:23:55.025","-1.5983911E-02"
"26-09-11 12:23:55.740","-1.8558168E-02"
"26-09-11 12:23:56.635","-1.7561881E-02"
"26-09-11 12:23:57.350","-1.6448020E-02"
"26-09-11 12:23:58.247","-1.7580446E-02"
"26-09-11 12:23:58.960","-1.8310644E-02"
"26-09-11 12:23:59.857","-1.6775990E-02"
"26-09-11 12:24:00.571","-1.7444307E-02"
"26-09-11 12:24:01.468","-1.7141089E-02"
"26-09-11 12:24:02.181","-1.7858911E-02"
"26-09-11 12:24:03.098","-1.7419554E-02"
"26-09-11 12:24:03.811","-1.6522277E-02"
"26-09-11 12:24:04.708","-1.7438119E-02"
"26-09-11 12:24:05.422","-1.7295792E-02"
"26-09-11 12:24:06.319","-1.7326733E-02"
"26-09-11 12:24:07.034","-1.6095297E-02"
"26-09-11 12:24:07.938","-1.6837871E-02"
"26-09-11 12:24:08.651","-1.7339109E-02"
"26-09-11 12:24:09.560","-1.7623762E-02"
"26-09-11 12:24:10.273","-1.6763614E-02"
"26-09-11 12:24:11.170","-1.6949257E-02"
"26-09-11 12:24:11.886","-1.6695545E-02"
"26-09-11 12:24:12.789","-1.7698020E-02"
"26-09-11 12:24:13.506","-1.7784653E-02"
"26-09-11 12:24:14.397","-1.7623762E-02"
"26-09-11 12:24:15.112","-1.7456683E-02"
"26-09-11 12:24:16.020","-1.7685644E-02"
"26-09-11 12:24:16.736","-1.6571782E-02"
"26-09-11 12:24:17.630","-1.7518564E-02"
"26-09-11 12:24:18.344","-1.7500000E-02"
"26-09-11 12:24:19.238","-1.6045792E-02"
"26-09-11 12:24:19.953","-1.7543317E-02"
"26-09-11 12:24:20.852","-1.6540842E-02"
"26-09-11 12:24:21.566","-1.7320545E-02"
"26-09-11 12:24:22.462","-1.7549505E-02"
"26-09-11 12:24:23.177","-1.7357673E-02"
"26-09-11 12:24:24.073","-1.7475248E-02"
"26-09-11 12:24:24.787","-1.8007426E-02"
"26-09-11 12:24:25.692","-1.6070545E-02"
"26-09-11 12:24:26.406","-1.7487624E-02"
"26-09-11 12:24:27.300","-1.6565594E-02"
"26-09-11 12:24:28.016","-1.6949257E-02"
"26-09-11 12:24:28.913","-1.6763614E-02"
"26-09-11 12:24:29.626","-1.7462871E-02"
"26-09-11 12:24:30.531","-1.6837871E-02"
"26-09-11 12:24:31.246","-1.5853960E-02"
"26-09-11 12:24:32.146","-1.7394802E-02"
"26-09-11 12:24:32.866","-1.7636139E-02"
"26-09-11 12:24:33.765","-1.5971535E-02"
"26-09-11 12:24:34.478","-1.6825495E-02"
"26-09-11 12:24:35.384","-1.6751238E-02"
"26-09-11 12:24:36.098","-1.7636139E-02"
"26-09-11 12:24:37.004","-1.7444307E-02"
"26-09-11 12:24:37.719","-1.6509901E-02"
"26-09-11 12:24:38.613","-1.6466584E-02"
"26-09-11 12:24:39.327","-1.7215347E-02"
"26-09-11 12:24:40.224","-1.7852723E-02"
"26-09-11 12:24:40.943","-1.7320545E-02"
"26-09-11 12:24:41.848","-1.7079208E-02"
"26-09-11 12:24:42.562","-1.7048267E-02"
"26-09-11 12:24:43.475","-1.7110149E-02"
"26-09-11 12:24:44.189","-1.7803218E-02"
"26-09-11 12:24:45.095","-1.8174505E-02"
"26-09-11 12:24:45.810","-1.6559406E-02"
"26-09-11 12:24:46.706","-1.7902228E-02"
"26-09-11 12:24:47.421","-1.7246287E-02"
"26-09-11 12:24:48.324","-1.7512376E-02"
"26-09-11 12:24:49.039","-1.7091584E-02"
"26-09-11 12:24:49.936","-1.6899752E-02"
"26-09-11 12:24:50.651","-1.7011139E-02"
"26-09-11 12:24:51.551","-1.6961634E-02"
"26-09-11 12:24:52.268","-1.7165842E-02"
"26-09-11 12:24:53.167","-1.7320545E-02"
"26-09-11 12:24:53.882","-1.6621287E-02"
"26-09-11 12:24:54.786","-1.6819307E-02"
"26-09-11 12:24:55.501","-1.7376238E-02"
"26-09-11 12:24:56.396","-1.7728960E-02"
"26-09-11 12:24:57.110","-1.5860149E-02"
"26-09-11 12:24:58.016","-1.7320545E-02"
"26-09-11 12:24:58.730","-1.6633663E-02"
"26-09-11 12:24:59.883","-1.7271040E-02"
"26-09-11 12:25:00.597","-1.7475248E-02"
"26-09-11 12:25:01.770","-1.7642327E-02"
"26-09-11 12:25:02.484","-1.7481436E-02"
"26-09-11 12:25:03.386","-1.7258663E-02"
"26-09-11 12:25:04.099","-1.7345297E-02"
"26-09-11 12:25:04.995","-1.6670792E-02"
"26-09-11 12:25:05.709","-1.7202970E-02"
"26-09-11 12:25:06.606","-1.7629950E-02"
"26-09-11 12:25:07.320","-1.7122525E-02"
"26-09-11 12:25:08.219","-1.7834158E-02"
"26-09-11 12:25:08.935","-1.6714109E-02"
"26-09-11 12:25:09.829","-1.6986386E-02"
"26-09-11 12:25:10.543","-1.8267327E-02"
"26-09-11 12:25:11.451","-1.7444307E-02"
"26-09-11 12:25:12.166","-1.6726485E-02"
"26-09-11 12:25:13.068","-1.7698020E-02"
"26-09-11 12:25:13.784","-1.7685644E-02"
"26-09-11 12:25:14.681","-1.7561881E-02"
"26-09-11 12:25:15.394","-1.7252475E-02"
"26-09-11 12:25:16.298","-1.6831683E-02"
"26-09-11 12:25:17.012","-1.6132426E-02"
"26-09-11 12:25:17.909","-1.6930693E-02"
"26-09-11 12:25:18.623","-1.6930693E-02"
"26-09-11 12:25:19.527","-1.6745050E-02"
"26-09-11 12:25:20.242","-1.6410891E-02"
"26-09-11 12:25:21.139","-1.7970297E-02"
"26-09-11 12:25:21.854","-1.6683168E-02"
"26-09-11 12:25:22.760","-1.7339109E-02"
"26-09-11 12:25:23.475","-1.6534653E-02"
"26-09-11 12:25:24.389","-1.7555693E-02"
"26-09-11 12:25:25.104","-1.6596535E-02"
"26-09-11 12:25:26.000","-1.6386139E-02"
"26-09-11 12:25:26.716","-1.6596535E-02"
"26-09-11 12:25:27.610","-1.6652228E-02"
"26-09-11 12:25:28.325","-1.6639851E-02"
"26-09-11 12:25:29.222","-1.7103960E-02"
"26-09-11 12:25:29.936","-1.7555693E-02"
"26-09-11 12:25:30.831","-1.7617574E-02"
"26-09-11 12:25:31.545","-1.7487624E-02"
"26-09-11 12:25:32.452","-1.6491337E-02"
"26-09-11 12:25:33.168","-1.7766089E-02"
"26-09-11 12:25:34.062","-1.7103960E-02"
"26-09-11 12:25:34.777","-1.7456683E-02"
"26-09-11 12:25:35.672","-1.6571782E-02"
"26-09-11 12:25:36.387","-1.7116337E-02"
"26-09-11 12:25:37.283","-1.6324257E-02"
"26-09-11 12:25:37.998","-1.6045792E-02"
"26-09-11 12:25:38.904","-1.7221535E-02"
"26-09-11 12:25:39.619","-1.6782178E-02"
"26-09-11 12:25:40.523","-1.6274752E-02"
"26-09-11 12:25:41.237","-1.7667079E-02"
"26-09-11 12:25:42.143","-1.6491337E-02"
"26-09-11 12:25:42.857","-1.7314356E-02"
"26-09-11 12:25:43.755","-1.7103960E-02"
"26-09-11 12:25:44.470","-1.6819307E-02"
"26-09-11 12:25:45.364","-1.7345297E-02"
"26-09-11 12:25:46.079","-1.8261139E-02"
"26-09-11 12:25:46.975","-1.6936881E-02"
"26-09-11 12:25:47.688","-1.6615099E-02"
"26-09-11 12:25:48.586","-1.7506188E-02"
"26-09-11 12:25:49.300","-1.6547030E-02"
"26-09-11 12:25:50.204","-1.6974010E-02"
"26-09-11 12:25:50.922","-1.7759901E-02"
"26-09-11 12:25:51.834","-1.7178218E-02"
"26-09-11 12:25:52.548","-1.6714109E-02"
"26-09-11 12:25:53.443","-1.7419554E-02"
"26-09-11 12:25:54.158","-1.6324257E-02"
"26-09-11 12:25:55.055","-1.7085396E-02"
"26-09-11 12:25:55.769","-1.7413366E-02"
"26-09-11 12:25:56.665","-1.7741337E-02"
"26-09-11 12:25:57.380","-1.7153465E-02"
"26-09-11 12:25:58.275","-1.7512376E-02"
"26-09-11 12:25:58.989","-1.7543317E-02"
"26-09-11 12:25:59.886","-1.7518564E-02"
"26-09-11 12:26:00.599","-1.7233911E-02"
"26-09-11 12:26:01.505","-1.7159653E-02"
"26-09-11 12:26:02.224","-1.7592822E-02"
"26-09-11 12:26:03.116","-1.7660891E-02"
"26-09-11 12:26:03.831","-1.7295792E-02"
"26-09-11 12:26:04.726","-1.5315594E-02"
"26-09-11 12:26:05.661","-1.6955446E-02"
"26-09-11 12:26:06.375","-1.6986386E-02"
"26-09-11 12:26:07.277","-1.6689356E-02"
"26-09-11 12:26:07.993","-1.7561881E-02"
"26-09-11 12:26:08.889","-1.8118812E-02"
"26-09-11 12:26:09.602","-1.7079208E-02"
"26-09-11 12:26:10.496","-1.5959158E-02"
"26-09-11 12:26:11.210","-1.6763614E-02"
"26-09-11 12:26:12.107","-1.7438119E-02"
"26-09-11 12:26:12.822","-1.6608911E-02"
"26-09-11 12:26:13.718","-1.7512376E-02"
"26-09-11 12:26:14.432","-1.6429455E-02"
"26-09-11 12:26:15.328","-1.7512376E-02"
"26-09-11 12:26:16.043","-1.7896040E-02"
"26-09-11 12:26:16.947","-1.6936881E-02"
"26-09-11 12:26:17.660","-1.6132426E-02"
"26-09-11 12:26:18.557","-1.6571782E-02"
"26-09-11 12:26:19.270","-1.7407178E-02"
"26-09-11 12:26:20.179","-1.7450495E-02"
"26-09-11 12:26:20.894","-1.7617574E-02"
"26-09-11 12:26:21.608","-1.7549505E-02"
"26-09-11 12:26:22.507","-1.6033416E-02"
"26-09-11 12:26:23.221","-1.6435644E-02"
"26-09-11 12:26:24.117","-1.7128713E-02"
"26-09-11 12:26:24.832","-1.7821782E-02"
"26-09-11 12:26:25.729","-1.7246287E-02"
"26-09-11 12:26:26.444","-1.7159653E-02"
"26-09-11 12:26:27.339","-1.7400990E-02"
"26-09-11 12:26:28.056","-1.7042079E-02"
"26-09-11 12:26:28.950","-1.8149752E-02"
"26-09-11 12:26:29.665","-1.7314356E-02"
"26-09-11 12:26:30.562","-1.7363861E-02"
"26-09-11 12:26:31.275","-1.7555693E-02"
"26-09-11 12:26:32.168","-1.7871287E-02"
"26-09-11 12:26:32.885","-1.7165842E-02"
"26-09-11 12:26:33.781","-1.6540842E-02"
"26-09-11 12:26:34.494","-1.7017327E-02"
"26-09-11 12:26:35.390","-1.7301980E-02"
"26-09-11 12:26:36.105","-1.6881188E-02"
"26-09-11 12:26:37.002","-1.7060644E-02"
"26-09-11 12:26:37.717","-1.7797030E-02"
"26-09-11 12:26:38.615","-1.7079208E-02"
"26-09-11 12:26:39.331","-1.6986386E-02"
"26-09-11 12:26:40.235","-1.7766089E-02"
"26-09-11 12:26:40.950","-1.6868812E-02"
"26-09-11 12:26:41.852","-1.6875000E-02"
"26-09-11 12:26:42.566","-1.7809406E-02"
"26-09-11 12:26:43.464","-1.7301980E-02"
"26-09-11 12:26:44.178","-1.7283416E-02"
"26-09-11 12:26:45.073","-1.7240099E-02"
"26-09-11 12:26:45.787","-1.6448020E-02"
"26-09-11 12:26:46.704","-1.6206683E-02"
"26-09-11 12:26:47.418","-1.6707921E-02"
"26-09-11 12:26:48.323","-1.7314356E-02"
"26-09-11 12:26:49.038","-1.7500000E-02"
"26-09-11 12:26:49.938","-1.6509901E-02"
"26-09-11 12:26:50.653","-1.6652228E-02"
"26-09-11 12:26:51.555","-1.7079208E-02"
"26-09-11 12:26:52.268","-1.7667079E-02"
"26-09-11 12:26:53.174","-1.6621287E-02"
"26-09-11 12:26:53.889","-1.7023515E-02"
"26-09-11 12:26:54.784","-1.6021040E-02"
"26-09-11 12:26:55.498","-1.7048267E-02"
"26-09-11 12:26:56.394","-1.7524752E-02"
"26-09-11 12:26:57.111","-1.7376238E-02"
"26-09-11 12:26:58.003","-1.6986386E-02"
"26-09-11 12:26:58.717","-1.6528465E-02"
"26-09-11 12:26:59.624","-1.7289604E-02"
"26-09-11 12:27:00.339","-1.6967822E-02"
"26-09-11 12:27:01.245","-1.8019802E-02"
"26-09-11 12:27:01.959","-1.8316832E-02"
"26-09-11 12:27:02.855","-1.6478960E-02"
"26-09-11 12:27:03.569","-1.6274752E-02"
"26-09-11 12:27:04.466","-1.7073020E-02"
"26-09-11 12:27:05.180","-1.5587871E-02"
"26-09-11 12:27:06.075","-1.7277228E-02"
"26-09-11 12:27:06.792","-1.7079208E-02"
"26-09-11 12:27:07.686","-1.7592822E-02"
"26-09-11 12:27:08.401","-1.6992574E-02"
"26-09-11 12:27:09.296","-1.7400990E-02"
"26-09-11 12:27:10.010","-1.6918317E-02"
"26-09-11 12:27:10.916","-1.7778465E-02"
"26-09-11 12:27:11.631","-1.7116337E-02"
"26-09-11 12:27:12.782","-1.7679455E-02"
"26-09-11 12:27:13.496","-1.7252475E-02"
"26-09-11 12:27:14.405","-1.6714109E-02"
"26-09-11 12:27:15.124","-1.6974010E-02"
"26-09-11 12:27:16.017","-1.7172030E-02"
"26-09-11 12:27:16.732","-1.6961634E-02"
"26-09-11 12:27:17.626","-1.7852723E-02"
"26-09-11 12:27:18.340","-1.6881188E-02"
"26-09-11 12:27:19.241","-1.7537129E-02"
"26-09-11 12:27:19.955","-1.7586634E-02"
"26-09-11 12:27:20.860","-1.8254950E-02"
"26-09-11 12:27:21.575","-1.7122525E-02"
"26-09-11 12:27:22.478","-1.7660891E-02"
"26-09-11 12:27:23.192","-1.6998762E-02"
"26-09-11 12:27:24.091","-1.7165842E-02"
"26-09-11 12:27:24.806","-1.7400990E-02"
"26-09-11 12:27:25.707","-1.6967822E-02"
"26-09-11 12:27:26.426","-1.6912129E-02"
"26-09-11 12:27:27.329","-1.8310644E-02"
"26-09-11 12:27:28.044","-1.6943069E-02"
"26-09-11 12:27:28.940","-1.6800743E-02"
"26-09-11 12:27:29.655","-1.6658416E-02"
"26-09-11 12:27:30.558","-1.8180693E-02"
"26-09-11 12:27:31.274","-1.7735149E-02"
"26-09-11 12:27:32.168","-1.7048267E-02"
"26-09-11 12:27:32.881","-1.6800743E-02"
"26-09-11 12:27:33.778","-1.6967822E-02"
"26-09-11 12:27:34.492","-1.6361386E-02"
"26-09-11 12:27:35.391","-1.7450495E-02"
"26-09-11 12:27:36.104","-1.6813119E-02"
"26-09-11 12:27:37.001","-1.7599010E-02"
"26-09-11 12:27:37.714","-1.8174505E-02"
"26-09-11 12:27:38.619","-1.6602723E-02"
"26-09-11 12:27:39.333","-1.7196782E-02"
"26-09-11 12:27:40.047","-1.7988861E-02"
"26-09-11 12:27:40.961","-1.6974010E-02"
"26-09-11 12:27:41.676","-1.7518564E-02"
"26-09-11 12:27:42.571","-1.7184406E-02"
"26-09-11 12:27:43.286","-1.6633663E-02"
"26-09-11 12:27:44.192","-1.6844059E-02"
"26-09-11 12:27:44.907","-1.6188119E-02"
"26-09-11 12:27:45.804","-1.7438119E-02"
"26-09-11 12:27:46.520","-1.6905941E-02"
"26-09-11 12:27:47.411","-1.7778465E-02"
"26-09-11 12:27:48.125","-1.7561881E-02"
"26-09-11 12:27:49.023","-1.6745050E-02"
"26-09-11 12:27:49.738","-1.6813119E-02"
"26-09-11 12:27:50.635","-1.7388614E-02"
"26-09-11 12:27:51.350","-1.6875000E-02"
"26-09-11 12:27:52.253","-1.7202970E-02"
"26-09-11 12:27:52.971","-1.6763614E-02"
"26-09-11 12:27:53.883","-1.6349010E-02"
"26-09-11 12:27:54.597","-1.6386139E-02"
"26-09-11 12:27:55.494","-1.7184406E-02"
"26-09-11 12:27:56.208","-1.6664604E-02"
"26-09-11 12:27:57.103","-1.6398515E-02"
"26-09-11 12:27:57.818","-1.6701733E-02"
"26-09-11 12:27:58.714","-1.6478960E-02"
"26-09-11 12:27:59.429","-1.5823020E-02"
"26-09-11 12:28:00.335","-1.6893564E-02"
"26-09-11 12:28:01.048","-1.6627475E-02"
"26-09-11 12:28:01.945","-1.6280941E-02"
"26-09-11 12:28:02.660","-1.6454208E-02"
"26-09-11 12:28:03.554","-1.7852723E-02"
"26-09-11 12:28:04.272","-1.6757426E-02"
"26-09-11 12:28:05.166","-1.6373762E-02"
"26-09-11 12:28:05.881","-1.6602723E-02"
"26-09-11 12:28:06.775","-1.7141089E-02"
"26-09-11 12:28:07.490","-1.6986386E-02"
"26-09-11 12:28:08.398","-1.6571782E-02"
"26-09-11 12:28:09.111","-1.7345297E-02"
"26-09-11 12:28:10.016","-1.6763614E-02"
"26-09-11 12:28:10.730","-1.6763614E-02"
"26-09-11 12:28:11.637","-1.7394802E-02"
"26-09-11 12:28:12.351","-1.6819307E-02"
"26-09-11 12:28:13.245","-1.6021040E-02"
"26-09-11 12:28:13.960","-1.6949257E-02"
"26-09-11 12:28:14.857","-1.6875000E-02"
"26-09-11 12:28:15.576","-1.6862624E-02"
"26-09-11 12:28:16.477","-1.6633663E-02"
"26-09-11 12:28:17.191","-1.7419554E-02"
"26-09-11 12:28:18.087","-1.7574257E-02"
"26-09-11 12:28:19.017","-1.8242574E-02"
"26-09-11 12:28:19.732","-1.6930693E-02"
"26-09-11 12:28:20.627","-1.6305693E-02"
"26-09-11 12:28:21.343","-1.6775990E-02"
"26-09-11 12:28:22.247","-1.7122525E-02"
"26-09-11 12:28:22.964","-1.7363861E-02"
"26-09-11 12:28:23.857","-1.6837871E-02"
"26-09-11 12:28:24.570","-1.6367574E-02"
"26-09-11 12:28:25.469","-1.7209158E-02"
"26-09-11 12:28:26.183","-1.5860149E-02"
"26-09-11 12:28:27.080","-1.6590347E-02"
"26-09-11 12:28:27.795","-1.8001238E-02"
"26-09-11 12:28:28.705","-1.7165842E-02"
"26-09-11 12:28:29.420","-1.7339109E-02"
"26-09-11 12:28:30.319","-1.6868812E-02"
"26-09-11 12:28:31.033","-1.7555693E-02"
"26-09-11 12:28:31.929","-1.6497525E-02"
"26-09-11 12:28:32.645","-1.6584158E-02"
"26-09-11 12:28:33.540","-1.8193069E-02"
"26-09-11 12:28:34.254","-1.7592822E-02"
"26-09-11 12:28:35.160","-1.6509901E-02"
"26-09-11 12:28:35.874","-1.7840347E-02"
"26-09-11 12:28:36.768","-1.7190594E-02"
"26-09-11 12:28:37.482","-1.8366337E-02"
"26-09-11 12:28:38.380","-1.7394802E-02"
"26-09-11 12:28:39.095","-1.6417079E-02"
"26-09-11 12:28:39.990","-1.6157178E-02"
"26-09-11 12:28:40.704","-1.6676980E-02"
"26-09-11 12:28:41.599","-1.7747525E-02"
"26-09-11 12:28:42.314","-1.7555693E-02"
"26-09-11 12:28:43.212","-1.6757426E-02"
"26-09-11 12:28:43.926","-1.6559406E-02"
"26-09-11 12:28:44.830","-1.7716584E-02"
"26-09-11 12:28:45.548","-1.7221535E-02"
"26-09-11 12:28:46.451","-1.6181931E-02"
"26-09-11 12:28:47.164","-1.7345297E-02"
"26-09-11 12:28:48.062","-1.8069307E-02"
"26-09-11 12:28:48.777","-1.5823020E-02"
"26-09-11 12:28:49.690","-1.7524752E-02"
"26-09-11 12:28:50.405","-1.8452970E-02"
"26-09-11 12:28:51.302","-1.6615099E-02"
"26-09-11 12:28:52.020","-1.7877475E-02"
"26-09-11 12:28:52.914","-1.6410891E-02"
"26-09-11 12:28:53.627","-1.7017327E-02"
"26-09-11 12:28:54.533","-1.8205446E-02"
"26-09-11 12:28:55.252","-1.6516089E-02"
"26-09-11 12:28:56.145","-1.6905941E-02"
"26-09-11 12:28:56.858","-1.7363861E-02"
"26-09-11 12:28:57.761","-1.6899752E-02"
"26-09-11 12:28:58.478","-1.8199257E-02"
"26-09-11 12:28:59.192","-1.6850248E-02"
"26-09-11 12:29:00.095","-1.7407178E-02"
"26-09-11 12:29:00.810","-1.7549505E-02"
"26-09-11 12:29:01.704","-1.7438119E-02"
"26-09-11 12:29:02.419","-1.6844059E-02"
"26-09-11 12:29:03.315","-1.7079208E-02"
"26-09-11 12:29:04.029","-1.6460396E-02"
"26-09-11 12:29:04.926","-1.6683168E-02"
"26-09-11 12:29:05.642","-1.7617574E-02"
"26-09-11 12:29:06.533","-1.7314356E-02"
"26-09-11 12:29:07.248","-1.7530941E-02"
"26-09-11 12:29:08.148","-1.7586634E-02"
"26-09-11 12:29:08.865","-1.7345297E-02"
"26-09-11 12:29:09.765","-1.7153465E-02"
"26-09-11 12:29:10.479","-1.8112624E-02"
"26-09-11 12:29:11.378","-1.6887376E-02"
"26-09-11 12:29:12.093","-1.6732673E-02"
"26-09-11 12:29:12.996","-1.6763614E-02"
"26-09-11 12:29:13.711","-1.6627475E-02"
"26-09-11 12:29:14.615","-1.6404703E-02"
"26-09-11 12:29:15.330","-1.7636139E-02"
"26-09-11 12:29:16.238","-1.8483911E-02"
"26-09-11 12:29:16.952","-1.7326733E-02"
"26-09-11 12:29:17.863","-1.7079208E-02"
"26-09-11 12:29:18.577","-1.6899752E-02"
"26-09-11 12:29:19.476","-1.7134901E-02"
"26-09-11 12:29:20.191","-1.5959158E-02"
"26-09-11 12:29:21.087","-1.7896040E-02"
"26-09-11 12:29:21.801","-1.7258663E-02"
"26-09-11 12:29:22.698","-1.6714109E-02"
"26-09-11 12:29:23.412","-1.6745050E-02"
"26-09-11 12:29:24.308","-1.7252475E-02"
"26-09-11 12:29:25.242","-1.6918317E-02"
"26-09-11 12:29:25.957","-1.6794554E-02"
"26-09-11 12:29:26.857","-1.8087871E-02"
"26-09-11 12:29:27.570","-1.6410891E-02"
"26-09-11 12:29:28.477","-1.7549505E-02"
"26-09-11 12:29:29.192","-1.6373762E-02"
"26-09-11 12:29:30.096","-1.8422030E-02"
"26-09-11 12:29:30.813","-1.6893564E-02"
"26-09-11 12:29:31.711","-1.6893564E-02"
"26-09-11 12:29:32.424","-1.8285891E-02"
"26-09-11 12:29:33.328","-1.7060644E-02"
"26-09-11 12:29:34.041","-1.7728960E-02"
"26-09-11 12:29:34.939","-1.7555693E-02"
"26-09-11 12:29:35.653","-1.6980198E-02"
"26-09-11 12:29:36.549","-1.6089109E-02"
"26-09-11 12:29:37.265","-1.7926980E-02"
"26-09-11 12:29:38.162","-1.8075495E-02"
"26-09-11 12:29:38.877","-1.7363861E-02"
"26-09-11 12:29:39.781","-1.6330446E-02"
"26-09-11 12:29:40.495","-1.6943069E-02"
"26-09-11 12:29:41.399","-1.7710396E-02"
"26-09-11 12:29:42.116","-1.7320545E-02"
"26-09-11 12:29:43.020","-1.6980198E-02"
"26-09-11 12:29:43.737","-1.7042079E-02"
"26-09-11 12:29:44.629","-1.7691832E-02"
"26-09-11 12:29:45.344","-1.7976485E-02"
"26-09-11 12:29:46.241","-1.7122525E-02"
"26-09-11 12:29:46.956","-1.7097772E-02"
"26-09-11 12:29:47.855","-1.6905941E-02"
"26-09-11 12:29:48.568","-1.7147277E-02"
"26-09-11 12:29:49.471","-1.5513614E-02"
"26-09-11 12:29:50.188","-1.6602723E-02"
"26-09-11 12:29:51.083","-1.7301980E-02"
"26-09-11 12:29:51.796","-1.7803218E-02"
"26-09-11 12:29:52.702","-1.7227723E-02"
"26-09-11 12:29:53.418","-1.7004950E-02"
"26-09-11 12:29:54.311","-1.7561881E-02"
"26-09-11 12:29:55.024","-1.5977723E-02"
"26-09-11 12:29:55.922","-1.7110149E-02"
"26-09-11 12:29:56.636","-1.7196782E-02"
"26-09-11 12:29:57.545","-1.7048267E-02"
"26-09-11 12:29:58.259","-1.6676980E-02"
"26-09-11 12:29:59.164","-1.7821782E-02"
"26-09-11 12:29:59.879","-1.7110149E-02"
"26-09-11 12:30:00.784","-1.8155941E-02"
"26-09-11 12:30:01.498","-1.6460396E-02"
"26-09-11 12:30:02.404","-1.6522277E-02"
"26-09-11 12:30:03.121","-1.6534653E-02"
"26-09-11 12:30:04.014","-1.7116337E-02"
"26-09-11 12:30:04.729","-1.6980198E-02"
"26-09-11 12:30:05.624","-1.7667079E-02"
"26-09-11 12:30:06.339","-1.7042079E-02"
"26-09-11 12:30:07.239","-1.7741337E-02"
"26-09-11 12:30:07.955","-1.7258663E-02"
"26-09-11 12:30:08.854","-1.7054455E-02"
"26-09-11 12:30:09.571","-1.7060644E-02"
"26-09-11 12:30:10.474","-1.6646040E-02"
"26-09-11 12:30:11.188","-1.7209158E-02"
"26-09-11 12:30:12.085","-1.7314356E-02"
"26-09-11 12:30:12.800","-1.7178218E-02"
"26-09-11 12:30:13.705","-1.6398515E-02"
"26-09-11 12:30:14.420","-1.7629950E-02"
"26-09-11 12:30:15.316","-1.7858911E-02"
"26-09-11 12:30:16.031","-1.7172030E-02"
"26-09-11 12:30:16.959","-1.6899752E-02"
"26-09-11 12:30:17.676","-1.6831683E-02"
"26-09-11 12:30:18.576","-1.6410891E-02"
"26-09-11 12:30:19.291","-1.7103960E-02"
"26-09-11 12:30:20.186","-1.7481436E-02"
"26-09-11 12:30:20.901","-1.7351485E-02"
"26-09-11 12:30:21.797","-1.6856436E-02"
"26-09-11 12:30:22.510","-1.6905941E-02"
"26-09-11 12:30:23.407","-1.6782178E-02"
"26-09-11 12:30:24.124","-1.6974010E-02"
"26-09-11 12:30:25.017","-1.7017327E-02"
"26-09-11 12:30:25.731","-1.7388614E-02"
"26-09-11 12:30:26.625","-1.7592822E-02"
"26-09-11 12:30:27.339","-1.7289604E-02"
"26-09-11 12:30:28.239","-1.7493812E-02"
"26-09-11 12:30:28.955","-1.6336634E-02"
"26-09-11 12:30:29.848","-1.7469059E-02"
"26-09-11 12:30:30.562","-1.5142327E-02"
"26-09-11 12:30:31.711","-1.6806931E-02"
"26-09-11 12:30:32.424","-1.6540842E-02"
"26-09-11 12:30:33.319","-1.7648515E-02"
"26-09-11 12:30:34.035","-1.7017327E-02"
"26-09-11 12:30:34.928","-1.7357673E-02"
"26-09-11 12:30:35.642","-1.6336634E-02"
"26-09-11 12:30:36.537","-1.6837871E-02"
"26-09-11 12:30:37.252","-1.7735149E-02"
"26-09-11 12:30:38.160","-1.6571782E-02"
"26-09-11 12:30:38.875","-1.6670792E-02"
"26-09-11 12:30:39.771","-1.7871287E-02"
"26-09-11 12:30:40.486","-1.7487624E-02"
"26-09-11 12:30:41.388","-1.6652228E-02"
"26-09-11 12:30:42.103","-1.6590347E-02"
"26-09-11 12:30:42.995","-1.6639851E-02"
"26-09-11 12:30:43.712","-1.6676980E-02"
"26-09-11 12:30:44.609","-1.6466584E-02"
"26-09-11 12:30:45.324","-1.8131188E-02"
"26-09-11 12:30:46.220","-1.7054455E-02"
"26-09-11 12:30:46.937","-1.7425743E-02"
"26-09-11 12:30:47.839","-1.6485149E-02"
"26-09-11 12:30:48.553","-1.7518564E-02"
"26-09-11 12:30:49.450","-1.7363861E-02"
"26-09-11 12:30:50.163","-1.6918317E-02"
"26-09-11 12:30:51.066","-1.7407178E-02"
"26-09-11 12:30:51.783","-1.6435644E-02"
"26-09-11 12:30:52.680","-1.6720297E-02"
"26-09-11 12:30:53.394","-1.7023515E-02"
"26-09-11 12:30:54.290","-1.6336634E-02"
"26-09-11 12:30:55.004","-1.6534653E-02"
"26-09-11 12:30:55.900","-1.6899752E-02"
"26-09-11 12:30:56.615","-1.7295792E-02"
"26-09-11 12:30:57.520","-1.7073020E-02"
"26-09-11 12:30:58.234","-1.7301980E-02"
"26-09-11 12:30:59.128","-1.6509901E-02"
"26-09-11 12:30:59.843","-1.5847772E-02"
"26-09-11 12:31:00.741","-1.7122525E-02"
"26-09-11 12:31:01.455","-1.6423267E-02"
"26-09-11 12:31:02.352","-1.7233911E-02"
"26-09-11 12:31:03.066","-1.7178218E-02"
"26-09-11 12:31:03.973","-1.7258663E-02"
"26-09-11 12:31:04.689","-1.7413366E-02"
"26-09-11 12:31:05.592","-1.7159653E-02"
"26-09-11 12:31:06.307","-1.7178218E-02"
"26-09-11 12:31:07.212","-1.6676980E-02"
"26-09-11 12:31:07.927","-1.7054455E-02"
"26-09-11 12:31:08.824","-1.7004950E-02"
"26-09-11 12:31:09.538","-1.7153465E-02"
"26-09-11 12:31:10.434","-1.6974010E-02"
"26-09-11 12:31:11.148","-1.8230198E-02"
"26-09-11 12:31:12.044","-1.7221535E-02"
"26-09-11 12:31:12.758","-1.7221535E-02"
"26-09-11 12:31:13.654","-1.6893564E-02"
"26-09-11 12:31:14.370","-1.6448020E-02"
"26-09-11 12:31:15.265","-1.6664604E-02"
"26-09-11 12:31:15.979","-1.7023515E-02"
"26-09-11 12:31:16.876","-1.7518564E-02"
"26-09-11 12:31:17.592","-1.7400990E-02"
"26-09-11 12:31:18.495","-1.7376238E-02"
"26-09-11 12:31:19.209","-1.6862624E-02"
"26-09-11 12:31:20.105","-1.6392327E-02"
"26-09-11 12:31:20.820","-1.6454208E-02"
"26-09-11 12:31:21.715","-1.7673267E-02"
"26-09-11 12:31:22.429","-1.7926980E-02"
"26-09-11 12:31:23.325","-1.7184406E-02"
"26-09-11 12:31:24.042","-1.7202970E-02"
"26-09-11 12:31:24.936","-1.5891089E-02"
"26-09-11 12:31:25.649","-1.6577970E-02"
"26-09-11 12:31:26.549","-1.6930693E-02"
"26-09-11 12:31:27.263","-1.8422030E-02"
"26-09-11 12:31:28.166","-1.7029703E-02"
"26-09-11 12:31:28.880","-1.6850248E-02"
"26-09-11 12:31:29.775","-1.7271040E-02"
"26-09-11 12:31:30.490","-1.7060644E-02"
"26-09-11 12:31:31.387","-1.7506188E-02"
"26-09-11 12:31:32.102","-1.6775990E-02"
"26-09-11 12:31:33.010","-1.7784653E-02"
"26-09-11 12:31:33.726","-1.7066832E-02"
"26-09-11 12:31:34.617","-1.6608911E-02"
"26-09-11 12:31:35.332","-1.6850248E-02"
"26-09-11 12:31:36.259","-1.6943069E-02"
"26-09-11 12:31:36.976","-1.6485149E-02"
"26-09-11 12:31:38.123","-1.5767327E-02"
"26-09-11 12:31:38.837","-1.6386139E-02"
"26-09-11 12:31:39.737","-1.6676980E-02"
"26-09-11 12:31:40.452","-1.7431931E-02"
"26-09-11 12:31:41.347","-1.6974010E-02"
"26-09-11 12:31:42.061","-1.7035891E-02"
"26-09-11 12:31:42.957","-1.6831683E-02"
"26-09-11 12:31:43.672","-1.7289604E-02"
"26-09-11 12:31:44.568","-1.7592822E-02"
"26-09-11 12:31:45.283","-1.7165842E-02"
"26-09-11 12:31:46.194","-1.7481436E-02"
"26-09-11 12:31:46.908","-1.6615099E-02"
"26-09-11 12:31:47.810","-1.7326733E-02"
"26-09-11 12:31:48.524","-1.7475248E-02"
"26-09-11 12:31:49.419","-1.7852723E-02"
"26-09-11 12:31:50.135","-1.7481436E-02"
"26-09-11 12:31:51.032","-1.7419554E-02"
"26-09-11 12:31:51.746","-1.6751238E-02"
"26-09-11 12:31:52.650","-1.7295792E-02"
"26-09-11 12:31:53.365","-1.6441832E-02"
"26-09-11 12:31:54.271","-1.7920792E-02"
"26-09-11 12:31:54.984","-1.7283416E-02"
"26-09-11 12:31:55.885","-1.7178218E-02"
"26-09-11 12:31:56.600","-1.7283416E-02"
"26-09-11 12:31:57.498","-1.7277228E-02"
"26-09-11 12:31:58.213","-1.6373762E-02"
"26-09-11 12:31:59.120","-1.6955446E-02"
"26-09-11 12:31:59.836","-1.6905941E-02"
"26-09-11 12:32:00.732","-1.7060644E-02"
"26-09-11 12:32:01.446","-1.8626238E-02"
"26-09-11 12:32:02.342","-1.7011139E-02"
"26-09-11 12:32:03.058","-1.6497525E-02"
"26-09-11 12:32:03.951","-1.7469059E-02"
"26-09-11 12:32:04.666","-1.6175743E-02"
"26-09-11 12:32:05.563","-1.7425743E-02"
"26-09-11 12:32:06.278","-1.7097772E-02"
"26-09-11 12:32:07.173","-1.7667079E-02"
"26-09-11 12:32:07.889","-1.7834158E-02"
"26-09-11 12:32:08.784","-1.7116337E-02"
"26-09-11 12:32:09.498","-1.6627475E-02"
"26-09-11 12:32:10.403","-1.5779703E-02"
"26-09-11 12:32:11.118","-1.7308168E-02"
"26-09-11 12:32:12.013","-1.7462871E-02"
"26-09-11 12:32:12.728","-1.7147277E-02"
"26-09-11 12:32:13.633","-1.7394802E-02"
"26-09-11 12:32:14.347","-1.7753713E-02"
"26-09-11 12:32:15.243","-1.7227723E-02"
"26-09-11 12:32:15.958","-1.7728960E-02"
"26-09-11 12:32:16.863","-1.7648515E-02"
"26-09-11 12:32:17.579","-1.7159653E-02"
"26-09-11 12:32:18.474","-1.6881188E-02"
"26-09-11 12:32:19.189","-1.7784653E-02"
"26-09-11 12:32:20.085","-1.7345297E-02"
"26-09-11 12:32:20.799","-1.7648515E-02"
"26-09-11 12:32:21.695","-1.7190594E-02"
"26-09-11 12:32:22.410","-1.6646040E-02"
"26-09-11 12:32:23.305","-1.7611386E-02"
"26-09-11 12:32:24.020","-1.6912129E-02"
"26-09-11 12:32:24.915","-1.6454208E-02"
"26-09-11 12:32:25.630","-1.6720297E-02"
"26-09-11 12:32:26.545","-1.7376238E-02"
"26-09-11 12:32:27.260","-1.6639851E-02"
"26-09-11 12:32:28.156","-1.8378713E-02"
"26-09-11 12:32:28.872","-1.7097772E-02"
"26-09-11 12:32:29.768","-1.6590347E-02"
"26-09-11 12:32:30.481","-1.7648515E-02"
"26-09-11 12:32:31.383","-1.6590347E-02"
"26-09-11 12:32:32.097","-1.6992574E-02"
"26-09-11 12:32:32.998","-1.6850248E-02"
"26-09-11 12:32:33.712","-1.6571782E-02"
"26-09-11 12:32:34.606","-1.7122525E-02"
"26-09-11 12:32:35.322","-1.7964109E-02"
"26-09-11 12:32:36.227","-1.7091584E-02"
"26-09-11 12:32:36.946","-1.6299505E-02"
"26-09-11 12:32:37.846","-1.8595297E-02"
"26-09-11 12:32:38.560","-1.8966584E-02"
"26-09-11 12:32:39.455","-1.7599010E-02"
"26-09-11 12:32:40.172","-1.6683168E-02"
"26-09-11 12:32:41.079","-1.7110149E-02"
"26-09-11 12:32:41.794","-1.7332921E-02"
"26-09-11 12:32:42.689","-1.7438119E-02"
"26-09-11 12:32:43.403","-1.7543317E-02"
"26-09-11 12:32:44.562","-1.7363861E-02"
"26-09-11 12:32:45.278","-1.6485149E-02"
"26-09-11 12:32:46.179","-1.6887376E-02"
"26-09-11 12:32:46.893","-1.7283416E-02"
"26-09-11 12:32:47.789","-1.6831683E-02"
"26-09-11 12:32:48.504","-1.6707921E-02"
"26-09-11 12:32:49.408","-1.7660891E-02"
"26-09-11 12:32:50.122","-1.6590347E-02"
"26-09-11 12:32:51.020","-1.6577970E-02"
"26-09-11 12:32:51.733","-1.7339109E-02"
"26-09-11 12:32:52.629","-1.5959158E-02"
"26-09-11 12:32:53.343","-1.6974010E-02"
"26-09-11 12:32:54.248","-1.7023515E-02"
"26-09-11 12:32:54.963","-1.6045792E-02"
"26-09-11 12:32:55.676","-1.6639851E-02"
"26-09-11 12:32:56.581","-1.6268564E-02"
"26-09-11 12:32:57.295","-1.8273515E-02"
"26-09-11 12:32:58.188","-1.7301980E-02"
"26-09-11 12:32:58.903","-1.7407178E-02"
"26-09-11 12:32:59.799","-1.7605198E-02"
"26-09-11 12:33:00.515","-1.7159653E-02"
"26-09-11 12:33:01.412","-1.6726485E-02"
"26-09-11 12:33:02.126","-1.6516089E-02"
"26-09-11 12:33:03.021","-1.7258663E-02"
"26-09-11 12:33:03.737","-1.6918317E-02"
"26-09-11 12:33:04.630","-1.7462871E-02"
"26-09-11 12:33:05.344","-1.6615099E-02"
"26-09-11 12:33:06.240","-1.8032178E-02"
"26-09-11 12:33:06.953","-1.8341584E-02"
"26-09-11 12:33:07.862","-1.7691832E-02"
"26-09-11 12:33:08.576","-1.7339109E-02"
"26-09-11 12:33:09.472","-1.7060644E-02"
"26-09-11 12:33:10.187","-1.7091584E-02"
"26-09-11 12:33:11.082","-1.7555693E-02"
"26-09-11 12:33:11.798","-1.7116337E-02"
"26-09-11 12:33:12.693","-1.6967822E-02"
"26-09-11 12:33:13.408","-1.8094059E-02"
"26-09-11 12:33:14.301","-1.6775990E-02"
"26-09-11 12:33:15.016","-1.7301980E-02"
"26-09-11 12:33:15.913","-1.6930693E-02"
"26-09-11 12:33:16.627","-1.6509901E-02"
"26-09-11 12:33:17.523","-1.6701733E-02"
"26-09-11 12:33:18.238","-1.7159653E-02"
"26-09-11 12:33:19.132","-1.6881188E-02"
"26-09-11 12:33:19.847","-1.6287129E-02"
"26-09-11 12:33:20.753","-1.7506188E-02"
"26-09-11 12:33:21.470","-1.6875000E-02"
"26-09-11 12:33:22.367","-1.6751238E-02"
"26-09-11 12:33:23.081","-1.6472772E-02"
"26-09-11 12:33:23.985","-1.7815594E-02"
"26-09-11 12:33:24.699","-1.6720297E-02"
"26-09-11 12:33:25.604","-1.6980198E-02"
"26-09-11 12:33:26.319","-1.7438119E-02"
"26-09-11 12:33:27.215","-1.6850248E-02"
"26-09-11 12:33:27.930","-1.6602723E-02"
"26-09-11 12:33:28.827","-1.6676980E-02"
"26-09-11 12:33:29.542","-1.7190594E-02"
"26-09-11 12:33:30.437","-1.7493812E-02"
"26-09-11 12:33:31.152","-1.7011139E-02"
"26-09-11 12:33:32.056","-1.6924505E-02"
"26-09-11 12:33:32.771","-1.6491337E-02"
"26-09-11 12:33:33.667","-1.7524752E-02"
"26-09-11 12:33:34.382","-1.6305693E-02"
"26-09-11 12:33:35.298","-1.7264851E-02"
"26-09-11 12:33:36.011","-1.7821782E-02"
"26-09-11 12:33:36.908","-1.7673267E-02"
"26-09-11 12:33:37.623","-1.6392327E-02"
"26-09-11 12:33:38.527","-1.6602723E-02"
"26-09-11 12:33:39.241","-1.7654703E-02"
"26-09-11 12:33:40.139","-1.6924505E-02"
"26-09-11 12:33:40.854","-1.7004950E-02"
"26-09-11 12:33:41.758","-1.7673267E-02"
"26-09-11 12:33:42.475","-1.7264851E-02"
"26-09-11 12:33:43.368","-1.6621287E-02"
"26-09-11 12:33:44.083","-1.6200495E-02"
"26-09-11 12:33:44.989","-1.5414604E-02"
"26-09-11 12:33:45.705","-1.7326733E-02"
"26-09-11 12:33:46.598","-1.6955446E-02"
"26-09-11 12:33:47.312","-1.6974010E-02"
"26-09-11 12:33:48.218","-1.7054455E-02"
"26-09-11 12:33:48.932","-1.6478960E-02"
"26-09-11 12:33:49.829","-1.6837871E-02"
"26-09-11 12:33:50.757","-1.7308168E-02"
"26-09-11 12:33:51.470","-1.8025990E-02"
"26-09-11 12:33:52.368","-1.7698020E-02"
"26-09-11 12:33:53.082","-1.7141089E-02"
"26-09-11 12:33:53.978","-1.6584158E-02"
"26-09-11 12:33:54.693","-1.7493812E-02"
"26-09-11 12:33:55.597","-1.7667079E-02"
"26-09-11 12:33:56.312","-1.7450495E-02"
"26-09-11 12:33:57.210","-1.7691832E-02"
"26-09-11 12:33:57.924","-1.5736386E-02"
"26-09-11 12:33:58.820","-1.7172030E-02"
"26-09-11 12:33:59.534","-1.8205446E-02"
"26-09-11 12:34:00.431","-1.6485149E-02"
"26-09-11 12:34:01.149","-1.7722772E-02"
"26-09-11 12:34:02.060","-1.6769802E-02"
"26-09-11 12:34:02.775","-1.7103960E-02"
"26-09-11 12:34:03.680","-1.6794554E-02"
"26-09-11 12:34:04.397","-1.6819307E-02"
"26-09-11 12:34:05.300","-1.6769802E-02"
"26-09-11 12:34:06.015","-1.7122525E-02"
"26-09-11 12:34:06.911","-1.6633663E-02"
"26-09-11 12:34:07.626","-1.7475248E-02"
"26-09-11 12:34:08.531","-1.7518564E-02"
"26-09-11 12:34:09.246","-1.7518564E-02"
"26-09-11 12:34:10.141","-1.7165842E-02"
"26-09-11 12:34:10.856","-1.7097772E-02"
"26-09-11 12:34:11.750","-1.7289604E-02"
"26-09-11 12:34:12.464","-1.8001238E-02"
"26-09-11 12:34:13.362","-1.7363861E-02"
"26-09-11 12:34:14.077","-1.7190594E-02"
"26-09-11 12:34:14.791","-1.6243812E-02"
"26-09-11 12:34:15.701","-1.6454208E-02"
"26-09-11 12:34:16.415","-1.7419554E-02"
"26-09-11 12:34:17.310","-1.7017327E-02"
"26-09-11 12:34:18.025","-1.7202970E-02"
"26-09-11 12:34:18.922","-1.7233911E-02"
"26-09-11 12:34:19.638","-1.6627475E-02"
"26-09-11 12:34:20.534","-1.6831683E-02"
"26-09-11 12:34:21.249","-1.6460396E-02"
"26-09-11 12:34:22.142","-1.6540842E-02"
"26-09-11 12:34:22.859","-1.6472772E-02"
"26-09-11 12:34:23.758","-1.7821782E-02"
"26-09-11 12:34:24.472","-1.6126238E-02"
"26-09-11 12:34:25.372","-1.8335396E-02"
"26-09-11 12:34:26.090","-1.6930693E-02"
"26-09-11 12:34:26.984","-1.7246287E-02"
"26-09-11 12:34:27.697","-1.6559406E-02"
"26-09-11 12:34:28.614","-1.6472772E-02"
"26-09-11 12:34:29.329","-1.7147277E-02"
"26-09-11 12:34:30.235","-1.6175743E-02"
"26-09-11 12:34:30.950","-1.6188119E-02"
"26-09-11 12:34:31.845","-1.7648515E-02"
"26-09-11 12:34:32.558","-1.6287129E-02"
"26-09-11 12:34:33.460","-1.8050743E-02"
"26-09-11 12:34:34.173","-1.7722772E-02"
"26-09-11 12:34:35.077","-1.7809406E-02"
"26-09-11 12:34:35.794","-1.7778465E-02"
"26-09-11 12:34:36.687","-1.6027228E-02"
"26-09-11 12:34:37.401","-1.6720297E-02"
"26-09-11 12:34:38.297","-1.8168317E-02"
"26-09-11 12:34:39.011","-1.7877475E-02"
"26-09-11 12:34:39.907","-1.7889851E-02"
"26-09-11 12:34:40.621","-1.7345297E-02"
"26-09-11 12:34:41.515","-1.6627475E-02"
"26-09-11 12:34:42.230","-1.7184406E-02"
"26-09-11 12:34:43.136","-1.7444307E-02"
"26-09-11 12:34:43.851","-1.6918317E-02"
"26-09-11 12:34:44.747","-1.6379950E-02"
"26-09-11 12:34:45.462","-1.7493812E-02"
"26-09-11 12:34:46.367","-1.7073020E-02"
"26-09-11 12:34:47.082","-1.7797030E-02"
"26-09-11 12:34:47.978","-1.8001238E-02"
"26-09-11 12:34:48.697","-1.7834158E-02"
"26-09-11 12:34:49.590","-1.6707921E-02"
"26-09-11 12:34:50.303","-1.7462871E-02"
"26-09-11 12:34:51.209","-1.6806931E-02"
"26-09-11 12:34:51.924","-1.5334158E-02"
"26-09-11 12:34:52.819","-1.6250000E-02"
"26-09-11 12:34:53.534","-1.6547030E-02"
"26-09-11 12:34:54.440","-1.5532178E-02"
"26-09-11 12:34:55.155","-1.7345297E-02"
"26-09-11 12:34:56.058","-1.8131188E-02"
"26-09-11 12:34:56.986","-1.7574257E-02"
"26-09-11 12:34:57.701","-1.6998762E-02"
"26-09-11 12:34:58.598","-1.5724010E-02"
"26-09-11 12:34:59.316","-1.6825495E-02"
"26-09-11 12:35:00.210","-1.6732673E-02"
"26-09-11 12:35:00.923","-1.6417079E-02"
"26-09-11 12:35:01.819","-1.8100248E-02"
"26-09-11 12:35:02.534","-1.7221535E-02"
"26-09-11 12:35:03.434","-1.6633663E-02"
"26-09-11 12:35:04.148","-1.8378713E-02"
"26-09-11 12:35:05.050","-1.6157178E-02"
"26-09-11 12:35:05.767","-1.6448020E-02"
"26-09-11 12:35:06.661","-1.7363861E-02"
"26-09-11 12:35:07.376","-1.6695545E-02"
"26-09-11 12:35:08.273","-1.7345297E-02"
"26-09-11 12:35:08.989","-1.6472772E-02"
"26-09-11 12:35:09.900","-1.7413366E-02"
"26-09-11 12:35:10.618","-1.7642327E-02"
"26-09-11 12:35:11.521","-1.6862624E-02"
"26-09-11 12:35:12.236","-1.7574257E-02"
"26-09-11 12:35:13.136","-1.6373762E-02"
"26-09-11 12:35:13.849","-1.7685644E-02"
"26-09-11 12:35:14.752","-1.6949257E-02"
"26-09-11 12:35:15.467","-1.6472772E-02"
"26-09-11 12:35:16.362","-1.6714109E-02"
"26-09-11 12:35:17.075","-1.7196782E-02"
"26-09-11 12:35:17.971","-1.7815594E-02"
"26-09-11 12:35:18.686","-1.7283416E-02"
"26-09-11 12:35:19.586","-1.6720297E-02"
"26-09-11 12:35:20.300","-1.6831683E-02"
"26-09-11 12:35:21.203","-1.7388614E-02"
"26-09-11 12:35:21.922","-1.6120050E-02"
"26-09-11 12:35:22.828","-1.7493812E-02"
"26-09-11 12:35:23.542","-1.7821782E-02"
"26-09-11 12:35:24.454","-1.7543317E-02"
"26-09-11 12:35:25.170","-1.7592822E-02"
"26-09-11 12:35:26.063","-1.7271040E-02"
"26-09-11 12:35:26.778","-1.6584158E-02"
"26-09-11 12:35:27.675","-1.6961634E-02"
"26-09-11 12:35:28.392","-1.6676980E-02"
"26-09-11 12:35:29.295","-1.7252475E-02"
"26-09-11 12:35:30.009","-1.7196782E-02"
"26-09-11 12:35:30.904","-1.6454208E-02"
"26-09-11 12:35:31.624","-1.8013614E-02"
"26-09-11 12:35:32.544","-1.6936881E-02"
"26-09-11 12:35:33.258","-1.7073020E-02"
"26-09-11 12:35:34.155","-1.7215347E-02"
"26-09-11 12:35:34.872","-1.7549505E-02"
"26-09-11 12:35:35.766","-1.7741337E-02"
"26-09-11 12:35:36.481","-1.6974010E-02"
"26-09-11 12:35:37.396","-1.6577970E-02"
"26-09-11 12:35:38.110","-1.7227723E-02"
"26-09-11 12:35:39.007","-1.6509901E-02"
"26-09-11 12:35:39.722","-1.7462871E-02"
"26-09-11 12:35:40.615","-1.7035891E-02"
"26-09-11 12:35:41.330","-1.7134901E-02"
"26-09-11 12:35:42.226","-1.6819307E-02"
"26-09-11 12:35:42.941","-1.6435644E-02"
"26-09-11 12:35:43.847","-1.6689356E-02"
"26-09-11 12:35:44.562","-1.6912129E-02"
"26-09-11 12:35:45.457","-1.6503713E-02"
"26-09-11 12:35:46.173","-1.7933168E-02"
"26-09-11 12:35:47.066","-1.7252475E-02"
"26-09-11 12:35:47.781","-1.6800743E-02"
"26-09-11 12:35:48.678","-1.6577970E-02"
"26-09-11 12:35:49.392","-1.7555693E-02"
"26-09-11 12:35:50.297","-1.6974010E-02"
"26-09-11 12:35:51.012","-1.6782178E-02"
"26-09-11 12:35:51.905","-1.6188119E-02"
"26-09-11 12:35:52.620","-1.6844059E-02"
"26-09-11 12:35:53.518","-1.6243812E-02"
"26-09-11 12:35:54.234","-1.6485149E-02"
"26-09-11 12:35:55.130","-1.6862624E-02"
"26-09-11 12:35:55.843","-1.6850248E-02"
"26-09-11 12:35:56.738","-1.7685644E-02"
"26-09-11 12:35:57.453","-1.6225248E-02"
"26-09-11 12:35:58.348","-1.6441832E-02"
"26-09-11 12:35:59.063","-1.6788366E-02"
"26-09-11 12:35:59.958","-1.7332921E-02"
"26-09-11 12:36:00.672","-1.7877475E-02"
"26-09-11 12:36:01.569","-1.6002475E-02"
"26-09-11 12:36:02.284","-1.7642327E-02"
"26-09-11 12:36:03.446","-1.6769802E-02"
"26-09-11 12:36:04.161","-1.8087871E-02"
"26-09-11 12:36:05.070","-1.5990099E-02"
"26-09-11 12:36:05.788","-1.6417079E-02"
"26-09-11 12:36:06.679","-1.5748762E-02"
"26-09-11 12:36:07.394","-1.6837871E-02"
"26-09-11 12:36:08.290","-1.7599010E-02"
"26-09-11 12:36:09.004","-1.7518564E-02"
"26-09-11 12:36:09.900","-1.7029703E-02"
"26-09-11 12:36:10.617","-1.7413366E-02"
"26-09-11 12:36:11.513","-1.6813119E-02"
"26-09-11 12:36:12.226","-1.7233911E-02"
"26-09-11 12:36:13.131","-1.6732673E-02"
"26-09-11 12:36:13.845","-1.7586634E-02"
"26-09-11 12:36:14.750","-1.6206683E-02"
"26-09-11 12:36:15.465","-1.7215347E-02"
"26-09-11 12:36:16.361","-1.7301980E-02"
"26-09-11 12:36:17.075","-1.6212871E-02"
"26-09-11 12:36:17.982","-1.8019802E-02"
"26-09-11 12:36:18.697","-1.6590347E-02"
"26-09-11 12:36:19.602","-1.6565594E-02"
"26-09-11 12:36:20.315","-1.7042079E-02"
"26-09-11 12:36:21.212","-1.7011139E-02"
"26-09-11 12:36:21.927","-1.6287129E-02"
"26-09-11 12:36:22.832","-1.7858911E-02"
"26-09-11 12:36:23.545","-1.6497525E-02"
"26-09-11 12:36:24.441","-1.7537129E-02"
"26-09-11 12:36:25.154","-1.6491337E-02"
"26-09-11 12:36:26.052","-1.7103960E-02"
"26-09-11 12:36:26.767","-1.6825495E-02"
"26-09-11 12:36:27.664","-1.6516089E-02"
"26-09-11 12:36:28.379","-1.6250000E-02"
"26-09-11 12:36:29.273","-1.6584158E-02"
"26-09-11 12:36:29.990","-1.7475248E-02"
"26-09-11 12:36:30.882","-1.6862624E-02"
"26-09-11 12:36:31.597","-1.6961634E-02"
"26-09-11 12:36:32.507","-1.6311881E-02"
"26-09-11 12:36:33.223","-1.7673267E-02"
"26-09-11 12:36:34.126","-1.6961634E-02"
"26-09-11 12:36:34.842","-1.7995050E-02"
"26-09-11 12:36:35.735","-1.7048267E-02"
"26-09-11 12:36:36.449","-1.6293317E-02"
"26-09-11 12:36:37.342","-1.7642327E-02"
"26-09-11 12:36:38.056","-1.6101485E-02"
"26-09-11 12:36:38.953","-1.8471535E-02"
"26-09-11 12:36:39.668","-1.7654703E-02"
"26-09-11 12:36:40.566","-1.7425743E-02"
"26-09-11 12:36:41.281","-1.6701733E-02"
"26-09-11 12:36:42.189","-1.7283416E-02"
"26-09-11 12:36:42.904","-1.7376238E-02"
"26-09-11 12:36:43.806","-1.7611386E-02"
"26-09-11 12:36:44.522","-1.6967822E-02"
"26-09-11 12:36:45.422","-1.7512376E-02"
"26-09-11 12:36:46.135","-1.7623762E-02"
"26-09-11 12:36:47.036","-1.6905941E-02"
"26-09-11 12:36:47.750","-1.7852723E-02"
"26-09-11 12:36:48.657","-1.7351485E-02"
"26-09-11 12:36:49.373","-1.6924505E-02"
"26-09-11 12:36:50.264","-1.6986386E-02"
"26-09-11 12:36:50.979","-1.7091584E-02"
"26-09-11 12:36:51.908","-1.7004950E-02"
"26-09-11 12:36:52.622","-1.7326733E-02"
"26-09-11 12:36:53.526","-1.6608911E-02"
"26-09-11 12:36:54.239","-1.7438119E-02"
"26-09-11 12:36:55.138","-1.6806931E-02"
"26-09-11 12:36:55.852","-1.6194307E-02"
"26-09-11 12:36:56.748","-1.7066832E-02"
"26-09-11 12:36:57.463","-1.6175743E-02"
"26-09-11 12:36:58.358","-1.6720297E-02"
"26-09-11 12:36:59.075","-1.7456683E-02"
"26-09-11 12:36:59.968","-1.7382426E-02"
"26-09-11 12:37:00.683","-1.8063119E-02"
"26-09-11 12:37:01.584","-1.8589109E-02"
"26-09-11 12:37:02.302","-1.7388614E-02"
"26-09-11 12:37:03.198","-1.6788366E-02"
"26-09-11 12:37:03.911","-1.7586634E-02"
"26-09-11 12:37:04.809","-1.8069307E-02"
"26-09-11 12:37:05.524","-1.7252475E-02"
"26-09-11 12:37:06.430","-1.6602723E-02"
"26-09-11 12:37:07.144","-1.6188119E-02"
"26-09-11 12:37:08.041","-1.7165842E-02"
"26-09-11 12:37:08.757","-1.6992574E-02"
"26-09-11 12:37:09.915","-1.7716584E-02"
"26-09-11 12:37:10.631","-1.7196782E-02"
"26-09-11 12:37:11.533","-1.6930693E-02"
"26-09-11 12:37:12.248","-1.7011139E-02"
"26-09-11 12:37:13.160","-1.6998762E-02"
"26-09-11 12:37:13.875","-1.6627475E-02"
"26-09-11 12:37:14.772","-1.6336634E-02"
"26-09-11 12:37:15.487","-1.7586634E-02"
"26-09-11 12:37:16.383","-1.7704208E-02"
"26-09-11 12:37:17.098","-1.7215347E-02"
"26-09-11 12:37:18.001","-1.6113861E-02"
"26-09-11 12:37:18.714","-1.6751238E-02"
"26-09-11 12:37:19.611","-1.7159653E-02"
"26-09-11 12:37:20.325","-1.7667079E-02"
"26-09-11 12:37:21.224","-1.7444307E-02"
"26-09-11 12:37:21.939","-1.7790842E-02"
"26-09-11 12:37:22.841","-1.7215347E-02"
"26-09-11 12:37:23.555","-1.7512376E-02"
"26-09-11 12:37:24.453","-1.6231436E-02"
"26-09-11 12:37:25.167","-1.6745050E-02"
"26-09-11 12:37:26.073","-1.7190594E-02"
"26-09-11 12:37:26.786","-1.6980198E-02"
"26-09-11 12:37:27.682","-1.6819307E-02"
"26-09-11 12:37:28.397","-1.8013614E-02"
"26-09-11 12:37:29.291","-1.6268564E-02"
"26-09-11 12:37:30.005","-1.6757426E-02"
"26-09-11 12:37:30.902","-1.7605198E-02"
"26-09-11 12:37:31.617","-1.7580446E-02"
"26-09-11 12:37:32.513","-1.7091584E-02"
"26-09-11 12:37:33.227","-1.7821782E-02"
"26-09-11 12:37:34.132","-1.7240099E-02"
"26-09-11 12:37:34.847","-1.5922030E-02"
"26-09-11 12:37:35.744","-1.7611386E-02"
"26-09-11 12:37:36.458","-1.6553218E-02"
"26-09-11 12:37:37.354","-1.6225248E-02"
"26-09-11 12:37:38.068","-1.7425743E-02"
"26-09-11 12:37:38.973","-1.7376238E-02"
"26-09-11 12:37:39.688","-1.5625000E-02"
"26-09-11 12:37:40.595","-1.6782178E-02"
"26-09-11 12:37:41.309","-1.6819307E-02"
"26-09-11 12:37:42.215","-1.7574257E-02"
"26-09-11 12:37:42.928","-1.6547030E-02"
"26-09-11 12:37:43.824","-1.6967822E-02"
"26-09-11 12:37:44.541","-1.7227723E-02"
"26-09-11 12:37:45.435","-1.7258663E-02"
"26-09-11 12:37:46.149","-1.7264851E-02"
"26-09-11 12:37:47.044","-1.7530941E-02"
"26-09-11 12:37:47.759","-1.7172030E-02"
"26-09-11 12:37:48.657","-1.6379950E-02"
"26-09-11 12:37:49.370","-1.7506188E-02"
"26-09-11 12:37:50.277","-1.7271040E-02"
"26-09-11 12:37:50.991","-1.6349010E-02"
"26-09-11 12:37:51.895","-1.6429455E-02"
"26-09-11 12:37:52.609","-1.7704208E-02"
"26-09-11 12:37:53.516","-1.7456683E-02"
"26-09-11 12:37:54.229","-1.6311881E-02"
"26-09-11 12:37:55.126","-1.6225248E-02"
"26-09-11 12:37:55.843","-1.7889851E-02"
"26-09-11 12:37:56.735","-1.7419554E-02"
"26-09-11 12:37:57.449","-1.6039604E-02"
"26-09-11 12:37:58.346","-1.7506188E-02"
"26-09-11 12:37:59.061","-1.6398515E-02"
"26-09-11 12:37:59.956","-1.7215347E-02"
"26-09-11 12:38:00.674","-1.6806931E-02"
"26-09-11 12:38:01.578","-1.7524752E-02"
"26-09-11 12:38:02.294","-1.6986386E-02"
"26-09-11 12:38:03.199","-1.6918317E-02"
"26-09-11 12:38:03.914","-1.6076733E-02"
"26-09-11 12:38:04.807","-1.7233911E-02"
"26-09-11 12:38:05.522","-1.6751238E-02"
"26-09-11 12:38:06.418","-1.7438119E-02"
"26-09-11 12:38:07.133","-1.9028465E-02"
"26-09-11 12:38:08.037","-1.7846535E-02"
"26-09-11 12:38:08.752","-1.7116337E-02"
"26-09-11 12:38:09.649","-1.6237624E-02"
"26-09-11 12:38:10.363","-1.6485149E-02"
"26-09-11 12:38:11.288","-1.8329208E-02"
"26-09-11 12:38:12.004","-1.6287129E-02"
"26-09-11 12:38:12.900","-1.7339109E-02"
"26-09-11 12:38:13.614","-1.7487624E-02"
"26-09-11 12:38:14.518","-1.5563119E-02"
"26-09-11 12:38:15.232","-1.7351485E-02"
"26-09-11 12:38:16.379","-1.7029703E-02"
"26-09-11 12:38:17.095","-1.6144802E-02"
"26-09-11 12:38:17.989","-1.6472772E-02"
"26-09-11 12:38:18.708","-1.6454208E-02"
"26-09-11 12:38:19.598","-1.6615099E-02"
"26-09-11 12:38:20.312","-1.7134901E-02"
"26-09-11 12:38:21.221","-1.6157178E-02"
"26-09-11 12:38:21.937","-1.6918317E-02"
"26-09-11 12:38:22.834","-1.6955446E-02"
"26-09-11 12:38:23.547","-1.7530941E-02"
"26-09-11 12:38:24.450","-1.7172030E-02"
"26-09-11 12:38:25.165","-1.7073020E-02"
"26-09-11 12:38:26.061","-1.7264851E-02"
"26-09-11 12:38:26.775","-1.7172030E-02"
"26-09-11 12:38:27.671","-1.6732673E-02"
"26-09-11 12:38:28.387","-1.6936881E-02"
"26-09-11 12:38:29.279","-1.6912129E-02"
"26-09-11 12:38:29.993","-1.7066832E-02"
"26-09-11 12:38:30.897","-1.7834158E-02"
"26-09-11 12:38:31.611","-1.6089109E-02"
"26-09-11 12:38:32.512","-1.6466584E-02"
"26-09-11 12:38:33.225","-1.7048267E-02"
"26-09-11 12:38:34.132","-1.6899752E-02"
"26-09-11 12:38:34.846","-1.7487624E-02"
"26-09-11 12:38:35.743","-1.6454208E-02"
"26-09-11 12:38:36.457","-1.7258663E-02"
"26-09-11 12:38:37.362","-1.8025990E-02"
"26-09-11 12:38:38.077","-1.6905941E-02"
"26-09-11 12:38:38.973","-1.6342822E-02"
"26-09-11 12:38:39.687","-1.7190594E-02"
"26-09-11 12:38:40.588","-1.6194307E-02"
"26-09-11 12:38:41.302","-1.6349010E-02"
"26-09-11 12:38:42.204","-1.7332921E-02"
"26-09-11 12:38:42.917","-1.7320545E-02"
"26-09-11 12:38:43.814","-1.7178218E-02"
"26-09-11 12:38:44.528","-1.7221535E-02"
"26-09-11 12:38:45.423","-1.7308168E-02"
"26-09-11 12:38:46.141","-1.6905941E-02"
"26-09-11 12:38:47.034","-1.7320545E-02"
"26-09-11 12:38:47.749","-1.7332921E-02"
"26-09-11 12:38:48.653","-1.7017327E-02"
"26-09-11 12:38:49.369","-1.7011139E-02"
"26-09-11 12:38:50.270","-1.6652228E-02"
"26-09-11 12:38:50.988","-1.6961634E-02"
"26-09-11 12:38:51.885","-1.6571782E-02"
"26-09-11 12:38:52.600","-1.8273515E-02"
"26-09-11 12:38:53.495","-1.6868812E-02"
"26-09-11 12:38:54.209","-1.7667079E-02"
"26-09-11 12:38:55.103","-1.6875000E-02"
"26-09-11 12:38:55.818","-1.6676980E-02"
"26-09-11 12:38:56.714","-1.7475248E-02"
"26-09-11 12:38:57.428","-1.6986386E-02"
"26-09-11 12:38:58.326","-1.7475248E-02"
"26-09-11 12:38:59.042","-1.8620050E-02"
"26-09-11 12:38:59.940","-1.7698020E-02"
"26-09-11 12:39:00.655","-1.7184406E-02"
"26-09-11 12:39:01.568","-1.6571782E-02"
"26-09-11 12:39:02.281","-1.7394802E-02"
"26-09-11 12:39:03.187","-1.7264851E-02"
"26-09-11 12:39:03.901","-1.6695545E-02"
"26-09-11 12:39:04.806","-1.7110149E-02"
"26-09-11 12:39:05.521","-1.7450495E-02"
"26-09-11 12:39:06.418","-1.6930693E-02"
"26-09-11 12:39:07.132","-1.7289604E-02"
"26-09-11 12:39:08.027","-1.6955446E-02"
"26-09-11 12:39:08.746","-1.6782178E-02"
"26-09-11 12:39:09.649","-1.5971535E-02"
"26-09-11 12:39:10.363","-1.7295792E-02"
"26-09-11 12:39:11.267","-1.7301980E-02"
"26-09-11 12:39:11.982","-1.7320545E-02"
"26-09-11 12:39:12.878","-1.6751238E-02"
"26-09-11 12:39:13.595","-1.7363861E-02"
"26-09-11 12:39:14.489","-1.6955446E-02"
"26-09-11 12:39:15.204","-1.6305693E-02"
"26-09-11 12:39:16.109","-1.7537129E-02"
"26-09-11 12:39:16.823","-1.6949257E-02"
"26-09-11 12:39:17.718","-1.7314356E-02"
"26-09-11 12:39:18.431","-1.7462871E-02"
"26-09-11 12:39:19.329","-1.7252475E-02"
"26-09-11 12:39:20.045","-1.7085396E-02"
"26-09-11 12:39:20.949","-1.6404703E-02"
"26-09-11 12:39:21.662","-1.7425743E-02"
"26-09-11 12:39:22.810","-1.6949257E-02"
"26-09-11 12:39:23.529","-1.6169554E-02"
"26-09-11 12:39:24.421","-1.6782178E-02"
"26-09-11 12:39:25.136","-1.6305693E-02"
"26-09-11 12:39:26.029","-1.7054455E-02"
"26-09-11 12:39:26.744","-1.6918317E-02"
"26-09-11 12:39:27.639","-1.7246287E-02"
"26-09-11 12:39:28.356","-1.7308168E-02"
"26-09-11 12:39:29.262","-1.6837871E-02"
"26-09-11 12:39:30.214","-1.6355198E-02"
"26-09-11 12:39:30.927","-1.7295792E-02"
"26-09-11 12:39:31.830","-1.7685644E-02"
"26-09-11 12:39:32.547","-1.7271040E-02"
"26-09-11 12:39:33.441","-1.7233911E-02"
"26-09-11 12:39:34.156","-1.6299505E-02"
"26-09-11 12:39:35.053","-1.7277228E-02"
"26-09-11 12:39:35.767","-1.7054455E-02"
"26-09-11 12:39:36.672","-1.8428218E-02"
"26-09-11 12:39:37.387","-1.6769802E-02"
"26-09-11 12:39:38.284","-1.7654703E-02"
"26-09-11 12:39:39.000","-1.7827970E-02"
"26-09-11 12:39:39.907","-1.7042079E-02"
"26-09-11 12:39:40.625","-1.7227723E-02"
"26-09-11 12:39:41.522","-1.8125000E-02"
"26-09-11 12:39:42.237","-1.6707921E-02"
"26-09-11 12:39:43.142","-1.7202970E-02"
"26-09-11 12:39:43.855","-1.7172030E-02"
"26-09-11 12:39:44.752","-1.7190594E-02"
"26-09-11 12:39:45.466","-1.7122525E-02"
"26-09-11 12:39:46.365","-1.6528465E-02"
"26-09-11 12:39:47.080","-1.7660891E-02"
"26-09-11 12:39:47.975","-1.6689356E-02"
"26-09-11 12:39:48.689","-1.6243812E-02"
"26-09-11 12:39:49.589","-1.7580446E-02"
"26-09-11 12:39:50.303","-1.6831683E-02"
"26-09-11 12:39:51.201","-1.7518564E-02"
"26-09-11 12:39:51.916","-1.7196782E-02"
"26-09-11 12:39:52.815","-1.7289604E-02"
"26-09-11 12:39:53.528","-1.7264851E-02"
"26-09-11 12:39:54.426","-1.6194307E-02"
"26-09-11 12:39:55.141","-1.7079208E-02"
"26-09-11 12:39:56.055","-1.6745050E-02"
"26-09-11 12:39:56.770","-1.6887376E-02"
"26-09-11 12:39:57.665","-1.7469059E-02"
"26-09-11 12:39:58.380","-1.7332921E-02"
"26-09-11 12:39:59.275","-1.7574257E-02"
"26-09-11 12:39:59.989","-1.6646040E-02"
"26-09-11 12:40:00.896","-1.7190594E-02"
"26-09-11 12:40:01.609","-1.6844059E-02"
"26-09-11 12:40:02.504","-1.7951733E-02"
"26-09-11 12:40:03.219","-1.6831683E-02"
"26-09-11 12:40:04.116","-1.6745050E-02"
"26-09-11 12:40:04.830","-1.6417079E-02"
"26-09-11 12:40:05.726","-1.7122525E-02"
"26-09-11 12:40:06.440","-1.6868812E-02"
"26-09-11 12:40:07.336","-1.7543317E-02"
"26-09-11 12:40:08.053","-1.6862624E-02"
"26-09-11 12:40:08.947","-1.7524752E-02"
"26-09-11 12:40:09.661","-1.7079208E-02"
"26-09-11 12:40:10.577","-1.6466584E-02"
"26-09-11 12:40:11.290","-1.7815594E-02"
"26-09-11 12:40:12.188","-1.6763614E-02"
"26-09-11 12:40:12.903","-1.7289604E-02"
"26-09-11 12:40:13.798","-1.7004950E-02"
"26-09-11 12:40:14.513","-1.7431931E-02"
"26-09-11 12:40:15.408","-1.6726485E-02"
"26-09-11 12:40:16.123","-1.6584158E-02"
"26-09-11 12:40:17.019","-1.7543317E-02"
"26-09-11 12:40:17.735","-1.6974010E-02"
"26-09-11 12:40:18.628","-1.6943069E-02"
"26-09-11 12:40:19.341","-1.7685644E-02"
"26-09-11 12:40:20.245","-1.6943069E-02"
"26-09-11 12:40:20.960","-1.7017327E-02"
"26-09-11 12:40:21.859","-1.8558168E-02"
"26-09-11 12:40:22.575","-1.7073020E-02"
"26-09-11 12:40:23.480","-1.7648515E-02"
"26-09-11 12:40:24.193","-1.7085396E-02"
"26-09-11 12:40:25.088","-1.7134901E-02"
"26-09-11 12:40:25.803","-1.7011139E-02"
"26-09-11 12:40:26.701","-1.7165842E-02"
"26-09-11 12:40:27.416","-1.6738861E-02"
"26-09-11 12:40:28.561","-1.8236386E-02"
"26-09-11 12:40:29.276","-1.7196782E-02"
"26-09-11 12:40:30.180","-1.7277228E-02"
"26-09-11 12:40:30.895","-1.7970297E-02"
"26-09-11 12:40:31.791","-1.6751238E-02"
"26-09-11 12:40:32.505","-1.8001238E-02"
"26-09-11 12:40:33.398","-1.7957921E-02"
"26-09-11 12:40:34.114","-1.7704208E-02"
"26-09-11 12:40:35.011","-1.6763614E-02"
"26-09-11 12:40:35.726","-1.7184406E-02"
"26-09-11 12:40:36.623","-1.7685644E-02"
"26-09-11 12:40:37.337","-1.7004950E-02"
"26-09-11 12:40:38.242","-1.8081683E-02"
"26-09-11 12:40:38.957","-1.8007426E-02"
"26-09-11 12:40:39.861","-1.7035891E-02"
"26-09-11 12:40:40.576","-1.6850248E-02"
"26-09-11 12:40:41.471","-1.5928218E-02"
"26-09-11 12:40:42.185","-1.6472772E-02"
"26-09-11 12:40:43.086","-1.7530941E-02"
"26-09-11 12:40:43.799","-1.7215347E-02"
"26-09-11 12:40:44.706","-1.7728960E-02"
"26-09-11 12:40:45.422","-1.7252475E-02"
"26-09-11 12:40:46.323","-1.6707921E-02"
"26-09-11 12:40:47.036","-1.7419554E-02"
"26-09-11 12:40:47.931","-1.6980198E-02"
"26-09-11 12:40:48.644","-1.6559406E-02"
"26-09-11 12:40:49.570","-1.6800743E-02"
"26-09-11 12:40:50.284","-1.6299505E-02"
"26-09-11 12:40:51.193","-1.7660891E-02"
"26-09-11 12:40:51.907","-1.7481436E-02"
"26-09-11 12:40:52.804","-1.6819307E-02"
"26-09-11 12:40:53.523","-1.7048267E-02"
"26-09-11 12:40:54.424","-1.7060644E-02"
"26-09-11 12:40:55.138","-1.6813119E-02"
"26-09-11 12:40:56.033","-1.7506188E-02"
"26-09-11 12:40:56.750","-1.6280941E-02"
"26-09-11 12:40:57.644","-1.7611386E-02"
"26-09-11 12:40:58.359","-1.7023515E-02"
"26-09-11 12:40:59.256","-1.6293317E-02"
"26-09-11 12:40:59.971","-1.6089109E-02"
"26-09-11 12:41:00.866","-1.7103960E-02"
"26-09-11 12:41:01.579","-1.7704208E-02"
"26-09-11 12:41:02.475","-1.7580446E-02"
"26-09-11 12:41:03.190","-1.8211634E-02"
"26-09-11 12:41:04.094","-1.7425743E-02"
"26-09-11 12:41:04.809","-1.7110149E-02"
"26-09-11 12:41:05.705","-1.7648515E-02"
"26-09-11 12:41:06.419","-1.6961634E-02"
"26-09-11 12:41:07.317","-1.6955446E-02"
"26-09-11 12:41:08.031","-1.7518564E-02"
"26-09-11 12:41:08.930","-1.6887376E-02"
"26-09-11 12:41:09.646","-1.6930693E-02"
"26-09-11 12:41:10.547","-1.7400990E-02"
"26-09-11 12:41:11.260","-1.6181931E-02"
"26-09-11 12:41:12.158","-1.7264851E-02"
"26-09-11 12:41:12.872","-1.6868812E-02"
"26-09-11 12:41:13.766","-1.6707921E-02"
"26-09-11 12:41:14.479","-1.7073020E-02"
"26-09-11 12:41:15.377","-1.7549505E-02"
"26-09-11 12:41:16.091","-1.6875000E-02"
"26-09-11 12:41:16.987","-1.7574257E-02"
"26-09-11 12:41:17.704","-1.7407178E-02"
"26-09-11 12:41:18.612","-1.7134901E-02"
"26-09-11 12:41:19.326","-1.7407178E-02"
"26-09-11 12:41:20.228","-1.8137376E-02"
"26-09-11 12:41:20.942","-1.5934406E-02"
